sheet,cell,row,column,old,new
AUDIT,A12,12,1,BET toggle default OFF,Approved spread config: BET 1.5 / toggle Y / totals pinned 2-3-6 and decoupled
AUDIT,B12,12,2,"=IF(SETTINGS!$B$11=""N"",""OK (OFF)"",""CHECK — toggle is ""&SETTINGS!$B$11)","=IF(AND(SETTINGS!$B$10=1.5,SETTINGS!$B$11=""Y"",SETTINGS!$B$26=6,SETTINGS!$B$33=2,SETTINGS!$B$34=3,IFERROR(ISNUMBER(SEARCH(""SETTINGS!$B$33"",FORMULATEXT(ENGINE!$AB$6))),FALSE),IFERROR(ISNUMBER(SEARCH(""SETTINGS!$B$34"",FORMULATEXT(ENGINE!$AB$6))),FALSE),IFERROR(ISNUMBER(SEARCH(""SETTINGS!$B$26"",FORMULATEXT(ENGINE!$AB$6))),FALSE),IFERROR(NOT(ISNUMBER(SEARCH(""$B$8*2"",FORMULATEXT(ENGINE!$AB$6)))),FALSE),IFERROR(NOT(ISNUMBER(SEARCH(""$B$9*2"",FORMULATEXT(ENGINE!$AB$6)))),FALSE),IFERROR(NOT(ISNUMBER(SEARCH(""$B$10*2"",FORMULATEXT(ENGINE!$AB$6)))),FALSE)),""OK — spread BET 1.5, toggle Y; totals pinned 2.0/3.0/6.0 and decoupled"",""CHECK — ""&IF(SETTINGS!$B$10<>1.5,""spread BET threshold is ""&SETTINGS!$B$10&""; "","""")&IF(SETTINGS!$B$11<>""Y"",""BET toggle is ""&SETTINGS!$B$11&""; "","""")&IF(OR(SETTINGS!$B$26<>6,SETTINGS!$B$33<>2,SETTINGS!$B$34<>3),""totals thresholds not 2.0/3.0/6.0; "","""")&IF(IFERROR(AND(ISNUMBER(SEARCH(""SETTINGS!$B$26"",FORMULATEXT(ENGINE!$AB$6))),NOT(ISNUMBER(SEARCH(""$B$10*2"",FORMULATEXT(ENGINE!$AB$6))))),FALSE),"""",""totals classification not decoupled; ""))"
ENGINE,AB6,6,28,"=IF($AA6="""","""",IF(ABS($AA6)<SETTINGS!$B$8*2,"""",IF(ABS($AA6)<SETTINGS!$B$9*2,""LEAN"",IF(OR(SETTINGS!$B$11<>""Y"",$AI6<>""READY"",ABS($AA6)<SETTINGS!$B$10*2,$AF6<>"""",$AG6<>""""),""INVESTIGATE"",""BET""))))","=IF($AA6="""","""",IF(ABS($AA6)<SETTINGS!$B$33,"""",IF(ABS($AA6)<SETTINGS!$B$34,""LEAN"",IF(OR(SETTINGS!$B$11<>""Y"",$AI6<>""READY"",ABS($AA6)<SETTINGS!$B$26,$AF6<>"""",$AG6<>""""),""INVESTIGATE"",""BET""))))"
ENGINE,AB7,7,28,"=IF($AA7="""","""",IF(ABS($AA7)<SETTINGS!$B$8*2,"""",IF(ABS($AA7)<SETTINGS!$B$9*2,""LEAN"",IF(OR(SETTINGS!$B$11<>""Y"",$AI7<>""READY"",ABS($AA7)<SETTINGS!$B$10*2,$AF7<>"""",$AG7<>""""),""INVESTIGATE"",""BET""))))","=IF($AA7="""","""",IF(ABS($AA7)<SETTINGS!$B$33,"""",IF(ABS($AA7)<SETTINGS!$B$34,""LEAN"",IF(OR(SETTINGS!$B$11<>""Y"",$AI7<>""READY"",ABS($AA7)<SETTINGS!$B$26,$AF7<>"""",$AG7<>""""),""INVESTIGATE"",""BET""))))"
ENGINE,AB8,8,28,"=IF($AA8="""","""",IF(ABS($AA8)<SETTINGS!$B$8*2,"""",IF(ABS($AA8)<SETTINGS!$B$9*2,""LEAN"",IF(OR(SETTINGS!$B$11<>""Y"",$AI8<>""READY"",ABS($AA8)<SETTINGS!$B$10*2,$AF8<>"""",$AG8<>""""),""INVESTIGATE"",""BET""))))","=IF($AA8="""","""",IF(ABS($AA8)<SETTINGS!$B$33,"""",IF(ABS($AA8)<SETTINGS!$B$34,""LEAN"",IF(OR(SETTINGS!$B$11<>""Y"",$AI8<>""READY"",ABS($AA8)<SETTINGS!$B$26,$AF8<>"""",$AG8<>""""),""INVESTIGATE"",""BET""))))"
ENGINE,AB9,9,28,"=IF($AA9="""","""",IF(ABS($AA9)<SETTINGS!$B$8*2,"""",IF(ABS($AA9)<SETTINGS!$B$9*2,""LEAN"",IF(OR(SETTINGS!$B$11<>""Y"",$AI9<>""READY"",ABS($AA9)<SETTINGS!$B$10*2,$AF9<>"""",$AG9<>""""),""INVESTIGATE"",""BET""))))","=IF($AA9="""","""",IF(ABS($AA9)<SETTINGS!$B$33,"""",IF(ABS($AA9)<SETTINGS!$B$34,""LEAN"",IF(OR(SETTINGS!$B$11<>""Y"",$AI9<>""READY"",ABS($AA9)<SETTINGS!$B$26,$AF9<>"""",$AG9<>""""),""INVESTIGATE"",""BET""))))"
ENGINE,AB10,10,28,"=IF($AA10="""","""",IF(ABS($AA10)<SETTINGS!$B$8*2,"""",IF(ABS($AA10)<SETTINGS!$B$9*2,""LEAN"",IF(OR(SETTINGS!$B$11<>""Y"",$AI10<>""READY"",ABS($AA10)<SETTINGS!$B$10*2,$AF10<>"""",$AG10<>""""),""INVESTIGATE"",""BET""))))","=IF($AA10="""","""",IF(ABS($AA10)<SETTINGS!$B$33,"""",IF(ABS($AA10)<SETTINGS!$B$34,""LEAN"",IF(OR(SETTINGS!$B$11<>""Y"",$AI10<>""READY"",ABS($AA10)<SETTINGS!$B$26,$AF10<>"""",$AG10<>""""),""INVESTIGATE"",""BET""))))"
ENGINE,AB11,11,28,"=IF($AA11="""","""",IF(ABS($AA11)<SETTINGS!$B$8*2,"""",IF(ABS($AA11)<SETTINGS!$B$9*2,""LEAN"",IF(OR(SETTINGS!$B$11<>""Y"",$AI11<>""READY"",ABS($AA11)<SETTINGS!$B$10*2,$AF11<>"""",$AG11<>""""),""INVESTIGATE"",""BET""))))","=IF($AA11="""","""",IF(ABS($AA11)<SETTINGS!$B$33,"""",IF(ABS($AA11)<SETTINGS!$B$34,""LEAN"",IF(OR(SETTINGS!$B$11<>""Y"",$AI11<>""READY"",ABS($AA11)<SETTINGS!$B$26,$AF11<>"""",$AG11<>""""),""INVESTIGATE"",""BET""))))"
ENGINE,AB12,12,28,"=IF($AA12="""","""",IF(ABS($AA12)<SETTINGS!$B$8*2,"""",IF(ABS($AA12)<SETTINGS!$B$9*2,""LEAN"",IF(OR(SETTINGS!$B$11<>""Y"",$AI12<>""READY"",ABS($AA12)<SETTINGS!$B$10*2,$AF12<>"""",$AG12<>""""),""INVESTIGATE"",""BET""))))","=IF($AA12="""","""",IF(ABS($AA12)<SETTINGS!$B$33,"""",IF(ABS($AA12)<SETTINGS!$B$34,""LEAN"",IF(OR(SETTINGS!$B$11<>""Y"",$AI12<>""READY"",ABS($AA12)<SETTINGS!$B$26,$AF12<>"""",$AG12<>""""),""INVESTIGATE"",""BET""))))"
ENGINE,AB13,13,28,"=IF($AA13="""","""",IF(ABS($AA13)<SETTINGS!$B$8*2,"""",IF(ABS($AA13)<SETTINGS!$B$9*2,""LEAN"",IF(OR(SETTINGS!$B$11<>""Y"",$AI13<>""READY"",ABS($AA13)<SETTINGS!$B$10*2,$AF13<>"""",$AG13<>""""),""INVESTIGATE"",""BET""))))","=IF($AA13="""","""",IF(ABS($AA13)<SETTINGS!$B$33,"""",IF(ABS($AA13)<SETTINGS!$B$34,""LEAN"",IF(OR(SETTINGS!$B$11<>""Y"",$AI13<>""READY"",ABS($AA13)<SETTINGS!$B$26,$AF13<>"""",$AG13<>""""),""INVESTIGATE"",""BET""))))"
ENGINE,AB14,14,28,"=IF($AA14="""","""",IF(ABS($AA14)<SETTINGS!$B$8*2,"""",IF(ABS($AA14)<SETTINGS!$B$9*2,""LEAN"",IF(OR(SETTINGS!$B$11<>""Y"",$AI14<>""READY"",ABS($AA14)<SETTINGS!$B$10*2,$AF14<>"""",$AG14<>""""),""INVESTIGATE"",""BET""))))","=IF($AA14="""","""",IF(ABS($AA14)<SETTINGS!$B$33,"""",IF(ABS($AA14)<SETTINGS!$B$34,""LEAN"",IF(OR(SETTINGS!$B$11<>""Y"",$AI14<>""READY"",ABS($AA14)<SETTINGS!$B$26,$AF14<>"""",$AG14<>""""),""INVESTIGATE"",""BET""))))"
ENGINE,AB15,15,28,"=IF($AA15="""","""",IF(ABS($AA15)<SETTINGS!$B$8*2,"""",IF(ABS($AA15)<SETTINGS!$B$9*2,""LEAN"",IF(OR(SETTINGS!$B$11<>""Y"",$AI15<>""READY"",ABS($AA15)<SETTINGS!$B$10*2,$AF15<>"""",$AG15<>""""),""INVESTIGATE"",""BET""))))","=IF($AA15="""","""",IF(ABS($AA15)<SETTINGS!$B$33,"""",IF(ABS($AA15)<SETTINGS!$B$34,""LEAN"",IF(OR(SETTINGS!$B$11<>""Y"",$AI15<>""READY"",ABS($AA15)<SETTINGS!$B$26,$AF15<>"""",$AG15<>""""),""INVESTIGATE"",""BET""))))"
ENGINE,AB16,16,28,"=IF($AA16="""","""",IF(ABS($AA16)<SETTINGS!$B$8*2,"""",IF(ABS($AA16)<SETTINGS!$B$9*2,""LEAN"",IF(OR(SETTINGS!$B$11<>""Y"",$AI16<>""READY"",ABS($AA16)<SETTINGS!$B$10*2,$AF16<>"""",$AG16<>""""),""INVESTIGATE"",""BET""))))","=IF($AA16="""","""",IF(ABS($AA16)<SETTINGS!$B$33,"""",IF(ABS($AA16)<SETTINGS!$B$34,""LEAN"",IF(OR(SETTINGS!$B$11<>""Y"",$AI16<>""READY"",ABS($AA16)<SETTINGS!$B$26,$AF16<>"""",$AG16<>""""),""INVESTIGATE"",""BET""))))"
ENGINE,AB17,17,28,"=IF($AA17="""","""",IF(ABS($AA17)<SETTINGS!$B$8*2,"""",IF(ABS($AA17)<SETTINGS!$B$9*2,""LEAN"",IF(OR(SETTINGS!$B$11<>""Y"",$AI17<>""READY"",ABS($AA17)<SETTINGS!$B$10*2,$AF17<>"""",$AG17<>""""),""INVESTIGATE"",""BET""))))","=IF($AA17="""","""",IF(ABS($AA17)<SETTINGS!$B$33,"""",IF(ABS($AA17)<SETTINGS!$B$34,""LEAN"",IF(OR(SETTINGS!$B$11<>""Y"",$AI17<>""READY"",ABS($AA17)<SETTINGS!$B$26,$AF17<>"""",$AG17<>""""),""INVESTIGATE"",""BET""))))"
ENGINE,AB18,18,28,"=IF($AA18="""","""",IF(ABS($AA18)<SETTINGS!$B$8*2,"""",IF(ABS($AA18)<SETTINGS!$B$9*2,""LEAN"",IF(OR(SETTINGS!$B$11<>""Y"",$AI18<>""READY"",ABS($AA18)<SETTINGS!$B$10*2,$AF18<>"""",$AG18<>""""),""INVESTIGATE"",""BET""))))","=IF($AA18="""","""",IF(ABS($AA18)<SETTINGS!$B$33,"""",IF(ABS($AA18)<SETTINGS!$B$34,""LEAN"",IF(OR(SETTINGS!$B$11<>""Y"",$AI18<>""READY"",ABS($AA18)<SETTINGS!$B$26,$AF18<>"""",$AG18<>""""),""INVESTIGATE"",""BET""))))"
ENGINE,AB19,19,28,"=IF($AA19="""","""",IF(ABS($AA19)<SETTINGS!$B$8*2,"""",IF(ABS($AA19)<SETTINGS!$B$9*2,""LEAN"",IF(OR(SETTINGS!$B$11<>""Y"",$AI19<>""READY"",ABS($AA19)<SETTINGS!$B$10*2,$AF19<>"""",$AG19<>""""),""INVESTIGATE"",""BET""))))","=IF($AA19="""","""",IF(ABS($AA19)<SETTINGS!$B$33,"""",IF(ABS($AA19)<SETTINGS!$B$34,""LEAN"",IF(OR(SETTINGS!$B$11<>""Y"",$AI19<>""READY"",ABS($AA19)<SETTINGS!$B$26,$AF19<>"""",$AG19<>""""),""INVESTIGATE"",""BET""))))"
ENGINE,AB20,20,28,"=IF($AA20="""","""",IF(ABS($AA20)<SETTINGS!$B$8*2,"""",IF(ABS($AA20)<SETTINGS!$B$9*2,""LEAN"",IF(OR(SETTINGS!$B$11<>""Y"",$AI20<>""READY"",ABS($AA20)<SETTINGS!$B$10*2,$AF20<>"""",$AG20<>""""),""INVESTIGATE"",""BET""))))","=IF($AA20="""","""",IF(ABS($AA20)<SETTINGS!$B$33,"""",IF(ABS($AA20)<SETTINGS!$B$34,""LEAN"",IF(OR(SETTINGS!$B$11<>""Y"",$AI20<>""READY"",ABS($AA20)<SETTINGS!$B$26,$AF20<>"""",$AG20<>""""),""INVESTIGATE"",""BET""))))"
ENGINE,AB21,21,28,"=IF($AA21="""","""",IF(ABS($AA21)<SETTINGS!$B$8*2,"""",IF(ABS($AA21)<SETTINGS!$B$9*2,""LEAN"",IF(OR(SETTINGS!$B$11<>""Y"",$AI21<>""READY"",ABS($AA21)<SETTINGS!$B$10*2,$AF21<>"""",$AG21<>""""),""INVESTIGATE"",""BET""))))","=IF($AA21="""","""",IF(ABS($AA21)<SETTINGS!$B$33,"""",IF(ABS($AA21)<SETTINGS!$B$34,""LEAN"",IF(OR(SETTINGS!$B$11<>""Y"",$AI21<>""READY"",ABS($AA21)<SETTINGS!$B$26,$AF21<>"""",$AG21<>""""),""INVESTIGATE"",""BET""))))"
ENGINE,AB22,22,28,"=IF($AA22="""","""",IF(ABS($AA22)<SETTINGS!$B$8*2,"""",IF(ABS($AA22)<SETTINGS!$B$9*2,""LEAN"",IF(OR(SETTINGS!$B$11<>""Y"",$AI22<>""READY"",ABS($AA22)<SETTINGS!$B$10*2,$AF22<>"""",$AG22<>""""),""INVESTIGATE"",""BET""))))","=IF($AA22="""","""",IF(ABS($AA22)<SETTINGS!$B$33,"""",IF(ABS($AA22)<SETTINGS!$B$34,""LEAN"",IF(OR(SETTINGS!$B$11<>""Y"",$AI22<>""READY"",ABS($AA22)<SETTINGS!$B$26,$AF22<>"""",$AG22<>""""),""INVESTIGATE"",""BET""))))"
ENGINE,AB23,23,28,"=IF($AA23="""","""",IF(ABS($AA23)<SETTINGS!$B$8*2,"""",IF(ABS($AA23)<SETTINGS!$B$9*2,""LEAN"",IF(OR(SETTINGS!$B$11<>""Y"",$AI23<>""READY"",ABS($AA23)<SETTINGS!$B$10*2,$AF23<>"""",$AG23<>""""),""INVESTIGATE"",""BET""))))","=IF($AA23="""","""",IF(ABS($AA23)<SETTINGS!$B$33,"""",IF(ABS($AA23)<SETTINGS!$B$34,""LEAN"",IF(OR(SETTINGS!$B$11<>""Y"",$AI23<>""READY"",ABS($AA23)<SETTINGS!$B$26,$AF23<>"""",$AG23<>""""),""INVESTIGATE"",""BET""))))"
ENGINE,AB24,24,28,"=IF($AA24="""","""",IF(ABS($AA24)<SETTINGS!$B$8*2,"""",IF(ABS($AA24)<SETTINGS!$B$9*2,""LEAN"",IF(OR(SETTINGS!$B$11<>""Y"",$AI24<>""READY"",ABS($AA24)<SETTINGS!$B$10*2,$AF24<>"""",$AG24<>""""),""INVESTIGATE"",""BET""))))","=IF($AA24="""","""",IF(ABS($AA24)<SETTINGS!$B$33,"""",IF(ABS($AA24)<SETTINGS!$B$34,""LEAN"",IF(OR(SETTINGS!$B$11<>""Y"",$AI24<>""READY"",ABS($AA24)<SETTINGS!$B$26,$AF24<>"""",$AG24<>""""),""INVESTIGATE"",""BET""))))"
ENGINE,AB25,25,28,"=IF($AA25="""","""",IF(ABS($AA25)<SETTINGS!$B$8*2,"""",IF(ABS($AA25)<SETTINGS!$B$9*2,""LEAN"",IF(OR(SETTINGS!$B$11<>""Y"",$AI25<>""READY"",ABS($AA25)<SETTINGS!$B$10*2,$AF25<>"""",$AG25<>""""),""INVESTIGATE"",""BET""))))","=IF($AA25="""","""",IF(ABS($AA25)<SETTINGS!$B$33,"""",IF(ABS($AA25)<SETTINGS!$B$34,""LEAN"",IF(OR(SETTINGS!$B$11<>""Y"",$AI25<>""READY"",ABS($AA25)<SETTINGS!$B$26,$AF25<>"""",$AG25<>""""),""INVESTIGATE"",""BET""))))"
ENGINE,AB26,26,28,"=IF($AA26="""","""",IF(ABS($AA26)<SETTINGS!$B$8*2,"""",IF(ABS($AA26)<SETTINGS!$B$9*2,""LEAN"",IF(OR(SETTINGS!$B$11<>""Y"",$AI26<>""READY"",ABS($AA26)<SETTINGS!$B$10*2,$AF26<>"""",$AG26<>""""),""INVESTIGATE"",""BET""))))","=IF($AA26="""","""",IF(ABS($AA26)<SETTINGS!$B$33,"""",IF(ABS($AA26)<SETTINGS!$B$34,""LEAN"",IF(OR(SETTINGS!$B$11<>""Y"",$AI26<>""READY"",ABS($AA26)<SETTINGS!$B$26,$AF26<>"""",$AG26<>""""),""INVESTIGATE"",""BET""))))"
ENGINE,AB27,27,28,"=IF($AA27="""","""",IF(ABS($AA27)<SETTINGS!$B$8*2,"""",IF(ABS($AA27)<SETTINGS!$B$9*2,""LEAN"",IF(OR(SETTINGS!$B$11<>""Y"",$AI27<>""READY"",ABS($AA27)<SETTINGS!$B$10*2,$AF27<>"""",$AG27<>""""),""INVESTIGATE"",""BET""))))","=IF($AA27="""","""",IF(ABS($AA27)<SETTINGS!$B$33,"""",IF(ABS($AA27)<SETTINGS!$B$34,""LEAN"",IF(OR(SETTINGS!$B$11<>""Y"",$AI27<>""READY"",ABS($AA27)<SETTINGS!$B$26,$AF27<>"""",$AG27<>""""),""INVESTIGATE"",""BET""))))"
ENGINE,AB28,28,28,"=IF($AA28="""","""",IF(ABS($AA28)<SETTINGS!$B$8*2,"""",IF(ABS($AA28)<SETTINGS!$B$9*2,""LEAN"",IF(OR(SETTINGS!$B$11<>""Y"",$AI28<>""READY"",ABS($AA28)<SETTINGS!$B$10*2,$AF28<>"""",$AG28<>""""),""INVESTIGATE"",""BET""))))","=IF($AA28="""","""",IF(ABS($AA28)<SETTINGS!$B$33,"""",IF(ABS($AA28)<SETTINGS!$B$34,""LEAN"",IF(OR(SETTINGS!$B$11<>""Y"",$AI28<>""READY"",ABS($AA28)<SETTINGS!$B$26,$AF28<>"""",$AG28<>""""),""INVESTIGATE"",""BET""))))"
ENGINE,AB29,29,28,"=IF($AA29="""","""",IF(ABS($AA29)<SETTINGS!$B$8*2,"""",IF(ABS($AA29)<SETTINGS!$B$9*2,""LEAN"",IF(OR(SETTINGS!$B$11<>""Y"",$AI29<>""READY"",ABS($AA29)<SETTINGS!$B$10*2,$AF29<>"""",$AG29<>""""),""INVESTIGATE"",""BET""))))","=IF($AA29="""","""",IF(ABS($AA29)<SETTINGS!$B$33,"""",IF(ABS($AA29)<SETTINGS!$B$34,""LEAN"",IF(OR(SETTINGS!$B$11<>""Y"",$AI29<>""READY"",ABS($AA29)<SETTINGS!$B$26,$AF29<>"""",$AG29<>""""),""INVESTIGATE"",""BET""))))"
ENGINE,AB30,30,28,"=IF($AA30="""","""",IF(ABS($AA30)<SETTINGS!$B$8*2,"""",IF(ABS($AA30)<SETTINGS!$B$9*2,""LEAN"",IF(OR(SETTINGS!$B$11<>""Y"",$AI30<>""READY"",ABS($AA30)<SETTINGS!$B$10*2,$AF30<>"""",$AG30<>""""),""INVESTIGATE"",""BET""))))","=IF($AA30="""","""",IF(ABS($AA30)<SETTINGS!$B$33,"""",IF(ABS($AA30)<SETTINGS!$B$34,""LEAN"",IF(OR(SETTINGS!$B$11<>""Y"",$AI30<>""READY"",ABS($AA30)<SETTINGS!$B$26,$AF30<>"""",$AG30<>""""),""INVESTIGATE"",""BET""))))"
ENGINE,AB31,31,28,"=IF($AA31="""","""",IF(ABS($AA31)<SETTINGS!$B$8*2,"""",IF(ABS($AA31)<SETTINGS!$B$9*2,""LEAN"",IF(OR(SETTINGS!$B$11<>""Y"",$AI31<>""READY"",ABS($AA31)<SETTINGS!$B$10*2,$AF31<>"""",$AG31<>""""),""INVESTIGATE"",""BET""))))","=IF($AA31="""","""",IF(ABS($AA31)<SETTINGS!$B$33,"""",IF(ABS($AA31)<SETTINGS!$B$34,""LEAN"",IF(OR(SETTINGS!$B$11<>""Y"",$AI31<>""READY"",ABS($AA31)<SETTINGS!$B$26,$AF31<>"""",$AG31<>""""),""INVESTIGATE"",""BET""))))"
ENGINE,AB32,32,28,"=IF($AA32="""","""",IF(ABS($AA32)<SETTINGS!$B$8*2,"""",IF(ABS($AA32)<SETTINGS!$B$9*2,""LEAN"",IF(OR(SETTINGS!$B$11<>""Y"",$AI32<>""READY"",ABS($AA32)<SETTINGS!$B$10*2,$AF32<>"""",$AG32<>""""),""INVESTIGATE"",""BET""))))","=IF($AA32="""","""",IF(ABS($AA32)<SETTINGS!$B$33,"""",IF(ABS($AA32)<SETTINGS!$B$34,""LEAN"",IF(OR(SETTINGS!$B$11<>""Y"",$AI32<>""READY"",ABS($AA32)<SETTINGS!$B$26,$AF32<>"""",$AG32<>""""),""INVESTIGATE"",""BET""))))"
ENGINE,AB33,33,28,"=IF($AA33="""","""",IF(ABS($AA33)<SETTINGS!$B$8*2,"""",IF(ABS($AA33)<SETTINGS!$B$9*2,""LEAN"",IF(OR(SETTINGS!$B$11<>""Y"",$AI33<>""READY"",ABS($AA33)<SETTINGS!$B$10*2,$AF33<>"""",$AG33<>""""),""INVESTIGATE"",""BET""))))","=IF($AA33="""","""",IF(ABS($AA33)<SETTINGS!$B$33,"""",IF(ABS($AA33)<SETTINGS!$B$34,""LEAN"",IF(OR(SETTINGS!$B$11<>""Y"",$AI33<>""READY"",ABS($AA33)<SETTINGS!$B$26,$AF33<>"""",$AG33<>""""),""INVESTIGATE"",""BET""))))"
ENGINE,AB34,34,28,"=IF($AA34="""","""",IF(ABS($AA34)<SETTINGS!$B$8*2,"""",IF(ABS($AA34)<SETTINGS!$B$9*2,""LEAN"",IF(OR(SETTINGS!$B$11<>""Y"",$AI34<>""READY"",ABS($AA34)<SETTINGS!$B$10*2,$AF34<>"""",$AG34<>""""),""INVESTIGATE"",""BET""))))","=IF($AA34="""","""",IF(ABS($AA34)<SETTINGS!$B$33,"""",IF(ABS($AA34)<SETTINGS!$B$34,""LEAN"",IF(OR(SETTINGS!$B$11<>""Y"",$AI34<>""READY"",ABS($AA34)<SETTINGS!$B$26,$AF34<>"""",$AG34<>""""),""INVESTIGATE"",""BET""))))"
ENGINE,AB35,35,28,"=IF($AA35="""","""",IF(ABS($AA35)<SETTINGS!$B$8*2,"""",IF(ABS($AA35)<SETTINGS!$B$9*2,""LEAN"",IF(OR(SETTINGS!$B$11<>""Y"",$AI35<>""READY"",ABS($AA35)<SETTINGS!$B$10*2,$AF35<>"""",$AG35<>""""),""INVESTIGATE"",""BET""))))","=IF($AA35="""","""",IF(ABS($AA35)<SETTINGS!$B$33,"""",IF(ABS($AA35)<SETTINGS!$B$34,""LEAN"",IF(OR(SETTINGS!$B$11<>""Y"",$AI35<>""READY"",ABS($AA35)<SETTINGS!$B$26,$AF35<>"""",$AG35<>""""),""INVESTIGATE"",""BET""))))"
ENGINE,AB36,36,28,"=IF($AA36="""","""",IF(ABS($AA36)<SETTINGS!$B$8*2,"""",IF(ABS($AA36)<SETTINGS!$B$9*2,""LEAN"",IF(OR(SETTINGS!$B$11<>""Y"",$AI36<>""READY"",ABS($AA36)<SETTINGS!$B$10*2,$AF36<>"""",$AG36<>""""),""INVESTIGATE"",""BET""))))","=IF($AA36="""","""",IF(ABS($AA36)<SETTINGS!$B$33,"""",IF(ABS($AA36)<SETTINGS!$B$34,""LEAN"",IF(OR(SETTINGS!$B$11<>""Y"",$AI36<>""READY"",ABS($AA36)<SETTINGS!$B$26,$AF36<>"""",$AG36<>""""),""INVESTIGATE"",""BET""))))"
ENGINE,AB37,37,28,"=IF($AA37="""","""",IF(ABS($AA37)<SETTINGS!$B$8*2,"""",IF(ABS($AA37)<SETTINGS!$B$9*2,""LEAN"",IF(OR(SETTINGS!$B$11<>""Y"",$AI37<>""READY"",ABS($AA37)<SETTINGS!$B$10*2,$AF37<>"""",$AG37<>""""),""INVESTIGATE"",""BET""))))","=IF($AA37="""","""",IF(ABS($AA37)<SETTINGS!$B$33,"""",IF(ABS($AA37)<SETTINGS!$B$34,""LEAN"",IF(OR(SETTINGS!$B$11<>""Y"",$AI37<>""READY"",ABS($AA37)<SETTINGS!$B$26,$AF37<>"""",$AG37<>""""),""INVESTIGATE"",""BET""))))"
ENGINE,AB38,38,28,"=IF($AA38="""","""",IF(ABS($AA38)<SETTINGS!$B$8*2,"""",IF(ABS($AA38)<SETTINGS!$B$9*2,""LEAN"",IF(OR(SETTINGS!$B$11<>""Y"",$AI38<>""READY"",ABS($AA38)<SETTINGS!$B$10*2,$AF38<>"""",$AG38<>""""),""INVESTIGATE"",""BET""))))","=IF($AA38="""","""",IF(ABS($AA38)<SETTINGS!$B$33,"""",IF(ABS($AA38)<SETTINGS!$B$34,""LEAN"",IF(OR(SETTINGS!$B$11<>""Y"",$AI38<>""READY"",ABS($AA38)<SETTINGS!$B$26,$AF38<>"""",$AG38<>""""),""INVESTIGATE"",""BET""))))"
ENGINE,AB39,39,28,"=IF($AA39="""","""",IF(ABS($AA39)<SETTINGS!$B$8*2,"""",IF(ABS($AA39)<SETTINGS!$B$9*2,""LEAN"",IF(OR(SETTINGS!$B$11<>""Y"",$AI39<>""READY"",ABS($AA39)<SETTINGS!$B$10*2,$AF39<>"""",$AG39<>""""),""INVESTIGATE"",""BET""))))","=IF($AA39="""","""",IF(ABS($AA39)<SETTINGS!$B$33,"""",IF(ABS($AA39)<SETTINGS!$B$34,""LEAN"",IF(OR(SETTINGS!$B$11<>""Y"",$AI39<>""READY"",ABS($AA39)<SETTINGS!$B$26,$AF39<>"""",$AG39<>""""),""INVESTIGATE"",""BET""))))"
ENGINE,AB40,40,28,"=IF($AA40="""","""",IF(ABS($AA40)<SETTINGS!$B$8*2,"""",IF(ABS($AA40)<SETTINGS!$B$9*2,""LEAN"",IF(OR(SETTINGS!$B$11<>""Y"",$AI40<>""READY"",ABS($AA40)<SETTINGS!$B$10*2,$AF40<>"""",$AG40<>""""),""INVESTIGATE"",""BET""))))","=IF($AA40="""","""",IF(ABS($AA40)<SETTINGS!$B$33,"""",IF(ABS($AA40)<SETTINGS!$B$34,""LEAN"",IF(OR(SETTINGS!$B$11<>""Y"",$AI40<>""READY"",ABS($AA40)<SETTINGS!$B$26,$AF40<>"""",$AG40<>""""),""INVESTIGATE"",""BET""))))"
ENGINE,AB41,41,28,"=IF($AA41="""","""",IF(ABS($AA41)<SETTINGS!$B$8*2,"""",IF(ABS($AA41)<SETTINGS!$B$9*2,""LEAN"",IF(OR(SETTINGS!$B$11<>""Y"",$AI41<>""READY"",ABS($AA41)<SETTINGS!$B$10*2,$AF41<>"""",$AG41<>""""),""INVESTIGATE"",""BET""))))","=IF($AA41="""","""",IF(ABS($AA41)<SETTINGS!$B$33,"""",IF(ABS($AA41)<SETTINGS!$B$34,""LEAN"",IF(OR(SETTINGS!$B$11<>""Y"",$AI41<>""READY"",ABS($AA41)<SETTINGS!$B$26,$AF41<>"""",$AG41<>""""),""INVESTIGATE"",""BET""))))"
ENGINE,AB42,42,28,"=IF($AA42="""","""",IF(ABS($AA42)<SETTINGS!$B$8*2,"""",IF(ABS($AA42)<SETTINGS!$B$9*2,""LEAN"",IF(OR(SETTINGS!$B$11<>""Y"",$AI42<>""READY"",ABS($AA42)<SETTINGS!$B$10*2,$AF42<>"""",$AG42<>""""),""INVESTIGATE"",""BET""))))","=IF($AA42="""","""",IF(ABS($AA42)<SETTINGS!$B$33,"""",IF(ABS($AA42)<SETTINGS!$B$34,""LEAN"",IF(OR(SETTINGS!$B$11<>""Y"",$AI42<>""READY"",ABS($AA42)<SETTINGS!$B$26,$AF42<>"""",$AG42<>""""),""INVESTIGATE"",""BET""))))"
ENGINE,AB43,43,28,"=IF($AA43="""","""",IF(ABS($AA43)<SETTINGS!$B$8*2,"""",IF(ABS($AA43)<SETTINGS!$B$9*2,""LEAN"",IF(OR(SETTINGS!$B$11<>""Y"",$AI43<>""READY"",ABS($AA43)<SETTINGS!$B$10*2,$AF43<>"""",$AG43<>""""),""INVESTIGATE"",""BET""))))","=IF($AA43="""","""",IF(ABS($AA43)<SETTINGS!$B$33,"""",IF(ABS($AA43)<SETTINGS!$B$34,""LEAN"",IF(OR(SETTINGS!$B$11<>""Y"",$AI43<>""READY"",ABS($AA43)<SETTINGS!$B$26,$AF43<>"""",$AG43<>""""),""INVESTIGATE"",""BET""))))"
ENGINE,AB44,44,28,"=IF($AA44="""","""",IF(ABS($AA44)<SETTINGS!$B$8*2,"""",IF(ABS($AA44)<SETTINGS!$B$9*2,""LEAN"",IF(OR(SETTINGS!$B$11<>""Y"",$AI44<>""READY"",ABS($AA44)<SETTINGS!$B$10*2,$AF44<>"""",$AG44<>""""),""INVESTIGATE"",""BET""))))","=IF($AA44="""","""",IF(ABS($AA44)<SETTINGS!$B$33,"""",IF(ABS($AA44)<SETTINGS!$B$34,""LEAN"",IF(OR(SETTINGS!$B$11<>""Y"",$AI44<>""READY"",ABS($AA44)<SETTINGS!$B$26,$AF44<>"""",$AG44<>""""),""INVESTIGATE"",""BET""))))"
ENGINE,AB45,45,28,"=IF($AA45="""","""",IF(ABS($AA45)<SETTINGS!$B$8*2,"""",IF(ABS($AA45)<SETTINGS!$B$9*2,""LEAN"",IF(OR(SETTINGS!$B$11<>""Y"",$AI45<>""READY"",ABS($AA45)<SETTINGS!$B$10*2,$AF45<>"""",$AG45<>""""),""INVESTIGATE"",""BET""))))","=IF($AA45="""","""",IF(ABS($AA45)<SETTINGS!$B$33,"""",IF(ABS($AA45)<SETTINGS!$B$34,""LEAN"",IF(OR(SETTINGS!$B$11<>""Y"",$AI45<>""READY"",ABS($AA45)<SETTINGS!$B$26,$AF45<>"""",$AG45<>""""),""INVESTIGATE"",""BET""))))"
ENGINE,AB46,46,28,"=IF($AA46="""","""",IF(ABS($AA46)<SETTINGS!$B$8*2,"""",IF(ABS($AA46)<SETTINGS!$B$9*2,""LEAN"",IF(OR(SETTINGS!$B$11<>""Y"",$AI46<>""READY"",ABS($AA46)<SETTINGS!$B$10*2,$AF46<>"""",$AG46<>""""),""INVESTIGATE"",""BET""))))","=IF($AA46="""","""",IF(ABS($AA46)<SETTINGS!$B$33,"""",IF(ABS($AA46)<SETTINGS!$B$34,""LEAN"",IF(OR(SETTINGS!$B$11<>""Y"",$AI46<>""READY"",ABS($AA46)<SETTINGS!$B$26,$AF46<>"""",$AG46<>""""),""INVESTIGATE"",""BET""))))"
ENGINE,AB47,47,28,"=IF($AA47="""","""",IF(ABS($AA47)<SETTINGS!$B$8*2,"""",IF(ABS($AA47)<SETTINGS!$B$9*2,""LEAN"",IF(OR(SETTINGS!$B$11<>""Y"",$AI47<>""READY"",ABS($AA47)<SETTINGS!$B$10*2,$AF47<>"""",$AG47<>""""),""INVESTIGATE"",""BET""))))","=IF($AA47="""","""",IF(ABS($AA47)<SETTINGS!$B$33,"""",IF(ABS($AA47)<SETTINGS!$B$34,""LEAN"",IF(OR(SETTINGS!$B$11<>""Y"",$AI47<>""READY"",ABS($AA47)<SETTINGS!$B$26,$AF47<>"""",$AG47<>""""),""INVESTIGATE"",""BET""))))"
ENGINE,AB48,48,28,"=IF($AA48="""","""",IF(ABS($AA48)<SETTINGS!$B$8*2,"""",IF(ABS($AA48)<SETTINGS!$B$9*2,""LEAN"",IF(OR(SETTINGS!$B$11<>""Y"",$AI48<>""READY"",ABS($AA48)<SETTINGS!$B$10*2,$AF48<>"""",$AG48<>""""),""INVESTIGATE"",""BET""))))","=IF($AA48="""","""",IF(ABS($AA48)<SETTINGS!$B$33,"""",IF(ABS($AA48)<SETTINGS!$B$34,""LEAN"",IF(OR(SETTINGS!$B$11<>""Y"",$AI48<>""READY"",ABS($AA48)<SETTINGS!$B$26,$AF48<>"""",$AG48<>""""),""INVESTIGATE"",""BET""))))"
ENGINE,AB49,49,28,"=IF($AA49="""","""",IF(ABS($AA49)<SETTINGS!$B$8*2,"""",IF(ABS($AA49)<SETTINGS!$B$9*2,""LEAN"",IF(OR(SETTINGS!$B$11<>""Y"",$AI49<>""READY"",ABS($AA49)<SETTINGS!$B$10*2,$AF49<>"""",$AG49<>""""),""INVESTIGATE"",""BET""))))","=IF($AA49="""","""",IF(ABS($AA49)<SETTINGS!$B$33,"""",IF(ABS($AA49)<SETTINGS!$B$34,""LEAN"",IF(OR(SETTINGS!$B$11<>""Y"",$AI49<>""READY"",ABS($AA49)<SETTINGS!$B$26,$AF49<>"""",$AG49<>""""),""INVESTIGATE"",""BET""))))"
ENGINE,AB50,50,28,"=IF($AA50="""","""",IF(ABS($AA50)<SETTINGS!$B$8*2,"""",IF(ABS($AA50)<SETTINGS!$B$9*2,""LEAN"",IF(OR(SETTINGS!$B$11<>""Y"",$AI50<>""READY"",ABS($AA50)<SETTINGS!$B$10*2,$AF50<>"""",$AG50<>""""),""INVESTIGATE"",""BET""))))","=IF($AA50="""","""",IF(ABS($AA50)<SETTINGS!$B$33,"""",IF(ABS($AA50)<SETTINGS!$B$34,""LEAN"",IF(OR(SETTINGS!$B$11<>""Y"",$AI50<>""READY"",ABS($AA50)<SETTINGS!$B$26,$AF50<>"""",$AG50<>""""),""INVESTIGATE"",""BET""))))"
ENGINE,AB51,51,28,"=IF($AA51="""","""",IF(ABS($AA51)<SETTINGS!$B$8*2,"""",IF(ABS($AA51)<SETTINGS!$B$9*2,""LEAN"",IF(OR(SETTINGS!$B$11<>""Y"",$AI51<>""READY"",ABS($AA51)<SETTINGS!$B$10*2,$AF51<>"""",$AG51<>""""),""INVESTIGATE"",""BET""))))","=IF($AA51="""","""",IF(ABS($AA51)<SETTINGS!$B$33,"""",IF(ABS($AA51)<SETTINGS!$B$34,""LEAN"",IF(OR(SETTINGS!$B$11<>""Y"",$AI51<>""READY"",ABS($AA51)<SETTINGS!$B$26,$AF51<>"""",$AG51<>""""),""INVESTIGATE"",""BET""))))"
ENGINE,AB52,52,28,"=IF($AA52="""","""",IF(ABS($AA52)<SETTINGS!$B$8*2,"""",IF(ABS($AA52)<SETTINGS!$B$9*2,""LEAN"",IF(OR(SETTINGS!$B$11<>""Y"",$AI52<>""READY"",ABS($AA52)<SETTINGS!$B$10*2,$AF52<>"""",$AG52<>""""),""INVESTIGATE"",""BET""))))","=IF($AA52="""","""",IF(ABS($AA52)<SETTINGS!$B$33,"""",IF(ABS($AA52)<SETTINGS!$B$34,""LEAN"",IF(OR(SETTINGS!$B$11<>""Y"",$AI52<>""READY"",ABS($AA52)<SETTINGS!$B$26,$AF52<>"""",$AG52<>""""),""INVESTIGATE"",""BET""))))"
ENGINE,AB53,53,28,"=IF($AA53="""","""",IF(ABS($AA53)<SETTINGS!$B$8*2,"""",IF(ABS($AA53)<SETTINGS!$B$9*2,""LEAN"",IF(OR(SETTINGS!$B$11<>""Y"",$AI53<>""READY"",ABS($AA53)<SETTINGS!$B$10*2,$AF53<>"""",$AG53<>""""),""INVESTIGATE"",""BET""))))","=IF($AA53="""","""",IF(ABS($AA53)<SETTINGS!$B$33,"""",IF(ABS($AA53)<SETTINGS!$B$34,""LEAN"",IF(OR(SETTINGS!$B$11<>""Y"",$AI53<>""READY"",ABS($AA53)<SETTINGS!$B$26,$AF53<>"""",$AG53<>""""),""INVESTIGATE"",""BET""))))"
ENGINE,AB54,54,28,"=IF($AA54="""","""",IF(ABS($AA54)<SETTINGS!$B$8*2,"""",IF(ABS($AA54)<SETTINGS!$B$9*2,""LEAN"",IF(OR(SETTINGS!$B$11<>""Y"",$AI54<>""READY"",ABS($AA54)<SETTINGS!$B$10*2,$AF54<>"""",$AG54<>""""),""INVESTIGATE"",""BET""))))","=IF($AA54="""","""",IF(ABS($AA54)<SETTINGS!$B$33,"""",IF(ABS($AA54)<SETTINGS!$B$34,""LEAN"",IF(OR(SETTINGS!$B$11<>""Y"",$AI54<>""READY"",ABS($AA54)<SETTINGS!$B$26,$AF54<>"""",$AG54<>""""),""INVESTIGATE"",""BET""))))"
ENGINE,AB55,55,28,"=IF($AA55="""","""",IF(ABS($AA55)<SETTINGS!$B$8*2,"""",IF(ABS($AA55)<SETTINGS!$B$9*2,""LEAN"",IF(OR(SETTINGS!$B$11<>""Y"",$AI55<>""READY"",ABS($AA55)<SETTINGS!$B$10*2,$AF55<>"""",$AG55<>""""),""INVESTIGATE"",""BET""))))","=IF($AA55="""","""",IF(ABS($AA55)<SETTINGS!$B$33,"""",IF(ABS($AA55)<SETTINGS!$B$34,""LEAN"",IF(OR(SETTINGS!$B$11<>""Y"",$AI55<>""READY"",ABS($AA55)<SETTINGS!$B$26,$AF55<>"""",$AG55<>""""),""INVESTIGATE"",""BET""))))"
ENGINE,AB56,56,28,"=IF($AA56="""","""",IF(ABS($AA56)<SETTINGS!$B$8*2,"""",IF(ABS($AA56)<SETTINGS!$B$9*2,""LEAN"",IF(OR(SETTINGS!$B$11<>""Y"",$AI56<>""READY"",ABS($AA56)<SETTINGS!$B$10*2,$AF56<>"""",$AG56<>""""),""INVESTIGATE"",""BET""))))","=IF($AA56="""","""",IF(ABS($AA56)<SETTINGS!$B$33,"""",IF(ABS($AA56)<SETTINGS!$B$34,""LEAN"",IF(OR(SETTINGS!$B$11<>""Y"",$AI56<>""READY"",ABS($AA56)<SETTINGS!$B$26,$AF56<>"""",$AG56<>""""),""INVESTIGATE"",""BET""))))"
ENGINE,AB57,57,28,"=IF($AA57="""","""",IF(ABS($AA57)<SETTINGS!$B$8*2,"""",IF(ABS($AA57)<SETTINGS!$B$9*2,""LEAN"",IF(OR(SETTINGS!$B$11<>""Y"",$AI57<>""READY"",ABS($AA57)<SETTINGS!$B$10*2,$AF57<>"""",$AG57<>""""),""INVESTIGATE"",""BET""))))","=IF($AA57="""","""",IF(ABS($AA57)<SETTINGS!$B$33,"""",IF(ABS($AA57)<SETTINGS!$B$34,""LEAN"",IF(OR(SETTINGS!$B$11<>""Y"",$AI57<>""READY"",ABS($AA57)<SETTINGS!$B$26,$AF57<>"""",$AG57<>""""),""INVESTIGATE"",""BET""))))"
ENGINE,AB58,58,28,"=IF($AA58="""","""",IF(ABS($AA58)<SETTINGS!$B$8*2,"""",IF(ABS($AA58)<SETTINGS!$B$9*2,""LEAN"",IF(OR(SETTINGS!$B$11<>""Y"",$AI58<>""READY"",ABS($AA58)<SETTINGS!$B$10*2,$AF58<>"""",$AG58<>""""),""INVESTIGATE"",""BET""))))","=IF($AA58="""","""",IF(ABS($AA58)<SETTINGS!$B$33,"""",IF(ABS($AA58)<SETTINGS!$B$34,""LEAN"",IF(OR(SETTINGS!$B$11<>""Y"",$AI58<>""READY"",ABS($AA58)<SETTINGS!$B$26,$AF58<>"""",$AG58<>""""),""INVESTIGATE"",""BET""))))"
ENGINE,AB59,59,28,"=IF($AA59="""","""",IF(ABS($AA59)<SETTINGS!$B$8*2,"""",IF(ABS($AA59)<SETTINGS!$B$9*2,""LEAN"",IF(OR(SETTINGS!$B$11<>""Y"",$AI59<>""READY"",ABS($AA59)<SETTINGS!$B$10*2,$AF59<>"""",$AG59<>""""),""INVESTIGATE"",""BET""))))","=IF($AA59="""","""",IF(ABS($AA59)<SETTINGS!$B$33,"""",IF(ABS($AA59)<SETTINGS!$B$34,""LEAN"",IF(OR(SETTINGS!$B$11<>""Y"",$AI59<>""READY"",ABS($AA59)<SETTINGS!$B$26,$AF59<>"""",$AG59<>""""),""INVESTIGATE"",""BET""))))"
ENGINE,AB60,60,28,"=IF($AA60="""","""",IF(ABS($AA60)<SETTINGS!$B$8*2,"""",IF(ABS($AA60)<SETTINGS!$B$9*2,""LEAN"",IF(OR(SETTINGS!$B$11<>""Y"",$AI60<>""READY"",ABS($AA60)<SETTINGS!$B$10*2,$AF60<>"""",$AG60<>""""),""INVESTIGATE"",""BET""))))","=IF($AA60="""","""",IF(ABS($AA60)<SETTINGS!$B$33,"""",IF(ABS($AA60)<SETTINGS!$B$34,""LEAN"",IF(OR(SETTINGS!$B$11<>""Y"",$AI60<>""READY"",ABS($AA60)<SETTINGS!$B$26,$AF60<>"""",$AG60<>""""),""INVESTIGATE"",""BET""))))"
ENGINE,AB61,61,28,"=IF($AA61="""","""",IF(ABS($AA61)<SETTINGS!$B$8*2,"""",IF(ABS($AA61)<SETTINGS!$B$9*2,""LEAN"",IF(OR(SETTINGS!$B$11<>""Y"",$AI61<>""READY"",ABS($AA61)<SETTINGS!$B$10*2,$AF61<>"""",$AG61<>""""),""INVESTIGATE"",""BET""))))","=IF($AA61="""","""",IF(ABS($AA61)<SETTINGS!$B$33,"""",IF(ABS($AA61)<SETTINGS!$B$34,""LEAN"",IF(OR(SETTINGS!$B$11<>""Y"",$AI61<>""READY"",ABS($AA61)<SETTINGS!$B$26,$AF61<>"""",$AG61<>""""),""INVESTIGATE"",""BET""))))"
ENGINE,AB62,62,28,"=IF($AA62="""","""",IF(ABS($AA62)<SETTINGS!$B$8*2,"""",IF(ABS($AA62)<SETTINGS!$B$9*2,""LEAN"",IF(OR(SETTINGS!$B$11<>""Y"",$AI62<>""READY"",ABS($AA62)<SETTINGS!$B$10*2,$AF62<>"""",$AG62<>""""),""INVESTIGATE"",""BET""))))","=IF($AA62="""","""",IF(ABS($AA62)<SETTINGS!$B$33,"""",IF(ABS($AA62)<SETTINGS!$B$34,""LEAN"",IF(OR(SETTINGS!$B$11<>""Y"",$AI62<>""READY"",ABS($AA62)<SETTINGS!$B$26,$AF62<>"""",$AG62<>""""),""INVESTIGATE"",""BET""))))"
ENGINE,AB63,63,28,"=IF($AA63="""","""",IF(ABS($AA63)<SETTINGS!$B$8*2,"""",IF(ABS($AA63)<SETTINGS!$B$9*2,""LEAN"",IF(OR(SETTINGS!$B$11<>""Y"",$AI63<>""READY"",ABS($AA63)<SETTINGS!$B$10*2,$AF63<>"""",$AG63<>""""),""INVESTIGATE"",""BET""))))","=IF($AA63="""","""",IF(ABS($AA63)<SETTINGS!$B$33,"""",IF(ABS($AA63)<SETTINGS!$B$34,""LEAN"",IF(OR(SETTINGS!$B$11<>""Y"",$AI63<>""READY"",ABS($AA63)<SETTINGS!$B$26,$AF63<>"""",$AG63<>""""),""INVESTIGATE"",""BET""))))"
ENGINE,AB64,64,28,"=IF($AA64="""","""",IF(ABS($AA64)<SETTINGS!$B$8*2,"""",IF(ABS($AA64)<SETTINGS!$B$9*2,""LEAN"",IF(OR(SETTINGS!$B$11<>""Y"",$AI64<>""READY"",ABS($AA64)<SETTINGS!$B$10*2,$AF64<>"""",$AG64<>""""),""INVESTIGATE"",""BET""))))","=IF($AA64="""","""",IF(ABS($AA64)<SETTINGS!$B$33,"""",IF(ABS($AA64)<SETTINGS!$B$34,""LEAN"",IF(OR(SETTINGS!$B$11<>""Y"",$AI64<>""READY"",ABS($AA64)<SETTINGS!$B$26,$AF64<>"""",$AG64<>""""),""INVESTIGATE"",""BET""))))"
ENGINE,AB65,65,28,"=IF($AA65="""","""",IF(ABS($AA65)<SETTINGS!$B$8*2,"""",IF(ABS($AA65)<SETTINGS!$B$9*2,""LEAN"",IF(OR(SETTINGS!$B$11<>""Y"",$AI65<>""READY"",ABS($AA65)<SETTINGS!$B$10*2,$AF65<>"""",$AG65<>""""),""INVESTIGATE"",""BET""))))","=IF($AA65="""","""",IF(ABS($AA65)<SETTINGS!$B$33,"""",IF(ABS($AA65)<SETTINGS!$B$34,""LEAN"",IF(OR(SETTINGS!$B$11<>""Y"",$AI65<>""READY"",ABS($AA65)<SETTINGS!$B$26,$AF65<>"""",$AG65<>""""),""INVESTIGATE"",""BET""))))"
ENGINE,AB66,66,28,"=IF($AA66="""","""",IF(ABS($AA66)<SETTINGS!$B$8*2,"""",IF(ABS($AA66)<SETTINGS!$B$9*2,""LEAN"",IF(OR(SETTINGS!$B$11<>""Y"",$AI66<>""READY"",ABS($AA66)<SETTINGS!$B$10*2,$AF66<>"""",$AG66<>""""),""INVESTIGATE"",""BET""))))","=IF($AA66="""","""",IF(ABS($AA66)<SETTINGS!$B$33,"""",IF(ABS($AA66)<SETTINGS!$B$34,""LEAN"",IF(OR(SETTINGS!$B$11<>""Y"",$AI66<>""READY"",ABS($AA66)<SETTINGS!$B$26,$AF66<>"""",$AG66<>""""),""INVESTIGATE"",""BET""))))"
ENGINE,AB67,67,28,"=IF($AA67="""","""",IF(ABS($AA67)<SETTINGS!$B$8*2,"""",IF(ABS($AA67)<SETTINGS!$B$9*2,""LEAN"",IF(OR(SETTINGS!$B$11<>""Y"",$AI67<>""READY"",ABS($AA67)<SETTINGS!$B$10*2,$AF67<>"""",$AG67<>""""),""INVESTIGATE"",""BET""))))","=IF($AA67="""","""",IF(ABS($AA67)<SETTINGS!$B$33,"""",IF(ABS($AA67)<SETTINGS!$B$34,""LEAN"",IF(OR(SETTINGS!$B$11<>""Y"",$AI67<>""READY"",ABS($AA67)<SETTINGS!$B$26,$AF67<>"""",$AG67<>""""),""INVESTIGATE"",""BET""))))"
ENGINE,AB68,68,28,"=IF($AA68="""","""",IF(ABS($AA68)<SETTINGS!$B$8*2,"""",IF(ABS($AA68)<SETTINGS!$B$9*2,""LEAN"",IF(OR(SETTINGS!$B$11<>""Y"",$AI68<>""READY"",ABS($AA68)<SETTINGS!$B$10*2,$AF68<>"""",$AG68<>""""),""INVESTIGATE"",""BET""))))","=IF($AA68="""","""",IF(ABS($AA68)<SETTINGS!$B$33,"""",IF(ABS($AA68)<SETTINGS!$B$34,""LEAN"",IF(OR(SETTINGS!$B$11<>""Y"",$AI68<>""READY"",ABS($AA68)<SETTINGS!$B$26,$AF68<>"""",$AG68<>""""),""INVESTIGATE"",""BET""))))"
ENGINE,AB69,69,28,"=IF($AA69="""","""",IF(ABS($AA69)<SETTINGS!$B$8*2,"""",IF(ABS($AA69)<SETTINGS!$B$9*2,""LEAN"",IF(OR(SETTINGS!$B$11<>""Y"",$AI69<>""READY"",ABS($AA69)<SETTINGS!$B$10*2,$AF69<>"""",$AG69<>""""),""INVESTIGATE"",""BET""))))","=IF($AA69="""","""",IF(ABS($AA69)<SETTINGS!$B$33,"""",IF(ABS($AA69)<SETTINGS!$B$34,""LEAN"",IF(OR(SETTINGS!$B$11<>""Y"",$AI69<>""READY"",ABS($AA69)<SETTINGS!$B$26,$AF69<>"""",$AG69<>""""),""INVESTIGATE"",""BET""))))"
ENGINE,AB70,70,28,"=IF($AA70="""","""",IF(ABS($AA70)<SETTINGS!$B$8*2,"""",IF(ABS($AA70)<SETTINGS!$B$9*2,""LEAN"",IF(OR(SETTINGS!$B$11<>""Y"",$AI70<>""READY"",ABS($AA70)<SETTINGS!$B$10*2,$AF70<>"""",$AG70<>""""),""INVESTIGATE"",""BET""))))","=IF($AA70="""","""",IF(ABS($AA70)<SETTINGS!$B$33,"""",IF(ABS($AA70)<SETTINGS!$B$34,""LEAN"",IF(OR(SETTINGS!$B$11<>""Y"",$AI70<>""READY"",ABS($AA70)<SETTINGS!$B$26,$AF70<>"""",$AG70<>""""),""INVESTIGATE"",""BET""))))"
ENGINE,AB71,71,28,"=IF($AA71="""","""",IF(ABS($AA71)<SETTINGS!$B$8*2,"""",IF(ABS($AA71)<SETTINGS!$B$9*2,""LEAN"",IF(OR(SETTINGS!$B$11<>""Y"",$AI71<>""READY"",ABS($AA71)<SETTINGS!$B$10*2,$AF71<>"""",$AG71<>""""),""INVESTIGATE"",""BET""))))","=IF($AA71="""","""",IF(ABS($AA71)<SETTINGS!$B$33,"""",IF(ABS($AA71)<SETTINGS!$B$34,""LEAN"",IF(OR(SETTINGS!$B$11<>""Y"",$AI71<>""READY"",ABS($AA71)<SETTINGS!$B$26,$AF71<>"""",$AG71<>""""),""INVESTIGATE"",""BET""))))"
ENGINE,AB72,72,28,"=IF($AA72="""","""",IF(ABS($AA72)<SETTINGS!$B$8*2,"""",IF(ABS($AA72)<SETTINGS!$B$9*2,""LEAN"",IF(OR(SETTINGS!$B$11<>""Y"",$AI72<>""READY"",ABS($AA72)<SETTINGS!$B$10*2,$AF72<>"""",$AG72<>""""),""INVESTIGATE"",""BET""))))","=IF($AA72="""","""",IF(ABS($AA72)<SETTINGS!$B$33,"""",IF(ABS($AA72)<SETTINGS!$B$34,""LEAN"",IF(OR(SETTINGS!$B$11<>""Y"",$AI72<>""READY"",ABS($AA72)<SETTINGS!$B$26,$AF72<>"""",$AG72<>""""),""INVESTIGATE"",""BET""))))"
ENGINE,AB73,73,28,"=IF($AA73="""","""",IF(ABS($AA73)<SETTINGS!$B$8*2,"""",IF(ABS($AA73)<SETTINGS!$B$9*2,""LEAN"",IF(OR(SETTINGS!$B$11<>""Y"",$AI73<>""READY"",ABS($AA73)<SETTINGS!$B$10*2,$AF73<>"""",$AG73<>""""),""INVESTIGATE"",""BET""))))","=IF($AA73="""","""",IF(ABS($AA73)<SETTINGS!$B$33,"""",IF(ABS($AA73)<SETTINGS!$B$34,""LEAN"",IF(OR(SETTINGS!$B$11<>""Y"",$AI73<>""READY"",ABS($AA73)<SETTINGS!$B$26,$AF73<>"""",$AG73<>""""),""INVESTIGATE"",""BET""))))"
ENGINE,AB74,74,28,"=IF($AA74="""","""",IF(ABS($AA74)<SETTINGS!$B$8*2,"""",IF(ABS($AA74)<SETTINGS!$B$9*2,""LEAN"",IF(OR(SETTINGS!$B$11<>""Y"",$AI74<>""READY"",ABS($AA74)<SETTINGS!$B$10*2,$AF74<>"""",$AG74<>""""),""INVESTIGATE"",""BET""))))","=IF($AA74="""","""",IF(ABS($AA74)<SETTINGS!$B$33,"""",IF(ABS($AA74)<SETTINGS!$B$34,""LEAN"",IF(OR(SETTINGS!$B$11<>""Y"",$AI74<>""READY"",ABS($AA74)<SETTINGS!$B$26,$AF74<>"""",$AG74<>""""),""INVESTIGATE"",""BET""))))"
ENGINE,AB75,75,28,"=IF($AA75="""","""",IF(ABS($AA75)<SETTINGS!$B$8*2,"""",IF(ABS($AA75)<SETTINGS!$B$9*2,""LEAN"",IF(OR(SETTINGS!$B$11<>""Y"",$AI75<>""READY"",ABS($AA75)<SETTINGS!$B$10*2,$AF75<>"""",$AG75<>""""),""INVESTIGATE"",""BET""))))","=IF($AA75="""","""",IF(ABS($AA75)<SETTINGS!$B$33,"""",IF(ABS($AA75)<SETTINGS!$B$34,""LEAN"",IF(OR(SETTINGS!$B$11<>""Y"",$AI75<>""READY"",ABS($AA75)<SETTINGS!$B$26,$AF75<>"""",$AG75<>""""),""INVESTIGATE"",""BET""))))"
ENGINE,AB76,76,28,"=IF($AA76="""","""",IF(ABS($AA76)<SETTINGS!$B$8*2,"""",IF(ABS($AA76)<SETTINGS!$B$9*2,""LEAN"",IF(OR(SETTINGS!$B$11<>""Y"",$AI76<>""READY"",ABS($AA76)<SETTINGS!$B$10*2,$AF76<>"""",$AG76<>""""),""INVESTIGATE"",""BET""))))","=IF($AA76="""","""",IF(ABS($AA76)<SETTINGS!$B$33,"""",IF(ABS($AA76)<SETTINGS!$B$34,""LEAN"",IF(OR(SETTINGS!$B$11<>""Y"",$AI76<>""READY"",ABS($AA76)<SETTINGS!$B$26,$AF76<>"""",$AG76<>""""),""INVESTIGATE"",""BET""))))"
ENGINE,AB77,77,28,"=IF($AA77="""","""",IF(ABS($AA77)<SETTINGS!$B$8*2,"""",IF(ABS($AA77)<SETTINGS!$B$9*2,""LEAN"",IF(OR(SETTINGS!$B$11<>""Y"",$AI77<>""READY"",ABS($AA77)<SETTINGS!$B$10*2,$AF77<>"""",$AG77<>""""),""INVESTIGATE"",""BET""))))","=IF($AA77="""","""",IF(ABS($AA77)<SETTINGS!$B$33,"""",IF(ABS($AA77)<SETTINGS!$B$34,""LEAN"",IF(OR(SETTINGS!$B$11<>""Y"",$AI77<>""READY"",ABS($AA77)<SETTINGS!$B$26,$AF77<>"""",$AG77<>""""),""INVESTIGATE"",""BET""))))"
ENGINE,AB78,78,28,"=IF($AA78="""","""",IF(ABS($AA78)<SETTINGS!$B$8*2,"""",IF(ABS($AA78)<SETTINGS!$B$9*2,""LEAN"",IF(OR(SETTINGS!$B$11<>""Y"",$AI78<>""READY"",ABS($AA78)<SETTINGS!$B$10*2,$AF78<>"""",$AG78<>""""),""INVESTIGATE"",""BET""))))","=IF($AA78="""","""",IF(ABS($AA78)<SETTINGS!$B$33,"""",IF(ABS($AA78)<SETTINGS!$B$34,""LEAN"",IF(OR(SETTINGS!$B$11<>""Y"",$AI78<>""READY"",ABS($AA78)<SETTINGS!$B$26,$AF78<>"""",$AG78<>""""),""INVESTIGATE"",""BET""))))"
ENGINE,AB79,79,28,"=IF($AA79="""","""",IF(ABS($AA79)<SETTINGS!$B$8*2,"""",IF(ABS($AA79)<SETTINGS!$B$9*2,""LEAN"",IF(OR(SETTINGS!$B$11<>""Y"",$AI79<>""READY"",ABS($AA79)<SETTINGS!$B$10*2,$AF79<>"""",$AG79<>""""),""INVESTIGATE"",""BET""))))","=IF($AA79="""","""",IF(ABS($AA79)<SETTINGS!$B$33,"""",IF(ABS($AA79)<SETTINGS!$B$34,""LEAN"",IF(OR(SETTINGS!$B$11<>""Y"",$AI79<>""READY"",ABS($AA79)<SETTINGS!$B$26,$AF79<>"""",$AG79<>""""),""INVESTIGATE"",""BET""))))"
ENGINE,AB80,80,28,"=IF($AA80="""","""",IF(ABS($AA80)<SETTINGS!$B$8*2,"""",IF(ABS($AA80)<SETTINGS!$B$9*2,""LEAN"",IF(OR(SETTINGS!$B$11<>""Y"",$AI80<>""READY"",ABS($AA80)<SETTINGS!$B$10*2,$AF80<>"""",$AG80<>""""),""INVESTIGATE"",""BET""))))","=IF($AA80="""","""",IF(ABS($AA80)<SETTINGS!$B$33,"""",IF(ABS($AA80)<SETTINGS!$B$34,""LEAN"",IF(OR(SETTINGS!$B$11<>""Y"",$AI80<>""READY"",ABS($AA80)<SETTINGS!$B$26,$AF80<>"""",$AG80<>""""),""INVESTIGATE"",""BET""))))"
ENGINE,AB81,81,28,"=IF($AA81="""","""",IF(ABS($AA81)<SETTINGS!$B$8*2,"""",IF(ABS($AA81)<SETTINGS!$B$9*2,""LEAN"",IF(OR(SETTINGS!$B$11<>""Y"",$AI81<>""READY"",ABS($AA81)<SETTINGS!$B$10*2,$AF81<>"""",$AG81<>""""),""INVESTIGATE"",""BET""))))","=IF($AA81="""","""",IF(ABS($AA81)<SETTINGS!$B$33,"""",IF(ABS($AA81)<SETTINGS!$B$34,""LEAN"",IF(OR(SETTINGS!$B$11<>""Y"",$AI81<>""READY"",ABS($AA81)<SETTINGS!$B$26,$AF81<>"""",$AG81<>""""),""INVESTIGATE"",""BET""))))"
ENGINE,AB82,82,28,"=IF($AA82="""","""",IF(ABS($AA82)<SETTINGS!$B$8*2,"""",IF(ABS($AA82)<SETTINGS!$B$9*2,""LEAN"",IF(OR(SETTINGS!$B$11<>""Y"",$AI82<>""READY"",ABS($AA82)<SETTINGS!$B$10*2,$AF82<>"""",$AG82<>""""),""INVESTIGATE"",""BET""))))","=IF($AA82="""","""",IF(ABS($AA82)<SETTINGS!$B$33,"""",IF(ABS($AA82)<SETTINGS!$B$34,""LEAN"",IF(OR(SETTINGS!$B$11<>""Y"",$AI82<>""READY"",ABS($AA82)<SETTINGS!$B$26,$AF82<>"""",$AG82<>""""),""INVESTIGATE"",""BET""))))"
ENGINE,AB83,83,28,"=IF($AA83="""","""",IF(ABS($AA83)<SETTINGS!$B$8*2,"""",IF(ABS($AA83)<SETTINGS!$B$9*2,""LEAN"",IF(OR(SETTINGS!$B$11<>""Y"",$AI83<>""READY"",ABS($AA83)<SETTINGS!$B$10*2,$AF83<>"""",$AG83<>""""),""INVESTIGATE"",""BET""))))","=IF($AA83="""","""",IF(ABS($AA83)<SETTINGS!$B$33,"""",IF(ABS($AA83)<SETTINGS!$B$34,""LEAN"",IF(OR(SETTINGS!$B$11<>""Y"",$AI83<>""READY"",ABS($AA83)<SETTINGS!$B$26,$AF83<>"""",$AG83<>""""),""INVESTIGATE"",""BET""))))"
ENGINE,AB84,84,28,"=IF($AA84="""","""",IF(ABS($AA84)<SETTINGS!$B$8*2,"""",IF(ABS($AA84)<SETTINGS!$B$9*2,""LEAN"",IF(OR(SETTINGS!$B$11<>""Y"",$AI84<>""READY"",ABS($AA84)<SETTINGS!$B$10*2,$AF84<>"""",$AG84<>""""),""INVESTIGATE"",""BET""))))","=IF($AA84="""","""",IF(ABS($AA84)<SETTINGS!$B$33,"""",IF(ABS($AA84)<SETTINGS!$B$34,""LEAN"",IF(OR(SETTINGS!$B$11<>""Y"",$AI84<>""READY"",ABS($AA84)<SETTINGS!$B$26,$AF84<>"""",$AG84<>""""),""INVESTIGATE"",""BET""))))"
ENGINE,AB85,85,28,"=IF($AA85="""","""",IF(ABS($AA85)<SETTINGS!$B$8*2,"""",IF(ABS($AA85)<SETTINGS!$B$9*2,""LEAN"",IF(OR(SETTINGS!$B$11<>""Y"",$AI85<>""READY"",ABS($AA85)<SETTINGS!$B$10*2,$AF85<>"""",$AG85<>""""),""INVESTIGATE"",""BET""))))","=IF($AA85="""","""",IF(ABS($AA85)<SETTINGS!$B$33,"""",IF(ABS($AA85)<SETTINGS!$B$34,""LEAN"",IF(OR(SETTINGS!$B$11<>""Y"",$AI85<>""READY"",ABS($AA85)<SETTINGS!$B$26,$AF85<>"""",$AG85<>""""),""INVESTIGATE"",""BET""))))"
ENGINE,AB86,86,28,"=IF($AA86="""","""",IF(ABS($AA86)<SETTINGS!$B$8*2,"""",IF(ABS($AA86)<SETTINGS!$B$9*2,""LEAN"",IF(OR(SETTINGS!$B$11<>""Y"",$AI86<>""READY"",ABS($AA86)<SETTINGS!$B$10*2,$AF86<>"""",$AG86<>""""),""INVESTIGATE"",""BET""))))","=IF($AA86="""","""",IF(ABS($AA86)<SETTINGS!$B$33,"""",IF(ABS($AA86)<SETTINGS!$B$34,""LEAN"",IF(OR(SETTINGS!$B$11<>""Y"",$AI86<>""READY"",ABS($AA86)<SETTINGS!$B$26,$AF86<>"""",$AG86<>""""),""INVESTIGATE"",""BET""))))"
ENGINE,AB87,87,28,"=IF($AA87="""","""",IF(ABS($AA87)<SETTINGS!$B$8*2,"""",IF(ABS($AA87)<SETTINGS!$B$9*2,""LEAN"",IF(OR(SETTINGS!$B$11<>""Y"",$AI87<>""READY"",ABS($AA87)<SETTINGS!$B$10*2,$AF87<>"""",$AG87<>""""),""INVESTIGATE"",""BET""))))","=IF($AA87="""","""",IF(ABS($AA87)<SETTINGS!$B$33,"""",IF(ABS($AA87)<SETTINGS!$B$34,""LEAN"",IF(OR(SETTINGS!$B$11<>""Y"",$AI87<>""READY"",ABS($AA87)<SETTINGS!$B$26,$AF87<>"""",$AG87<>""""),""INVESTIGATE"",""BET""))))"
ENGINE,AB88,88,28,"=IF($AA88="""","""",IF(ABS($AA88)<SETTINGS!$B$8*2,"""",IF(ABS($AA88)<SETTINGS!$B$9*2,""LEAN"",IF(OR(SETTINGS!$B$11<>""Y"",$AI88<>""READY"",ABS($AA88)<SETTINGS!$B$10*2,$AF88<>"""",$AG88<>""""),""INVESTIGATE"",""BET""))))","=IF($AA88="""","""",IF(ABS($AA88)<SETTINGS!$B$33,"""",IF(ABS($AA88)<SETTINGS!$B$34,""LEAN"",IF(OR(SETTINGS!$B$11<>""Y"",$AI88<>""READY"",ABS($AA88)<SETTINGS!$B$26,$AF88<>"""",$AG88<>""""),""INVESTIGATE"",""BET""))))"
ENGINE,AB89,89,28,"=IF($AA89="""","""",IF(ABS($AA89)<SETTINGS!$B$8*2,"""",IF(ABS($AA89)<SETTINGS!$B$9*2,""LEAN"",IF(OR(SETTINGS!$B$11<>""Y"",$AI89<>""READY"",ABS($AA89)<SETTINGS!$B$10*2,$AF89<>"""",$AG89<>""""),""INVESTIGATE"",""BET""))))","=IF($AA89="""","""",IF(ABS($AA89)<SETTINGS!$B$33,"""",IF(ABS($AA89)<SETTINGS!$B$34,""LEAN"",IF(OR(SETTINGS!$B$11<>""Y"",$AI89<>""READY"",ABS($AA89)<SETTINGS!$B$26,$AF89<>"""",$AG89<>""""),""INVESTIGATE"",""BET""))))"
ENGINE,AB90,90,28,"=IF($AA90="""","""",IF(ABS($AA90)<SETTINGS!$B$8*2,"""",IF(ABS($AA90)<SETTINGS!$B$9*2,""LEAN"",IF(OR(SETTINGS!$B$11<>""Y"",$AI90<>""READY"",ABS($AA90)<SETTINGS!$B$10*2,$AF90<>"""",$AG90<>""""),""INVESTIGATE"",""BET""))))","=IF($AA90="""","""",IF(ABS($AA90)<SETTINGS!$B$33,"""",IF(ABS($AA90)<SETTINGS!$B$34,""LEAN"",IF(OR(SETTINGS!$B$11<>""Y"",$AI90<>""READY"",ABS($AA90)<SETTINGS!$B$26,$AF90<>"""",$AG90<>""""),""INVESTIGATE"",""BET""))))"
ENGINE,AB91,91,28,"=IF($AA91="""","""",IF(ABS($AA91)<SETTINGS!$B$8*2,"""",IF(ABS($AA91)<SETTINGS!$B$9*2,""LEAN"",IF(OR(SETTINGS!$B$11<>""Y"",$AI91<>""READY"",ABS($AA91)<SETTINGS!$B$10*2,$AF91<>"""",$AG91<>""""),""INVESTIGATE"",""BET""))))","=IF($AA91="""","""",IF(ABS($AA91)<SETTINGS!$B$33,"""",IF(ABS($AA91)<SETTINGS!$B$34,""LEAN"",IF(OR(SETTINGS!$B$11<>""Y"",$AI91<>""READY"",ABS($AA91)<SETTINGS!$B$26,$AF91<>"""",$AG91<>""""),""INVESTIGATE"",""BET""))))"
ENGINE,AB92,92,28,"=IF($AA92="""","""",IF(ABS($AA92)<SETTINGS!$B$8*2,"""",IF(ABS($AA92)<SETTINGS!$B$9*2,""LEAN"",IF(OR(SETTINGS!$B$11<>""Y"",$AI92<>""READY"",ABS($AA92)<SETTINGS!$B$10*2,$AF92<>"""",$AG92<>""""),""INVESTIGATE"",""BET""))))","=IF($AA92="""","""",IF(ABS($AA92)<SETTINGS!$B$33,"""",IF(ABS($AA92)<SETTINGS!$B$34,""LEAN"",IF(OR(SETTINGS!$B$11<>""Y"",$AI92<>""READY"",ABS($AA92)<SETTINGS!$B$26,$AF92<>"""",$AG92<>""""),""INVESTIGATE"",""BET""))))"
ENGINE,AB93,93,28,"=IF($AA93="""","""",IF(ABS($AA93)<SETTINGS!$B$8*2,"""",IF(ABS($AA93)<SETTINGS!$B$9*2,""LEAN"",IF(OR(SETTINGS!$B$11<>""Y"",$AI93<>""READY"",ABS($AA93)<SETTINGS!$B$10*2,$AF93<>"""",$AG93<>""""),""INVESTIGATE"",""BET""))))","=IF($AA93="""","""",IF(ABS($AA93)<SETTINGS!$B$33,"""",IF(ABS($AA93)<SETTINGS!$B$34,""LEAN"",IF(OR(SETTINGS!$B$11<>""Y"",$AI93<>""READY"",ABS($AA93)<SETTINGS!$B$26,$AF93<>"""",$AG93<>""""),""INVESTIGATE"",""BET""))))"
ENGINE,AB94,94,28,"=IF($AA94="""","""",IF(ABS($AA94)<SETTINGS!$B$8*2,"""",IF(ABS($AA94)<SETTINGS!$B$9*2,""LEAN"",IF(OR(SETTINGS!$B$11<>""Y"",$AI94<>""READY"",ABS($AA94)<SETTINGS!$B$10*2,$AF94<>"""",$AG94<>""""),""INVESTIGATE"",""BET""))))","=IF($AA94="""","""",IF(ABS($AA94)<SETTINGS!$B$33,"""",IF(ABS($AA94)<SETTINGS!$B$34,""LEAN"",IF(OR(SETTINGS!$B$11<>""Y"",$AI94<>""READY"",ABS($AA94)<SETTINGS!$B$26,$AF94<>"""",$AG94<>""""),""INVESTIGATE"",""BET""))))"
ENGINE,AB95,95,28,"=IF($AA95="""","""",IF(ABS($AA95)<SETTINGS!$B$8*2,"""",IF(ABS($AA95)<SETTINGS!$B$9*2,""LEAN"",IF(OR(SETTINGS!$B$11<>""Y"",$AI95<>""READY"",ABS($AA95)<SETTINGS!$B$10*2,$AF95<>"""",$AG95<>""""),""INVESTIGATE"",""BET""))))","=IF($AA95="""","""",IF(ABS($AA95)<SETTINGS!$B$33,"""",IF(ABS($AA95)<SETTINGS!$B$34,""LEAN"",IF(OR(SETTINGS!$B$11<>""Y"",$AI95<>""READY"",ABS($AA95)<SETTINGS!$B$26,$AF95<>"""",$AG95<>""""),""INVESTIGATE"",""BET""))))"
ENGINE,AB96,96,28,"=IF($AA96="""","""",IF(ABS($AA96)<SETTINGS!$B$8*2,"""",IF(ABS($AA96)<SETTINGS!$B$9*2,""LEAN"",IF(OR(SETTINGS!$B$11<>""Y"",$AI96<>""READY"",ABS($AA96)<SETTINGS!$B$10*2,$AF96<>"""",$AG96<>""""),""INVESTIGATE"",""BET""))))","=IF($AA96="""","""",IF(ABS($AA96)<SETTINGS!$B$33,"""",IF(ABS($AA96)<SETTINGS!$B$34,""LEAN"",IF(OR(SETTINGS!$B$11<>""Y"",$AI96<>""READY"",ABS($AA96)<SETTINGS!$B$26,$AF96<>"""",$AG96<>""""),""INVESTIGATE"",""BET""))))"
ENGINE,AB97,97,28,"=IF($AA97="""","""",IF(ABS($AA97)<SETTINGS!$B$8*2,"""",IF(ABS($AA97)<SETTINGS!$B$9*2,""LEAN"",IF(OR(SETTINGS!$B$11<>""Y"",$AI97<>""READY"",ABS($AA97)<SETTINGS!$B$10*2,$AF97<>"""",$AG97<>""""),""INVESTIGATE"",""BET""))))","=IF($AA97="""","""",IF(ABS($AA97)<SETTINGS!$B$33,"""",IF(ABS($AA97)<SETTINGS!$B$34,""LEAN"",IF(OR(SETTINGS!$B$11<>""Y"",$AI97<>""READY"",ABS($AA97)<SETTINGS!$B$26,$AF97<>"""",$AG97<>""""),""INVESTIGATE"",""BET""))))"
ENGINE,AB98,98,28,"=IF($AA98="""","""",IF(ABS($AA98)<SETTINGS!$B$8*2,"""",IF(ABS($AA98)<SETTINGS!$B$9*2,""LEAN"",IF(OR(SETTINGS!$B$11<>""Y"",$AI98<>""READY"",ABS($AA98)<SETTINGS!$B$10*2,$AF98<>"""",$AG98<>""""),""INVESTIGATE"",""BET""))))","=IF($AA98="""","""",IF(ABS($AA98)<SETTINGS!$B$33,"""",IF(ABS($AA98)<SETTINGS!$B$34,""LEAN"",IF(OR(SETTINGS!$B$11<>""Y"",$AI98<>""READY"",ABS($AA98)<SETTINGS!$B$26,$AF98<>"""",$AG98<>""""),""INVESTIGATE"",""BET""))))"
ENGINE,AB99,99,28,"=IF($AA99="""","""",IF(ABS($AA99)<SETTINGS!$B$8*2,"""",IF(ABS($AA99)<SETTINGS!$B$9*2,""LEAN"",IF(OR(SETTINGS!$B$11<>""Y"",$AI99<>""READY"",ABS($AA99)<SETTINGS!$B$10*2,$AF99<>"""",$AG99<>""""),""INVESTIGATE"",""BET""))))","=IF($AA99="""","""",IF(ABS($AA99)<SETTINGS!$B$33,"""",IF(ABS($AA99)<SETTINGS!$B$34,""LEAN"",IF(OR(SETTINGS!$B$11<>""Y"",$AI99<>""READY"",ABS($AA99)<SETTINGS!$B$26,$AF99<>"""",$AG99<>""""),""INVESTIGATE"",""BET""))))"
ENGINE,AB100,100,28,"=IF($AA100="""","""",IF(ABS($AA100)<SETTINGS!$B$8*2,"""",IF(ABS($AA100)<SETTINGS!$B$9*2,""LEAN"",IF(OR(SETTINGS!$B$11<>""Y"",$AI100<>""READY"",ABS($AA100)<SETTINGS!$B$10*2,$AF100<>"""",$AG100<>""""),""INVESTIGATE"",""BET""))))","=IF($AA100="""","""",IF(ABS($AA100)<SETTINGS!$B$33,"""",IF(ABS($AA100)<SETTINGS!$B$34,""LEAN"",IF(OR(SETTINGS!$B$11<>""Y"",$AI100<>""READY"",ABS($AA100)<SETTINGS!$B$26,$AF100<>"""",$AG100<>""""),""INVESTIGATE"",""BET""))))"
ENGINE,AB101,101,28,"=IF($AA101="""","""",IF(ABS($AA101)<SETTINGS!$B$8*2,"""",IF(ABS($AA101)<SETTINGS!$B$9*2,""LEAN"",IF(OR(SETTINGS!$B$11<>""Y"",$AI101<>""READY"",ABS($AA101)<SETTINGS!$B$10*2,$AF101<>"""",$AG101<>""""),""INVESTIGATE"",""BET""))))","=IF($AA101="""","""",IF(ABS($AA101)<SETTINGS!$B$33,"""",IF(ABS($AA101)<SETTINGS!$B$34,""LEAN"",IF(OR(SETTINGS!$B$11<>""Y"",$AI101<>""READY"",ABS($AA101)<SETTINGS!$B$26,$AF101<>"""",$AG101<>""""),""INVESTIGATE"",""BET""))))"
ENGINE,AB102,102,28,"=IF($AA102="""","""",IF(ABS($AA102)<SETTINGS!$B$8*2,"""",IF(ABS($AA102)<SETTINGS!$B$9*2,""LEAN"",IF(OR(SETTINGS!$B$11<>""Y"",$AI102<>""READY"",ABS($AA102)<SETTINGS!$B$10*2,$AF102<>"""",$AG102<>""""),""INVESTIGATE"",""BET""))))","=IF($AA102="""","""",IF(ABS($AA102)<SETTINGS!$B$33,"""",IF(ABS($AA102)<SETTINGS!$B$34,""LEAN"",IF(OR(SETTINGS!$B$11<>""Y"",$AI102<>""READY"",ABS($AA102)<SETTINGS!$B$26,$AF102<>"""",$AG102<>""""),""INVESTIGATE"",""BET""))))"
ENGINE,AB103,103,28,"=IF($AA103="""","""",IF(ABS($AA103)<SETTINGS!$B$8*2,"""",IF(ABS($AA103)<SETTINGS!$B$9*2,""LEAN"",IF(OR(SETTINGS!$B$11<>""Y"",$AI103<>""READY"",ABS($AA103)<SETTINGS!$B$10*2,$AF103<>"""",$AG103<>""""),""INVESTIGATE"",""BET""))))","=IF($AA103="""","""",IF(ABS($AA103)<SETTINGS!$B$33,"""",IF(ABS($AA103)<SETTINGS!$B$34,""LEAN"",IF(OR(SETTINGS!$B$11<>""Y"",$AI103<>""READY"",ABS($AA103)<SETTINGS!$B$26,$AF103<>"""",$AG103<>""""),""INVESTIGATE"",""BET""))))"
ENGINE,AB104,104,28,"=IF($AA104="""","""",IF(ABS($AA104)<SETTINGS!$B$8*2,"""",IF(ABS($AA104)<SETTINGS!$B$9*2,""LEAN"",IF(OR(SETTINGS!$B$11<>""Y"",$AI104<>""READY"",ABS($AA104)<SETTINGS!$B$10*2,$AF104<>"""",$AG104<>""""),""INVESTIGATE"",""BET""))))","=IF($AA104="""","""",IF(ABS($AA104)<SETTINGS!$B$33,"""",IF(ABS($AA104)<SETTINGS!$B$34,""LEAN"",IF(OR(SETTINGS!$B$11<>""Y"",$AI104<>""READY"",ABS($AA104)<SETTINGS!$B$26,$AF104<>"""",$AG104<>""""),""INVESTIGATE"",""BET""))))"
ENGINE,AB105,105,28,"=IF($AA105="""","""",IF(ABS($AA105)<SETTINGS!$B$8*2,"""",IF(ABS($AA105)<SETTINGS!$B$9*2,""LEAN"",IF(OR(SETTINGS!$B$11<>""Y"",$AI105<>""READY"",ABS($AA105)<SETTINGS!$B$10*2,$AF105<>"""",$AG105<>""""),""INVESTIGATE"",""BET""))))","=IF($AA105="""","""",IF(ABS($AA105)<SETTINGS!$B$33,"""",IF(ABS($AA105)<SETTINGS!$B$34,""LEAN"",IF(OR(SETTINGS!$B$11<>""Y"",$AI105<>""READY"",ABS($AA105)<SETTINGS!$B$26,$AF105<>"""",$AG105<>""""),""INVESTIGATE"",""BET""))))"
ENGINE,AB106,106,28,"=IF($AA106="""","""",IF(ABS($AA106)<SETTINGS!$B$8*2,"""",IF(ABS($AA106)<SETTINGS!$B$9*2,""LEAN"",IF(OR(SETTINGS!$B$11<>""Y"",$AI106<>""READY"",ABS($AA106)<SETTINGS!$B$10*2,$AF106<>"""",$AG106<>""""),""INVESTIGATE"",""BET""))))","=IF($AA106="""","""",IF(ABS($AA106)<SETTINGS!$B$33,"""",IF(ABS($AA106)<SETTINGS!$B$34,""LEAN"",IF(OR(SETTINGS!$B$11<>""Y"",$AI106<>""READY"",ABS($AA106)<SETTINGS!$B$26,$AF106<>"""",$AG106<>""""),""INVESTIGATE"",""BET""))))"
ENGINE,AB107,107,28,"=IF($AA107="""","""",IF(ABS($AA107)<SETTINGS!$B$8*2,"""",IF(ABS($AA107)<SETTINGS!$B$9*2,""LEAN"",IF(OR(SETTINGS!$B$11<>""Y"",$AI107<>""READY"",ABS($AA107)<SETTINGS!$B$10*2,$AF107<>"""",$AG107<>""""),""INVESTIGATE"",""BET""))))","=IF($AA107="""","""",IF(ABS($AA107)<SETTINGS!$B$33,"""",IF(ABS($AA107)<SETTINGS!$B$34,""LEAN"",IF(OR(SETTINGS!$B$11<>""Y"",$AI107<>""READY"",ABS($AA107)<SETTINGS!$B$26,$AF107<>"""",$AG107<>""""),""INVESTIGATE"",""BET""))))"
ENGINE,AB108,108,28,"=IF($AA108="""","""",IF(ABS($AA108)<SETTINGS!$B$8*2,"""",IF(ABS($AA108)<SETTINGS!$B$9*2,""LEAN"",IF(OR(SETTINGS!$B$11<>""Y"",$AI108<>""READY"",ABS($AA108)<SETTINGS!$B$10*2,$AF108<>"""",$AG108<>""""),""INVESTIGATE"",""BET""))))","=IF($AA108="""","""",IF(ABS($AA108)<SETTINGS!$B$33,"""",IF(ABS($AA108)<SETTINGS!$B$34,""LEAN"",IF(OR(SETTINGS!$B$11<>""Y"",$AI108<>""READY"",ABS($AA108)<SETTINGS!$B$26,$AF108<>"""",$AG108<>""""),""INVESTIGATE"",""BET""))))"
ENGINE,AB109,109,28,"=IF($AA109="""","""",IF(ABS($AA109)<SETTINGS!$B$8*2,"""",IF(ABS($AA109)<SETTINGS!$B$9*2,""LEAN"",IF(OR(SETTINGS!$B$11<>""Y"",$AI109<>""READY"",ABS($AA109)<SETTINGS!$B$10*2,$AF109<>"""",$AG109<>""""),""INVESTIGATE"",""BET""))))","=IF($AA109="""","""",IF(ABS($AA109)<SETTINGS!$B$33,"""",IF(ABS($AA109)<SETTINGS!$B$34,""LEAN"",IF(OR(SETTINGS!$B$11<>""Y"",$AI109<>""READY"",ABS($AA109)<SETTINGS!$B$26,$AF109<>"""",$AG109<>""""),""INVESTIGATE"",""BET""))))"
ENGINE,AB110,110,28,"=IF($AA110="""","""",IF(ABS($AA110)<SETTINGS!$B$8*2,"""",IF(ABS($AA110)<SETTINGS!$B$9*2,""LEAN"",IF(OR(SETTINGS!$B$11<>""Y"",$AI110<>""READY"",ABS($AA110)<SETTINGS!$B$10*2,$AF110<>"""",$AG110<>""""),""INVESTIGATE"",""BET""))))","=IF($AA110="""","""",IF(ABS($AA110)<SETTINGS!$B$33,"""",IF(ABS($AA110)<SETTINGS!$B$34,""LEAN"",IF(OR(SETTINGS!$B$11<>""Y"",$AI110<>""READY"",ABS($AA110)<SETTINGS!$B$26,$AF110<>"""",$AG110<>""""),""INVESTIGATE"",""BET""))))"
ENGINE,AB111,111,28,"=IF($AA111="""","""",IF(ABS($AA111)<SETTINGS!$B$8*2,"""",IF(ABS($AA111)<SETTINGS!$B$9*2,""LEAN"",IF(OR(SETTINGS!$B$11<>""Y"",$AI111<>""READY"",ABS($AA111)<SETTINGS!$B$10*2,$AF111<>"""",$AG111<>""""),""INVESTIGATE"",""BET""))))","=IF($AA111="""","""",IF(ABS($AA111)<SETTINGS!$B$33,"""",IF(ABS($AA111)<SETTINGS!$B$34,""LEAN"",IF(OR(SETTINGS!$B$11<>""Y"",$AI111<>""READY"",ABS($AA111)<SETTINGS!$B$26,$AF111<>"""",$AG111<>""""),""INVESTIGATE"",""BET""))))"
ENGINE,AB112,112,28,"=IF($AA112="""","""",IF(ABS($AA112)<SETTINGS!$B$8*2,"""",IF(ABS($AA112)<SETTINGS!$B$9*2,""LEAN"",IF(OR(SETTINGS!$B$11<>""Y"",$AI112<>""READY"",ABS($AA112)<SETTINGS!$B$10*2,$AF112<>"""",$AG112<>""""),""INVESTIGATE"",""BET""))))","=IF($AA112="""","""",IF(ABS($AA112)<SETTINGS!$B$33,"""",IF(ABS($AA112)<SETTINGS!$B$34,""LEAN"",IF(OR(SETTINGS!$B$11<>""Y"",$AI112<>""READY"",ABS($AA112)<SETTINGS!$B$26,$AF112<>"""",$AG112<>""""),""INVESTIGATE"",""BET""))))"
ENGINE,AB113,113,28,"=IF($AA113="""","""",IF(ABS($AA113)<SETTINGS!$B$8*2,"""",IF(ABS($AA113)<SETTINGS!$B$9*2,""LEAN"",IF(OR(SETTINGS!$B$11<>""Y"",$AI113<>""READY"",ABS($AA113)<SETTINGS!$B$10*2,$AF113<>"""",$AG113<>""""),""INVESTIGATE"",""BET""))))","=IF($AA113="""","""",IF(ABS($AA113)<SETTINGS!$B$33,"""",IF(ABS($AA113)<SETTINGS!$B$34,""LEAN"",IF(OR(SETTINGS!$B$11<>""Y"",$AI113<>""READY"",ABS($AA113)<SETTINGS!$B$26,$AF113<>"""",$AG113<>""""),""INVESTIGATE"",""BET""))))"
ENGINE,AB114,114,28,"=IF($AA114="""","""",IF(ABS($AA114)<SETTINGS!$B$8*2,"""",IF(ABS($AA114)<SETTINGS!$B$9*2,""LEAN"",IF(OR(SETTINGS!$B$11<>""Y"",$AI114<>""READY"",ABS($AA114)<SETTINGS!$B$10*2,$AF114<>"""",$AG114<>""""),""INVESTIGATE"",""BET""))))","=IF($AA114="""","""",IF(ABS($AA114)<SETTINGS!$B$33,"""",IF(ABS($AA114)<SETTINGS!$B$34,""LEAN"",IF(OR(SETTINGS!$B$11<>""Y"",$AI114<>""READY"",ABS($AA114)<SETTINGS!$B$26,$AF114<>"""",$AG114<>""""),""INVESTIGATE"",""BET""))))"
ENGINE,AB115,115,28,"=IF($AA115="""","""",IF(ABS($AA115)<SETTINGS!$B$8*2,"""",IF(ABS($AA115)<SETTINGS!$B$9*2,""LEAN"",IF(OR(SETTINGS!$B$11<>""Y"",$AI115<>""READY"",ABS($AA115)<SETTINGS!$B$10*2,$AF115<>"""",$AG115<>""""),""INVESTIGATE"",""BET""))))","=IF($AA115="""","""",IF(ABS($AA115)<SETTINGS!$B$33,"""",IF(ABS($AA115)<SETTINGS!$B$34,""LEAN"",IF(OR(SETTINGS!$B$11<>""Y"",$AI115<>""READY"",ABS($AA115)<SETTINGS!$B$26,$AF115<>"""",$AG115<>""""),""INVESTIGATE"",""BET""))))"
ENGINE,AB116,116,28,"=IF($AA116="""","""",IF(ABS($AA116)<SETTINGS!$B$8*2,"""",IF(ABS($AA116)<SETTINGS!$B$9*2,""LEAN"",IF(OR(SETTINGS!$B$11<>""Y"",$AI116<>""READY"",ABS($AA116)<SETTINGS!$B$10*2,$AF116<>"""",$AG116<>""""),""INVESTIGATE"",""BET""))))","=IF($AA116="""","""",IF(ABS($AA116)<SETTINGS!$B$33,"""",IF(ABS($AA116)<SETTINGS!$B$34,""LEAN"",IF(OR(SETTINGS!$B$11<>""Y"",$AI116<>""READY"",ABS($AA116)<SETTINGS!$B$26,$AF116<>"""",$AG116<>""""),""INVESTIGATE"",""BET""))))"
ENGINE,AB117,117,28,"=IF($AA117="""","""",IF(ABS($AA117)<SETTINGS!$B$8*2,"""",IF(ABS($AA117)<SETTINGS!$B$9*2,""LEAN"",IF(OR(SETTINGS!$B$11<>""Y"",$AI117<>""READY"",ABS($AA117)<SETTINGS!$B$10*2,$AF117<>"""",$AG117<>""""),""INVESTIGATE"",""BET""))))","=IF($AA117="""","""",IF(ABS($AA117)<SETTINGS!$B$33,"""",IF(ABS($AA117)<SETTINGS!$B$34,""LEAN"",IF(OR(SETTINGS!$B$11<>""Y"",$AI117<>""READY"",ABS($AA117)<SETTINGS!$B$26,$AF117<>"""",$AG117<>""""),""INVESTIGATE"",""BET""))))"
ENGINE,AB118,118,28,"=IF($AA118="""","""",IF(ABS($AA118)<SETTINGS!$B$8*2,"""",IF(ABS($AA118)<SETTINGS!$B$9*2,""LEAN"",IF(OR(SETTINGS!$B$11<>""Y"",$AI118<>""READY"",ABS($AA118)<SETTINGS!$B$10*2,$AF118<>"""",$AG118<>""""),""INVESTIGATE"",""BET""))))","=IF($AA118="""","""",IF(ABS($AA118)<SETTINGS!$B$33,"""",IF(ABS($AA118)<SETTINGS!$B$34,""LEAN"",IF(OR(SETTINGS!$B$11<>""Y"",$AI118<>""READY"",ABS($AA118)<SETTINGS!$B$26,$AF118<>"""",$AG118<>""""),""INVESTIGATE"",""BET""))))"
ENGINE,AB119,119,28,"=IF($AA119="""","""",IF(ABS($AA119)<SETTINGS!$B$8*2,"""",IF(ABS($AA119)<SETTINGS!$B$9*2,""LEAN"",IF(OR(SETTINGS!$B$11<>""Y"",$AI119<>""READY"",ABS($AA119)<SETTINGS!$B$10*2,$AF119<>"""",$AG119<>""""),""INVESTIGATE"",""BET""))))","=IF($AA119="""","""",IF(ABS($AA119)<SETTINGS!$B$33,"""",IF(ABS($AA119)<SETTINGS!$B$34,""LEAN"",IF(OR(SETTINGS!$B$11<>""Y"",$AI119<>""READY"",ABS($AA119)<SETTINGS!$B$26,$AF119<>"""",$AG119<>""""),""INVESTIGATE"",""BET""))))"
ENGINE,AB120,120,28,"=IF($AA120="""","""",IF(ABS($AA120)<SETTINGS!$B$8*2,"""",IF(ABS($AA120)<SETTINGS!$B$9*2,""LEAN"",IF(OR(SETTINGS!$B$11<>""Y"",$AI120<>""READY"",ABS($AA120)<SETTINGS!$B$10*2,$AF120<>"""",$AG120<>""""),""INVESTIGATE"",""BET""))))","=IF($AA120="""","""",IF(ABS($AA120)<SETTINGS!$B$33,"""",IF(ABS($AA120)<SETTINGS!$B$34,""LEAN"",IF(OR(SETTINGS!$B$11<>""Y"",$AI120<>""READY"",ABS($AA120)<SETTINGS!$B$26,$AF120<>"""",$AG120<>""""),""INVESTIGATE"",""BET""))))"
ENGINE,AB121,121,28,"=IF($AA121="""","""",IF(ABS($AA121)<SETTINGS!$B$8*2,"""",IF(ABS($AA121)<SETTINGS!$B$9*2,""LEAN"",IF(OR(SETTINGS!$B$11<>""Y"",$AI121<>""READY"",ABS($AA121)<SETTINGS!$B$10*2,$AF121<>"""",$AG121<>""""),""INVESTIGATE"",""BET""))))","=IF($AA121="""","""",IF(ABS($AA121)<SETTINGS!$B$33,"""",IF(ABS($AA121)<SETTINGS!$B$34,""LEAN"",IF(OR(SETTINGS!$B$11<>""Y"",$AI121<>""READY"",ABS($AA121)<SETTINGS!$B$26,$AF121<>"""",$AG121<>""""),""INVESTIGATE"",""BET""))))"
ENGINE,AB122,122,28,"=IF($AA122="""","""",IF(ABS($AA122)<SETTINGS!$B$8*2,"""",IF(ABS($AA122)<SETTINGS!$B$9*2,""LEAN"",IF(OR(SETTINGS!$B$11<>""Y"",$AI122<>""READY"",ABS($AA122)<SETTINGS!$B$10*2,$AF122<>"""",$AG122<>""""),""INVESTIGATE"",""BET""))))","=IF($AA122="""","""",IF(ABS($AA122)<SETTINGS!$B$33,"""",IF(ABS($AA122)<SETTINGS!$B$34,""LEAN"",IF(OR(SETTINGS!$B$11<>""Y"",$AI122<>""READY"",ABS($AA122)<SETTINGS!$B$26,$AF122<>"""",$AG122<>""""),""INVESTIGATE"",""BET""))))"
ENGINE,AB123,123,28,"=IF($AA123="""","""",IF(ABS($AA123)<SETTINGS!$B$8*2,"""",IF(ABS($AA123)<SETTINGS!$B$9*2,""LEAN"",IF(OR(SETTINGS!$B$11<>""Y"",$AI123<>""READY"",ABS($AA123)<SETTINGS!$B$10*2,$AF123<>"""",$AG123<>""""),""INVESTIGATE"",""BET""))))","=IF($AA123="""","""",IF(ABS($AA123)<SETTINGS!$B$33,"""",IF(ABS($AA123)<SETTINGS!$B$34,""LEAN"",IF(OR(SETTINGS!$B$11<>""Y"",$AI123<>""READY"",ABS($AA123)<SETTINGS!$B$26,$AF123<>"""",$AG123<>""""),""INVESTIGATE"",""BET""))))"
ENGINE,AB124,124,28,"=IF($AA124="""","""",IF(ABS($AA124)<SETTINGS!$B$8*2,"""",IF(ABS($AA124)<SETTINGS!$B$9*2,""LEAN"",IF(OR(SETTINGS!$B$11<>""Y"",$AI124<>""READY"",ABS($AA124)<SETTINGS!$B$10*2,$AF124<>"""",$AG124<>""""),""INVESTIGATE"",""BET""))))","=IF($AA124="""","""",IF(ABS($AA124)<SETTINGS!$B$33,"""",IF(ABS($AA124)<SETTINGS!$B$34,""LEAN"",IF(OR(SETTINGS!$B$11<>""Y"",$AI124<>""READY"",ABS($AA124)<SETTINGS!$B$26,$AF124<>"""",$AG124<>""""),""INVESTIGATE"",""BET""))))"
ENGINE,AB125,125,28,"=IF($AA125="""","""",IF(ABS($AA125)<SETTINGS!$B$8*2,"""",IF(ABS($AA125)<SETTINGS!$B$9*2,""LEAN"",IF(OR(SETTINGS!$B$11<>""Y"",$AI125<>""READY"",ABS($AA125)<SETTINGS!$B$10*2,$AF125<>"""",$AG125<>""""),""INVESTIGATE"",""BET""))))","=IF($AA125="""","""",IF(ABS($AA125)<SETTINGS!$B$33,"""",IF(ABS($AA125)<SETTINGS!$B$34,""LEAN"",IF(OR(SETTINGS!$B$11<>""Y"",$AI125<>""READY"",ABS($AA125)<SETTINGS!$B$26,$AF125<>"""",$AG125<>""""),""INVESTIGATE"",""BET""))))"
ENGINE,AB126,126,28,"=IF($AA126="""","""",IF(ABS($AA126)<SETTINGS!$B$8*2,"""",IF(ABS($AA126)<SETTINGS!$B$9*2,""LEAN"",IF(OR(SETTINGS!$B$11<>""Y"",$AI126<>""READY"",ABS($AA126)<SETTINGS!$B$10*2,$AF126<>"""",$AG126<>""""),""INVESTIGATE"",""BET""))))","=IF($AA126="""","""",IF(ABS($AA126)<SETTINGS!$B$33,"""",IF(ABS($AA126)<SETTINGS!$B$34,""LEAN"",IF(OR(SETTINGS!$B$11<>""Y"",$AI126<>""READY"",ABS($AA126)<SETTINGS!$B$26,$AF126<>"""",$AG126<>""""),""INVESTIGATE"",""BET""))))"
ENGINE,AB127,127,28,"=IF($AA127="""","""",IF(ABS($AA127)<SETTINGS!$B$8*2,"""",IF(ABS($AA127)<SETTINGS!$B$9*2,""LEAN"",IF(OR(SETTINGS!$B$11<>""Y"",$AI127<>""READY"",ABS($AA127)<SETTINGS!$B$10*2,$AF127<>"""",$AG127<>""""),""INVESTIGATE"",""BET""))))","=IF($AA127="""","""",IF(ABS($AA127)<SETTINGS!$B$33,"""",IF(ABS($AA127)<SETTINGS!$B$34,""LEAN"",IF(OR(SETTINGS!$B$11<>""Y"",$AI127<>""READY"",ABS($AA127)<SETTINGS!$B$26,$AF127<>"""",$AG127<>""""),""INVESTIGATE"",""BET""))))"
ENGINE,AB128,128,28,"=IF($AA128="""","""",IF(ABS($AA128)<SETTINGS!$B$8*2,"""",IF(ABS($AA128)<SETTINGS!$B$9*2,""LEAN"",IF(OR(SETTINGS!$B$11<>""Y"",$AI128<>""READY"",ABS($AA128)<SETTINGS!$B$10*2,$AF128<>"""",$AG128<>""""),""INVESTIGATE"",""BET""))))","=IF($AA128="""","""",IF(ABS($AA128)<SETTINGS!$B$33,"""",IF(ABS($AA128)<SETTINGS!$B$34,""LEAN"",IF(OR(SETTINGS!$B$11<>""Y"",$AI128<>""READY"",ABS($AA128)<SETTINGS!$B$26,$AF128<>"""",$AG128<>""""),""INVESTIGATE"",""BET""))))"
ENGINE,AB129,129,28,"=IF($AA129="""","""",IF(ABS($AA129)<SETTINGS!$B$8*2,"""",IF(ABS($AA129)<SETTINGS!$B$9*2,""LEAN"",IF(OR(SETTINGS!$B$11<>""Y"",$AI129<>""READY"",ABS($AA129)<SETTINGS!$B$10*2,$AF129<>"""",$AG129<>""""),""INVESTIGATE"",""BET""))))","=IF($AA129="""","""",IF(ABS($AA129)<SETTINGS!$B$33,"""",IF(ABS($AA129)<SETTINGS!$B$34,""LEAN"",IF(OR(SETTINGS!$B$11<>""Y"",$AI129<>""READY"",ABS($AA129)<SETTINGS!$B$26,$AF129<>"""",$AG129<>""""),""INVESTIGATE"",""BET""))))"
ENGINE,AB130,130,28,"=IF($AA130="""","""",IF(ABS($AA130)<SETTINGS!$B$8*2,"""",IF(ABS($AA130)<SETTINGS!$B$9*2,""LEAN"",IF(OR(SETTINGS!$B$11<>""Y"",$AI130<>""READY"",ABS($AA130)<SETTINGS!$B$10*2,$AF130<>"""",$AG130<>""""),""INVESTIGATE"",""BET""))))","=IF($AA130="""","""",IF(ABS($AA130)<SETTINGS!$B$33,"""",IF(ABS($AA130)<SETTINGS!$B$34,""LEAN"",IF(OR(SETTINGS!$B$11<>""Y"",$AI130<>""READY"",ABS($AA130)<SETTINGS!$B$26,$AF130<>"""",$AG130<>""""),""INVESTIGATE"",""BET""))))"
ENGINE,AB131,131,28,"=IF($AA131="""","""",IF(ABS($AA131)<SETTINGS!$B$8*2,"""",IF(ABS($AA131)<SETTINGS!$B$9*2,""LEAN"",IF(OR(SETTINGS!$B$11<>""Y"",$AI131<>""READY"",ABS($AA131)<SETTINGS!$B$10*2,$AF131<>"""",$AG131<>""""),""INVESTIGATE"",""BET""))))","=IF($AA131="""","""",IF(ABS($AA131)<SETTINGS!$B$33,"""",IF(ABS($AA131)<SETTINGS!$B$34,""LEAN"",IF(OR(SETTINGS!$B$11<>""Y"",$AI131<>""READY"",ABS($AA131)<SETTINGS!$B$26,$AF131<>"""",$AG131<>""""),""INVESTIGATE"",""BET""))))"
ENGINE,AB132,132,28,"=IF($AA132="""","""",IF(ABS($AA132)<SETTINGS!$B$8*2,"""",IF(ABS($AA132)<SETTINGS!$B$9*2,""LEAN"",IF(OR(SETTINGS!$B$11<>""Y"",$AI132<>""READY"",ABS($AA132)<SETTINGS!$B$10*2,$AF132<>"""",$AG132<>""""),""INVESTIGATE"",""BET""))))","=IF($AA132="""","""",IF(ABS($AA132)<SETTINGS!$B$33,"""",IF(ABS($AA132)<SETTINGS!$B$34,""LEAN"",IF(OR(SETTINGS!$B$11<>""Y"",$AI132<>""READY"",ABS($AA132)<SETTINGS!$B$26,$AF132<>"""",$AG132<>""""),""INVESTIGATE"",""BET""))))"
ENGINE,AB133,133,28,"=IF($AA133="""","""",IF(ABS($AA133)<SETTINGS!$B$8*2,"""",IF(ABS($AA133)<SETTINGS!$B$9*2,""LEAN"",IF(OR(SETTINGS!$B$11<>""Y"",$AI133<>""READY"",ABS($AA133)<SETTINGS!$B$10*2,$AF133<>"""",$AG133<>""""),""INVESTIGATE"",""BET""))))","=IF($AA133="""","""",IF(ABS($AA133)<SETTINGS!$B$33,"""",IF(ABS($AA133)<SETTINGS!$B$34,""LEAN"",IF(OR(SETTINGS!$B$11<>""Y"",$AI133<>""READY"",ABS($AA133)<SETTINGS!$B$26,$AF133<>"""",$AG133<>""""),""INVESTIGATE"",""BET""))))"
ENGINE,AB134,134,28,"=IF($AA134="""","""",IF(ABS($AA134)<SETTINGS!$B$8*2,"""",IF(ABS($AA134)<SETTINGS!$B$9*2,""LEAN"",IF(OR(SETTINGS!$B$11<>""Y"",$AI134<>""READY"",ABS($AA134)<SETTINGS!$B$10*2,$AF134<>"""",$AG134<>""""),""INVESTIGATE"",""BET""))))","=IF($AA134="""","""",IF(ABS($AA134)<SETTINGS!$B$33,"""",IF(ABS($AA134)<SETTINGS!$B$34,""LEAN"",IF(OR(SETTINGS!$B$11<>""Y"",$AI134<>""READY"",ABS($AA134)<SETTINGS!$B$26,$AF134<>"""",$AG134<>""""),""INVESTIGATE"",""BET""))))"
ENGINE,AB135,135,28,"=IF($AA135="""","""",IF(ABS($AA135)<SETTINGS!$B$8*2,"""",IF(ABS($AA135)<SETTINGS!$B$9*2,""LEAN"",IF(OR(SETTINGS!$B$11<>""Y"",$AI135<>""READY"",ABS($AA135)<SETTINGS!$B$10*2,$AF135<>"""",$AG135<>""""),""INVESTIGATE"",""BET""))))","=IF($AA135="""","""",IF(ABS($AA135)<SETTINGS!$B$33,"""",IF(ABS($AA135)<SETTINGS!$B$34,""LEAN"",IF(OR(SETTINGS!$B$11<>""Y"",$AI135<>""READY"",ABS($AA135)<SETTINGS!$B$26,$AF135<>"""",$AG135<>""""),""INVESTIGATE"",""BET""))))"
ENGINE,AB136,136,28,"=IF($AA136="""","""",IF(ABS($AA136)<SETTINGS!$B$8*2,"""",IF(ABS($AA136)<SETTINGS!$B$9*2,""LEAN"",IF(OR(SETTINGS!$B$11<>""Y"",$AI136<>""READY"",ABS($AA136)<SETTINGS!$B$10*2,$AF136<>"""",$AG136<>""""),""INVESTIGATE"",""BET""))))","=IF($AA136="""","""",IF(ABS($AA136)<SETTINGS!$B$33,"""",IF(ABS($AA136)<SETTINGS!$B$34,""LEAN"",IF(OR(SETTINGS!$B$11<>""Y"",$AI136<>""READY"",ABS($AA136)<SETTINGS!$B$26,$AF136<>"""",$AG136<>""""),""INVESTIGATE"",""BET""))))"
ENGINE,AB137,137,28,"=IF($AA137="""","""",IF(ABS($AA137)<SETTINGS!$B$8*2,"""",IF(ABS($AA137)<SETTINGS!$B$9*2,""LEAN"",IF(OR(SETTINGS!$B$11<>""Y"",$AI137<>""READY"",ABS($AA137)<SETTINGS!$B$10*2,$AF137<>"""",$AG137<>""""),""INVESTIGATE"",""BET""))))","=IF($AA137="""","""",IF(ABS($AA137)<SETTINGS!$B$33,"""",IF(ABS($AA137)<SETTINGS!$B$34,""LEAN"",IF(OR(SETTINGS!$B$11<>""Y"",$AI137<>""READY"",ABS($AA137)<SETTINGS!$B$26,$AF137<>"""",$AG137<>""""),""INVESTIGATE"",""BET""))))"
ENGINE,AB138,138,28,"=IF($AA138="""","""",IF(ABS($AA138)<SETTINGS!$B$8*2,"""",IF(ABS($AA138)<SETTINGS!$B$9*2,""LEAN"",IF(OR(SETTINGS!$B$11<>""Y"",$AI138<>""READY"",ABS($AA138)<SETTINGS!$B$10*2,$AF138<>"""",$AG138<>""""),""INVESTIGATE"",""BET""))))","=IF($AA138="""","""",IF(ABS($AA138)<SETTINGS!$B$33,"""",IF(ABS($AA138)<SETTINGS!$B$34,""LEAN"",IF(OR(SETTINGS!$B$11<>""Y"",$AI138<>""READY"",ABS($AA138)<SETTINGS!$B$26,$AF138<>"""",$AG138<>""""),""INVESTIGATE"",""BET""))))"
ENGINE,AB139,139,28,"=IF($AA139="""","""",IF(ABS($AA139)<SETTINGS!$B$8*2,"""",IF(ABS($AA139)<SETTINGS!$B$9*2,""LEAN"",IF(OR(SETTINGS!$B$11<>""Y"",$AI139<>""READY"",ABS($AA139)<SETTINGS!$B$10*2,$AF139<>"""",$AG139<>""""),""INVESTIGATE"",""BET""))))","=IF($AA139="""","""",IF(ABS($AA139)<SETTINGS!$B$33,"""",IF(ABS($AA139)<SETTINGS!$B$34,""LEAN"",IF(OR(SETTINGS!$B$11<>""Y"",$AI139<>""READY"",ABS($AA139)<SETTINGS!$B$26,$AF139<>"""",$AG139<>""""),""INVESTIGATE"",""BET""))))"
ENGINE,AB140,140,28,"=IF($AA140="""","""",IF(ABS($AA140)<SETTINGS!$B$8*2,"""",IF(ABS($AA140)<SETTINGS!$B$9*2,""LEAN"",IF(OR(SETTINGS!$B$11<>""Y"",$AI140<>""READY"",ABS($AA140)<SETTINGS!$B$10*2,$AF140<>"""",$AG140<>""""),""INVESTIGATE"",""BET""))))","=IF($AA140="""","""",IF(ABS($AA140)<SETTINGS!$B$33,"""",IF(ABS($AA140)<SETTINGS!$B$34,""LEAN"",IF(OR(SETTINGS!$B$11<>""Y"",$AI140<>""READY"",ABS($AA140)<SETTINGS!$B$26,$AF140<>"""",$AG140<>""""),""INVESTIGATE"",""BET""))))"
ENGINE,AB141,141,28,"=IF($AA141="""","""",IF(ABS($AA141)<SETTINGS!$B$8*2,"""",IF(ABS($AA141)<SETTINGS!$B$9*2,""LEAN"",IF(OR(SETTINGS!$B$11<>""Y"",$AI141<>""READY"",ABS($AA141)<SETTINGS!$B$10*2,$AF141<>"""",$AG141<>""""),""INVESTIGATE"",""BET""))))","=IF($AA141="""","""",IF(ABS($AA141)<SETTINGS!$B$33,"""",IF(ABS($AA141)<SETTINGS!$B$34,""LEAN"",IF(OR(SETTINGS!$B$11<>""Y"",$AI141<>""READY"",ABS($AA141)<SETTINGS!$B$26,$AF141<>"""",$AG141<>""""),""INVESTIGATE"",""BET""))))"
ENGINE,AB142,142,28,"=IF($AA142="""","""",IF(ABS($AA142)<SETTINGS!$B$8*2,"""",IF(ABS($AA142)<SETTINGS!$B$9*2,""LEAN"",IF(OR(SETTINGS!$B$11<>""Y"",$AI142<>""READY"",ABS($AA142)<SETTINGS!$B$10*2,$AF142<>"""",$AG142<>""""),""INVESTIGATE"",""BET""))))","=IF($AA142="""","""",IF(ABS($AA142)<SETTINGS!$B$33,"""",IF(ABS($AA142)<SETTINGS!$B$34,""LEAN"",IF(OR(SETTINGS!$B$11<>""Y"",$AI142<>""READY"",ABS($AA142)<SETTINGS!$B$26,$AF142<>"""",$AG142<>""""),""INVESTIGATE"",""BET""))))"
ENGINE,AB143,143,28,"=IF($AA143="""","""",IF(ABS($AA143)<SETTINGS!$B$8*2,"""",IF(ABS($AA143)<SETTINGS!$B$9*2,""LEAN"",IF(OR(SETTINGS!$B$11<>""Y"",$AI143<>""READY"",ABS($AA143)<SETTINGS!$B$10*2,$AF143<>"""",$AG143<>""""),""INVESTIGATE"",""BET""))))","=IF($AA143="""","""",IF(ABS($AA143)<SETTINGS!$B$33,"""",IF(ABS($AA143)<SETTINGS!$B$34,""LEAN"",IF(OR(SETTINGS!$B$11<>""Y"",$AI143<>""READY"",ABS($AA143)<SETTINGS!$B$26,$AF143<>"""",$AG143<>""""),""INVESTIGATE"",""BET""))))"
ENGINE,AB144,144,28,"=IF($AA144="""","""",IF(ABS($AA144)<SETTINGS!$B$8*2,"""",IF(ABS($AA144)<SETTINGS!$B$9*2,""LEAN"",IF(OR(SETTINGS!$B$11<>""Y"",$AI144<>""READY"",ABS($AA144)<SETTINGS!$B$10*2,$AF144<>"""",$AG144<>""""),""INVESTIGATE"",""BET""))))","=IF($AA144="""","""",IF(ABS($AA144)<SETTINGS!$B$33,"""",IF(ABS($AA144)<SETTINGS!$B$34,""LEAN"",IF(OR(SETTINGS!$B$11<>""Y"",$AI144<>""READY"",ABS($AA144)<SETTINGS!$B$26,$AF144<>"""",$AG144<>""""),""INVESTIGATE"",""BET""))))"
ENGINE,AB145,145,28,"=IF($AA145="""","""",IF(ABS($AA145)<SETTINGS!$B$8*2,"""",IF(ABS($AA145)<SETTINGS!$B$9*2,""LEAN"",IF(OR(SETTINGS!$B$11<>""Y"",$AI145<>""READY"",ABS($AA145)<SETTINGS!$B$10*2,$AF145<>"""",$AG145<>""""),""INVESTIGATE"",""BET""))))","=IF($AA145="""","""",IF(ABS($AA145)<SETTINGS!$B$33,"""",IF(ABS($AA145)<SETTINGS!$B$34,""LEAN"",IF(OR(SETTINGS!$B$11<>""Y"",$AI145<>""READY"",ABS($AA145)<SETTINGS!$B$26,$AF145<>"""",$AG145<>""""),""INVESTIGATE"",""BET""))))"
ENGINE,AB146,146,28,"=IF($AA146="""","""",IF(ABS($AA146)<SETTINGS!$B$8*2,"""",IF(ABS($AA146)<SETTINGS!$B$9*2,""LEAN"",IF(OR(SETTINGS!$B$11<>""Y"",$AI146<>""READY"",ABS($AA146)<SETTINGS!$B$10*2,$AF146<>"""",$AG146<>""""),""INVESTIGATE"",""BET""))))","=IF($AA146="""","""",IF(ABS($AA146)<SETTINGS!$B$33,"""",IF(ABS($AA146)<SETTINGS!$B$34,""LEAN"",IF(OR(SETTINGS!$B$11<>""Y"",$AI146<>""READY"",ABS($AA146)<SETTINGS!$B$26,$AF146<>"""",$AG146<>""""),""INVESTIGATE"",""BET""))))"
ENGINE,AB147,147,28,"=IF($AA147="""","""",IF(ABS($AA147)<SETTINGS!$B$8*2,"""",IF(ABS($AA147)<SETTINGS!$B$9*2,""LEAN"",IF(OR(SETTINGS!$B$11<>""Y"",$AI147<>""READY"",ABS($AA147)<SETTINGS!$B$10*2,$AF147<>"""",$AG147<>""""),""INVESTIGATE"",""BET""))))","=IF($AA147="""","""",IF(ABS($AA147)<SETTINGS!$B$33,"""",IF(ABS($AA147)<SETTINGS!$B$34,""LEAN"",IF(OR(SETTINGS!$B$11<>""Y"",$AI147<>""READY"",ABS($AA147)<SETTINGS!$B$26,$AF147<>"""",$AG147<>""""),""INVESTIGATE"",""BET""))))"
ENGINE,AB148,148,28,"=IF($AA148="""","""",IF(ABS($AA148)<SETTINGS!$B$8*2,"""",IF(ABS($AA148)<SETTINGS!$B$9*2,""LEAN"",IF(OR(SETTINGS!$B$11<>""Y"",$AI148<>""READY"",ABS($AA148)<SETTINGS!$B$10*2,$AF148<>"""",$AG148<>""""),""INVESTIGATE"",""BET""))))","=IF($AA148="""","""",IF(ABS($AA148)<SETTINGS!$B$33,"""",IF(ABS($AA148)<SETTINGS!$B$34,""LEAN"",IF(OR(SETTINGS!$B$11<>""Y"",$AI148<>""READY"",ABS($AA148)<SETTINGS!$B$26,$AF148<>"""",$AG148<>""""),""INVESTIGATE"",""BET""))))"
ENGINE,AB149,149,28,"=IF($AA149="""","""",IF(ABS($AA149)<SETTINGS!$B$8*2,"""",IF(ABS($AA149)<SETTINGS!$B$9*2,""LEAN"",IF(OR(SETTINGS!$B$11<>""Y"",$AI149<>""READY"",ABS($AA149)<SETTINGS!$B$10*2,$AF149<>"""",$AG149<>""""),""INVESTIGATE"",""BET""))))","=IF($AA149="""","""",IF(ABS($AA149)<SETTINGS!$B$33,"""",IF(ABS($AA149)<SETTINGS!$B$34,""LEAN"",IF(OR(SETTINGS!$B$11<>""Y"",$AI149<>""READY"",ABS($AA149)<SETTINGS!$B$26,$AF149<>"""",$AG149<>""""),""INVESTIGATE"",""BET""))))"
ENGINE,AB150,150,28,"=IF($AA150="""","""",IF(ABS($AA150)<SETTINGS!$B$8*2,"""",IF(ABS($AA150)<SETTINGS!$B$9*2,""LEAN"",IF(OR(SETTINGS!$B$11<>""Y"",$AI150<>""READY"",ABS($AA150)<SETTINGS!$B$10*2,$AF150<>"""",$AG150<>""""),""INVESTIGATE"",""BET""))))","=IF($AA150="""","""",IF(ABS($AA150)<SETTINGS!$B$33,"""",IF(ABS($AA150)<SETTINGS!$B$34,""LEAN"",IF(OR(SETTINGS!$B$11<>""Y"",$AI150<>""READY"",ABS($AA150)<SETTINGS!$B$26,$AF150<>"""",$AG150<>""""),""INVESTIGATE"",""BET""))))"
ENGINE,AB151,151,28,"=IF($AA151="""","""",IF(ABS($AA151)<SETTINGS!$B$8*2,"""",IF(ABS($AA151)<SETTINGS!$B$9*2,""LEAN"",IF(OR(SETTINGS!$B$11<>""Y"",$AI151<>""READY"",ABS($AA151)<SETTINGS!$B$10*2,$AF151<>"""",$AG151<>""""),""INVESTIGATE"",""BET""))))","=IF($AA151="""","""",IF(ABS($AA151)<SETTINGS!$B$33,"""",IF(ABS($AA151)<SETTINGS!$B$34,""LEAN"",IF(OR(SETTINGS!$B$11<>""Y"",$AI151<>""READY"",ABS($AA151)<SETTINGS!$B$26,$AF151<>"""",$AG151<>""""),""INVESTIGATE"",""BET""))))"
ENGINE,AB152,152,28,"=IF($AA152="""","""",IF(ABS($AA152)<SETTINGS!$B$8*2,"""",IF(ABS($AA152)<SETTINGS!$B$9*2,""LEAN"",IF(OR(SETTINGS!$B$11<>""Y"",$AI152<>""READY"",ABS($AA152)<SETTINGS!$B$10*2,$AF152<>"""",$AG152<>""""),""INVESTIGATE"",""BET""))))","=IF($AA152="""","""",IF(ABS($AA152)<SETTINGS!$B$33,"""",IF(ABS($AA152)<SETTINGS!$B$34,""LEAN"",IF(OR(SETTINGS!$B$11<>""Y"",$AI152<>""READY"",ABS($AA152)<SETTINGS!$B$26,$AF152<>"""",$AG152<>""""),""INVESTIGATE"",""BET""))))"
ENGINE,AB153,153,28,"=IF($AA153="""","""",IF(ABS($AA153)<SETTINGS!$B$8*2,"""",IF(ABS($AA153)<SETTINGS!$B$9*2,""LEAN"",IF(OR(SETTINGS!$B$11<>""Y"",$AI153<>""READY"",ABS($AA153)<SETTINGS!$B$10*2,$AF153<>"""",$AG153<>""""),""INVESTIGATE"",""BET""))))","=IF($AA153="""","""",IF(ABS($AA153)<SETTINGS!$B$33,"""",IF(ABS($AA153)<SETTINGS!$B$34,""LEAN"",IF(OR(SETTINGS!$B$11<>""Y"",$AI153<>""READY"",ABS($AA153)<SETTINGS!$B$26,$AF153<>"""",$AG153<>""""),""INVESTIGATE"",""BET""))))"
ENGINE,AB154,154,28,"=IF($AA154="""","""",IF(ABS($AA154)<SETTINGS!$B$8*2,"""",IF(ABS($AA154)<SETTINGS!$B$9*2,""LEAN"",IF(OR(SETTINGS!$B$11<>""Y"",$AI154<>""READY"",ABS($AA154)<SETTINGS!$B$10*2,$AF154<>"""",$AG154<>""""),""INVESTIGATE"",""BET""))))","=IF($AA154="""","""",IF(ABS($AA154)<SETTINGS!$B$33,"""",IF(ABS($AA154)<SETTINGS!$B$34,""LEAN"",IF(OR(SETTINGS!$B$11<>""Y"",$AI154<>""READY"",ABS($AA154)<SETTINGS!$B$26,$AF154<>"""",$AG154<>""""),""INVESTIGATE"",""BET""))))"
ENGINE,AB155,155,28,"=IF($AA155="""","""",IF(ABS($AA155)<SETTINGS!$B$8*2,"""",IF(ABS($AA155)<SETTINGS!$B$9*2,""LEAN"",IF(OR(SETTINGS!$B$11<>""Y"",$AI155<>""READY"",ABS($AA155)<SETTINGS!$B$10*2,$AF155<>"""",$AG155<>""""),""INVESTIGATE"",""BET""))))","=IF($AA155="""","""",IF(ABS($AA155)<SETTINGS!$B$33,"""",IF(ABS($AA155)<SETTINGS!$B$34,""LEAN"",IF(OR(SETTINGS!$B$11<>""Y"",$AI155<>""READY"",ABS($AA155)<SETTINGS!$B$26,$AF155<>"""",$AG155<>""""),""INVESTIGATE"",""BET""))))"
ENGINE,AB156,156,28,"=IF($AA156="""","""",IF(ABS($AA156)<SETTINGS!$B$8*2,"""",IF(ABS($AA156)<SETTINGS!$B$9*2,""LEAN"",IF(OR(SETTINGS!$B$11<>""Y"",$AI156<>""READY"",ABS($AA156)<SETTINGS!$B$10*2,$AF156<>"""",$AG156<>""""),""INVESTIGATE"",""BET""))))","=IF($AA156="""","""",IF(ABS($AA156)<SETTINGS!$B$33,"""",IF(ABS($AA156)<SETTINGS!$B$34,""LEAN"",IF(OR(SETTINGS!$B$11<>""Y"",$AI156<>""READY"",ABS($AA156)<SETTINGS!$B$26,$AF156<>"""",$AG156<>""""),""INVESTIGATE"",""BET""))))"
ENGINE,AB157,157,28,"=IF($AA157="""","""",IF(ABS($AA157)<SETTINGS!$B$8*2,"""",IF(ABS($AA157)<SETTINGS!$B$9*2,""LEAN"",IF(OR(SETTINGS!$B$11<>""Y"",$AI157<>""READY"",ABS($AA157)<SETTINGS!$B$10*2,$AF157<>"""",$AG157<>""""),""INVESTIGATE"",""BET""))))","=IF($AA157="""","""",IF(ABS($AA157)<SETTINGS!$B$33,"""",IF(ABS($AA157)<SETTINGS!$B$34,""LEAN"",IF(OR(SETTINGS!$B$11<>""Y"",$AI157<>""READY"",ABS($AA157)<SETTINGS!$B$26,$AF157<>"""",$AG157<>""""),""INVESTIGATE"",""BET""))))"
ENGINE,AB158,158,28,"=IF($AA158="""","""",IF(ABS($AA158)<SETTINGS!$B$8*2,"""",IF(ABS($AA158)<SETTINGS!$B$9*2,""LEAN"",IF(OR(SETTINGS!$B$11<>""Y"",$AI158<>""READY"",ABS($AA158)<SETTINGS!$B$10*2,$AF158<>"""",$AG158<>""""),""INVESTIGATE"",""BET""))))","=IF($AA158="""","""",IF(ABS($AA158)<SETTINGS!$B$33,"""",IF(ABS($AA158)<SETTINGS!$B$34,""LEAN"",IF(OR(SETTINGS!$B$11<>""Y"",$AI158<>""READY"",ABS($AA158)<SETTINGS!$B$26,$AF158<>"""",$AG158<>""""),""INVESTIGATE"",""BET""))))"
ENGINE,AB159,159,28,"=IF($AA159="""","""",IF(ABS($AA159)<SETTINGS!$B$8*2,"""",IF(ABS($AA159)<SETTINGS!$B$9*2,""LEAN"",IF(OR(SETTINGS!$B$11<>""Y"",$AI159<>""READY"",ABS($AA159)<SETTINGS!$B$10*2,$AF159<>"""",$AG159<>""""),""INVESTIGATE"",""BET""))))","=IF($AA159="""","""",IF(ABS($AA159)<SETTINGS!$B$33,"""",IF(ABS($AA159)<SETTINGS!$B$34,""LEAN"",IF(OR(SETTINGS!$B$11<>""Y"",$AI159<>""READY"",ABS($AA159)<SETTINGS!$B$26,$AF159<>"""",$AG159<>""""),""INVESTIGATE"",""BET""))))"
ENGINE,AB160,160,28,"=IF($AA160="""","""",IF(ABS($AA160)<SETTINGS!$B$8*2,"""",IF(ABS($AA160)<SETTINGS!$B$9*2,""LEAN"",IF(OR(SETTINGS!$B$11<>""Y"",$AI160<>""READY"",ABS($AA160)<SETTINGS!$B$10*2,$AF160<>"""",$AG160<>""""),""INVESTIGATE"",""BET""))))","=IF($AA160="""","""",IF(ABS($AA160)<SETTINGS!$B$33,"""",IF(ABS($AA160)<SETTINGS!$B$34,""LEAN"",IF(OR(SETTINGS!$B$11<>""Y"",$AI160<>""READY"",ABS($AA160)<SETTINGS!$B$26,$AF160<>"""",$AG160<>""""),""INVESTIGATE"",""BET""))))"
ENGINE,AB161,161,28,"=IF($AA161="""","""",IF(ABS($AA161)<SETTINGS!$B$8*2,"""",IF(ABS($AA161)<SETTINGS!$B$9*2,""LEAN"",IF(OR(SETTINGS!$B$11<>""Y"",$AI161<>""READY"",ABS($AA161)<SETTINGS!$B$10*2,$AF161<>"""",$AG161<>""""),""INVESTIGATE"",""BET""))))","=IF($AA161="""","""",IF(ABS($AA161)<SETTINGS!$B$33,"""",IF(ABS($AA161)<SETTINGS!$B$34,""LEAN"",IF(OR(SETTINGS!$B$11<>""Y"",$AI161<>""READY"",ABS($AA161)<SETTINGS!$B$26,$AF161<>"""",$AG161<>""""),""INVESTIGATE"",""BET""))))"
ENGINE,AB162,162,28,"=IF($AA162="""","""",IF(ABS($AA162)<SETTINGS!$B$8*2,"""",IF(ABS($AA162)<SETTINGS!$B$9*2,""LEAN"",IF(OR(SETTINGS!$B$11<>""Y"",$AI162<>""READY"",ABS($AA162)<SETTINGS!$B$10*2,$AF162<>"""",$AG162<>""""),""INVESTIGATE"",""BET""))))","=IF($AA162="""","""",IF(ABS($AA162)<SETTINGS!$B$33,"""",IF(ABS($AA162)<SETTINGS!$B$34,""LEAN"",IF(OR(SETTINGS!$B$11<>""Y"",$AI162<>""READY"",ABS($AA162)<SETTINGS!$B$26,$AF162<>"""",$AG162<>""""),""INVESTIGATE"",""BET""))))"
ENGINE,AB163,163,28,"=IF($AA163="""","""",IF(ABS($AA163)<SETTINGS!$B$8*2,"""",IF(ABS($AA163)<SETTINGS!$B$9*2,""LEAN"",IF(OR(SETTINGS!$B$11<>""Y"",$AI163<>""READY"",ABS($AA163)<SETTINGS!$B$10*2,$AF163<>"""",$AG163<>""""),""INVESTIGATE"",""BET""))))","=IF($AA163="""","""",IF(ABS($AA163)<SETTINGS!$B$33,"""",IF(ABS($AA163)<SETTINGS!$B$34,""LEAN"",IF(OR(SETTINGS!$B$11<>""Y"",$AI163<>""READY"",ABS($AA163)<SETTINGS!$B$26,$AF163<>"""",$AG163<>""""),""INVESTIGATE"",""BET""))))"
ENGINE,AB164,164,28,"=IF($AA164="""","""",IF(ABS($AA164)<SETTINGS!$B$8*2,"""",IF(ABS($AA164)<SETTINGS!$B$9*2,""LEAN"",IF(OR(SETTINGS!$B$11<>""Y"",$AI164<>""READY"",ABS($AA164)<SETTINGS!$B$10*2,$AF164<>"""",$AG164<>""""),""INVESTIGATE"",""BET""))))","=IF($AA164="""","""",IF(ABS($AA164)<SETTINGS!$B$33,"""",IF(ABS($AA164)<SETTINGS!$B$34,""LEAN"",IF(OR(SETTINGS!$B$11<>""Y"",$AI164<>""READY"",ABS($AA164)<SETTINGS!$B$26,$AF164<>"""",$AG164<>""""),""INVESTIGATE"",""BET""))))"
ENGINE,AB165,165,28,"=IF($AA165="""","""",IF(ABS($AA165)<SETTINGS!$B$8*2,"""",IF(ABS($AA165)<SETTINGS!$B$9*2,""LEAN"",IF(OR(SETTINGS!$B$11<>""Y"",$AI165<>""READY"",ABS($AA165)<SETTINGS!$B$10*2,$AF165<>"""",$AG165<>""""),""INVESTIGATE"",""BET""))))","=IF($AA165="""","""",IF(ABS($AA165)<SETTINGS!$B$33,"""",IF(ABS($AA165)<SETTINGS!$B$34,""LEAN"",IF(OR(SETTINGS!$B$11<>""Y"",$AI165<>""READY"",ABS($AA165)<SETTINGS!$B$26,$AF165<>"""",$AG165<>""""),""INVESTIGATE"",""BET""))))"
ENGINE,AB166,166,28,"=IF($AA166="""","""",IF(ABS($AA166)<SETTINGS!$B$8*2,"""",IF(ABS($AA166)<SETTINGS!$B$9*2,""LEAN"",IF(OR(SETTINGS!$B$11<>""Y"",$AI166<>""READY"",ABS($AA166)<SETTINGS!$B$10*2,$AF166<>"""",$AG166<>""""),""INVESTIGATE"",""BET""))))","=IF($AA166="""","""",IF(ABS($AA166)<SETTINGS!$B$33,"""",IF(ABS($AA166)<SETTINGS!$B$34,""LEAN"",IF(OR(SETTINGS!$B$11<>""Y"",$AI166<>""READY"",ABS($AA166)<SETTINGS!$B$26,$AF166<>"""",$AG166<>""""),""INVESTIGATE"",""BET""))))"
ENGINE,AB167,167,28,"=IF($AA167="""","""",IF(ABS($AA167)<SETTINGS!$B$8*2,"""",IF(ABS($AA167)<SETTINGS!$B$9*2,""LEAN"",IF(OR(SETTINGS!$B$11<>""Y"",$AI167<>""READY"",ABS($AA167)<SETTINGS!$B$10*2,$AF167<>"""",$AG167<>""""),""INVESTIGATE"",""BET""))))","=IF($AA167="""","""",IF(ABS($AA167)<SETTINGS!$B$33,"""",IF(ABS($AA167)<SETTINGS!$B$34,""LEAN"",IF(OR(SETTINGS!$B$11<>""Y"",$AI167<>""READY"",ABS($AA167)<SETTINGS!$B$26,$AF167<>"""",$AG167<>""""),""INVESTIGATE"",""BET""))))"
ENGINE,AB168,168,28,"=IF($AA168="""","""",IF(ABS($AA168)<SETTINGS!$B$8*2,"""",IF(ABS($AA168)<SETTINGS!$B$9*2,""LEAN"",IF(OR(SETTINGS!$B$11<>""Y"",$AI168<>""READY"",ABS($AA168)<SETTINGS!$B$10*2,$AF168<>"""",$AG168<>""""),""INVESTIGATE"",""BET""))))","=IF($AA168="""","""",IF(ABS($AA168)<SETTINGS!$B$33,"""",IF(ABS($AA168)<SETTINGS!$B$34,""LEAN"",IF(OR(SETTINGS!$B$11<>""Y"",$AI168<>""READY"",ABS($AA168)<SETTINGS!$B$26,$AF168<>"""",$AG168<>""""),""INVESTIGATE"",""BET""))))"
ENGINE,AB169,169,28,"=IF($AA169="""","""",IF(ABS($AA169)<SETTINGS!$B$8*2,"""",IF(ABS($AA169)<SETTINGS!$B$9*2,""LEAN"",IF(OR(SETTINGS!$B$11<>""Y"",$AI169<>""READY"",ABS($AA169)<SETTINGS!$B$10*2,$AF169<>"""",$AG169<>""""),""INVESTIGATE"",""BET""))))","=IF($AA169="""","""",IF(ABS($AA169)<SETTINGS!$B$33,"""",IF(ABS($AA169)<SETTINGS!$B$34,""LEAN"",IF(OR(SETTINGS!$B$11<>""Y"",$AI169<>""READY"",ABS($AA169)<SETTINGS!$B$26,$AF169<>"""",$AG169<>""""),""INVESTIGATE"",""BET""))))"
ENGINE,AB170,170,28,"=IF($AA170="""","""",IF(ABS($AA170)<SETTINGS!$B$8*2,"""",IF(ABS($AA170)<SETTINGS!$B$9*2,""LEAN"",IF(OR(SETTINGS!$B$11<>""Y"",$AI170<>""READY"",ABS($AA170)<SETTINGS!$B$10*2,$AF170<>"""",$AG170<>""""),""INVESTIGATE"",""BET""))))","=IF($AA170="""","""",IF(ABS($AA170)<SETTINGS!$B$33,"""",IF(ABS($AA170)<SETTINGS!$B$34,""LEAN"",IF(OR(SETTINGS!$B$11<>""Y"",$AI170<>""READY"",ABS($AA170)<SETTINGS!$B$26,$AF170<>"""",$AG170<>""""),""INVESTIGATE"",""BET""))))"
ENGINE,AB171,171,28,"=IF($AA171="""","""",IF(ABS($AA171)<SETTINGS!$B$8*2,"""",IF(ABS($AA171)<SETTINGS!$B$9*2,""LEAN"",IF(OR(SETTINGS!$B$11<>""Y"",$AI171<>""READY"",ABS($AA171)<SETTINGS!$B$10*2,$AF171<>"""",$AG171<>""""),""INVESTIGATE"",""BET""))))","=IF($AA171="""","""",IF(ABS($AA171)<SETTINGS!$B$33,"""",IF(ABS($AA171)<SETTINGS!$B$34,""LEAN"",IF(OR(SETTINGS!$B$11<>""Y"",$AI171<>""READY"",ABS($AA171)<SETTINGS!$B$26,$AF171<>"""",$AG171<>""""),""INVESTIGATE"",""BET""))))"
ENGINE,AB172,172,28,"=IF($AA172="""","""",IF(ABS($AA172)<SETTINGS!$B$8*2,"""",IF(ABS($AA172)<SETTINGS!$B$9*2,""LEAN"",IF(OR(SETTINGS!$B$11<>""Y"",$AI172<>""READY"",ABS($AA172)<SETTINGS!$B$10*2,$AF172<>"""",$AG172<>""""),""INVESTIGATE"",""BET""))))","=IF($AA172="""","""",IF(ABS($AA172)<SETTINGS!$B$33,"""",IF(ABS($AA172)<SETTINGS!$B$34,""LEAN"",IF(OR(SETTINGS!$B$11<>""Y"",$AI172<>""READY"",ABS($AA172)<SETTINGS!$B$26,$AF172<>"""",$AG172<>""""),""INVESTIGATE"",""BET""))))"
ENGINE,AB173,173,28,"=IF($AA173="""","""",IF(ABS($AA173)<SETTINGS!$B$8*2,"""",IF(ABS($AA173)<SETTINGS!$B$9*2,""LEAN"",IF(OR(SETTINGS!$B$11<>""Y"",$AI173<>""READY"",ABS($AA173)<SETTINGS!$B$10*2,$AF173<>"""",$AG173<>""""),""INVESTIGATE"",""BET""))))","=IF($AA173="""","""",IF(ABS($AA173)<SETTINGS!$B$33,"""",IF(ABS($AA173)<SETTINGS!$B$34,""LEAN"",IF(OR(SETTINGS!$B$11<>""Y"",$AI173<>""READY"",ABS($AA173)<SETTINGS!$B$26,$AF173<>"""",$AG173<>""""),""INVESTIGATE"",""BET""))))"
ENGINE,AB174,174,28,"=IF($AA174="""","""",IF(ABS($AA174)<SETTINGS!$B$8*2,"""",IF(ABS($AA174)<SETTINGS!$B$9*2,""LEAN"",IF(OR(SETTINGS!$B$11<>""Y"",$AI174<>""READY"",ABS($AA174)<SETTINGS!$B$10*2,$AF174<>"""",$AG174<>""""),""INVESTIGATE"",""BET""))))","=IF($AA174="""","""",IF(ABS($AA174)<SETTINGS!$B$33,"""",IF(ABS($AA174)<SETTINGS!$B$34,""LEAN"",IF(OR(SETTINGS!$B$11<>""Y"",$AI174<>""READY"",ABS($AA174)<SETTINGS!$B$26,$AF174<>"""",$AG174<>""""),""INVESTIGATE"",""BET""))))"
ENGINE,AB175,175,28,"=IF($AA175="""","""",IF(ABS($AA175)<SETTINGS!$B$8*2,"""",IF(ABS($AA175)<SETTINGS!$B$9*2,""LEAN"",IF(OR(SETTINGS!$B$11<>""Y"",$AI175<>""READY"",ABS($AA175)<SETTINGS!$B$10*2,$AF175<>"""",$AG175<>""""),""INVESTIGATE"",""BET""))))","=IF($AA175="""","""",IF(ABS($AA175)<SETTINGS!$B$33,"""",IF(ABS($AA175)<SETTINGS!$B$34,""LEAN"",IF(OR(SETTINGS!$B$11<>""Y"",$AI175<>""READY"",ABS($AA175)<SETTINGS!$B$26,$AF175<>"""",$AG175<>""""),""INVESTIGATE"",""BET""))))"
ENGINE,AB176,176,28,"=IF($AA176="""","""",IF(ABS($AA176)<SETTINGS!$B$8*2,"""",IF(ABS($AA176)<SETTINGS!$B$9*2,""LEAN"",IF(OR(SETTINGS!$B$11<>""Y"",$AI176<>""READY"",ABS($AA176)<SETTINGS!$B$10*2,$AF176<>"""",$AG176<>""""),""INVESTIGATE"",""BET""))))","=IF($AA176="""","""",IF(ABS($AA176)<SETTINGS!$B$33,"""",IF(ABS($AA176)<SETTINGS!$B$34,""LEAN"",IF(OR(SETTINGS!$B$11<>""Y"",$AI176<>""READY"",ABS($AA176)<SETTINGS!$B$26,$AF176<>"""",$AG176<>""""),""INVESTIGATE"",""BET""))))"
ENGINE,AB177,177,28,"=IF($AA177="""","""",IF(ABS($AA177)<SETTINGS!$B$8*2,"""",IF(ABS($AA177)<SETTINGS!$B$9*2,""LEAN"",IF(OR(SETTINGS!$B$11<>""Y"",$AI177<>""READY"",ABS($AA177)<SETTINGS!$B$10*2,$AF177<>"""",$AG177<>""""),""INVESTIGATE"",""BET""))))","=IF($AA177="""","""",IF(ABS($AA177)<SETTINGS!$B$33,"""",IF(ABS($AA177)<SETTINGS!$B$34,""LEAN"",IF(OR(SETTINGS!$B$11<>""Y"",$AI177<>""READY"",ABS($AA177)<SETTINGS!$B$26,$AF177<>"""",$AG177<>""""),""INVESTIGATE"",""BET""))))"
ENGINE,AB178,178,28,"=IF($AA178="""","""",IF(ABS($AA178)<SETTINGS!$B$8*2,"""",IF(ABS($AA178)<SETTINGS!$B$9*2,""LEAN"",IF(OR(SETTINGS!$B$11<>""Y"",$AI178<>""READY"",ABS($AA178)<SETTINGS!$B$10*2,$AF178<>"""",$AG178<>""""),""INVESTIGATE"",""BET""))))","=IF($AA178="""","""",IF(ABS($AA178)<SETTINGS!$B$33,"""",IF(ABS($AA178)<SETTINGS!$B$34,""LEAN"",IF(OR(SETTINGS!$B$11<>""Y"",$AI178<>""READY"",ABS($AA178)<SETTINGS!$B$26,$AF178<>"""",$AG178<>""""),""INVESTIGATE"",""BET""))))"
ENGINE,AB179,179,28,"=IF($AA179="""","""",IF(ABS($AA179)<SETTINGS!$B$8*2,"""",IF(ABS($AA179)<SETTINGS!$B$9*2,""LEAN"",IF(OR(SETTINGS!$B$11<>""Y"",$AI179<>""READY"",ABS($AA179)<SETTINGS!$B$10*2,$AF179<>"""",$AG179<>""""),""INVESTIGATE"",""BET""))))","=IF($AA179="""","""",IF(ABS($AA179)<SETTINGS!$B$33,"""",IF(ABS($AA179)<SETTINGS!$B$34,""LEAN"",IF(OR(SETTINGS!$B$11<>""Y"",$AI179<>""READY"",ABS($AA179)<SETTINGS!$B$26,$AF179<>"""",$AG179<>""""),""INVESTIGATE"",""BET""))))"
ENGINE,AB180,180,28,"=IF($AA180="""","""",IF(ABS($AA180)<SETTINGS!$B$8*2,"""",IF(ABS($AA180)<SETTINGS!$B$9*2,""LEAN"",IF(OR(SETTINGS!$B$11<>""Y"",$AI180<>""READY"",ABS($AA180)<SETTINGS!$B$10*2,$AF180<>"""",$AG180<>""""),""INVESTIGATE"",""BET""))))","=IF($AA180="""","""",IF(ABS($AA180)<SETTINGS!$B$33,"""",IF(ABS($AA180)<SETTINGS!$B$34,""LEAN"",IF(OR(SETTINGS!$B$11<>""Y"",$AI180<>""READY"",ABS($AA180)<SETTINGS!$B$26,$AF180<>"""",$AG180<>""""),""INVESTIGATE"",""BET""))))"
ENGINE,AB181,181,28,"=IF($AA181="""","""",IF(ABS($AA181)<SETTINGS!$B$8*2,"""",IF(ABS($AA181)<SETTINGS!$B$9*2,""LEAN"",IF(OR(SETTINGS!$B$11<>""Y"",$AI181<>""READY"",ABS($AA181)<SETTINGS!$B$10*2,$AF181<>"""",$AG181<>""""),""INVESTIGATE"",""BET""))))","=IF($AA181="""","""",IF(ABS($AA181)<SETTINGS!$B$33,"""",IF(ABS($AA181)<SETTINGS!$B$34,""LEAN"",IF(OR(SETTINGS!$B$11<>""Y"",$AI181<>""READY"",ABS($AA181)<SETTINGS!$B$26,$AF181<>"""",$AG181<>""""),""INVESTIGATE"",""BET""))))"
ENGINE,AB182,182,28,"=IF($AA182="""","""",IF(ABS($AA182)<SETTINGS!$B$8*2,"""",IF(ABS($AA182)<SETTINGS!$B$9*2,""LEAN"",IF(OR(SETTINGS!$B$11<>""Y"",$AI182<>""READY"",ABS($AA182)<SETTINGS!$B$10*2,$AF182<>"""",$AG182<>""""),""INVESTIGATE"",""BET""))))","=IF($AA182="""","""",IF(ABS($AA182)<SETTINGS!$B$33,"""",IF(ABS($AA182)<SETTINGS!$B$34,""LEAN"",IF(OR(SETTINGS!$B$11<>""Y"",$AI182<>""READY"",ABS($AA182)<SETTINGS!$B$26,$AF182<>"""",$AG182<>""""),""INVESTIGATE"",""BET""))))"
ENGINE,AB183,183,28,"=IF($AA183="""","""",IF(ABS($AA183)<SETTINGS!$B$8*2,"""",IF(ABS($AA183)<SETTINGS!$B$9*2,""LEAN"",IF(OR(SETTINGS!$B$11<>""Y"",$AI183<>""READY"",ABS($AA183)<SETTINGS!$B$10*2,$AF183<>"""",$AG183<>""""),""INVESTIGATE"",""BET""))))","=IF($AA183="""","""",IF(ABS($AA183)<SETTINGS!$B$33,"""",IF(ABS($AA183)<SETTINGS!$B$34,""LEAN"",IF(OR(SETTINGS!$B$11<>""Y"",$AI183<>""READY"",ABS($AA183)<SETTINGS!$B$26,$AF183<>"""",$AG183<>""""),""INVESTIGATE"",""BET""))))"
ENGINE,AB184,184,28,"=IF($AA184="""","""",IF(ABS($AA184)<SETTINGS!$B$8*2,"""",IF(ABS($AA184)<SETTINGS!$B$9*2,""LEAN"",IF(OR(SETTINGS!$B$11<>""Y"",$AI184<>""READY"",ABS($AA184)<SETTINGS!$B$10*2,$AF184<>"""",$AG184<>""""),""INVESTIGATE"",""BET""))))","=IF($AA184="""","""",IF(ABS($AA184)<SETTINGS!$B$33,"""",IF(ABS($AA184)<SETTINGS!$B$34,""LEAN"",IF(OR(SETTINGS!$B$11<>""Y"",$AI184<>""READY"",ABS($AA184)<SETTINGS!$B$26,$AF184<>"""",$AG184<>""""),""INVESTIGATE"",""BET""))))"
ENGINE,AB185,185,28,"=IF($AA185="""","""",IF(ABS($AA185)<SETTINGS!$B$8*2,"""",IF(ABS($AA185)<SETTINGS!$B$9*2,""LEAN"",IF(OR(SETTINGS!$B$11<>""Y"",$AI185<>""READY"",ABS($AA185)<SETTINGS!$B$10*2,$AF185<>"""",$AG185<>""""),""INVESTIGATE"",""BET""))))","=IF($AA185="""","""",IF(ABS($AA185)<SETTINGS!$B$33,"""",IF(ABS($AA185)<SETTINGS!$B$34,""LEAN"",IF(OR(SETTINGS!$B$11<>""Y"",$AI185<>""READY"",ABS($AA185)<SETTINGS!$B$26,$AF185<>"""",$AG185<>""""),""INVESTIGATE"",""BET""))))"
ENGINE,AB186,186,28,"=IF($AA186="""","""",IF(ABS($AA186)<SETTINGS!$B$8*2,"""",IF(ABS($AA186)<SETTINGS!$B$9*2,""LEAN"",IF(OR(SETTINGS!$B$11<>""Y"",$AI186<>""READY"",ABS($AA186)<SETTINGS!$B$10*2,$AF186<>"""",$AG186<>""""),""INVESTIGATE"",""BET""))))","=IF($AA186="""","""",IF(ABS($AA186)<SETTINGS!$B$33,"""",IF(ABS($AA186)<SETTINGS!$B$34,""LEAN"",IF(OR(SETTINGS!$B$11<>""Y"",$AI186<>""READY"",ABS($AA186)<SETTINGS!$B$26,$AF186<>"""",$AG186<>""""),""INVESTIGATE"",""BET""))))"
ENGINE,AB187,187,28,"=IF($AA187="""","""",IF(ABS($AA187)<SETTINGS!$B$8*2,"""",IF(ABS($AA187)<SETTINGS!$B$9*2,""LEAN"",IF(OR(SETTINGS!$B$11<>""Y"",$AI187<>""READY"",ABS($AA187)<SETTINGS!$B$10*2,$AF187<>"""",$AG187<>""""),""INVESTIGATE"",""BET""))))","=IF($AA187="""","""",IF(ABS($AA187)<SETTINGS!$B$33,"""",IF(ABS($AA187)<SETTINGS!$B$34,""LEAN"",IF(OR(SETTINGS!$B$11<>""Y"",$AI187<>""READY"",ABS($AA187)<SETTINGS!$B$26,$AF187<>"""",$AG187<>""""),""INVESTIGATE"",""BET""))))"
ENGINE,AB188,188,28,"=IF($AA188="""","""",IF(ABS($AA188)<SETTINGS!$B$8*2,"""",IF(ABS($AA188)<SETTINGS!$B$9*2,""LEAN"",IF(OR(SETTINGS!$B$11<>""Y"",$AI188<>""READY"",ABS($AA188)<SETTINGS!$B$10*2,$AF188<>"""",$AG188<>""""),""INVESTIGATE"",""BET""))))","=IF($AA188="""","""",IF(ABS($AA188)<SETTINGS!$B$33,"""",IF(ABS($AA188)<SETTINGS!$B$34,""LEAN"",IF(OR(SETTINGS!$B$11<>""Y"",$AI188<>""READY"",ABS($AA188)<SETTINGS!$B$26,$AF188<>"""",$AG188<>""""),""INVESTIGATE"",""BET""))))"
ENGINE,AB189,189,28,"=IF($AA189="""","""",IF(ABS($AA189)<SETTINGS!$B$8*2,"""",IF(ABS($AA189)<SETTINGS!$B$9*2,""LEAN"",IF(OR(SETTINGS!$B$11<>""Y"",$AI189<>""READY"",ABS($AA189)<SETTINGS!$B$10*2,$AF189<>"""",$AG189<>""""),""INVESTIGATE"",""BET""))))","=IF($AA189="""","""",IF(ABS($AA189)<SETTINGS!$B$33,"""",IF(ABS($AA189)<SETTINGS!$B$34,""LEAN"",IF(OR(SETTINGS!$B$11<>""Y"",$AI189<>""READY"",ABS($AA189)<SETTINGS!$B$26,$AF189<>"""",$AG189<>""""),""INVESTIGATE"",""BET""))))"
ENGINE,AB190,190,28,"=IF($AA190="""","""",IF(ABS($AA190)<SETTINGS!$B$8*2,"""",IF(ABS($AA190)<SETTINGS!$B$9*2,""LEAN"",IF(OR(SETTINGS!$B$11<>""Y"",$AI190<>""READY"",ABS($AA190)<SETTINGS!$B$10*2,$AF190<>"""",$AG190<>""""),""INVESTIGATE"",""BET""))))","=IF($AA190="""","""",IF(ABS($AA190)<SETTINGS!$B$33,"""",IF(ABS($AA190)<SETTINGS!$B$34,""LEAN"",IF(OR(SETTINGS!$B$11<>""Y"",$AI190<>""READY"",ABS($AA190)<SETTINGS!$B$26,$AF190<>"""",$AG190<>""""),""INVESTIGATE"",""BET""))))"
ENGINE,AB191,191,28,"=IF($AA191="""","""",IF(ABS($AA191)<SETTINGS!$B$8*2,"""",IF(ABS($AA191)<SETTINGS!$B$9*2,""LEAN"",IF(OR(SETTINGS!$B$11<>""Y"",$AI191<>""READY"",ABS($AA191)<SETTINGS!$B$10*2,$AF191<>"""",$AG191<>""""),""INVESTIGATE"",""BET""))))","=IF($AA191="""","""",IF(ABS($AA191)<SETTINGS!$B$33,"""",IF(ABS($AA191)<SETTINGS!$B$34,""LEAN"",IF(OR(SETTINGS!$B$11<>""Y"",$AI191<>""READY"",ABS($AA191)<SETTINGS!$B$26,$AF191<>"""",$AG191<>""""),""INVESTIGATE"",""BET""))))"
ENGINE,AB192,192,28,"=IF($AA192="""","""",IF(ABS($AA192)<SETTINGS!$B$8*2,"""",IF(ABS($AA192)<SETTINGS!$B$9*2,""LEAN"",IF(OR(SETTINGS!$B$11<>""Y"",$AI192<>""READY"",ABS($AA192)<SETTINGS!$B$10*2,$AF192<>"""",$AG192<>""""),""INVESTIGATE"",""BET""))))","=IF($AA192="""","""",IF(ABS($AA192)<SETTINGS!$B$33,"""",IF(ABS($AA192)<SETTINGS!$B$34,""LEAN"",IF(OR(SETTINGS!$B$11<>""Y"",$AI192<>""READY"",ABS($AA192)<SETTINGS!$B$26,$AF192<>"""",$AG192<>""""),""INVESTIGATE"",""BET""))))"
ENGINE,AB193,193,28,"=IF($AA193="""","""",IF(ABS($AA193)<SETTINGS!$B$8*2,"""",IF(ABS($AA193)<SETTINGS!$B$9*2,""LEAN"",IF(OR(SETTINGS!$B$11<>""Y"",$AI193<>""READY"",ABS($AA193)<SETTINGS!$B$10*2,$AF193<>"""",$AG193<>""""),""INVESTIGATE"",""BET""))))","=IF($AA193="""","""",IF(ABS($AA193)<SETTINGS!$B$33,"""",IF(ABS($AA193)<SETTINGS!$B$34,""LEAN"",IF(OR(SETTINGS!$B$11<>""Y"",$AI193<>""READY"",ABS($AA193)<SETTINGS!$B$26,$AF193<>"""",$AG193<>""""),""INVESTIGATE"",""BET""))))"
ENGINE,AB194,194,28,"=IF($AA194="""","""",IF(ABS($AA194)<SETTINGS!$B$8*2,"""",IF(ABS($AA194)<SETTINGS!$B$9*2,""LEAN"",IF(OR(SETTINGS!$B$11<>""Y"",$AI194<>""READY"",ABS($AA194)<SETTINGS!$B$10*2,$AF194<>"""",$AG194<>""""),""INVESTIGATE"",""BET""))))","=IF($AA194="""","""",IF(ABS($AA194)<SETTINGS!$B$33,"""",IF(ABS($AA194)<SETTINGS!$B$34,""LEAN"",IF(OR(SETTINGS!$B$11<>""Y"",$AI194<>""READY"",ABS($AA194)<SETTINGS!$B$26,$AF194<>"""",$AG194<>""""),""INVESTIGATE"",""BET""))))"
ENGINE,AB195,195,28,"=IF($AA195="""","""",IF(ABS($AA195)<SETTINGS!$B$8*2,"""",IF(ABS($AA195)<SETTINGS!$B$9*2,""LEAN"",IF(OR(SETTINGS!$B$11<>""Y"",$AI195<>""READY"",ABS($AA195)<SETTINGS!$B$10*2,$AF195<>"""",$AG195<>""""),""INVESTIGATE"",""BET""))))","=IF($AA195="""","""",IF(ABS($AA195)<SETTINGS!$B$33,"""",IF(ABS($AA195)<SETTINGS!$B$34,""LEAN"",IF(OR(SETTINGS!$B$11<>""Y"",$AI195<>""READY"",ABS($AA195)<SETTINGS!$B$26,$AF195<>"""",$AG195<>""""),""INVESTIGATE"",""BET""))))"
ENGINE,AB196,196,28,"=IF($AA196="""","""",IF(ABS($AA196)<SETTINGS!$B$8*2,"""",IF(ABS($AA196)<SETTINGS!$B$9*2,""LEAN"",IF(OR(SETTINGS!$B$11<>""Y"",$AI196<>""READY"",ABS($AA196)<SETTINGS!$B$10*2,$AF196<>"""",$AG196<>""""),""INVESTIGATE"",""BET""))))","=IF($AA196="""","""",IF(ABS($AA196)<SETTINGS!$B$33,"""",IF(ABS($AA196)<SETTINGS!$B$34,""LEAN"",IF(OR(SETTINGS!$B$11<>""Y"",$AI196<>""READY"",ABS($AA196)<SETTINGS!$B$26,$AF196<>"""",$AG196<>""""),""INVESTIGATE"",""BET""))))"
ENGINE,AB197,197,28,"=IF($AA197="""","""",IF(ABS($AA197)<SETTINGS!$B$8*2,"""",IF(ABS($AA197)<SETTINGS!$B$9*2,""LEAN"",IF(OR(SETTINGS!$B$11<>""Y"",$AI197<>""READY"",ABS($AA197)<SETTINGS!$B$10*2,$AF197<>"""",$AG197<>""""),""INVESTIGATE"",""BET""))))","=IF($AA197="""","""",IF(ABS($AA197)<SETTINGS!$B$33,"""",IF(ABS($AA197)<SETTINGS!$B$34,""LEAN"",IF(OR(SETTINGS!$B$11<>""Y"",$AI197<>""READY"",ABS($AA197)<SETTINGS!$B$26,$AF197<>"""",$AG197<>""""),""INVESTIGATE"",""BET""))))"
ENGINE,AB198,198,28,"=IF($AA198="""","""",IF(ABS($AA198)<SETTINGS!$B$8*2,"""",IF(ABS($AA198)<SETTINGS!$B$9*2,""LEAN"",IF(OR(SETTINGS!$B$11<>""Y"",$AI198<>""READY"",ABS($AA198)<SETTINGS!$B$10*2,$AF198<>"""",$AG198<>""""),""INVESTIGATE"",""BET""))))","=IF($AA198="""","""",IF(ABS($AA198)<SETTINGS!$B$33,"""",IF(ABS($AA198)<SETTINGS!$B$34,""LEAN"",IF(OR(SETTINGS!$B$11<>""Y"",$AI198<>""READY"",ABS($AA198)<SETTINGS!$B$26,$AF198<>"""",$AG198<>""""),""INVESTIGATE"",""BET""))))"
ENGINE,AB199,199,28,"=IF($AA199="""","""",IF(ABS($AA199)<SETTINGS!$B$8*2,"""",IF(ABS($AA199)<SETTINGS!$B$9*2,""LEAN"",IF(OR(SETTINGS!$B$11<>""Y"",$AI199<>""READY"",ABS($AA199)<SETTINGS!$B$10*2,$AF199<>"""",$AG199<>""""),""INVESTIGATE"",""BET""))))","=IF($AA199="""","""",IF(ABS($AA199)<SETTINGS!$B$33,"""",IF(ABS($AA199)<SETTINGS!$B$34,""LEAN"",IF(OR(SETTINGS!$B$11<>""Y"",$AI199<>""READY"",ABS($AA199)<SETTINGS!$B$26,$AF199<>"""",$AG199<>""""),""INVESTIGATE"",""BET""))))"
ENGINE,AB200,200,28,"=IF($AA200="""","""",IF(ABS($AA200)<SETTINGS!$B$8*2,"""",IF(ABS($AA200)<SETTINGS!$B$9*2,""LEAN"",IF(OR(SETTINGS!$B$11<>""Y"",$AI200<>""READY"",ABS($AA200)<SETTINGS!$B$10*2,$AF200<>"""",$AG200<>""""),""INVESTIGATE"",""BET""))))","=IF($AA200="""","""",IF(ABS($AA200)<SETTINGS!$B$33,"""",IF(ABS($AA200)<SETTINGS!$B$34,""LEAN"",IF(OR(SETTINGS!$B$11<>""Y"",$AI200<>""READY"",ABS($AA200)<SETTINGS!$B$26,$AF200<>"""",$AG200<>""""),""INVESTIGATE"",""BET""))))"
ENGINE,AB201,201,28,"=IF($AA201="""","""",IF(ABS($AA201)<SETTINGS!$B$8*2,"""",IF(ABS($AA201)<SETTINGS!$B$9*2,""LEAN"",IF(OR(SETTINGS!$B$11<>""Y"",$AI201<>""READY"",ABS($AA201)<SETTINGS!$B$10*2,$AF201<>"""",$AG201<>""""),""INVESTIGATE"",""BET""))))","=IF($AA201="""","""",IF(ABS($AA201)<SETTINGS!$B$33,"""",IF(ABS($AA201)<SETTINGS!$B$34,""LEAN"",IF(OR(SETTINGS!$B$11<>""Y"",$AI201<>""READY"",ABS($AA201)<SETTINGS!$B$26,$AF201<>"""",$AG201<>""""),""INVESTIGATE"",""BET""))))"
ENGINE,AB202,202,28,"=IF($AA202="""","""",IF(ABS($AA202)<SETTINGS!$B$8*2,"""",IF(ABS($AA202)<SETTINGS!$B$9*2,""LEAN"",IF(OR(SETTINGS!$B$11<>""Y"",$AI202<>""READY"",ABS($AA202)<SETTINGS!$B$10*2,$AF202<>"""",$AG202<>""""),""INVESTIGATE"",""BET""))))","=IF($AA202="""","""",IF(ABS($AA202)<SETTINGS!$B$33,"""",IF(ABS($AA202)<SETTINGS!$B$34,""LEAN"",IF(OR(SETTINGS!$B$11<>""Y"",$AI202<>""READY"",ABS($AA202)<SETTINGS!$B$26,$AF202<>"""",$AG202<>""""),""INVESTIGATE"",""BET""))))"
ENGINE,AB203,203,28,"=IF($AA203="""","""",IF(ABS($AA203)<SETTINGS!$B$8*2,"""",IF(ABS($AA203)<SETTINGS!$B$9*2,""LEAN"",IF(OR(SETTINGS!$B$11<>""Y"",$AI203<>""READY"",ABS($AA203)<SETTINGS!$B$10*2,$AF203<>"""",$AG203<>""""),""INVESTIGATE"",""BET""))))","=IF($AA203="""","""",IF(ABS($AA203)<SETTINGS!$B$33,"""",IF(ABS($AA203)<SETTINGS!$B$34,""LEAN"",IF(OR(SETTINGS!$B$11<>""Y"",$AI203<>""READY"",ABS($AA203)<SETTINGS!$B$26,$AF203<>"""",$AG203<>""""),""INVESTIGATE"",""BET""))))"
ENGINE,AB204,204,28,"=IF($AA204="""","""",IF(ABS($AA204)<SETTINGS!$B$8*2,"""",IF(ABS($AA204)<SETTINGS!$B$9*2,""LEAN"",IF(OR(SETTINGS!$B$11<>""Y"",$AI204<>""READY"",ABS($AA204)<SETTINGS!$B$10*2,$AF204<>"""",$AG204<>""""),""INVESTIGATE"",""BET""))))","=IF($AA204="""","""",IF(ABS($AA204)<SETTINGS!$B$33,"""",IF(ABS($AA204)<SETTINGS!$B$34,""LEAN"",IF(OR(SETTINGS!$B$11<>""Y"",$AI204<>""READY"",ABS($AA204)<SETTINGS!$B$26,$AF204<>"""",$AG204<>""""),""INVESTIGATE"",""BET""))))"
ENGINE,AB205,205,28,"=IF($AA205="""","""",IF(ABS($AA205)<SETTINGS!$B$8*2,"""",IF(ABS($AA205)<SETTINGS!$B$9*2,""LEAN"",IF(OR(SETTINGS!$B$11<>""Y"",$AI205<>""READY"",ABS($AA205)<SETTINGS!$B$10*2,$AF205<>"""",$AG205<>""""),""INVESTIGATE"",""BET""))))","=IF($AA205="""","""",IF(ABS($AA205)<SETTINGS!$B$33,"""",IF(ABS($AA205)<SETTINGS!$B$34,""LEAN"",IF(OR(SETTINGS!$B$11<>""Y"",$AI205<>""READY"",ABS($AA205)<SETTINGS!$B$26,$AF205<>"""",$AG205<>""""),""INVESTIGATE"",""BET""))))"
ENGINE,AB206,206,28,"=IF($AA206="""","""",IF(ABS($AA206)<SETTINGS!$B$8*2,"""",IF(ABS($AA206)<SETTINGS!$B$9*2,""LEAN"",IF(OR(SETTINGS!$B$11<>""Y"",$AI206<>""READY"",ABS($AA206)<SETTINGS!$B$10*2,$AF206<>"""",$AG206<>""""),""INVESTIGATE"",""BET""))))","=IF($AA206="""","""",IF(ABS($AA206)<SETTINGS!$B$33,"""",IF(ABS($AA206)<SETTINGS!$B$34,""LEAN"",IF(OR(SETTINGS!$B$11<>""Y"",$AI206<>""READY"",ABS($AA206)<SETTINGS!$B$26,$AF206<>"""",$AG206<>""""),""INVESTIGATE"",""BET""))))"
ENGINE,AB207,207,28,"=IF($AA207="""","""",IF(ABS($AA207)<SETTINGS!$B$8*2,"""",IF(ABS($AA207)<SETTINGS!$B$9*2,""LEAN"",IF(OR(SETTINGS!$B$11<>""Y"",$AI207<>""READY"",ABS($AA207)<SETTINGS!$B$10*2,$AF207<>"""",$AG207<>""""),""INVESTIGATE"",""BET""))))","=IF($AA207="""","""",IF(ABS($AA207)<SETTINGS!$B$33,"""",IF(ABS($AA207)<SETTINGS!$B$34,""LEAN"",IF(OR(SETTINGS!$B$11<>""Y"",$AI207<>""READY"",ABS($AA207)<SETTINGS!$B$26,$AF207<>"""",$AG207<>""""),""INVESTIGATE"",""BET""))))"
ENGINE,AB208,208,28,"=IF($AA208="""","""",IF(ABS($AA208)<SETTINGS!$B$8*2,"""",IF(ABS($AA208)<SETTINGS!$B$9*2,""LEAN"",IF(OR(SETTINGS!$B$11<>""Y"",$AI208<>""READY"",ABS($AA208)<SETTINGS!$B$10*2,$AF208<>"""",$AG208<>""""),""INVESTIGATE"",""BET""))))","=IF($AA208="""","""",IF(ABS($AA208)<SETTINGS!$B$33,"""",IF(ABS($AA208)<SETTINGS!$B$34,""LEAN"",IF(OR(SETTINGS!$B$11<>""Y"",$AI208<>""READY"",ABS($AA208)<SETTINGS!$B$26,$AF208<>"""",$AG208<>""""),""INVESTIGATE"",""BET""))))"
ENGINE,AB209,209,28,"=IF($AA209="""","""",IF(ABS($AA209)<SETTINGS!$B$8*2,"""",IF(ABS($AA209)<SETTINGS!$B$9*2,""LEAN"",IF(OR(SETTINGS!$B$11<>""Y"",$AI209<>""READY"",ABS($AA209)<SETTINGS!$B$10*2,$AF209<>"""",$AG209<>""""),""INVESTIGATE"",""BET""))))","=IF($AA209="""","""",IF(ABS($AA209)<SETTINGS!$B$33,"""",IF(ABS($AA209)<SETTINGS!$B$34,""LEAN"",IF(OR(SETTINGS!$B$11<>""Y"",$AI209<>""READY"",ABS($AA209)<SETTINGS!$B$26,$AF209<>"""",$AG209<>""""),""INVESTIGATE"",""BET""))))"
ENGINE,AB210,210,28,"=IF($AA210="""","""",IF(ABS($AA210)<SETTINGS!$B$8*2,"""",IF(ABS($AA210)<SETTINGS!$B$9*2,""LEAN"",IF(OR(SETTINGS!$B$11<>""Y"",$AI210<>""READY"",ABS($AA210)<SETTINGS!$B$10*2,$AF210<>"""",$AG210<>""""),""INVESTIGATE"",""BET""))))","=IF($AA210="""","""",IF(ABS($AA210)<SETTINGS!$B$33,"""",IF(ABS($AA210)<SETTINGS!$B$34,""LEAN"",IF(OR(SETTINGS!$B$11<>""Y"",$AI210<>""READY"",ABS($AA210)<SETTINGS!$B$26,$AF210<>"""",$AG210<>""""),""INVESTIGATE"",""BET""))))"
ENGINE,AB211,211,28,"=IF($AA211="""","""",IF(ABS($AA211)<SETTINGS!$B$8*2,"""",IF(ABS($AA211)<SETTINGS!$B$9*2,""LEAN"",IF(OR(SETTINGS!$B$11<>""Y"",$AI211<>""READY"",ABS($AA211)<SETTINGS!$B$10*2,$AF211<>"""",$AG211<>""""),""INVESTIGATE"",""BET""))))","=IF($AA211="""","""",IF(ABS($AA211)<SETTINGS!$B$33,"""",IF(ABS($AA211)<SETTINGS!$B$34,""LEAN"",IF(OR(SETTINGS!$B$11<>""Y"",$AI211<>""READY"",ABS($AA211)<SETTINGS!$B$26,$AF211<>"""",$AG211<>""""),""INVESTIGATE"",""BET""))))"
ENGINE,AB212,212,28,"=IF($AA212="""","""",IF(ABS($AA212)<SETTINGS!$B$8*2,"""",IF(ABS($AA212)<SETTINGS!$B$9*2,""LEAN"",IF(OR(SETTINGS!$B$11<>""Y"",$AI212<>""READY"",ABS($AA212)<SETTINGS!$B$10*2,$AF212<>"""",$AG212<>""""),""INVESTIGATE"",""BET""))))","=IF($AA212="""","""",IF(ABS($AA212)<SETTINGS!$B$33,"""",IF(ABS($AA212)<SETTINGS!$B$34,""LEAN"",IF(OR(SETTINGS!$B$11<>""Y"",$AI212<>""READY"",ABS($AA212)<SETTINGS!$B$26,$AF212<>"""",$AG212<>""""),""INVESTIGATE"",""BET""))))"
ENGINE,AB213,213,28,"=IF($AA213="""","""",IF(ABS($AA213)<SETTINGS!$B$8*2,"""",IF(ABS($AA213)<SETTINGS!$B$9*2,""LEAN"",IF(OR(SETTINGS!$B$11<>""Y"",$AI213<>""READY"",ABS($AA213)<SETTINGS!$B$10*2,$AF213<>"""",$AG213<>""""),""INVESTIGATE"",""BET""))))","=IF($AA213="""","""",IF(ABS($AA213)<SETTINGS!$B$33,"""",IF(ABS($AA213)<SETTINGS!$B$34,""LEAN"",IF(OR(SETTINGS!$B$11<>""Y"",$AI213<>""READY"",ABS($AA213)<SETTINGS!$B$26,$AF213<>"""",$AG213<>""""),""INVESTIGATE"",""BET""))))"
ENGINE,AB214,214,28,"=IF($AA214="""","""",IF(ABS($AA214)<SETTINGS!$B$8*2,"""",IF(ABS($AA214)<SETTINGS!$B$9*2,""LEAN"",IF(OR(SETTINGS!$B$11<>""Y"",$AI214<>""READY"",ABS($AA214)<SETTINGS!$B$10*2,$AF214<>"""",$AG214<>""""),""INVESTIGATE"",""BET""))))","=IF($AA214="""","""",IF(ABS($AA214)<SETTINGS!$B$33,"""",IF(ABS($AA214)<SETTINGS!$B$34,""LEAN"",IF(OR(SETTINGS!$B$11<>""Y"",$AI214<>""READY"",ABS($AA214)<SETTINGS!$B$26,$AF214<>"""",$AG214<>""""),""INVESTIGATE"",""BET""))))"
ENGINE,AB215,215,28,"=IF($AA215="""","""",IF(ABS($AA215)<SETTINGS!$B$8*2,"""",IF(ABS($AA215)<SETTINGS!$B$9*2,""LEAN"",IF(OR(SETTINGS!$B$11<>""Y"",$AI215<>""READY"",ABS($AA215)<SETTINGS!$B$10*2,$AF215<>"""",$AG215<>""""),""INVESTIGATE"",""BET""))))","=IF($AA215="""","""",IF(ABS($AA215)<SETTINGS!$B$33,"""",IF(ABS($AA215)<SETTINGS!$B$34,""LEAN"",IF(OR(SETTINGS!$B$11<>""Y"",$AI215<>""READY"",ABS($AA215)<SETTINGS!$B$26,$AF215<>"""",$AG215<>""""),""INVESTIGATE"",""BET""))))"
ENGINE,AB216,216,28,"=IF($AA216="""","""",IF(ABS($AA216)<SETTINGS!$B$8*2,"""",IF(ABS($AA216)<SETTINGS!$B$9*2,""LEAN"",IF(OR(SETTINGS!$B$11<>""Y"",$AI216<>""READY"",ABS($AA216)<SETTINGS!$B$10*2,$AF216<>"""",$AG216<>""""),""INVESTIGATE"",""BET""))))","=IF($AA216="""","""",IF(ABS($AA216)<SETTINGS!$B$33,"""",IF(ABS($AA216)<SETTINGS!$B$34,""LEAN"",IF(OR(SETTINGS!$B$11<>""Y"",$AI216<>""READY"",ABS($AA216)<SETTINGS!$B$26,$AF216<>"""",$AG216<>""""),""INVESTIGATE"",""BET""))))"
ENGINE,AB217,217,28,"=IF($AA217="""","""",IF(ABS($AA217)<SETTINGS!$B$8*2,"""",IF(ABS($AA217)<SETTINGS!$B$9*2,""LEAN"",IF(OR(SETTINGS!$B$11<>""Y"",$AI217<>""READY"",ABS($AA217)<SETTINGS!$B$10*2,$AF217<>"""",$AG217<>""""),""INVESTIGATE"",""BET""))))","=IF($AA217="""","""",IF(ABS($AA217)<SETTINGS!$B$33,"""",IF(ABS($AA217)<SETTINGS!$B$34,""LEAN"",IF(OR(SETTINGS!$B$11<>""Y"",$AI217<>""READY"",ABS($AA217)<SETTINGS!$B$26,$AF217<>"""",$AG217<>""""),""INVESTIGATE"",""BET""))))"
ENGINE,AB218,218,28,"=IF($AA218="""","""",IF(ABS($AA218)<SETTINGS!$B$8*2,"""",IF(ABS($AA218)<SETTINGS!$B$9*2,""LEAN"",IF(OR(SETTINGS!$B$11<>""Y"",$AI218<>""READY"",ABS($AA218)<SETTINGS!$B$10*2,$AF218<>"""",$AG218<>""""),""INVESTIGATE"",""BET""))))","=IF($AA218="""","""",IF(ABS($AA218)<SETTINGS!$B$33,"""",IF(ABS($AA218)<SETTINGS!$B$34,""LEAN"",IF(OR(SETTINGS!$B$11<>""Y"",$AI218<>""READY"",ABS($AA218)<SETTINGS!$B$26,$AF218<>"""",$AG218<>""""),""INVESTIGATE"",""BET""))))"
ENGINE,AB219,219,28,"=IF($AA219="""","""",IF(ABS($AA219)<SETTINGS!$B$8*2,"""",IF(ABS($AA219)<SETTINGS!$B$9*2,""LEAN"",IF(OR(SETTINGS!$B$11<>""Y"",$AI219<>""READY"",ABS($AA219)<SETTINGS!$B$10*2,$AF219<>"""",$AG219<>""""),""INVESTIGATE"",""BET""))))","=IF($AA219="""","""",IF(ABS($AA219)<SETTINGS!$B$33,"""",IF(ABS($AA219)<SETTINGS!$B$34,""LEAN"",IF(OR(SETTINGS!$B$11<>""Y"",$AI219<>""READY"",ABS($AA219)<SETTINGS!$B$26,$AF219<>"""",$AG219<>""""),""INVESTIGATE"",""BET""))))"
ENGINE,AB220,220,28,"=IF($AA220="""","""",IF(ABS($AA220)<SETTINGS!$B$8*2,"""",IF(ABS($AA220)<SETTINGS!$B$9*2,""LEAN"",IF(OR(SETTINGS!$B$11<>""Y"",$AI220<>""READY"",ABS($AA220)<SETTINGS!$B$10*2,$AF220<>"""",$AG220<>""""),""INVESTIGATE"",""BET""))))","=IF($AA220="""","""",IF(ABS($AA220)<SETTINGS!$B$33,"""",IF(ABS($AA220)<SETTINGS!$B$34,""LEAN"",IF(OR(SETTINGS!$B$11<>""Y"",$AI220<>""READY"",ABS($AA220)<SETTINGS!$B$26,$AF220<>"""",$AG220<>""""),""INVESTIGATE"",""BET""))))"
ENGINE,AB221,221,28,"=IF($AA221="""","""",IF(ABS($AA221)<SETTINGS!$B$8*2,"""",IF(ABS($AA221)<SETTINGS!$B$9*2,""LEAN"",IF(OR(SETTINGS!$B$11<>""Y"",$AI221<>""READY"",ABS($AA221)<SETTINGS!$B$10*2,$AF221<>"""",$AG221<>""""),""INVESTIGATE"",""BET""))))","=IF($AA221="""","""",IF(ABS($AA221)<SETTINGS!$B$33,"""",IF(ABS($AA221)<SETTINGS!$B$34,""LEAN"",IF(OR(SETTINGS!$B$11<>""Y"",$AI221<>""READY"",ABS($AA221)<SETTINGS!$B$26,$AF221<>"""",$AG221<>""""),""INVESTIGATE"",""BET""))))"
ENGINE,AB222,222,28,"=IF($AA222="""","""",IF(ABS($AA222)<SETTINGS!$B$8*2,"""",IF(ABS($AA222)<SETTINGS!$B$9*2,""LEAN"",IF(OR(SETTINGS!$B$11<>""Y"",$AI222<>""READY"",ABS($AA222)<SETTINGS!$B$10*2,$AF222<>"""",$AG222<>""""),""INVESTIGATE"",""BET""))))","=IF($AA222="""","""",IF(ABS($AA222)<SETTINGS!$B$33,"""",IF(ABS($AA222)<SETTINGS!$B$34,""LEAN"",IF(OR(SETTINGS!$B$11<>""Y"",$AI222<>""READY"",ABS($AA222)<SETTINGS!$B$26,$AF222<>"""",$AG222<>""""),""INVESTIGATE"",""BET""))))"
ENGINE,AB223,223,28,"=IF($AA223="""","""",IF(ABS($AA223)<SETTINGS!$B$8*2,"""",IF(ABS($AA223)<SETTINGS!$B$9*2,""LEAN"",IF(OR(SETTINGS!$B$11<>""Y"",$AI223<>""READY"",ABS($AA223)<SETTINGS!$B$10*2,$AF223<>"""",$AG223<>""""),""INVESTIGATE"",""BET""))))","=IF($AA223="""","""",IF(ABS($AA223)<SETTINGS!$B$33,"""",IF(ABS($AA223)<SETTINGS!$B$34,""LEAN"",IF(OR(SETTINGS!$B$11<>""Y"",$AI223<>""READY"",ABS($AA223)<SETTINGS!$B$26,$AF223<>"""",$AG223<>""""),""INVESTIGATE"",""BET""))))"
ENGINE,AB224,224,28,"=IF($AA224="""","""",IF(ABS($AA224)<SETTINGS!$B$8*2,"""",IF(ABS($AA224)<SETTINGS!$B$9*2,""LEAN"",IF(OR(SETTINGS!$B$11<>""Y"",$AI224<>""READY"",ABS($AA224)<SETTINGS!$B$10*2,$AF224<>"""",$AG224<>""""),""INVESTIGATE"",""BET""))))","=IF($AA224="""","""",IF(ABS($AA224)<SETTINGS!$B$33,"""",IF(ABS($AA224)<SETTINGS!$B$34,""LEAN"",IF(OR(SETTINGS!$B$11<>""Y"",$AI224<>""READY"",ABS($AA224)<SETTINGS!$B$26,$AF224<>"""",$AG224<>""""),""INVESTIGATE"",""BET""))))"
ENGINE,AB225,225,28,"=IF($AA225="""","""",IF(ABS($AA225)<SETTINGS!$B$8*2,"""",IF(ABS($AA225)<SETTINGS!$B$9*2,""LEAN"",IF(OR(SETTINGS!$B$11<>""Y"",$AI225<>""READY"",ABS($AA225)<SETTINGS!$B$10*2,$AF225<>"""",$AG225<>""""),""INVESTIGATE"",""BET""))))","=IF($AA225="""","""",IF(ABS($AA225)<SETTINGS!$B$33,"""",IF(ABS($AA225)<SETTINGS!$B$34,""LEAN"",IF(OR(SETTINGS!$B$11<>""Y"",$AI225<>""READY"",ABS($AA225)<SETTINGS!$B$26,$AF225<>"""",$AG225<>""""),""INVESTIGATE"",""BET""))))"
ENGINE,AB226,226,28,"=IF($AA226="""","""",IF(ABS($AA226)<SETTINGS!$B$8*2,"""",IF(ABS($AA226)<SETTINGS!$B$9*2,""LEAN"",IF(OR(SETTINGS!$B$11<>""Y"",$AI226<>""READY"",ABS($AA226)<SETTINGS!$B$10*2,$AF226<>"""",$AG226<>""""),""INVESTIGATE"",""BET""))))","=IF($AA226="""","""",IF(ABS($AA226)<SETTINGS!$B$33,"""",IF(ABS($AA226)<SETTINGS!$B$34,""LEAN"",IF(OR(SETTINGS!$B$11<>""Y"",$AI226<>""READY"",ABS($AA226)<SETTINGS!$B$26,$AF226<>"""",$AG226<>""""),""INVESTIGATE"",""BET""))))"
ENGINE,AB227,227,28,"=IF($AA227="""","""",IF(ABS($AA227)<SETTINGS!$B$8*2,"""",IF(ABS($AA227)<SETTINGS!$B$9*2,""LEAN"",IF(OR(SETTINGS!$B$11<>""Y"",$AI227<>""READY"",ABS($AA227)<SETTINGS!$B$10*2,$AF227<>"""",$AG227<>""""),""INVESTIGATE"",""BET""))))","=IF($AA227="""","""",IF(ABS($AA227)<SETTINGS!$B$33,"""",IF(ABS($AA227)<SETTINGS!$B$34,""LEAN"",IF(OR(SETTINGS!$B$11<>""Y"",$AI227<>""READY"",ABS($AA227)<SETTINGS!$B$26,$AF227<>"""",$AG227<>""""),""INVESTIGATE"",""BET""))))"
ENGINE,AB228,228,28,"=IF($AA228="""","""",IF(ABS($AA228)<SETTINGS!$B$8*2,"""",IF(ABS($AA228)<SETTINGS!$B$9*2,""LEAN"",IF(OR(SETTINGS!$B$11<>""Y"",$AI228<>""READY"",ABS($AA228)<SETTINGS!$B$10*2,$AF228<>"""",$AG228<>""""),""INVESTIGATE"",""BET""))))","=IF($AA228="""","""",IF(ABS($AA228)<SETTINGS!$B$33,"""",IF(ABS($AA228)<SETTINGS!$B$34,""LEAN"",IF(OR(SETTINGS!$B$11<>""Y"",$AI228<>""READY"",ABS($AA228)<SETTINGS!$B$26,$AF228<>"""",$AG228<>""""),""INVESTIGATE"",""BET""))))"
ENGINE,AB229,229,28,"=IF($AA229="""","""",IF(ABS($AA229)<SETTINGS!$B$8*2,"""",IF(ABS($AA229)<SETTINGS!$B$9*2,""LEAN"",IF(OR(SETTINGS!$B$11<>""Y"",$AI229<>""READY"",ABS($AA229)<SETTINGS!$B$10*2,$AF229<>"""",$AG229<>""""),""INVESTIGATE"",""BET""))))","=IF($AA229="""","""",IF(ABS($AA229)<SETTINGS!$B$33,"""",IF(ABS($AA229)<SETTINGS!$B$34,""LEAN"",IF(OR(SETTINGS!$B$11<>""Y"",$AI229<>""READY"",ABS($AA229)<SETTINGS!$B$26,$AF229<>"""",$AG229<>""""),""INVESTIGATE"",""BET""))))"
ENGINE,AB230,230,28,"=IF($AA230="""","""",IF(ABS($AA230)<SETTINGS!$B$8*2,"""",IF(ABS($AA230)<SETTINGS!$B$9*2,""LEAN"",IF(OR(SETTINGS!$B$11<>""Y"",$AI230<>""READY"",ABS($AA230)<SETTINGS!$B$10*2,$AF230<>"""",$AG230<>""""),""INVESTIGATE"",""BET""))))","=IF($AA230="""","""",IF(ABS($AA230)<SETTINGS!$B$33,"""",IF(ABS($AA230)<SETTINGS!$B$34,""LEAN"",IF(OR(SETTINGS!$B$11<>""Y"",$AI230<>""READY"",ABS($AA230)<SETTINGS!$B$26,$AF230<>"""",$AG230<>""""),""INVESTIGATE"",""BET""))))"
ENGINE,AB231,231,28,"=IF($AA231="""","""",IF(ABS($AA231)<SETTINGS!$B$8*2,"""",IF(ABS($AA231)<SETTINGS!$B$9*2,""LEAN"",IF(OR(SETTINGS!$B$11<>""Y"",$AI231<>""READY"",ABS($AA231)<SETTINGS!$B$10*2,$AF231<>"""",$AG231<>""""),""INVESTIGATE"",""BET""))))","=IF($AA231="""","""",IF(ABS($AA231)<SETTINGS!$B$33,"""",IF(ABS($AA231)<SETTINGS!$B$34,""LEAN"",IF(OR(SETTINGS!$B$11<>""Y"",$AI231<>""READY"",ABS($AA231)<SETTINGS!$B$26,$AF231<>"""",$AG231<>""""),""INVESTIGATE"",""BET""))))"
ENGINE,AB232,232,28,"=IF($AA232="""","""",IF(ABS($AA232)<SETTINGS!$B$8*2,"""",IF(ABS($AA232)<SETTINGS!$B$9*2,""LEAN"",IF(OR(SETTINGS!$B$11<>""Y"",$AI232<>""READY"",ABS($AA232)<SETTINGS!$B$10*2,$AF232<>"""",$AG232<>""""),""INVESTIGATE"",""BET""))))","=IF($AA232="""","""",IF(ABS($AA232)<SETTINGS!$B$33,"""",IF(ABS($AA232)<SETTINGS!$B$34,""LEAN"",IF(OR(SETTINGS!$B$11<>""Y"",$AI232<>""READY"",ABS($AA232)<SETTINGS!$B$26,$AF232<>"""",$AG232<>""""),""INVESTIGATE"",""BET""))))"
ENGINE,AB233,233,28,"=IF($AA233="""","""",IF(ABS($AA233)<SETTINGS!$B$8*2,"""",IF(ABS($AA233)<SETTINGS!$B$9*2,""LEAN"",IF(OR(SETTINGS!$B$11<>""Y"",$AI233<>""READY"",ABS($AA233)<SETTINGS!$B$10*2,$AF233<>"""",$AG233<>""""),""INVESTIGATE"",""BET""))))","=IF($AA233="""","""",IF(ABS($AA233)<SETTINGS!$B$33,"""",IF(ABS($AA233)<SETTINGS!$B$34,""LEAN"",IF(OR(SETTINGS!$B$11<>""Y"",$AI233<>""READY"",ABS($AA233)<SETTINGS!$B$26,$AF233<>"""",$AG233<>""""),""INVESTIGATE"",""BET""))))"
ENGINE,AB234,234,28,"=IF($AA234="""","""",IF(ABS($AA234)<SETTINGS!$B$8*2,"""",IF(ABS($AA234)<SETTINGS!$B$9*2,""LEAN"",IF(OR(SETTINGS!$B$11<>""Y"",$AI234<>""READY"",ABS($AA234)<SETTINGS!$B$10*2,$AF234<>"""",$AG234<>""""),""INVESTIGATE"",""BET""))))","=IF($AA234="""","""",IF(ABS($AA234)<SETTINGS!$B$33,"""",IF(ABS($AA234)<SETTINGS!$B$34,""LEAN"",IF(OR(SETTINGS!$B$11<>""Y"",$AI234<>""READY"",ABS($AA234)<SETTINGS!$B$26,$AF234<>"""",$AG234<>""""),""INVESTIGATE"",""BET""))))"
ENGINE,AB235,235,28,"=IF($AA235="""","""",IF(ABS($AA235)<SETTINGS!$B$8*2,"""",IF(ABS($AA235)<SETTINGS!$B$9*2,""LEAN"",IF(OR(SETTINGS!$B$11<>""Y"",$AI235<>""READY"",ABS($AA235)<SETTINGS!$B$10*2,$AF235<>"""",$AG235<>""""),""INVESTIGATE"",""BET""))))","=IF($AA235="""","""",IF(ABS($AA235)<SETTINGS!$B$33,"""",IF(ABS($AA235)<SETTINGS!$B$34,""LEAN"",IF(OR(SETTINGS!$B$11<>""Y"",$AI235<>""READY"",ABS($AA235)<SETTINGS!$B$26,$AF235<>"""",$AG235<>""""),""INVESTIGATE"",""BET""))))"
ENGINE,AB236,236,28,"=IF($AA236="""","""",IF(ABS($AA236)<SETTINGS!$B$8*2,"""",IF(ABS($AA236)<SETTINGS!$B$9*2,""LEAN"",IF(OR(SETTINGS!$B$11<>""Y"",$AI236<>""READY"",ABS($AA236)<SETTINGS!$B$10*2,$AF236<>"""",$AG236<>""""),""INVESTIGATE"",""BET""))))","=IF($AA236="""","""",IF(ABS($AA236)<SETTINGS!$B$33,"""",IF(ABS($AA236)<SETTINGS!$B$34,""LEAN"",IF(OR(SETTINGS!$B$11<>""Y"",$AI236<>""READY"",ABS($AA236)<SETTINGS!$B$26,$AF236<>"""",$AG236<>""""),""INVESTIGATE"",""BET""))))"
ENGINE,AB237,237,28,"=IF($AA237="""","""",IF(ABS($AA237)<SETTINGS!$B$8*2,"""",IF(ABS($AA237)<SETTINGS!$B$9*2,""LEAN"",IF(OR(SETTINGS!$B$11<>""Y"",$AI237<>""READY"",ABS($AA237)<SETTINGS!$B$10*2,$AF237<>"""",$AG237<>""""),""INVESTIGATE"",""BET""))))","=IF($AA237="""","""",IF(ABS($AA237)<SETTINGS!$B$33,"""",IF(ABS($AA237)<SETTINGS!$B$34,""LEAN"",IF(OR(SETTINGS!$B$11<>""Y"",$AI237<>""READY"",ABS($AA237)<SETTINGS!$B$26,$AF237<>"""",$AG237<>""""),""INVESTIGATE"",""BET""))))"
ENGINE,AB238,238,28,"=IF($AA238="""","""",IF(ABS($AA238)<SETTINGS!$B$8*2,"""",IF(ABS($AA238)<SETTINGS!$B$9*2,""LEAN"",IF(OR(SETTINGS!$B$11<>""Y"",$AI238<>""READY"",ABS($AA238)<SETTINGS!$B$10*2,$AF238<>"""",$AG238<>""""),""INVESTIGATE"",""BET""))))","=IF($AA238="""","""",IF(ABS($AA238)<SETTINGS!$B$33,"""",IF(ABS($AA238)<SETTINGS!$B$34,""LEAN"",IF(OR(SETTINGS!$B$11<>""Y"",$AI238<>""READY"",ABS($AA238)<SETTINGS!$B$26,$AF238<>"""",$AG238<>""""),""INVESTIGATE"",""BET""))))"
ENGINE,AB239,239,28,"=IF($AA239="""","""",IF(ABS($AA239)<SETTINGS!$B$8*2,"""",IF(ABS($AA239)<SETTINGS!$B$9*2,""LEAN"",IF(OR(SETTINGS!$B$11<>""Y"",$AI239<>""READY"",ABS($AA239)<SETTINGS!$B$10*2,$AF239<>"""",$AG239<>""""),""INVESTIGATE"",""BET""))))","=IF($AA239="""","""",IF(ABS($AA239)<SETTINGS!$B$33,"""",IF(ABS($AA239)<SETTINGS!$B$34,""LEAN"",IF(OR(SETTINGS!$B$11<>""Y"",$AI239<>""READY"",ABS($AA239)<SETTINGS!$B$26,$AF239<>"""",$AG239<>""""),""INVESTIGATE"",""BET""))))"
ENGINE,AB240,240,28,"=IF($AA240="""","""",IF(ABS($AA240)<SETTINGS!$B$8*2,"""",IF(ABS($AA240)<SETTINGS!$B$9*2,""LEAN"",IF(OR(SETTINGS!$B$11<>""Y"",$AI240<>""READY"",ABS($AA240)<SETTINGS!$B$10*2,$AF240<>"""",$AG240<>""""),""INVESTIGATE"",""BET""))))","=IF($AA240="""","""",IF(ABS($AA240)<SETTINGS!$B$33,"""",IF(ABS($AA240)<SETTINGS!$B$34,""LEAN"",IF(OR(SETTINGS!$B$11<>""Y"",$AI240<>""READY"",ABS($AA240)<SETTINGS!$B$26,$AF240<>"""",$AG240<>""""),""INVESTIGATE"",""BET""))))"
ENGINE,AB241,241,28,"=IF($AA241="""","""",IF(ABS($AA241)<SETTINGS!$B$8*2,"""",IF(ABS($AA241)<SETTINGS!$B$9*2,""LEAN"",IF(OR(SETTINGS!$B$11<>""Y"",$AI241<>""READY"",ABS($AA241)<SETTINGS!$B$10*2,$AF241<>"""",$AG241<>""""),""INVESTIGATE"",""BET""))))","=IF($AA241="""","""",IF(ABS($AA241)<SETTINGS!$B$33,"""",IF(ABS($AA241)<SETTINGS!$B$34,""LEAN"",IF(OR(SETTINGS!$B$11<>""Y"",$AI241<>""READY"",ABS($AA241)<SETTINGS!$B$26,$AF241<>"""",$AG241<>""""),""INVESTIGATE"",""BET""))))"
ENGINE,AB242,242,28,"=IF($AA242="""","""",IF(ABS($AA242)<SETTINGS!$B$8*2,"""",IF(ABS($AA242)<SETTINGS!$B$9*2,""LEAN"",IF(OR(SETTINGS!$B$11<>""Y"",$AI242<>""READY"",ABS($AA242)<SETTINGS!$B$10*2,$AF242<>"""",$AG242<>""""),""INVESTIGATE"",""BET""))))","=IF($AA242="""","""",IF(ABS($AA242)<SETTINGS!$B$33,"""",IF(ABS($AA242)<SETTINGS!$B$34,""LEAN"",IF(OR(SETTINGS!$B$11<>""Y"",$AI242<>""READY"",ABS($AA242)<SETTINGS!$B$26,$AF242<>"""",$AG242<>""""),""INVESTIGATE"",""BET""))))"
ENGINE,AB243,243,28,"=IF($AA243="""","""",IF(ABS($AA243)<SETTINGS!$B$8*2,"""",IF(ABS($AA243)<SETTINGS!$B$9*2,""LEAN"",IF(OR(SETTINGS!$B$11<>""Y"",$AI243<>""READY"",ABS($AA243)<SETTINGS!$B$10*2,$AF243<>"""",$AG243<>""""),""INVESTIGATE"",""BET""))))","=IF($AA243="""","""",IF(ABS($AA243)<SETTINGS!$B$33,"""",IF(ABS($AA243)<SETTINGS!$B$34,""LEAN"",IF(OR(SETTINGS!$B$11<>""Y"",$AI243<>""READY"",ABS($AA243)<SETTINGS!$B$26,$AF243<>"""",$AG243<>""""),""INVESTIGATE"",""BET""))))"
ENGINE,AB244,244,28,"=IF($AA244="""","""",IF(ABS($AA244)<SETTINGS!$B$8*2,"""",IF(ABS($AA244)<SETTINGS!$B$9*2,""LEAN"",IF(OR(SETTINGS!$B$11<>""Y"",$AI244<>""READY"",ABS($AA244)<SETTINGS!$B$10*2,$AF244<>"""",$AG244<>""""),""INVESTIGATE"",""BET""))))","=IF($AA244="""","""",IF(ABS($AA244)<SETTINGS!$B$33,"""",IF(ABS($AA244)<SETTINGS!$B$34,""LEAN"",IF(OR(SETTINGS!$B$11<>""Y"",$AI244<>""READY"",ABS($AA244)<SETTINGS!$B$26,$AF244<>"""",$AG244<>""""),""INVESTIGATE"",""BET""))))"
ENGINE,AB245,245,28,"=IF($AA245="""","""",IF(ABS($AA245)<SETTINGS!$B$8*2,"""",IF(ABS($AA245)<SETTINGS!$B$9*2,""LEAN"",IF(OR(SETTINGS!$B$11<>""Y"",$AI245<>""READY"",ABS($AA245)<SETTINGS!$B$10*2,$AF245<>"""",$AG245<>""""),""INVESTIGATE"",""BET""))))","=IF($AA245="""","""",IF(ABS($AA245)<SETTINGS!$B$33,"""",IF(ABS($AA245)<SETTINGS!$B$34,""LEAN"",IF(OR(SETTINGS!$B$11<>""Y"",$AI245<>""READY"",ABS($AA245)<SETTINGS!$B$26,$AF245<>"""",$AG245<>""""),""INVESTIGATE"",""BET""))))"
ENGINE,AB246,246,28,"=IF($AA246="""","""",IF(ABS($AA246)<SETTINGS!$B$8*2,"""",IF(ABS($AA246)<SETTINGS!$B$9*2,""LEAN"",IF(OR(SETTINGS!$B$11<>""Y"",$AI246<>""READY"",ABS($AA246)<SETTINGS!$B$10*2,$AF246<>"""",$AG246<>""""),""INVESTIGATE"",""BET""))))","=IF($AA246="""","""",IF(ABS($AA246)<SETTINGS!$B$33,"""",IF(ABS($AA246)<SETTINGS!$B$34,""LEAN"",IF(OR(SETTINGS!$B$11<>""Y"",$AI246<>""READY"",ABS($AA246)<SETTINGS!$B$26,$AF246<>"""",$AG246<>""""),""INVESTIGATE"",""BET""))))"
ENGINE,AB247,247,28,"=IF($AA247="""","""",IF(ABS($AA247)<SETTINGS!$B$8*2,"""",IF(ABS($AA247)<SETTINGS!$B$9*2,""LEAN"",IF(OR(SETTINGS!$B$11<>""Y"",$AI247<>""READY"",ABS($AA247)<SETTINGS!$B$10*2,$AF247<>"""",$AG247<>""""),""INVESTIGATE"",""BET""))))","=IF($AA247="""","""",IF(ABS($AA247)<SETTINGS!$B$33,"""",IF(ABS($AA247)<SETTINGS!$B$34,""LEAN"",IF(OR(SETTINGS!$B$11<>""Y"",$AI247<>""READY"",ABS($AA247)<SETTINGS!$B$26,$AF247<>"""",$AG247<>""""),""INVESTIGATE"",""BET""))))"
ENGINE,AB248,248,28,"=IF($AA248="""","""",IF(ABS($AA248)<SETTINGS!$B$8*2,"""",IF(ABS($AA248)<SETTINGS!$B$9*2,""LEAN"",IF(OR(SETTINGS!$B$11<>""Y"",$AI248<>""READY"",ABS($AA248)<SETTINGS!$B$10*2,$AF248<>"""",$AG248<>""""),""INVESTIGATE"",""BET""))))","=IF($AA248="""","""",IF(ABS($AA248)<SETTINGS!$B$33,"""",IF(ABS($AA248)<SETTINGS!$B$34,""LEAN"",IF(OR(SETTINGS!$B$11<>""Y"",$AI248<>""READY"",ABS($AA248)<SETTINGS!$B$26,$AF248<>"""",$AG248<>""""),""INVESTIGATE"",""BET""))))"
ENGINE,AB249,249,28,"=IF($AA249="""","""",IF(ABS($AA249)<SETTINGS!$B$8*2,"""",IF(ABS($AA249)<SETTINGS!$B$9*2,""LEAN"",IF(OR(SETTINGS!$B$11<>""Y"",$AI249<>""READY"",ABS($AA249)<SETTINGS!$B$10*2,$AF249<>"""",$AG249<>""""),""INVESTIGATE"",""BET""))))","=IF($AA249="""","""",IF(ABS($AA249)<SETTINGS!$B$33,"""",IF(ABS($AA249)<SETTINGS!$B$34,""LEAN"",IF(OR(SETTINGS!$B$11<>""Y"",$AI249<>""READY"",ABS($AA249)<SETTINGS!$B$26,$AF249<>"""",$AG249<>""""),""INVESTIGATE"",""BET""))))"
ENGINE,AB250,250,28,"=IF($AA250="""","""",IF(ABS($AA250)<SETTINGS!$B$8*2,"""",IF(ABS($AA250)<SETTINGS!$B$9*2,""LEAN"",IF(OR(SETTINGS!$B$11<>""Y"",$AI250<>""READY"",ABS($AA250)<SETTINGS!$B$10*2,$AF250<>"""",$AG250<>""""),""INVESTIGATE"",""BET""))))","=IF($AA250="""","""",IF(ABS($AA250)<SETTINGS!$B$33,"""",IF(ABS($AA250)<SETTINGS!$B$34,""LEAN"",IF(OR(SETTINGS!$B$11<>""Y"",$AI250<>""READY"",ABS($AA250)<SETTINGS!$B$26,$AF250<>"""",$AG250<>""""),""INVESTIGATE"",""BET""))))"
ENGINE,AB251,251,28,"=IF($AA251="""","""",IF(ABS($AA251)<SETTINGS!$B$8*2,"""",IF(ABS($AA251)<SETTINGS!$B$9*2,""LEAN"",IF(OR(SETTINGS!$B$11<>""Y"",$AI251<>""READY"",ABS($AA251)<SETTINGS!$B$10*2,$AF251<>"""",$AG251<>""""),""INVESTIGATE"",""BET""))))","=IF($AA251="""","""",IF(ABS($AA251)<SETTINGS!$B$33,"""",IF(ABS($AA251)<SETTINGS!$B$34,""LEAN"",IF(OR(SETTINGS!$B$11<>""Y"",$AI251<>""READY"",ABS($AA251)<SETTINGS!$B$26,$AF251<>"""",$AG251<>""""),""INVESTIGATE"",""BET""))))"
ENGINE,AB252,252,28,"=IF($AA252="""","""",IF(ABS($AA252)<SETTINGS!$B$8*2,"""",IF(ABS($AA252)<SETTINGS!$B$9*2,""LEAN"",IF(OR(SETTINGS!$B$11<>""Y"",$AI252<>""READY"",ABS($AA252)<SETTINGS!$B$10*2,$AF252<>"""",$AG252<>""""),""INVESTIGATE"",""BET""))))","=IF($AA252="""","""",IF(ABS($AA252)<SETTINGS!$B$33,"""",IF(ABS($AA252)<SETTINGS!$B$34,""LEAN"",IF(OR(SETTINGS!$B$11<>""Y"",$AI252<>""READY"",ABS($AA252)<SETTINGS!$B$26,$AF252<>"""",$AG252<>""""),""INVESTIGATE"",""BET""))))"
ENGINE,AB253,253,28,"=IF($AA253="""","""",IF(ABS($AA253)<SETTINGS!$B$8*2,"""",IF(ABS($AA253)<SETTINGS!$B$9*2,""LEAN"",IF(OR(SETTINGS!$B$11<>""Y"",$AI253<>""READY"",ABS($AA253)<SETTINGS!$B$10*2,$AF253<>"""",$AG253<>""""),""INVESTIGATE"",""BET""))))","=IF($AA253="""","""",IF(ABS($AA253)<SETTINGS!$B$33,"""",IF(ABS($AA253)<SETTINGS!$B$34,""LEAN"",IF(OR(SETTINGS!$B$11<>""Y"",$AI253<>""READY"",ABS($AA253)<SETTINGS!$B$26,$AF253<>"""",$AG253<>""""),""INVESTIGATE"",""BET""))))"
ENGINE,AB254,254,28,"=IF($AA254="""","""",IF(ABS($AA254)<SETTINGS!$B$8*2,"""",IF(ABS($AA254)<SETTINGS!$B$9*2,""LEAN"",IF(OR(SETTINGS!$B$11<>""Y"",$AI254<>""READY"",ABS($AA254)<SETTINGS!$B$10*2,$AF254<>"""",$AG254<>""""),""INVESTIGATE"",""BET""))))","=IF($AA254="""","""",IF(ABS($AA254)<SETTINGS!$B$33,"""",IF(ABS($AA254)<SETTINGS!$B$34,""LEAN"",IF(OR(SETTINGS!$B$11<>""Y"",$AI254<>""READY"",ABS($AA254)<SETTINGS!$B$26,$AF254<>"""",$AG254<>""""),""INVESTIGATE"",""BET""))))"
ENGINE,AB255,255,28,"=IF($AA255="""","""",IF(ABS($AA255)<SETTINGS!$B$8*2,"""",IF(ABS($AA255)<SETTINGS!$B$9*2,""LEAN"",IF(OR(SETTINGS!$B$11<>""Y"",$AI255<>""READY"",ABS($AA255)<SETTINGS!$B$10*2,$AF255<>"""",$AG255<>""""),""INVESTIGATE"",""BET""))))","=IF($AA255="""","""",IF(ABS($AA255)<SETTINGS!$B$33,"""",IF(ABS($AA255)<SETTINGS!$B$34,""LEAN"",IF(OR(SETTINGS!$B$11<>""Y"",$AI255<>""READY"",ABS($AA255)<SETTINGS!$B$26,$AF255<>"""",$AG255<>""""),""INVESTIGATE"",""BET""))))"
ENGINE,AB256,256,28,"=IF($AA256="""","""",IF(ABS($AA256)<SETTINGS!$B$8*2,"""",IF(ABS($AA256)<SETTINGS!$B$9*2,""LEAN"",IF(OR(SETTINGS!$B$11<>""Y"",$AI256<>""READY"",ABS($AA256)<SETTINGS!$B$10*2,$AF256<>"""",$AG256<>""""),""INVESTIGATE"",""BET""))))","=IF($AA256="""","""",IF(ABS($AA256)<SETTINGS!$B$33,"""",IF(ABS($AA256)<SETTINGS!$B$34,""LEAN"",IF(OR(SETTINGS!$B$11<>""Y"",$AI256<>""READY"",ABS($AA256)<SETTINGS!$B$26,$AF256<>"""",$AG256<>""""),""INVESTIGATE"",""BET""))))"
ENGINE,AB257,257,28,"=IF($AA257="""","""",IF(ABS($AA257)<SETTINGS!$B$8*2,"""",IF(ABS($AA257)<SETTINGS!$B$9*2,""LEAN"",IF(OR(SETTINGS!$B$11<>""Y"",$AI257<>""READY"",ABS($AA257)<SETTINGS!$B$10*2,$AF257<>"""",$AG257<>""""),""INVESTIGATE"",""BET""))))","=IF($AA257="""","""",IF(ABS($AA257)<SETTINGS!$B$33,"""",IF(ABS($AA257)<SETTINGS!$B$34,""LEAN"",IF(OR(SETTINGS!$B$11<>""Y"",$AI257<>""READY"",ABS($AA257)<SETTINGS!$B$26,$AF257<>"""",$AG257<>""""),""INVESTIGATE"",""BET""))))"
ENGINE,AB258,258,28,"=IF($AA258="""","""",IF(ABS($AA258)<SETTINGS!$B$8*2,"""",IF(ABS($AA258)<SETTINGS!$B$9*2,""LEAN"",IF(OR(SETTINGS!$B$11<>""Y"",$AI258<>""READY"",ABS($AA258)<SETTINGS!$B$10*2,$AF258<>"""",$AG258<>""""),""INVESTIGATE"",""BET""))))","=IF($AA258="""","""",IF(ABS($AA258)<SETTINGS!$B$33,"""",IF(ABS($AA258)<SETTINGS!$B$34,""LEAN"",IF(OR(SETTINGS!$B$11<>""Y"",$AI258<>""READY"",ABS($AA258)<SETTINGS!$B$26,$AF258<>"""",$AG258<>""""),""INVESTIGATE"",""BET""))))"
ENGINE,AB259,259,28,"=IF($AA259="""","""",IF(ABS($AA259)<SETTINGS!$B$8*2,"""",IF(ABS($AA259)<SETTINGS!$B$9*2,""LEAN"",IF(OR(SETTINGS!$B$11<>""Y"",$AI259<>""READY"",ABS($AA259)<SETTINGS!$B$10*2,$AF259<>"""",$AG259<>""""),""INVESTIGATE"",""BET""))))","=IF($AA259="""","""",IF(ABS($AA259)<SETTINGS!$B$33,"""",IF(ABS($AA259)<SETTINGS!$B$34,""LEAN"",IF(OR(SETTINGS!$B$11<>""Y"",$AI259<>""READY"",ABS($AA259)<SETTINGS!$B$26,$AF259<>"""",$AG259<>""""),""INVESTIGATE"",""BET""))))"
ENGINE,AB260,260,28,"=IF($AA260="""","""",IF(ABS($AA260)<SETTINGS!$B$8*2,"""",IF(ABS($AA260)<SETTINGS!$B$9*2,""LEAN"",IF(OR(SETTINGS!$B$11<>""Y"",$AI260<>""READY"",ABS($AA260)<SETTINGS!$B$10*2,$AF260<>"""",$AG260<>""""),""INVESTIGATE"",""BET""))))","=IF($AA260="""","""",IF(ABS($AA260)<SETTINGS!$B$33,"""",IF(ABS($AA260)<SETTINGS!$B$34,""LEAN"",IF(OR(SETTINGS!$B$11<>""Y"",$AI260<>""READY"",ABS($AA260)<SETTINGS!$B$26,$AF260<>"""",$AG260<>""""),""INVESTIGATE"",""BET""))))"
ENGINE,AB261,261,28,"=IF($AA261="""","""",IF(ABS($AA261)<SETTINGS!$B$8*2,"""",IF(ABS($AA261)<SETTINGS!$B$9*2,""LEAN"",IF(OR(SETTINGS!$B$11<>""Y"",$AI261<>""READY"",ABS($AA261)<SETTINGS!$B$10*2,$AF261<>"""",$AG261<>""""),""INVESTIGATE"",""BET""))))","=IF($AA261="""","""",IF(ABS($AA261)<SETTINGS!$B$33,"""",IF(ABS($AA261)<SETTINGS!$B$34,""LEAN"",IF(OR(SETTINGS!$B$11<>""Y"",$AI261<>""READY"",ABS($AA261)<SETTINGS!$B$26,$AF261<>"""",$AG261<>""""),""INVESTIGATE"",""BET""))))"
ENGINE,AB262,262,28,"=IF($AA262="""","""",IF(ABS($AA262)<SETTINGS!$B$8*2,"""",IF(ABS($AA262)<SETTINGS!$B$9*2,""LEAN"",IF(OR(SETTINGS!$B$11<>""Y"",$AI262<>""READY"",ABS($AA262)<SETTINGS!$B$10*2,$AF262<>"""",$AG262<>""""),""INVESTIGATE"",""BET""))))","=IF($AA262="""","""",IF(ABS($AA262)<SETTINGS!$B$33,"""",IF(ABS($AA262)<SETTINGS!$B$34,""LEAN"",IF(OR(SETTINGS!$B$11<>""Y"",$AI262<>""READY"",ABS($AA262)<SETTINGS!$B$26,$AF262<>"""",$AG262<>""""),""INVESTIGATE"",""BET""))))"
ENGINE,AB263,263,28,"=IF($AA263="""","""",IF(ABS($AA263)<SETTINGS!$B$8*2,"""",IF(ABS($AA263)<SETTINGS!$B$9*2,""LEAN"",IF(OR(SETTINGS!$B$11<>""Y"",$AI263<>""READY"",ABS($AA263)<SETTINGS!$B$10*2,$AF263<>"""",$AG263<>""""),""INVESTIGATE"",""BET""))))","=IF($AA263="""","""",IF(ABS($AA263)<SETTINGS!$B$33,"""",IF(ABS($AA263)<SETTINGS!$B$34,""LEAN"",IF(OR(SETTINGS!$B$11<>""Y"",$AI263<>""READY"",ABS($AA263)<SETTINGS!$B$26,$AF263<>"""",$AG263<>""""),""INVESTIGATE"",""BET""))))"
ENGINE,AB264,264,28,"=IF($AA264="""","""",IF(ABS($AA264)<SETTINGS!$B$8*2,"""",IF(ABS($AA264)<SETTINGS!$B$9*2,""LEAN"",IF(OR(SETTINGS!$B$11<>""Y"",$AI264<>""READY"",ABS($AA264)<SETTINGS!$B$10*2,$AF264<>"""",$AG264<>""""),""INVESTIGATE"",""BET""))))","=IF($AA264="""","""",IF(ABS($AA264)<SETTINGS!$B$33,"""",IF(ABS($AA264)<SETTINGS!$B$34,""LEAN"",IF(OR(SETTINGS!$B$11<>""Y"",$AI264<>""READY"",ABS($AA264)<SETTINGS!$B$26,$AF264<>"""",$AG264<>""""),""INVESTIGATE"",""BET""))))"
ENGINE,AB265,265,28,"=IF($AA265="""","""",IF(ABS($AA265)<SETTINGS!$B$8*2,"""",IF(ABS($AA265)<SETTINGS!$B$9*2,""LEAN"",IF(OR(SETTINGS!$B$11<>""Y"",$AI265<>""READY"",ABS($AA265)<SETTINGS!$B$10*2,$AF265<>"""",$AG265<>""""),""INVESTIGATE"",""BET""))))","=IF($AA265="""","""",IF(ABS($AA265)<SETTINGS!$B$33,"""",IF(ABS($AA265)<SETTINGS!$B$34,""LEAN"",IF(OR(SETTINGS!$B$11<>""Y"",$AI265<>""READY"",ABS($AA265)<SETTINGS!$B$26,$AF265<>"""",$AG265<>""""),""INVESTIGATE"",""BET""))))"
ENGINE,AB266,266,28,"=IF($AA266="""","""",IF(ABS($AA266)<SETTINGS!$B$8*2,"""",IF(ABS($AA266)<SETTINGS!$B$9*2,""LEAN"",IF(OR(SETTINGS!$B$11<>""Y"",$AI266<>""READY"",ABS($AA266)<SETTINGS!$B$10*2,$AF266<>"""",$AG266<>""""),""INVESTIGATE"",""BET""))))","=IF($AA266="""","""",IF(ABS($AA266)<SETTINGS!$B$33,"""",IF(ABS($AA266)<SETTINGS!$B$34,""LEAN"",IF(OR(SETTINGS!$B$11<>""Y"",$AI266<>""READY"",ABS($AA266)<SETTINGS!$B$26,$AF266<>"""",$AG266<>""""),""INVESTIGATE"",""BET""))))"
ENGINE,AB267,267,28,"=IF($AA267="""","""",IF(ABS($AA267)<SETTINGS!$B$8*2,"""",IF(ABS($AA267)<SETTINGS!$B$9*2,""LEAN"",IF(OR(SETTINGS!$B$11<>""Y"",$AI267<>""READY"",ABS($AA267)<SETTINGS!$B$10*2,$AF267<>"""",$AG267<>""""),""INVESTIGATE"",""BET""))))","=IF($AA267="""","""",IF(ABS($AA267)<SETTINGS!$B$33,"""",IF(ABS($AA267)<SETTINGS!$B$34,""LEAN"",IF(OR(SETTINGS!$B$11<>""Y"",$AI267<>""READY"",ABS($AA267)<SETTINGS!$B$26,$AF267<>"""",$AG267<>""""),""INVESTIGATE"",""BET""))))"
ENGINE,AB268,268,28,"=IF($AA268="""","""",IF(ABS($AA268)<SETTINGS!$B$8*2,"""",IF(ABS($AA268)<SETTINGS!$B$9*2,""LEAN"",IF(OR(SETTINGS!$B$11<>""Y"",$AI268<>""READY"",ABS($AA268)<SETTINGS!$B$10*2,$AF268<>"""",$AG268<>""""),""INVESTIGATE"",""BET""))))","=IF($AA268="""","""",IF(ABS($AA268)<SETTINGS!$B$33,"""",IF(ABS($AA268)<SETTINGS!$B$34,""LEAN"",IF(OR(SETTINGS!$B$11<>""Y"",$AI268<>""READY"",ABS($AA268)<SETTINGS!$B$26,$AF268<>"""",$AG268<>""""),""INVESTIGATE"",""BET""))))"
ENGINE,AB269,269,28,"=IF($AA269="""","""",IF(ABS($AA269)<SETTINGS!$B$8*2,"""",IF(ABS($AA269)<SETTINGS!$B$9*2,""LEAN"",IF(OR(SETTINGS!$B$11<>""Y"",$AI269<>""READY"",ABS($AA269)<SETTINGS!$B$10*2,$AF269<>"""",$AG269<>""""),""INVESTIGATE"",""BET""))))","=IF($AA269="""","""",IF(ABS($AA269)<SETTINGS!$B$33,"""",IF(ABS($AA269)<SETTINGS!$B$34,""LEAN"",IF(OR(SETTINGS!$B$11<>""Y"",$AI269<>""READY"",ABS($AA269)<SETTINGS!$B$26,$AF269<>"""",$AG269<>""""),""INVESTIGATE"",""BET""))))"
ENGINE,AB270,270,28,"=IF($AA270="""","""",IF(ABS($AA270)<SETTINGS!$B$8*2,"""",IF(ABS($AA270)<SETTINGS!$B$9*2,""LEAN"",IF(OR(SETTINGS!$B$11<>""Y"",$AI270<>""READY"",ABS($AA270)<SETTINGS!$B$10*2,$AF270<>"""",$AG270<>""""),""INVESTIGATE"",""BET""))))","=IF($AA270="""","""",IF(ABS($AA270)<SETTINGS!$B$33,"""",IF(ABS($AA270)<SETTINGS!$B$34,""LEAN"",IF(OR(SETTINGS!$B$11<>""Y"",$AI270<>""READY"",ABS($AA270)<SETTINGS!$B$26,$AF270<>"""",$AG270<>""""),""INVESTIGATE"",""BET""))))"
ENGINE,AB271,271,28,"=IF($AA271="""","""",IF(ABS($AA271)<SETTINGS!$B$8*2,"""",IF(ABS($AA271)<SETTINGS!$B$9*2,""LEAN"",IF(OR(SETTINGS!$B$11<>""Y"",$AI271<>""READY"",ABS($AA271)<SETTINGS!$B$10*2,$AF271<>"""",$AG271<>""""),""INVESTIGATE"",""BET""))))","=IF($AA271="""","""",IF(ABS($AA271)<SETTINGS!$B$33,"""",IF(ABS($AA271)<SETTINGS!$B$34,""LEAN"",IF(OR(SETTINGS!$B$11<>""Y"",$AI271<>""READY"",ABS($AA271)<SETTINGS!$B$26,$AF271<>"""",$AG271<>""""),""INVESTIGATE"",""BET""))))"
ENGINE,AB272,272,28,"=IF($AA272="""","""",IF(ABS($AA272)<SETTINGS!$B$8*2,"""",IF(ABS($AA272)<SETTINGS!$B$9*2,""LEAN"",IF(OR(SETTINGS!$B$11<>""Y"",$AI272<>""READY"",ABS($AA272)<SETTINGS!$B$10*2,$AF272<>"""",$AG272<>""""),""INVESTIGATE"",""BET""))))","=IF($AA272="""","""",IF(ABS($AA272)<SETTINGS!$B$33,"""",IF(ABS($AA272)<SETTINGS!$B$34,""LEAN"",IF(OR(SETTINGS!$B$11<>""Y"",$AI272<>""READY"",ABS($AA272)<SETTINGS!$B$26,$AF272<>"""",$AG272<>""""),""INVESTIGATE"",""BET""))))"
ENGINE,AB273,273,28,"=IF($AA273="""","""",IF(ABS($AA273)<SETTINGS!$B$8*2,"""",IF(ABS($AA273)<SETTINGS!$B$9*2,""LEAN"",IF(OR(SETTINGS!$B$11<>""Y"",$AI273<>""READY"",ABS($AA273)<SETTINGS!$B$10*2,$AF273<>"""",$AG273<>""""),""INVESTIGATE"",""BET""))))","=IF($AA273="""","""",IF(ABS($AA273)<SETTINGS!$B$33,"""",IF(ABS($AA273)<SETTINGS!$B$34,""LEAN"",IF(OR(SETTINGS!$B$11<>""Y"",$AI273<>""READY"",ABS($AA273)<SETTINGS!$B$26,$AF273<>"""",$AG273<>""""),""INVESTIGATE"",""BET""))))"
ENGINE,AB274,274,28,"=IF($AA274="""","""",IF(ABS($AA274)<SETTINGS!$B$8*2,"""",IF(ABS($AA274)<SETTINGS!$B$9*2,""LEAN"",IF(OR(SETTINGS!$B$11<>""Y"",$AI274<>""READY"",ABS($AA274)<SETTINGS!$B$10*2,$AF274<>"""",$AG274<>""""),""INVESTIGATE"",""BET""))))","=IF($AA274="""","""",IF(ABS($AA274)<SETTINGS!$B$33,"""",IF(ABS($AA274)<SETTINGS!$B$34,""LEAN"",IF(OR(SETTINGS!$B$11<>""Y"",$AI274<>""READY"",ABS($AA274)<SETTINGS!$B$26,$AF274<>"""",$AG274<>""""),""INVESTIGATE"",""BET""))))"
ENGINE,AB275,275,28,"=IF($AA275="""","""",IF(ABS($AA275)<SETTINGS!$B$8*2,"""",IF(ABS($AA275)<SETTINGS!$B$9*2,""LEAN"",IF(OR(SETTINGS!$B$11<>""Y"",$AI275<>""READY"",ABS($AA275)<SETTINGS!$B$10*2,$AF275<>"""",$AG275<>""""),""INVESTIGATE"",""BET""))))","=IF($AA275="""","""",IF(ABS($AA275)<SETTINGS!$B$33,"""",IF(ABS($AA275)<SETTINGS!$B$34,""LEAN"",IF(OR(SETTINGS!$B$11<>""Y"",$AI275<>""READY"",ABS($AA275)<SETTINGS!$B$26,$AF275<>"""",$AG275<>""""),""INVESTIGATE"",""BET""))))"
ENGINE,AB276,276,28,"=IF($AA276="""","""",IF(ABS($AA276)<SETTINGS!$B$8*2,"""",IF(ABS($AA276)<SETTINGS!$B$9*2,""LEAN"",IF(OR(SETTINGS!$B$11<>""Y"",$AI276<>""READY"",ABS($AA276)<SETTINGS!$B$10*2,$AF276<>"""",$AG276<>""""),""INVESTIGATE"",""BET""))))","=IF($AA276="""","""",IF(ABS($AA276)<SETTINGS!$B$33,"""",IF(ABS($AA276)<SETTINGS!$B$34,""LEAN"",IF(OR(SETTINGS!$B$11<>""Y"",$AI276<>""READY"",ABS($AA276)<SETTINGS!$B$26,$AF276<>"""",$AG276<>""""),""INVESTIGATE"",""BET""))))"
ENGINE,AB277,277,28,"=IF($AA277="""","""",IF(ABS($AA277)<SETTINGS!$B$8*2,"""",IF(ABS($AA277)<SETTINGS!$B$9*2,""LEAN"",IF(OR(SETTINGS!$B$11<>""Y"",$AI277<>""READY"",ABS($AA277)<SETTINGS!$B$10*2,$AF277<>"""",$AG277<>""""),""INVESTIGATE"",""BET""))))","=IF($AA277="""","""",IF(ABS($AA277)<SETTINGS!$B$33,"""",IF(ABS($AA277)<SETTINGS!$B$34,""LEAN"",IF(OR(SETTINGS!$B$11<>""Y"",$AI277<>""READY"",ABS($AA277)<SETTINGS!$B$26,$AF277<>"""",$AG277<>""""),""INVESTIGATE"",""BET""))))"
ENGINE,AB278,278,28,"=IF($AA278="""","""",IF(ABS($AA278)<SETTINGS!$B$8*2,"""",IF(ABS($AA278)<SETTINGS!$B$9*2,""LEAN"",IF(OR(SETTINGS!$B$11<>""Y"",$AI278<>""READY"",ABS($AA278)<SETTINGS!$B$10*2,$AF278<>"""",$AG278<>""""),""INVESTIGATE"",""BET""))))","=IF($AA278="""","""",IF(ABS($AA278)<SETTINGS!$B$33,"""",IF(ABS($AA278)<SETTINGS!$B$34,""LEAN"",IF(OR(SETTINGS!$B$11<>""Y"",$AI278<>""READY"",ABS($AA278)<SETTINGS!$B$26,$AF278<>"""",$AG278<>""""),""INVESTIGATE"",""BET""))))"
ENGINE,AB279,279,28,"=IF($AA279="""","""",IF(ABS($AA279)<SETTINGS!$B$8*2,"""",IF(ABS($AA279)<SETTINGS!$B$9*2,""LEAN"",IF(OR(SETTINGS!$B$11<>""Y"",$AI279<>""READY"",ABS($AA279)<SETTINGS!$B$10*2,$AF279<>"""",$AG279<>""""),""INVESTIGATE"",""BET""))))","=IF($AA279="""","""",IF(ABS($AA279)<SETTINGS!$B$33,"""",IF(ABS($AA279)<SETTINGS!$B$34,""LEAN"",IF(OR(SETTINGS!$B$11<>""Y"",$AI279<>""READY"",ABS($AA279)<SETTINGS!$B$26,$AF279<>"""",$AG279<>""""),""INVESTIGATE"",""BET""))))"
ENGINE,AB280,280,28,"=IF($AA280="""","""",IF(ABS($AA280)<SETTINGS!$B$8*2,"""",IF(ABS($AA280)<SETTINGS!$B$9*2,""LEAN"",IF(OR(SETTINGS!$B$11<>""Y"",$AI280<>""READY"",ABS($AA280)<SETTINGS!$B$10*2,$AF280<>"""",$AG280<>""""),""INVESTIGATE"",""BET""))))","=IF($AA280="""","""",IF(ABS($AA280)<SETTINGS!$B$33,"""",IF(ABS($AA280)<SETTINGS!$B$34,""LEAN"",IF(OR(SETTINGS!$B$11<>""Y"",$AI280<>""READY"",ABS($AA280)<SETTINGS!$B$26,$AF280<>"""",$AG280<>""""),""INVESTIGATE"",""BET""))))"
ENGINE,AB281,281,28,"=IF($AA281="""","""",IF(ABS($AA281)<SETTINGS!$B$8*2,"""",IF(ABS($AA281)<SETTINGS!$B$9*2,""LEAN"",IF(OR(SETTINGS!$B$11<>""Y"",$AI281<>""READY"",ABS($AA281)<SETTINGS!$B$10*2,$AF281<>"""",$AG281<>""""),""INVESTIGATE"",""BET""))))","=IF($AA281="""","""",IF(ABS($AA281)<SETTINGS!$B$33,"""",IF(ABS($AA281)<SETTINGS!$B$34,""LEAN"",IF(OR(SETTINGS!$B$11<>""Y"",$AI281<>""READY"",ABS($AA281)<SETTINGS!$B$26,$AF281<>"""",$AG281<>""""),""INVESTIGATE"",""BET""))))"
ENGINE,AB282,282,28,"=IF($AA282="""","""",IF(ABS($AA282)<SETTINGS!$B$8*2,"""",IF(ABS($AA282)<SETTINGS!$B$9*2,""LEAN"",IF(OR(SETTINGS!$B$11<>""Y"",$AI282<>""READY"",ABS($AA282)<SETTINGS!$B$10*2,$AF282<>"""",$AG282<>""""),""INVESTIGATE"",""BET""))))","=IF($AA282="""","""",IF(ABS($AA282)<SETTINGS!$B$33,"""",IF(ABS($AA282)<SETTINGS!$B$34,""LEAN"",IF(OR(SETTINGS!$B$11<>""Y"",$AI282<>""READY"",ABS($AA282)<SETTINGS!$B$26,$AF282<>"""",$AG282<>""""),""INVESTIGATE"",""BET""))))"
ENGINE,AB283,283,28,"=IF($AA283="""","""",IF(ABS($AA283)<SETTINGS!$B$8*2,"""",IF(ABS($AA283)<SETTINGS!$B$9*2,""LEAN"",IF(OR(SETTINGS!$B$11<>""Y"",$AI283<>""READY"",ABS($AA283)<SETTINGS!$B$10*2,$AF283<>"""",$AG283<>""""),""INVESTIGATE"",""BET""))))","=IF($AA283="""","""",IF(ABS($AA283)<SETTINGS!$B$33,"""",IF(ABS($AA283)<SETTINGS!$B$34,""LEAN"",IF(OR(SETTINGS!$B$11<>""Y"",$AI283<>""READY"",ABS($AA283)<SETTINGS!$B$26,$AF283<>"""",$AG283<>""""),""INVESTIGATE"",""BET""))))"
ENGINE,AB284,284,28,"=IF($AA284="""","""",IF(ABS($AA284)<SETTINGS!$B$8*2,"""",IF(ABS($AA284)<SETTINGS!$B$9*2,""LEAN"",IF(OR(SETTINGS!$B$11<>""Y"",$AI284<>""READY"",ABS($AA284)<SETTINGS!$B$10*2,$AF284<>"""",$AG284<>""""),""INVESTIGATE"",""BET""))))","=IF($AA284="""","""",IF(ABS($AA284)<SETTINGS!$B$33,"""",IF(ABS($AA284)<SETTINGS!$B$34,""LEAN"",IF(OR(SETTINGS!$B$11<>""Y"",$AI284<>""READY"",ABS($AA284)<SETTINGS!$B$26,$AF284<>"""",$AG284<>""""),""INVESTIGATE"",""BET""))))"
ENGINE,AB285,285,28,"=IF($AA285="""","""",IF(ABS($AA285)<SETTINGS!$B$8*2,"""",IF(ABS($AA285)<SETTINGS!$B$9*2,""LEAN"",IF(OR(SETTINGS!$B$11<>""Y"",$AI285<>""READY"",ABS($AA285)<SETTINGS!$B$10*2,$AF285<>"""",$AG285<>""""),""INVESTIGATE"",""BET""))))","=IF($AA285="""","""",IF(ABS($AA285)<SETTINGS!$B$33,"""",IF(ABS($AA285)<SETTINGS!$B$34,""LEAN"",IF(OR(SETTINGS!$B$11<>""Y"",$AI285<>""READY"",ABS($AA285)<SETTINGS!$B$26,$AF285<>"""",$AG285<>""""),""INVESTIGATE"",""BET""))))"
ENGINE,AB286,286,28,"=IF($AA286="""","""",IF(ABS($AA286)<SETTINGS!$B$8*2,"""",IF(ABS($AA286)<SETTINGS!$B$9*2,""LEAN"",IF(OR(SETTINGS!$B$11<>""Y"",$AI286<>""READY"",ABS($AA286)<SETTINGS!$B$10*2,$AF286<>"""",$AG286<>""""),""INVESTIGATE"",""BET""))))","=IF($AA286="""","""",IF(ABS($AA286)<SETTINGS!$B$33,"""",IF(ABS($AA286)<SETTINGS!$B$34,""LEAN"",IF(OR(SETTINGS!$B$11<>""Y"",$AI286<>""READY"",ABS($AA286)<SETTINGS!$B$26,$AF286<>"""",$AG286<>""""),""INVESTIGATE"",""BET""))))"
ENGINE,AB287,287,28,"=IF($AA287="""","""",IF(ABS($AA287)<SETTINGS!$B$8*2,"""",IF(ABS($AA287)<SETTINGS!$B$9*2,""LEAN"",IF(OR(SETTINGS!$B$11<>""Y"",$AI287<>""READY"",ABS($AA287)<SETTINGS!$B$10*2,$AF287<>"""",$AG287<>""""),""INVESTIGATE"",""BET""))))","=IF($AA287="""","""",IF(ABS($AA287)<SETTINGS!$B$33,"""",IF(ABS($AA287)<SETTINGS!$B$34,""LEAN"",IF(OR(SETTINGS!$B$11<>""Y"",$AI287<>""READY"",ABS($AA287)<SETTINGS!$B$26,$AF287<>"""",$AG287<>""""),""INVESTIGATE"",""BET""))))"
ENGINE,AB288,288,28,"=IF($AA288="""","""",IF(ABS($AA288)<SETTINGS!$B$8*2,"""",IF(ABS($AA288)<SETTINGS!$B$9*2,""LEAN"",IF(OR(SETTINGS!$B$11<>""Y"",$AI288<>""READY"",ABS($AA288)<SETTINGS!$B$10*2,$AF288<>"""",$AG288<>""""),""INVESTIGATE"",""BET""))))","=IF($AA288="""","""",IF(ABS($AA288)<SETTINGS!$B$33,"""",IF(ABS($AA288)<SETTINGS!$B$34,""LEAN"",IF(OR(SETTINGS!$B$11<>""Y"",$AI288<>""READY"",ABS($AA288)<SETTINGS!$B$26,$AF288<>"""",$AG288<>""""),""INVESTIGATE"",""BET""))))"
ENGINE,AB289,289,28,"=IF($AA289="""","""",IF(ABS($AA289)<SETTINGS!$B$8*2,"""",IF(ABS($AA289)<SETTINGS!$B$9*2,""LEAN"",IF(OR(SETTINGS!$B$11<>""Y"",$AI289<>""READY"",ABS($AA289)<SETTINGS!$B$10*2,$AF289<>"""",$AG289<>""""),""INVESTIGATE"",""BET""))))","=IF($AA289="""","""",IF(ABS($AA289)<SETTINGS!$B$33,"""",IF(ABS($AA289)<SETTINGS!$B$34,""LEAN"",IF(OR(SETTINGS!$B$11<>""Y"",$AI289<>""READY"",ABS($AA289)<SETTINGS!$B$26,$AF289<>"""",$AG289<>""""),""INVESTIGATE"",""BET""))))"
ENGINE,AB290,290,28,"=IF($AA290="""","""",IF(ABS($AA290)<SETTINGS!$B$8*2,"""",IF(ABS($AA290)<SETTINGS!$B$9*2,""LEAN"",IF(OR(SETTINGS!$B$11<>""Y"",$AI290<>""READY"",ABS($AA290)<SETTINGS!$B$10*2,$AF290<>"""",$AG290<>""""),""INVESTIGATE"",""BET""))))","=IF($AA290="""","""",IF(ABS($AA290)<SETTINGS!$B$33,"""",IF(ABS($AA290)<SETTINGS!$B$34,""LEAN"",IF(OR(SETTINGS!$B$11<>""Y"",$AI290<>""READY"",ABS($AA290)<SETTINGS!$B$26,$AF290<>"""",$AG290<>""""),""INVESTIGATE"",""BET""))))"
ENGINE,AB291,291,28,"=IF($AA291="""","""",IF(ABS($AA291)<SETTINGS!$B$8*2,"""",IF(ABS($AA291)<SETTINGS!$B$9*2,""LEAN"",IF(OR(SETTINGS!$B$11<>""Y"",$AI291<>""READY"",ABS($AA291)<SETTINGS!$B$10*2,$AF291<>"""",$AG291<>""""),""INVESTIGATE"",""BET""))))","=IF($AA291="""","""",IF(ABS($AA291)<SETTINGS!$B$33,"""",IF(ABS($AA291)<SETTINGS!$B$34,""LEAN"",IF(OR(SETTINGS!$B$11<>""Y"",$AI291<>""READY"",ABS($AA291)<SETTINGS!$B$26,$AF291<>"""",$AG291<>""""),""INVESTIGATE"",""BET""))))"
ENGINE,AB292,292,28,"=IF($AA292="""","""",IF(ABS($AA292)<SETTINGS!$B$8*2,"""",IF(ABS($AA292)<SETTINGS!$B$9*2,""LEAN"",IF(OR(SETTINGS!$B$11<>""Y"",$AI292<>""READY"",ABS($AA292)<SETTINGS!$B$10*2,$AF292<>"""",$AG292<>""""),""INVESTIGATE"",""BET""))))","=IF($AA292="""","""",IF(ABS($AA292)<SETTINGS!$B$33,"""",IF(ABS($AA292)<SETTINGS!$B$34,""LEAN"",IF(OR(SETTINGS!$B$11<>""Y"",$AI292<>""READY"",ABS($AA292)<SETTINGS!$B$26,$AF292<>"""",$AG292<>""""),""INVESTIGATE"",""BET""))))"
ENGINE,AB293,293,28,"=IF($AA293="""","""",IF(ABS($AA293)<SETTINGS!$B$8*2,"""",IF(ABS($AA293)<SETTINGS!$B$9*2,""LEAN"",IF(OR(SETTINGS!$B$11<>""Y"",$AI293<>""READY"",ABS($AA293)<SETTINGS!$B$10*2,$AF293<>"""",$AG293<>""""),""INVESTIGATE"",""BET""))))","=IF($AA293="""","""",IF(ABS($AA293)<SETTINGS!$B$33,"""",IF(ABS($AA293)<SETTINGS!$B$34,""LEAN"",IF(OR(SETTINGS!$B$11<>""Y"",$AI293<>""READY"",ABS($AA293)<SETTINGS!$B$26,$AF293<>"""",$AG293<>""""),""INVESTIGATE"",""BET""))))"
ENGINE,AB294,294,28,"=IF($AA294="""","""",IF(ABS($AA294)<SETTINGS!$B$8*2,"""",IF(ABS($AA294)<SETTINGS!$B$9*2,""LEAN"",IF(OR(SETTINGS!$B$11<>""Y"",$AI294<>""READY"",ABS($AA294)<SETTINGS!$B$10*2,$AF294<>"""",$AG294<>""""),""INVESTIGATE"",""BET""))))","=IF($AA294="""","""",IF(ABS($AA294)<SETTINGS!$B$33,"""",IF(ABS($AA294)<SETTINGS!$B$34,""LEAN"",IF(OR(SETTINGS!$B$11<>""Y"",$AI294<>""READY"",ABS($AA294)<SETTINGS!$B$26,$AF294<>"""",$AG294<>""""),""INVESTIGATE"",""BET""))))"
ENGINE,AB295,295,28,"=IF($AA295="""","""",IF(ABS($AA295)<SETTINGS!$B$8*2,"""",IF(ABS($AA295)<SETTINGS!$B$9*2,""LEAN"",IF(OR(SETTINGS!$B$11<>""Y"",$AI295<>""READY"",ABS($AA295)<SETTINGS!$B$10*2,$AF295<>"""",$AG295<>""""),""INVESTIGATE"",""BET""))))","=IF($AA295="""","""",IF(ABS($AA295)<SETTINGS!$B$33,"""",IF(ABS($AA295)<SETTINGS!$B$34,""LEAN"",IF(OR(SETTINGS!$B$11<>""Y"",$AI295<>""READY"",ABS($AA295)<SETTINGS!$B$26,$AF295<>"""",$AG295<>""""),""INVESTIGATE"",""BET""))))"
ENGINE,AB296,296,28,"=IF($AA296="""","""",IF(ABS($AA296)<SETTINGS!$B$8*2,"""",IF(ABS($AA296)<SETTINGS!$B$9*2,""LEAN"",IF(OR(SETTINGS!$B$11<>""Y"",$AI296<>""READY"",ABS($AA296)<SETTINGS!$B$10*2,$AF296<>"""",$AG296<>""""),""INVESTIGATE"",""BET""))))","=IF($AA296="""","""",IF(ABS($AA296)<SETTINGS!$B$33,"""",IF(ABS($AA296)<SETTINGS!$B$34,""LEAN"",IF(OR(SETTINGS!$B$11<>""Y"",$AI296<>""READY"",ABS($AA296)<SETTINGS!$B$26,$AF296<>"""",$AG296<>""""),""INVESTIGATE"",""BET""))))"
ENGINE,AB297,297,28,"=IF($AA297="""","""",IF(ABS($AA297)<SETTINGS!$B$8*2,"""",IF(ABS($AA297)<SETTINGS!$B$9*2,""LEAN"",IF(OR(SETTINGS!$B$11<>""Y"",$AI297<>""READY"",ABS($AA297)<SETTINGS!$B$10*2,$AF297<>"""",$AG297<>""""),""INVESTIGATE"",""BET""))))","=IF($AA297="""","""",IF(ABS($AA297)<SETTINGS!$B$33,"""",IF(ABS($AA297)<SETTINGS!$B$34,""LEAN"",IF(OR(SETTINGS!$B$11<>""Y"",$AI297<>""READY"",ABS($AA297)<SETTINGS!$B$26,$AF297<>"""",$AG297<>""""),""INVESTIGATE"",""BET""))))"
ENGINE,AB298,298,28,"=IF($AA298="""","""",IF(ABS($AA298)<SETTINGS!$B$8*2,"""",IF(ABS($AA298)<SETTINGS!$B$9*2,""LEAN"",IF(OR(SETTINGS!$B$11<>""Y"",$AI298<>""READY"",ABS($AA298)<SETTINGS!$B$10*2,$AF298<>"""",$AG298<>""""),""INVESTIGATE"",""BET""))))","=IF($AA298="""","""",IF(ABS($AA298)<SETTINGS!$B$33,"""",IF(ABS($AA298)<SETTINGS!$B$34,""LEAN"",IF(OR(SETTINGS!$B$11<>""Y"",$AI298<>""READY"",ABS($AA298)<SETTINGS!$B$26,$AF298<>"""",$AG298<>""""),""INVESTIGATE"",""BET""))))"
ENGINE,AB299,299,28,"=IF($AA299="""","""",IF(ABS($AA299)<SETTINGS!$B$8*2,"""",IF(ABS($AA299)<SETTINGS!$B$9*2,""LEAN"",IF(OR(SETTINGS!$B$11<>""Y"",$AI299<>""READY"",ABS($AA299)<SETTINGS!$B$10*2,$AF299<>"""",$AG299<>""""),""INVESTIGATE"",""BET""))))","=IF($AA299="""","""",IF(ABS($AA299)<SETTINGS!$B$33,"""",IF(ABS($AA299)<SETTINGS!$B$34,""LEAN"",IF(OR(SETTINGS!$B$11<>""Y"",$AI299<>""READY"",ABS($AA299)<SETTINGS!$B$26,$AF299<>"""",$AG299<>""""),""INVESTIGATE"",""BET""))))"
ENGINE,AB300,300,28,"=IF($AA300="""","""",IF(ABS($AA300)<SETTINGS!$B$8*2,"""",IF(ABS($AA300)<SETTINGS!$B$9*2,""LEAN"",IF(OR(SETTINGS!$B$11<>""Y"",$AI300<>""READY"",ABS($AA300)<SETTINGS!$B$10*2,$AF300<>"""",$AG300<>""""),""INVESTIGATE"",""BET""))))","=IF($AA300="""","""",IF(ABS($AA300)<SETTINGS!$B$33,"""",IF(ABS($AA300)<SETTINGS!$B$34,""LEAN"",IF(OR(SETTINGS!$B$11<>""Y"",$AI300<>""READY"",ABS($AA300)<SETTINGS!$B$26,$AF300<>"""",$AG300<>""""),""INVESTIGATE"",""BET""))))"
ENGINE,AB301,301,28,"=IF($AA301="""","""",IF(ABS($AA301)<SETTINGS!$B$8*2,"""",IF(ABS($AA301)<SETTINGS!$B$9*2,""LEAN"",IF(OR(SETTINGS!$B$11<>""Y"",$AI301<>""READY"",ABS($AA301)<SETTINGS!$B$10*2,$AF301<>"""",$AG301<>""""),""INVESTIGATE"",""BET""))))","=IF($AA301="""","""",IF(ABS($AA301)<SETTINGS!$B$33,"""",IF(ABS($AA301)<SETTINGS!$B$34,""LEAN"",IF(OR(SETTINGS!$B$11<>""Y"",$AI301<>""READY"",ABS($AA301)<SETTINGS!$B$26,$AF301<>"""",$AG301<>""""),""INVESTIGATE"",""BET""))))"
ENGINE,AB302,302,28,"=IF($AA302="""","""",IF(ABS($AA302)<SETTINGS!$B$8*2,"""",IF(ABS($AA302)<SETTINGS!$B$9*2,""LEAN"",IF(OR(SETTINGS!$B$11<>""Y"",$AI302<>""READY"",ABS($AA302)<SETTINGS!$B$10*2,$AF302<>"""",$AG302<>""""),""INVESTIGATE"",""BET""))))","=IF($AA302="""","""",IF(ABS($AA302)<SETTINGS!$B$33,"""",IF(ABS($AA302)<SETTINGS!$B$34,""LEAN"",IF(OR(SETTINGS!$B$11<>""Y"",$AI302<>""READY"",ABS($AA302)<SETTINGS!$B$26,$AF302<>"""",$AG302<>""""),""INVESTIGATE"",""BET""))))"
ENGINE,AB303,303,28,"=IF($AA303="""","""",IF(ABS($AA303)<SETTINGS!$B$8*2,"""",IF(ABS($AA303)<SETTINGS!$B$9*2,""LEAN"",IF(OR(SETTINGS!$B$11<>""Y"",$AI303<>""READY"",ABS($AA303)<SETTINGS!$B$10*2,$AF303<>"""",$AG303<>""""),""INVESTIGATE"",""BET""))))","=IF($AA303="""","""",IF(ABS($AA303)<SETTINGS!$B$33,"""",IF(ABS($AA303)<SETTINGS!$B$34,""LEAN"",IF(OR(SETTINGS!$B$11<>""Y"",$AI303<>""READY"",ABS($AA303)<SETTINGS!$B$26,$AF303<>"""",$AG303<>""""),""INVESTIGATE"",""BET""))))"
ENGINE,AB304,304,28,"=IF($AA304="""","""",IF(ABS($AA304)<SETTINGS!$B$8*2,"""",IF(ABS($AA304)<SETTINGS!$B$9*2,""LEAN"",IF(OR(SETTINGS!$B$11<>""Y"",$AI304<>""READY"",ABS($AA304)<SETTINGS!$B$10*2,$AF304<>"""",$AG304<>""""),""INVESTIGATE"",""BET""))))","=IF($AA304="""","""",IF(ABS($AA304)<SETTINGS!$B$33,"""",IF(ABS($AA304)<SETTINGS!$B$34,""LEAN"",IF(OR(SETTINGS!$B$11<>""Y"",$AI304<>""READY"",ABS($AA304)<SETTINGS!$B$26,$AF304<>"""",$AG304<>""""),""INVESTIGATE"",""BET""))))"
ENGINE,AB305,305,28,"=IF($AA305="""","""",IF(ABS($AA305)<SETTINGS!$B$8*2,"""",IF(ABS($AA305)<SETTINGS!$B$9*2,""LEAN"",IF(OR(SETTINGS!$B$11<>""Y"",$AI305<>""READY"",ABS($AA305)<SETTINGS!$B$10*2,$AF305<>"""",$AG305<>""""),""INVESTIGATE"",""BET""))))","=IF($AA305="""","""",IF(ABS($AA305)<SETTINGS!$B$33,"""",IF(ABS($AA305)<SETTINGS!$B$34,""LEAN"",IF(OR(SETTINGS!$B$11<>""Y"",$AI305<>""READY"",ABS($AA305)<SETTINGS!$B$26,$AF305<>"""",$AG305<>""""),""INVESTIGATE"",""BET""))))"
ENGINE,AB306,306,28,"=IF($AA306="""","""",IF(ABS($AA306)<SETTINGS!$B$8*2,"""",IF(ABS($AA306)<SETTINGS!$B$9*2,""LEAN"",IF(OR(SETTINGS!$B$11<>""Y"",$AI306<>""READY"",ABS($AA306)<SETTINGS!$B$10*2,$AF306<>"""",$AG306<>""""),""INVESTIGATE"",""BET""))))","=IF($AA306="""","""",IF(ABS($AA306)<SETTINGS!$B$33,"""",IF(ABS($AA306)<SETTINGS!$B$34,""LEAN"",IF(OR(SETTINGS!$B$11<>""Y"",$AI306<>""READY"",ABS($AA306)<SETTINGS!$B$26,$AF306<>"""",$AG306<>""""),""INVESTIGATE"",""BET""))))"
ENGINE,AB307,307,28,"=IF($AA307="""","""",IF(ABS($AA307)<SETTINGS!$B$8*2,"""",IF(ABS($AA307)<SETTINGS!$B$9*2,""LEAN"",IF(OR(SETTINGS!$B$11<>""Y"",$AI307<>""READY"",ABS($AA307)<SETTINGS!$B$10*2,$AF307<>"""",$AG307<>""""),""INVESTIGATE"",""BET""))))","=IF($AA307="""","""",IF(ABS($AA307)<SETTINGS!$B$33,"""",IF(ABS($AA307)<SETTINGS!$B$34,""LEAN"",IF(OR(SETTINGS!$B$11<>""Y"",$AI307<>""READY"",ABS($AA307)<SETTINGS!$B$26,$AF307<>"""",$AG307<>""""),""INVESTIGATE"",""BET""))))"
ENGINE,AB308,308,28,"=IF($AA308="""","""",IF(ABS($AA308)<SETTINGS!$B$8*2,"""",IF(ABS($AA308)<SETTINGS!$B$9*2,""LEAN"",IF(OR(SETTINGS!$B$11<>""Y"",$AI308<>""READY"",ABS($AA308)<SETTINGS!$B$10*2,$AF308<>"""",$AG308<>""""),""INVESTIGATE"",""BET""))))","=IF($AA308="""","""",IF(ABS($AA308)<SETTINGS!$B$33,"""",IF(ABS($AA308)<SETTINGS!$B$34,""LEAN"",IF(OR(SETTINGS!$B$11<>""Y"",$AI308<>""READY"",ABS($AA308)<SETTINGS!$B$26,$AF308<>"""",$AG308<>""""),""INVESTIGATE"",""BET""))))"
ENGINE,AB309,309,28,"=IF($AA309="""","""",IF(ABS($AA309)<SETTINGS!$B$8*2,"""",IF(ABS($AA309)<SETTINGS!$B$9*2,""LEAN"",IF(OR(SETTINGS!$B$11<>""Y"",$AI309<>""READY"",ABS($AA309)<SETTINGS!$B$10*2,$AF309<>"""",$AG309<>""""),""INVESTIGATE"",""BET""))))","=IF($AA309="""","""",IF(ABS($AA309)<SETTINGS!$B$33,"""",IF(ABS($AA309)<SETTINGS!$B$34,""LEAN"",IF(OR(SETTINGS!$B$11<>""Y"",$AI309<>""READY"",ABS($AA309)<SETTINGS!$B$26,$AF309<>"""",$AG309<>""""),""INVESTIGATE"",""BET""))))"
ENGINE,AB310,310,28,"=IF($AA310="""","""",IF(ABS($AA310)<SETTINGS!$B$8*2,"""",IF(ABS($AA310)<SETTINGS!$B$9*2,""LEAN"",IF(OR(SETTINGS!$B$11<>""Y"",$AI310<>""READY"",ABS($AA310)<SETTINGS!$B$10*2,$AF310<>"""",$AG310<>""""),""INVESTIGATE"",""BET""))))","=IF($AA310="""","""",IF(ABS($AA310)<SETTINGS!$B$33,"""",IF(ABS($AA310)<SETTINGS!$B$34,""LEAN"",IF(OR(SETTINGS!$B$11<>""Y"",$AI310<>""READY"",ABS($AA310)<SETTINGS!$B$26,$AF310<>"""",$AG310<>""""),""INVESTIGATE"",""BET""))))"
ENGINE,AB311,311,28,"=IF($AA311="""","""",IF(ABS($AA311)<SETTINGS!$B$8*2,"""",IF(ABS($AA311)<SETTINGS!$B$9*2,""LEAN"",IF(OR(SETTINGS!$B$11<>""Y"",$AI311<>""READY"",ABS($AA311)<SETTINGS!$B$10*2,$AF311<>"""",$AG311<>""""),""INVESTIGATE"",""BET""))))","=IF($AA311="""","""",IF(ABS($AA311)<SETTINGS!$B$33,"""",IF(ABS($AA311)<SETTINGS!$B$34,""LEAN"",IF(OR(SETTINGS!$B$11<>""Y"",$AI311<>""READY"",ABS($AA311)<SETTINGS!$B$26,$AF311<>"""",$AG311<>""""),""INVESTIGATE"",""BET""))))"
ENGINE,AB312,312,28,"=IF($AA312="""","""",IF(ABS($AA312)<SETTINGS!$B$8*2,"""",IF(ABS($AA312)<SETTINGS!$B$9*2,""LEAN"",IF(OR(SETTINGS!$B$11<>""Y"",$AI312<>""READY"",ABS($AA312)<SETTINGS!$B$10*2,$AF312<>"""",$AG312<>""""),""INVESTIGATE"",""BET""))))","=IF($AA312="""","""",IF(ABS($AA312)<SETTINGS!$B$33,"""",IF(ABS($AA312)<SETTINGS!$B$34,""LEAN"",IF(OR(SETTINGS!$B$11<>""Y"",$AI312<>""READY"",ABS($AA312)<SETTINGS!$B$26,$AF312<>"""",$AG312<>""""),""INVESTIGATE"",""BET""))))"
ENGINE,AB313,313,28,"=IF($AA313="""","""",IF(ABS($AA313)<SETTINGS!$B$8*2,"""",IF(ABS($AA313)<SETTINGS!$B$9*2,""LEAN"",IF(OR(SETTINGS!$B$11<>""Y"",$AI313<>""READY"",ABS($AA313)<SETTINGS!$B$10*2,$AF313<>"""",$AG313<>""""),""INVESTIGATE"",""BET""))))","=IF($AA313="""","""",IF(ABS($AA313)<SETTINGS!$B$33,"""",IF(ABS($AA313)<SETTINGS!$B$34,""LEAN"",IF(OR(SETTINGS!$B$11<>""Y"",$AI313<>""READY"",ABS($AA313)<SETTINGS!$B$26,$AF313<>"""",$AG313<>""""),""INVESTIGATE"",""BET""))))"
ENGINE,AB314,314,28,"=IF($AA314="""","""",IF(ABS($AA314)<SETTINGS!$B$8*2,"""",IF(ABS($AA314)<SETTINGS!$B$9*2,""LEAN"",IF(OR(SETTINGS!$B$11<>""Y"",$AI314<>""READY"",ABS($AA314)<SETTINGS!$B$10*2,$AF314<>"""",$AG314<>""""),""INVESTIGATE"",""BET""))))","=IF($AA314="""","""",IF(ABS($AA314)<SETTINGS!$B$33,"""",IF(ABS($AA314)<SETTINGS!$B$34,""LEAN"",IF(OR(SETTINGS!$B$11<>""Y"",$AI314<>""READY"",ABS($AA314)<SETTINGS!$B$26,$AF314<>"""",$AG314<>""""),""INVESTIGATE"",""BET""))))"
ENGINE,AB315,315,28,"=IF($AA315="""","""",IF(ABS($AA315)<SETTINGS!$B$8*2,"""",IF(ABS($AA315)<SETTINGS!$B$9*2,""LEAN"",IF(OR(SETTINGS!$B$11<>""Y"",$AI315<>""READY"",ABS($AA315)<SETTINGS!$B$10*2,$AF315<>"""",$AG315<>""""),""INVESTIGATE"",""BET""))))","=IF($AA315="""","""",IF(ABS($AA315)<SETTINGS!$B$33,"""",IF(ABS($AA315)<SETTINGS!$B$34,""LEAN"",IF(OR(SETTINGS!$B$11<>""Y"",$AI315<>""READY"",ABS($AA315)<SETTINGS!$B$26,$AF315<>"""",$AG315<>""""),""INVESTIGATE"",""BET""))))"
ENGINE,AB316,316,28,"=IF($AA316="""","""",IF(ABS($AA316)<SETTINGS!$B$8*2,"""",IF(ABS($AA316)<SETTINGS!$B$9*2,""LEAN"",IF(OR(SETTINGS!$B$11<>""Y"",$AI316<>""READY"",ABS($AA316)<SETTINGS!$B$10*2,$AF316<>"""",$AG316<>""""),""INVESTIGATE"",""BET""))))","=IF($AA316="""","""",IF(ABS($AA316)<SETTINGS!$B$33,"""",IF(ABS($AA316)<SETTINGS!$B$34,""LEAN"",IF(OR(SETTINGS!$B$11<>""Y"",$AI316<>""READY"",ABS($AA316)<SETTINGS!$B$26,$AF316<>"""",$AG316<>""""),""INVESTIGATE"",""BET""))))"
ENGINE,AB317,317,28,"=IF($AA317="""","""",IF(ABS($AA317)<SETTINGS!$B$8*2,"""",IF(ABS($AA317)<SETTINGS!$B$9*2,""LEAN"",IF(OR(SETTINGS!$B$11<>""Y"",$AI317<>""READY"",ABS($AA317)<SETTINGS!$B$10*2,$AF317<>"""",$AG317<>""""),""INVESTIGATE"",""BET""))))","=IF($AA317="""","""",IF(ABS($AA317)<SETTINGS!$B$33,"""",IF(ABS($AA317)<SETTINGS!$B$34,""LEAN"",IF(OR(SETTINGS!$B$11<>""Y"",$AI317<>""READY"",ABS($AA317)<SETTINGS!$B$26,$AF317<>"""",$AG317<>""""),""INVESTIGATE"",""BET""))))"
ENGINE,AB318,318,28,"=IF($AA318="""","""",IF(ABS($AA318)<SETTINGS!$B$8*2,"""",IF(ABS($AA318)<SETTINGS!$B$9*2,""LEAN"",IF(OR(SETTINGS!$B$11<>""Y"",$AI318<>""READY"",ABS($AA318)<SETTINGS!$B$10*2,$AF318<>"""",$AG318<>""""),""INVESTIGATE"",""BET""))))","=IF($AA318="""","""",IF(ABS($AA318)<SETTINGS!$B$33,"""",IF(ABS($AA318)<SETTINGS!$B$34,""LEAN"",IF(OR(SETTINGS!$B$11<>""Y"",$AI318<>""READY"",ABS($AA318)<SETTINGS!$B$26,$AF318<>"""",$AG318<>""""),""INVESTIGATE"",""BET""))))"
ENGINE,AB319,319,28,"=IF($AA319="""","""",IF(ABS($AA319)<SETTINGS!$B$8*2,"""",IF(ABS($AA319)<SETTINGS!$B$9*2,""LEAN"",IF(OR(SETTINGS!$B$11<>""Y"",$AI319<>""READY"",ABS($AA319)<SETTINGS!$B$10*2,$AF319<>"""",$AG319<>""""),""INVESTIGATE"",""BET""))))","=IF($AA319="""","""",IF(ABS($AA319)<SETTINGS!$B$33,"""",IF(ABS($AA319)<SETTINGS!$B$34,""LEAN"",IF(OR(SETTINGS!$B$11<>""Y"",$AI319<>""READY"",ABS($AA319)<SETTINGS!$B$26,$AF319<>"""",$AG319<>""""),""INVESTIGATE"",""BET""))))"
ENGINE,AB320,320,28,"=IF($AA320="""","""",IF(ABS($AA320)<SETTINGS!$B$8*2,"""",IF(ABS($AA320)<SETTINGS!$B$9*2,""LEAN"",IF(OR(SETTINGS!$B$11<>""Y"",$AI320<>""READY"",ABS($AA320)<SETTINGS!$B$10*2,$AF320<>"""",$AG320<>""""),""INVESTIGATE"",""BET""))))","=IF($AA320="""","""",IF(ABS($AA320)<SETTINGS!$B$33,"""",IF(ABS($AA320)<SETTINGS!$B$34,""LEAN"",IF(OR(SETTINGS!$B$11<>""Y"",$AI320<>""READY"",ABS($AA320)<SETTINGS!$B$26,$AF320<>"""",$AG320<>""""),""INVESTIGATE"",""BET""))))"
ENGINE,AB321,321,28,"=IF($AA321="""","""",IF(ABS($AA321)<SETTINGS!$B$8*2,"""",IF(ABS($AA321)<SETTINGS!$B$9*2,""LEAN"",IF(OR(SETTINGS!$B$11<>""Y"",$AI321<>""READY"",ABS($AA321)<SETTINGS!$B$10*2,$AF321<>"""",$AG321<>""""),""INVESTIGATE"",""BET""))))","=IF($AA321="""","""",IF(ABS($AA321)<SETTINGS!$B$33,"""",IF(ABS($AA321)<SETTINGS!$B$34,""LEAN"",IF(OR(SETTINGS!$B$11<>""Y"",$AI321<>""READY"",ABS($AA321)<SETTINGS!$B$26,$AF321<>"""",$AG321<>""""),""INVESTIGATE"",""BET""))))"
ENGINE,AB322,322,28,"=IF($AA322="""","""",IF(ABS($AA322)<SETTINGS!$B$8*2,"""",IF(ABS($AA322)<SETTINGS!$B$9*2,""LEAN"",IF(OR(SETTINGS!$B$11<>""Y"",$AI322<>""READY"",ABS($AA322)<SETTINGS!$B$10*2,$AF322<>"""",$AG322<>""""),""INVESTIGATE"",""BET""))))","=IF($AA322="""","""",IF(ABS($AA322)<SETTINGS!$B$33,"""",IF(ABS($AA322)<SETTINGS!$B$34,""LEAN"",IF(OR(SETTINGS!$B$11<>""Y"",$AI322<>""READY"",ABS($AA322)<SETTINGS!$B$26,$AF322<>"""",$AG322<>""""),""INVESTIGATE"",""BET""))))"
ENGINE,AB323,323,28,"=IF($AA323="""","""",IF(ABS($AA323)<SETTINGS!$B$8*2,"""",IF(ABS($AA323)<SETTINGS!$B$9*2,""LEAN"",IF(OR(SETTINGS!$B$11<>""Y"",$AI323<>""READY"",ABS($AA323)<SETTINGS!$B$10*2,$AF323<>"""",$AG323<>""""),""INVESTIGATE"",""BET""))))","=IF($AA323="""","""",IF(ABS($AA323)<SETTINGS!$B$33,"""",IF(ABS($AA323)<SETTINGS!$B$34,""LEAN"",IF(OR(SETTINGS!$B$11<>""Y"",$AI323<>""READY"",ABS($AA323)<SETTINGS!$B$26,$AF323<>"""",$AG323<>""""),""INVESTIGATE"",""BET""))))"
ENGINE,AB324,324,28,"=IF($AA324="""","""",IF(ABS($AA324)<SETTINGS!$B$8*2,"""",IF(ABS($AA324)<SETTINGS!$B$9*2,""LEAN"",IF(OR(SETTINGS!$B$11<>""Y"",$AI324<>""READY"",ABS($AA324)<SETTINGS!$B$10*2,$AF324<>"""",$AG324<>""""),""INVESTIGATE"",""BET""))))","=IF($AA324="""","""",IF(ABS($AA324)<SETTINGS!$B$33,"""",IF(ABS($AA324)<SETTINGS!$B$34,""LEAN"",IF(OR(SETTINGS!$B$11<>""Y"",$AI324<>""READY"",ABS($AA324)<SETTINGS!$B$26,$AF324<>"""",$AG324<>""""),""INVESTIGATE"",""BET""))))"
ENGINE,AB325,325,28,"=IF($AA325="""","""",IF(ABS($AA325)<SETTINGS!$B$8*2,"""",IF(ABS($AA325)<SETTINGS!$B$9*2,""LEAN"",IF(OR(SETTINGS!$B$11<>""Y"",$AI325<>""READY"",ABS($AA325)<SETTINGS!$B$10*2,$AF325<>"""",$AG325<>""""),""INVESTIGATE"",""BET""))))","=IF($AA325="""","""",IF(ABS($AA325)<SETTINGS!$B$33,"""",IF(ABS($AA325)<SETTINGS!$B$34,""LEAN"",IF(OR(SETTINGS!$B$11<>""Y"",$AI325<>""READY"",ABS($AA325)<SETTINGS!$B$26,$AF325<>"""",$AG325<>""""),""INVESTIGATE"",""BET""))))"
ENGINE,AB326,326,28,"=IF($AA326="""","""",IF(ABS($AA326)<SETTINGS!$B$8*2,"""",IF(ABS($AA326)<SETTINGS!$B$9*2,""LEAN"",IF(OR(SETTINGS!$B$11<>""Y"",$AI326<>""READY"",ABS($AA326)<SETTINGS!$B$10*2,$AF326<>"""",$AG326<>""""),""INVESTIGATE"",""BET""))))","=IF($AA326="""","""",IF(ABS($AA326)<SETTINGS!$B$33,"""",IF(ABS($AA326)<SETTINGS!$B$34,""LEAN"",IF(OR(SETTINGS!$B$11<>""Y"",$AI326<>""READY"",ABS($AA326)<SETTINGS!$B$26,$AF326<>"""",$AG326<>""""),""INVESTIGATE"",""BET""))))"
ENGINE,AB327,327,28,"=IF($AA327="""","""",IF(ABS($AA327)<SETTINGS!$B$8*2,"""",IF(ABS($AA327)<SETTINGS!$B$9*2,""LEAN"",IF(OR(SETTINGS!$B$11<>""Y"",$AI327<>""READY"",ABS($AA327)<SETTINGS!$B$10*2,$AF327<>"""",$AG327<>""""),""INVESTIGATE"",""BET""))))","=IF($AA327="""","""",IF(ABS($AA327)<SETTINGS!$B$33,"""",IF(ABS($AA327)<SETTINGS!$B$34,""LEAN"",IF(OR(SETTINGS!$B$11<>""Y"",$AI327<>""READY"",ABS($AA327)<SETTINGS!$B$26,$AF327<>"""",$AG327<>""""),""INVESTIGATE"",""BET""))))"
ENGINE,AB328,328,28,"=IF($AA328="""","""",IF(ABS($AA328)<SETTINGS!$B$8*2,"""",IF(ABS($AA328)<SETTINGS!$B$9*2,""LEAN"",IF(OR(SETTINGS!$B$11<>""Y"",$AI328<>""READY"",ABS($AA328)<SETTINGS!$B$10*2,$AF328<>"""",$AG328<>""""),""INVESTIGATE"",""BET""))))","=IF($AA328="""","""",IF(ABS($AA328)<SETTINGS!$B$33,"""",IF(ABS($AA328)<SETTINGS!$B$34,""LEAN"",IF(OR(SETTINGS!$B$11<>""Y"",$AI328<>""READY"",ABS($AA328)<SETTINGS!$B$26,$AF328<>"""",$AG328<>""""),""INVESTIGATE"",""BET""))))"
ENGINE,AB329,329,28,"=IF($AA329="""","""",IF(ABS($AA329)<SETTINGS!$B$8*2,"""",IF(ABS($AA329)<SETTINGS!$B$9*2,""LEAN"",IF(OR(SETTINGS!$B$11<>""Y"",$AI329<>""READY"",ABS($AA329)<SETTINGS!$B$10*2,$AF329<>"""",$AG329<>""""),""INVESTIGATE"",""BET""))))","=IF($AA329="""","""",IF(ABS($AA329)<SETTINGS!$B$33,"""",IF(ABS($AA329)<SETTINGS!$B$34,""LEAN"",IF(OR(SETTINGS!$B$11<>""Y"",$AI329<>""READY"",ABS($AA329)<SETTINGS!$B$26,$AF329<>"""",$AG329<>""""),""INVESTIGATE"",""BET""))))"
ENGINE,AB330,330,28,"=IF($AA330="""","""",IF(ABS($AA330)<SETTINGS!$B$8*2,"""",IF(ABS($AA330)<SETTINGS!$B$9*2,""LEAN"",IF(OR(SETTINGS!$B$11<>""Y"",$AI330<>""READY"",ABS($AA330)<SETTINGS!$B$10*2,$AF330<>"""",$AG330<>""""),""INVESTIGATE"",""BET""))))","=IF($AA330="""","""",IF(ABS($AA330)<SETTINGS!$B$33,"""",IF(ABS($AA330)<SETTINGS!$B$34,""LEAN"",IF(OR(SETTINGS!$B$11<>""Y"",$AI330<>""READY"",ABS($AA330)<SETTINGS!$B$26,$AF330<>"""",$AG330<>""""),""INVESTIGATE"",""BET""))))"
ENGINE,AB331,331,28,"=IF($AA331="""","""",IF(ABS($AA331)<SETTINGS!$B$8*2,"""",IF(ABS($AA331)<SETTINGS!$B$9*2,""LEAN"",IF(OR(SETTINGS!$B$11<>""Y"",$AI331<>""READY"",ABS($AA331)<SETTINGS!$B$10*2,$AF331<>"""",$AG331<>""""),""INVESTIGATE"",""BET""))))","=IF($AA331="""","""",IF(ABS($AA331)<SETTINGS!$B$33,"""",IF(ABS($AA331)<SETTINGS!$B$34,""LEAN"",IF(OR(SETTINGS!$B$11<>""Y"",$AI331<>""READY"",ABS($AA331)<SETTINGS!$B$26,$AF331<>"""",$AG331<>""""),""INVESTIGATE"",""BET""))))"
ENGINE,AB332,332,28,"=IF($AA332="""","""",IF(ABS($AA332)<SETTINGS!$B$8*2,"""",IF(ABS($AA332)<SETTINGS!$B$9*2,""LEAN"",IF(OR(SETTINGS!$B$11<>""Y"",$AI332<>""READY"",ABS($AA332)<SETTINGS!$B$10*2,$AF332<>"""",$AG332<>""""),""INVESTIGATE"",""BET""))))","=IF($AA332="""","""",IF(ABS($AA332)<SETTINGS!$B$33,"""",IF(ABS($AA332)<SETTINGS!$B$34,""LEAN"",IF(OR(SETTINGS!$B$11<>""Y"",$AI332<>""READY"",ABS($AA332)<SETTINGS!$B$26,$AF332<>"""",$AG332<>""""),""INVESTIGATE"",""BET""))))"
ENGINE,AB333,333,28,"=IF($AA333="""","""",IF(ABS($AA333)<SETTINGS!$B$8*2,"""",IF(ABS($AA333)<SETTINGS!$B$9*2,""LEAN"",IF(OR(SETTINGS!$B$11<>""Y"",$AI333<>""READY"",ABS($AA333)<SETTINGS!$B$10*2,$AF333<>"""",$AG333<>""""),""INVESTIGATE"",""BET""))))","=IF($AA333="""","""",IF(ABS($AA333)<SETTINGS!$B$33,"""",IF(ABS($AA333)<SETTINGS!$B$34,""LEAN"",IF(OR(SETTINGS!$B$11<>""Y"",$AI333<>""READY"",ABS($AA333)<SETTINGS!$B$26,$AF333<>"""",$AG333<>""""),""INVESTIGATE"",""BET""))))"
ENGINE,AB334,334,28,"=IF($AA334="""","""",IF(ABS($AA334)<SETTINGS!$B$8*2,"""",IF(ABS($AA334)<SETTINGS!$B$9*2,""LEAN"",IF(OR(SETTINGS!$B$11<>""Y"",$AI334<>""READY"",ABS($AA334)<SETTINGS!$B$10*2,$AF334<>"""",$AG334<>""""),""INVESTIGATE"",""BET""))))","=IF($AA334="""","""",IF(ABS($AA334)<SETTINGS!$B$33,"""",IF(ABS($AA334)<SETTINGS!$B$34,""LEAN"",IF(OR(SETTINGS!$B$11<>""Y"",$AI334<>""READY"",ABS($AA334)<SETTINGS!$B$26,$AF334<>"""",$AG334<>""""),""INVESTIGATE"",""BET""))))"
ENGINE,AB335,335,28,"=IF($AA335="""","""",IF(ABS($AA335)<SETTINGS!$B$8*2,"""",IF(ABS($AA335)<SETTINGS!$B$9*2,""LEAN"",IF(OR(SETTINGS!$B$11<>""Y"",$AI335<>""READY"",ABS($AA335)<SETTINGS!$B$10*2,$AF335<>"""",$AG335<>""""),""INVESTIGATE"",""BET""))))","=IF($AA335="""","""",IF(ABS($AA335)<SETTINGS!$B$33,"""",IF(ABS($AA335)<SETTINGS!$B$34,""LEAN"",IF(OR(SETTINGS!$B$11<>""Y"",$AI335<>""READY"",ABS($AA335)<SETTINGS!$B$26,$AF335<>"""",$AG335<>""""),""INVESTIGATE"",""BET""))))"
ENGINE,AB336,336,28,"=IF($AA336="""","""",IF(ABS($AA336)<SETTINGS!$B$8*2,"""",IF(ABS($AA336)<SETTINGS!$B$9*2,""LEAN"",IF(OR(SETTINGS!$B$11<>""Y"",$AI336<>""READY"",ABS($AA336)<SETTINGS!$B$10*2,$AF336<>"""",$AG336<>""""),""INVESTIGATE"",""BET""))))","=IF($AA336="""","""",IF(ABS($AA336)<SETTINGS!$B$33,"""",IF(ABS($AA336)<SETTINGS!$B$34,""LEAN"",IF(OR(SETTINGS!$B$11<>""Y"",$AI336<>""READY"",ABS($AA336)<SETTINGS!$B$26,$AF336<>"""",$AG336<>""""),""INVESTIGATE"",""BET""))))"
ENGINE,AB337,337,28,"=IF($AA337="""","""",IF(ABS($AA337)<SETTINGS!$B$8*2,"""",IF(ABS($AA337)<SETTINGS!$B$9*2,""LEAN"",IF(OR(SETTINGS!$B$11<>""Y"",$AI337<>""READY"",ABS($AA337)<SETTINGS!$B$10*2,$AF337<>"""",$AG337<>""""),""INVESTIGATE"",""BET""))))","=IF($AA337="""","""",IF(ABS($AA337)<SETTINGS!$B$33,"""",IF(ABS($AA337)<SETTINGS!$B$34,""LEAN"",IF(OR(SETTINGS!$B$11<>""Y"",$AI337<>""READY"",ABS($AA337)<SETTINGS!$B$26,$AF337<>"""",$AG337<>""""),""INVESTIGATE"",""BET""))))"
ENGINE,AB338,338,28,"=IF($AA338="""","""",IF(ABS($AA338)<SETTINGS!$B$8*2,"""",IF(ABS($AA338)<SETTINGS!$B$9*2,""LEAN"",IF(OR(SETTINGS!$B$11<>""Y"",$AI338<>""READY"",ABS($AA338)<SETTINGS!$B$10*2,$AF338<>"""",$AG338<>""""),""INVESTIGATE"",""BET""))))","=IF($AA338="""","""",IF(ABS($AA338)<SETTINGS!$B$33,"""",IF(ABS($AA338)<SETTINGS!$B$34,""LEAN"",IF(OR(SETTINGS!$B$11<>""Y"",$AI338<>""READY"",ABS($AA338)<SETTINGS!$B$26,$AF338<>"""",$AG338<>""""),""INVESTIGATE"",""BET""))))"
ENGINE,AB339,339,28,"=IF($AA339="""","""",IF(ABS($AA339)<SETTINGS!$B$8*2,"""",IF(ABS($AA339)<SETTINGS!$B$9*2,""LEAN"",IF(OR(SETTINGS!$B$11<>""Y"",$AI339<>""READY"",ABS($AA339)<SETTINGS!$B$10*2,$AF339<>"""",$AG339<>""""),""INVESTIGATE"",""BET""))))","=IF($AA339="""","""",IF(ABS($AA339)<SETTINGS!$B$33,"""",IF(ABS($AA339)<SETTINGS!$B$34,""LEAN"",IF(OR(SETTINGS!$B$11<>""Y"",$AI339<>""READY"",ABS($AA339)<SETTINGS!$B$26,$AF339<>"""",$AG339<>""""),""INVESTIGATE"",""BET""))))"
ENGINE,AB340,340,28,"=IF($AA340="""","""",IF(ABS($AA340)<SETTINGS!$B$8*2,"""",IF(ABS($AA340)<SETTINGS!$B$9*2,""LEAN"",IF(OR(SETTINGS!$B$11<>""Y"",$AI340<>""READY"",ABS($AA340)<SETTINGS!$B$10*2,$AF340<>"""",$AG340<>""""),""INVESTIGATE"",""BET""))))","=IF($AA340="""","""",IF(ABS($AA340)<SETTINGS!$B$33,"""",IF(ABS($AA340)<SETTINGS!$B$34,""LEAN"",IF(OR(SETTINGS!$B$11<>""Y"",$AI340<>""READY"",ABS($AA340)<SETTINGS!$B$26,$AF340<>"""",$AG340<>""""),""INVESTIGATE"",""BET""))))"
ENGINE,AB341,341,28,"=IF($AA341="""","""",IF(ABS($AA341)<SETTINGS!$B$8*2,"""",IF(ABS($AA341)<SETTINGS!$B$9*2,""LEAN"",IF(OR(SETTINGS!$B$11<>""Y"",$AI341<>""READY"",ABS($AA341)<SETTINGS!$B$10*2,$AF341<>"""",$AG341<>""""),""INVESTIGATE"",""BET""))))","=IF($AA341="""","""",IF(ABS($AA341)<SETTINGS!$B$33,"""",IF(ABS($AA341)<SETTINGS!$B$34,""LEAN"",IF(OR(SETTINGS!$B$11<>""Y"",$AI341<>""READY"",ABS($AA341)<SETTINGS!$B$26,$AF341<>"""",$AG341<>""""),""INVESTIGATE"",""BET""))))"
ENGINE,AB342,342,28,"=IF($AA342="""","""",IF(ABS($AA342)<SETTINGS!$B$8*2,"""",IF(ABS($AA342)<SETTINGS!$B$9*2,""LEAN"",IF(OR(SETTINGS!$B$11<>""Y"",$AI342<>""READY"",ABS($AA342)<SETTINGS!$B$10*2,$AF342<>"""",$AG342<>""""),""INVESTIGATE"",""BET""))))","=IF($AA342="""","""",IF(ABS($AA342)<SETTINGS!$B$33,"""",IF(ABS($AA342)<SETTINGS!$B$34,""LEAN"",IF(OR(SETTINGS!$B$11<>""Y"",$AI342<>""READY"",ABS($AA342)<SETTINGS!$B$26,$AF342<>"""",$AG342<>""""),""INVESTIGATE"",""BET""))))"
ENGINE,AB343,343,28,"=IF($AA343="""","""",IF(ABS($AA343)<SETTINGS!$B$8*2,"""",IF(ABS($AA343)<SETTINGS!$B$9*2,""LEAN"",IF(OR(SETTINGS!$B$11<>""Y"",$AI343<>""READY"",ABS($AA343)<SETTINGS!$B$10*2,$AF343<>"""",$AG343<>""""),""INVESTIGATE"",""BET""))))","=IF($AA343="""","""",IF(ABS($AA343)<SETTINGS!$B$33,"""",IF(ABS($AA343)<SETTINGS!$B$34,""LEAN"",IF(OR(SETTINGS!$B$11<>""Y"",$AI343<>""READY"",ABS($AA343)<SETTINGS!$B$26,$AF343<>"""",$AG343<>""""),""INVESTIGATE"",""BET""))))"
ENGINE,AB344,344,28,"=IF($AA344="""","""",IF(ABS($AA344)<SETTINGS!$B$8*2,"""",IF(ABS($AA344)<SETTINGS!$B$9*2,""LEAN"",IF(OR(SETTINGS!$B$11<>""Y"",$AI344<>""READY"",ABS($AA344)<SETTINGS!$B$10*2,$AF344<>"""",$AG344<>""""),""INVESTIGATE"",""BET""))))","=IF($AA344="""","""",IF(ABS($AA344)<SETTINGS!$B$33,"""",IF(ABS($AA344)<SETTINGS!$B$34,""LEAN"",IF(OR(SETTINGS!$B$11<>""Y"",$AI344<>""READY"",ABS($AA344)<SETTINGS!$B$26,$AF344<>"""",$AG344<>""""),""INVESTIGATE"",""BET""))))"
ENGINE,AB345,345,28,"=IF($AA345="""","""",IF(ABS($AA345)<SETTINGS!$B$8*2,"""",IF(ABS($AA345)<SETTINGS!$B$9*2,""LEAN"",IF(OR(SETTINGS!$B$11<>""Y"",$AI345<>""READY"",ABS($AA345)<SETTINGS!$B$10*2,$AF345<>"""",$AG345<>""""),""INVESTIGATE"",""BET""))))","=IF($AA345="""","""",IF(ABS($AA345)<SETTINGS!$B$33,"""",IF(ABS($AA345)<SETTINGS!$B$34,""LEAN"",IF(OR(SETTINGS!$B$11<>""Y"",$AI345<>""READY"",ABS($AA345)<SETTINGS!$B$26,$AF345<>"""",$AG345<>""""),""INVESTIGATE"",""BET""))))"
ENGINE,AB346,346,28,"=IF($AA346="""","""",IF(ABS($AA346)<SETTINGS!$B$8*2,"""",IF(ABS($AA346)<SETTINGS!$B$9*2,""LEAN"",IF(OR(SETTINGS!$B$11<>""Y"",$AI346<>""READY"",ABS($AA346)<SETTINGS!$B$10*2,$AF346<>"""",$AG346<>""""),""INVESTIGATE"",""BET""))))","=IF($AA346="""","""",IF(ABS($AA346)<SETTINGS!$B$33,"""",IF(ABS($AA346)<SETTINGS!$B$34,""LEAN"",IF(OR(SETTINGS!$B$11<>""Y"",$AI346<>""READY"",ABS($AA346)<SETTINGS!$B$26,$AF346<>"""",$AG346<>""""),""INVESTIGATE"",""BET""))))"
ENGINE,AB347,347,28,"=IF($AA347="""","""",IF(ABS($AA347)<SETTINGS!$B$8*2,"""",IF(ABS($AA347)<SETTINGS!$B$9*2,""LEAN"",IF(OR(SETTINGS!$B$11<>""Y"",$AI347<>""READY"",ABS($AA347)<SETTINGS!$B$10*2,$AF347<>"""",$AG347<>""""),""INVESTIGATE"",""BET""))))","=IF($AA347="""","""",IF(ABS($AA347)<SETTINGS!$B$33,"""",IF(ABS($AA347)<SETTINGS!$B$34,""LEAN"",IF(OR(SETTINGS!$B$11<>""Y"",$AI347<>""READY"",ABS($AA347)<SETTINGS!$B$26,$AF347<>"""",$AG347<>""""),""INVESTIGATE"",""BET""))))"
ENGINE,AB348,348,28,"=IF($AA348="""","""",IF(ABS($AA348)<SETTINGS!$B$8*2,"""",IF(ABS($AA348)<SETTINGS!$B$9*2,""LEAN"",IF(OR(SETTINGS!$B$11<>""Y"",$AI348<>""READY"",ABS($AA348)<SETTINGS!$B$10*2,$AF348<>"""",$AG348<>""""),""INVESTIGATE"",""BET""))))","=IF($AA348="""","""",IF(ABS($AA348)<SETTINGS!$B$33,"""",IF(ABS($AA348)<SETTINGS!$B$34,""LEAN"",IF(OR(SETTINGS!$B$11<>""Y"",$AI348<>""READY"",ABS($AA348)<SETTINGS!$B$26,$AF348<>"""",$AG348<>""""),""INVESTIGATE"",""BET""))))"
ENGINE,AB349,349,28,"=IF($AA349="""","""",IF(ABS($AA349)<SETTINGS!$B$8*2,"""",IF(ABS($AA349)<SETTINGS!$B$9*2,""LEAN"",IF(OR(SETTINGS!$B$11<>""Y"",$AI349<>""READY"",ABS($AA349)<SETTINGS!$B$10*2,$AF349<>"""",$AG349<>""""),""INVESTIGATE"",""BET""))))","=IF($AA349="""","""",IF(ABS($AA349)<SETTINGS!$B$33,"""",IF(ABS($AA349)<SETTINGS!$B$34,""LEAN"",IF(OR(SETTINGS!$B$11<>""Y"",$AI349<>""READY"",ABS($AA349)<SETTINGS!$B$26,$AF349<>"""",$AG349<>""""),""INVESTIGATE"",""BET""))))"
ENGINE,AB350,350,28,"=IF($AA350="""","""",IF(ABS($AA350)<SETTINGS!$B$8*2,"""",IF(ABS($AA350)<SETTINGS!$B$9*2,""LEAN"",IF(OR(SETTINGS!$B$11<>""Y"",$AI350<>""READY"",ABS($AA350)<SETTINGS!$B$10*2,$AF350<>"""",$AG350<>""""),""INVESTIGATE"",""BET""))))","=IF($AA350="""","""",IF(ABS($AA350)<SETTINGS!$B$33,"""",IF(ABS($AA350)<SETTINGS!$B$34,""LEAN"",IF(OR(SETTINGS!$B$11<>""Y"",$AI350<>""READY"",ABS($AA350)<SETTINGS!$B$26,$AF350<>"""",$AG350<>""""),""INVESTIGATE"",""BET""))))"
ENGINE,AB351,351,28,"=IF($AA351="""","""",IF(ABS($AA351)<SETTINGS!$B$8*2,"""",IF(ABS($AA351)<SETTINGS!$B$9*2,""LEAN"",IF(OR(SETTINGS!$B$11<>""Y"",$AI351<>""READY"",ABS($AA351)<SETTINGS!$B$10*2,$AF351<>"""",$AG351<>""""),""INVESTIGATE"",""BET""))))","=IF($AA351="""","""",IF(ABS($AA351)<SETTINGS!$B$33,"""",IF(ABS($AA351)<SETTINGS!$B$34,""LEAN"",IF(OR(SETTINGS!$B$11<>""Y"",$AI351<>""READY"",ABS($AA351)<SETTINGS!$B$26,$AF351<>"""",$AG351<>""""),""INVESTIGATE"",""BET""))))"
ENGINE,AB352,352,28,"=IF($AA352="""","""",IF(ABS($AA352)<SETTINGS!$B$8*2,"""",IF(ABS($AA352)<SETTINGS!$B$9*2,""LEAN"",IF(OR(SETTINGS!$B$11<>""Y"",$AI352<>""READY"",ABS($AA352)<SETTINGS!$B$10*2,$AF352<>"""",$AG352<>""""),""INVESTIGATE"",""BET""))))","=IF($AA352="""","""",IF(ABS($AA352)<SETTINGS!$B$33,"""",IF(ABS($AA352)<SETTINGS!$B$34,""LEAN"",IF(OR(SETTINGS!$B$11<>""Y"",$AI352<>""READY"",ABS($AA352)<SETTINGS!$B$26,$AF352<>"""",$AG352<>""""),""INVESTIGATE"",""BET""))))"
ENGINE,AB353,353,28,"=IF($AA353="""","""",IF(ABS($AA353)<SETTINGS!$B$8*2,"""",IF(ABS($AA353)<SETTINGS!$B$9*2,""LEAN"",IF(OR(SETTINGS!$B$11<>""Y"",$AI353<>""READY"",ABS($AA353)<SETTINGS!$B$10*2,$AF353<>"""",$AG353<>""""),""INVESTIGATE"",""BET""))))","=IF($AA353="""","""",IF(ABS($AA353)<SETTINGS!$B$33,"""",IF(ABS($AA353)<SETTINGS!$B$34,""LEAN"",IF(OR(SETTINGS!$B$11<>""Y"",$AI353<>""READY"",ABS($AA353)<SETTINGS!$B$26,$AF353<>"""",$AG353<>""""),""INVESTIGATE"",""BET""))))"
ENGINE,AB354,354,28,"=IF($AA354="""","""",IF(ABS($AA354)<SETTINGS!$B$8*2,"""",IF(ABS($AA354)<SETTINGS!$B$9*2,""LEAN"",IF(OR(SETTINGS!$B$11<>""Y"",$AI354<>""READY"",ABS($AA354)<SETTINGS!$B$10*2,$AF354<>"""",$AG354<>""""),""INVESTIGATE"",""BET""))))","=IF($AA354="""","""",IF(ABS($AA354)<SETTINGS!$B$33,"""",IF(ABS($AA354)<SETTINGS!$B$34,""LEAN"",IF(OR(SETTINGS!$B$11<>""Y"",$AI354<>""READY"",ABS($AA354)<SETTINGS!$B$26,$AF354<>"""",$AG354<>""""),""INVESTIGATE"",""BET""))))"
ENGINE,AB355,355,28,"=IF($AA355="""","""",IF(ABS($AA355)<SETTINGS!$B$8*2,"""",IF(ABS($AA355)<SETTINGS!$B$9*2,""LEAN"",IF(OR(SETTINGS!$B$11<>""Y"",$AI355<>""READY"",ABS($AA355)<SETTINGS!$B$10*2,$AF355<>"""",$AG355<>""""),""INVESTIGATE"",""BET""))))","=IF($AA355="""","""",IF(ABS($AA355)<SETTINGS!$B$33,"""",IF(ABS($AA355)<SETTINGS!$B$34,""LEAN"",IF(OR(SETTINGS!$B$11<>""Y"",$AI355<>""READY"",ABS($AA355)<SETTINGS!$B$26,$AF355<>"""",$AG355<>""""),""INVESTIGATE"",""BET""))))"
ENGINE,AB356,356,28,"=IF($AA356="""","""",IF(ABS($AA356)<SETTINGS!$B$8*2,"""",IF(ABS($AA356)<SETTINGS!$B$9*2,""LEAN"",IF(OR(SETTINGS!$B$11<>""Y"",$AI356<>""READY"",ABS($AA356)<SETTINGS!$B$10*2,$AF356<>"""",$AG356<>""""),""INVESTIGATE"",""BET""))))","=IF($AA356="""","""",IF(ABS($AA356)<SETTINGS!$B$33,"""",IF(ABS($AA356)<SETTINGS!$B$34,""LEAN"",IF(OR(SETTINGS!$B$11<>""Y"",$AI356<>""READY"",ABS($AA356)<SETTINGS!$B$26,$AF356<>"""",$AG356<>""""),""INVESTIGATE"",""BET""))))"
ENGINE,AB357,357,28,"=IF($AA357="""","""",IF(ABS($AA357)<SETTINGS!$B$8*2,"""",IF(ABS($AA357)<SETTINGS!$B$9*2,""LEAN"",IF(OR(SETTINGS!$B$11<>""Y"",$AI357<>""READY"",ABS($AA357)<SETTINGS!$B$10*2,$AF357<>"""",$AG357<>""""),""INVESTIGATE"",""BET""))))","=IF($AA357="""","""",IF(ABS($AA357)<SETTINGS!$B$33,"""",IF(ABS($AA357)<SETTINGS!$B$34,""LEAN"",IF(OR(SETTINGS!$B$11<>""Y"",$AI357<>""READY"",ABS($AA357)<SETTINGS!$B$26,$AF357<>"""",$AG357<>""""),""INVESTIGATE"",""BET""))))"
ENGINE,AB358,358,28,"=IF($AA358="""","""",IF(ABS($AA358)<SETTINGS!$B$8*2,"""",IF(ABS($AA358)<SETTINGS!$B$9*2,""LEAN"",IF(OR(SETTINGS!$B$11<>""Y"",$AI358<>""READY"",ABS($AA358)<SETTINGS!$B$10*2,$AF358<>"""",$AG358<>""""),""INVESTIGATE"",""BET""))))","=IF($AA358="""","""",IF(ABS($AA358)<SETTINGS!$B$33,"""",IF(ABS($AA358)<SETTINGS!$B$34,""LEAN"",IF(OR(SETTINGS!$B$11<>""Y"",$AI358<>""READY"",ABS($AA358)<SETTINGS!$B$26,$AF358<>"""",$AG358<>""""),""INVESTIGATE"",""BET""))))"
ENGINE,AB359,359,28,"=IF($AA359="""","""",IF(ABS($AA359)<SETTINGS!$B$8*2,"""",IF(ABS($AA359)<SETTINGS!$B$9*2,""LEAN"",IF(OR(SETTINGS!$B$11<>""Y"",$AI359<>""READY"",ABS($AA359)<SETTINGS!$B$10*2,$AF359<>"""",$AG359<>""""),""INVESTIGATE"",""BET""))))","=IF($AA359="""","""",IF(ABS($AA359)<SETTINGS!$B$33,"""",IF(ABS($AA359)<SETTINGS!$B$34,""LEAN"",IF(OR(SETTINGS!$B$11<>""Y"",$AI359<>""READY"",ABS($AA359)<SETTINGS!$B$26,$AF359<>"""",$AG359<>""""),""INVESTIGATE"",""BET""))))"
ENGINE,AB360,360,28,"=IF($AA360="""","""",IF(ABS($AA360)<SETTINGS!$B$8*2,"""",IF(ABS($AA360)<SETTINGS!$B$9*2,""LEAN"",IF(OR(SETTINGS!$B$11<>""Y"",$AI360<>""READY"",ABS($AA360)<SETTINGS!$B$10*2,$AF360<>"""",$AG360<>""""),""INVESTIGATE"",""BET""))))","=IF($AA360="""","""",IF(ABS($AA360)<SETTINGS!$B$33,"""",IF(ABS($AA360)<SETTINGS!$B$34,""LEAN"",IF(OR(SETTINGS!$B$11<>""Y"",$AI360<>""READY"",ABS($AA360)<SETTINGS!$B$26,$AF360<>"""",$AG360<>""""),""INVESTIGATE"",""BET""))))"
ENGINE,AB361,361,28,"=IF($AA361="""","""",IF(ABS($AA361)<SETTINGS!$B$8*2,"""",IF(ABS($AA361)<SETTINGS!$B$9*2,""LEAN"",IF(OR(SETTINGS!$B$11<>""Y"",$AI361<>""READY"",ABS($AA361)<SETTINGS!$B$10*2,$AF361<>"""",$AG361<>""""),""INVESTIGATE"",""BET""))))","=IF($AA361="""","""",IF(ABS($AA361)<SETTINGS!$B$33,"""",IF(ABS($AA361)<SETTINGS!$B$34,""LEAN"",IF(OR(SETTINGS!$B$11<>""Y"",$AI361<>""READY"",ABS($AA361)<SETTINGS!$B$26,$AF361<>"""",$AG361<>""""),""INVESTIGATE"",""BET""))))"
ENGINE,AB362,362,28,"=IF($AA362="""","""",IF(ABS($AA362)<SETTINGS!$B$8*2,"""",IF(ABS($AA362)<SETTINGS!$B$9*2,""LEAN"",IF(OR(SETTINGS!$B$11<>""Y"",$AI362<>""READY"",ABS($AA362)<SETTINGS!$B$10*2,$AF362<>"""",$AG362<>""""),""INVESTIGATE"",""BET""))))","=IF($AA362="""","""",IF(ABS($AA362)<SETTINGS!$B$33,"""",IF(ABS($AA362)<SETTINGS!$B$34,""LEAN"",IF(OR(SETTINGS!$B$11<>""Y"",$AI362<>""READY"",ABS($AA362)<SETTINGS!$B$26,$AF362<>"""",$AG362<>""""),""INVESTIGATE"",""BET""))))"
ENGINE,AB363,363,28,"=IF($AA363="""","""",IF(ABS($AA363)<SETTINGS!$B$8*2,"""",IF(ABS($AA363)<SETTINGS!$B$9*2,""LEAN"",IF(OR(SETTINGS!$B$11<>""Y"",$AI363<>""READY"",ABS($AA363)<SETTINGS!$B$10*2,$AF363<>"""",$AG363<>""""),""INVESTIGATE"",""BET""))))","=IF($AA363="""","""",IF(ABS($AA363)<SETTINGS!$B$33,"""",IF(ABS($AA363)<SETTINGS!$B$34,""LEAN"",IF(OR(SETTINGS!$B$11<>""Y"",$AI363<>""READY"",ABS($AA363)<SETTINGS!$B$26,$AF363<>"""",$AG363<>""""),""INVESTIGATE"",""BET""))))"
ENGINE,AB364,364,28,"=IF($AA364="""","""",IF(ABS($AA364)<SETTINGS!$B$8*2,"""",IF(ABS($AA364)<SETTINGS!$B$9*2,""LEAN"",IF(OR(SETTINGS!$B$11<>""Y"",$AI364<>""READY"",ABS($AA364)<SETTINGS!$B$10*2,$AF364<>"""",$AG364<>""""),""INVESTIGATE"",""BET""))))","=IF($AA364="""","""",IF(ABS($AA364)<SETTINGS!$B$33,"""",IF(ABS($AA364)<SETTINGS!$B$34,""LEAN"",IF(OR(SETTINGS!$B$11<>""Y"",$AI364<>""READY"",ABS($AA364)<SETTINGS!$B$26,$AF364<>"""",$AG364<>""""),""INVESTIGATE"",""BET""))))"
ENGINE,AB365,365,28,"=IF($AA365="""","""",IF(ABS($AA365)<SETTINGS!$B$8*2,"""",IF(ABS($AA365)<SETTINGS!$B$9*2,""LEAN"",IF(OR(SETTINGS!$B$11<>""Y"",$AI365<>""READY"",ABS($AA365)<SETTINGS!$B$10*2,$AF365<>"""",$AG365<>""""),""INVESTIGATE"",""BET""))))","=IF($AA365="""","""",IF(ABS($AA365)<SETTINGS!$B$33,"""",IF(ABS($AA365)<SETTINGS!$B$34,""LEAN"",IF(OR(SETTINGS!$B$11<>""Y"",$AI365<>""READY"",ABS($AA365)<SETTINGS!$B$26,$AF365<>"""",$AG365<>""""),""INVESTIGATE"",""BET""))))"
ENGINE,AB366,366,28,"=IF($AA366="""","""",IF(ABS($AA366)<SETTINGS!$B$8*2,"""",IF(ABS($AA366)<SETTINGS!$B$9*2,""LEAN"",IF(OR(SETTINGS!$B$11<>""Y"",$AI366<>""READY"",ABS($AA366)<SETTINGS!$B$10*2,$AF366<>"""",$AG366<>""""),""INVESTIGATE"",""BET""))))","=IF($AA366="""","""",IF(ABS($AA366)<SETTINGS!$B$33,"""",IF(ABS($AA366)<SETTINGS!$B$34,""LEAN"",IF(OR(SETTINGS!$B$11<>""Y"",$AI366<>""READY"",ABS($AA366)<SETTINGS!$B$26,$AF366<>"""",$AG366<>""""),""INVESTIGATE"",""BET""))))"
ENGINE,AB367,367,28,"=IF($AA367="""","""",IF(ABS($AA367)<SETTINGS!$B$8*2,"""",IF(ABS($AA367)<SETTINGS!$B$9*2,""LEAN"",IF(OR(SETTINGS!$B$11<>""Y"",$AI367<>""READY"",ABS($AA367)<SETTINGS!$B$10*2,$AF367<>"""",$AG367<>""""),""INVESTIGATE"",""BET""))))","=IF($AA367="""","""",IF(ABS($AA367)<SETTINGS!$B$33,"""",IF(ABS($AA367)<SETTINGS!$B$34,""LEAN"",IF(OR(SETTINGS!$B$11<>""Y"",$AI367<>""READY"",ABS($AA367)<SETTINGS!$B$26,$AF367<>"""",$AG367<>""""),""INVESTIGATE"",""BET""))))"
ENGINE,AB368,368,28,"=IF($AA368="""","""",IF(ABS($AA368)<SETTINGS!$B$8*2,"""",IF(ABS($AA368)<SETTINGS!$B$9*2,""LEAN"",IF(OR(SETTINGS!$B$11<>""Y"",$AI368<>""READY"",ABS($AA368)<SETTINGS!$B$10*2,$AF368<>"""",$AG368<>""""),""INVESTIGATE"",""BET""))))","=IF($AA368="""","""",IF(ABS($AA368)<SETTINGS!$B$33,"""",IF(ABS($AA368)<SETTINGS!$B$34,""LEAN"",IF(OR(SETTINGS!$B$11<>""Y"",$AI368<>""READY"",ABS($AA368)<SETTINGS!$B$26,$AF368<>"""",$AG368<>""""),""INVESTIGATE"",""BET""))))"
ENGINE,AB369,369,28,"=IF($AA369="""","""",IF(ABS($AA369)<SETTINGS!$B$8*2,"""",IF(ABS($AA369)<SETTINGS!$B$9*2,""LEAN"",IF(OR(SETTINGS!$B$11<>""Y"",$AI369<>""READY"",ABS($AA369)<SETTINGS!$B$10*2,$AF369<>"""",$AG369<>""""),""INVESTIGATE"",""BET""))))","=IF($AA369="""","""",IF(ABS($AA369)<SETTINGS!$B$33,"""",IF(ABS($AA369)<SETTINGS!$B$34,""LEAN"",IF(OR(SETTINGS!$B$11<>""Y"",$AI369<>""READY"",ABS($AA369)<SETTINGS!$B$26,$AF369<>"""",$AG369<>""""),""INVESTIGATE"",""BET""))))"
ENGINE,AB370,370,28,"=IF($AA370="""","""",IF(ABS($AA370)<SETTINGS!$B$8*2,"""",IF(ABS($AA370)<SETTINGS!$B$9*2,""LEAN"",IF(OR(SETTINGS!$B$11<>""Y"",$AI370<>""READY"",ABS($AA370)<SETTINGS!$B$10*2,$AF370<>"""",$AG370<>""""),""INVESTIGATE"",""BET""))))","=IF($AA370="""","""",IF(ABS($AA370)<SETTINGS!$B$33,"""",IF(ABS($AA370)<SETTINGS!$B$34,""LEAN"",IF(OR(SETTINGS!$B$11<>""Y"",$AI370<>""READY"",ABS($AA370)<SETTINGS!$B$26,$AF370<>"""",$AG370<>""""),""INVESTIGATE"",""BET""))))"
ENGINE,AB371,371,28,"=IF($AA371="""","""",IF(ABS($AA371)<SETTINGS!$B$8*2,"""",IF(ABS($AA371)<SETTINGS!$B$9*2,""LEAN"",IF(OR(SETTINGS!$B$11<>""Y"",$AI371<>""READY"",ABS($AA371)<SETTINGS!$B$10*2,$AF371<>"""",$AG371<>""""),""INVESTIGATE"",""BET""))))","=IF($AA371="""","""",IF(ABS($AA371)<SETTINGS!$B$33,"""",IF(ABS($AA371)<SETTINGS!$B$34,""LEAN"",IF(OR(SETTINGS!$B$11<>""Y"",$AI371<>""READY"",ABS($AA371)<SETTINGS!$B$26,$AF371<>"""",$AG371<>""""),""INVESTIGATE"",""BET""))))"
ENGINE,AB372,372,28,"=IF($AA372="""","""",IF(ABS($AA372)<SETTINGS!$B$8*2,"""",IF(ABS($AA372)<SETTINGS!$B$9*2,""LEAN"",IF(OR(SETTINGS!$B$11<>""Y"",$AI372<>""READY"",ABS($AA372)<SETTINGS!$B$10*2,$AF372<>"""",$AG372<>""""),""INVESTIGATE"",""BET""))))","=IF($AA372="""","""",IF(ABS($AA372)<SETTINGS!$B$33,"""",IF(ABS($AA372)<SETTINGS!$B$34,""LEAN"",IF(OR(SETTINGS!$B$11<>""Y"",$AI372<>""READY"",ABS($AA372)<SETTINGS!$B$26,$AF372<>"""",$AG372<>""""),""INVESTIGATE"",""BET""))))"
ENGINE,AB373,373,28,"=IF($AA373="""","""",IF(ABS($AA373)<SETTINGS!$B$8*2,"""",IF(ABS($AA373)<SETTINGS!$B$9*2,""LEAN"",IF(OR(SETTINGS!$B$11<>""Y"",$AI373<>""READY"",ABS($AA373)<SETTINGS!$B$10*2,$AF373<>"""",$AG373<>""""),""INVESTIGATE"",""BET""))))","=IF($AA373="""","""",IF(ABS($AA373)<SETTINGS!$B$33,"""",IF(ABS($AA373)<SETTINGS!$B$34,""LEAN"",IF(OR(SETTINGS!$B$11<>""Y"",$AI373<>""READY"",ABS($AA373)<SETTINGS!$B$26,$AF373<>"""",$AG373<>""""),""INVESTIGATE"",""BET""))))"
ENGINE,AB374,374,28,"=IF($AA374="""","""",IF(ABS($AA374)<SETTINGS!$B$8*2,"""",IF(ABS($AA374)<SETTINGS!$B$9*2,""LEAN"",IF(OR(SETTINGS!$B$11<>""Y"",$AI374<>""READY"",ABS($AA374)<SETTINGS!$B$10*2,$AF374<>"""",$AG374<>""""),""INVESTIGATE"",""BET""))))","=IF($AA374="""","""",IF(ABS($AA374)<SETTINGS!$B$33,"""",IF(ABS($AA374)<SETTINGS!$B$34,""LEAN"",IF(OR(SETTINGS!$B$11<>""Y"",$AI374<>""READY"",ABS($AA374)<SETTINGS!$B$26,$AF374<>"""",$AG374<>""""),""INVESTIGATE"",""BET""))))"
ENGINE,AB375,375,28,"=IF($AA375="""","""",IF(ABS($AA375)<SETTINGS!$B$8*2,"""",IF(ABS($AA375)<SETTINGS!$B$9*2,""LEAN"",IF(OR(SETTINGS!$B$11<>""Y"",$AI375<>""READY"",ABS($AA375)<SETTINGS!$B$10*2,$AF375<>"""",$AG375<>""""),""INVESTIGATE"",""BET""))))","=IF($AA375="""","""",IF(ABS($AA375)<SETTINGS!$B$33,"""",IF(ABS($AA375)<SETTINGS!$B$34,""LEAN"",IF(OR(SETTINGS!$B$11<>""Y"",$AI375<>""READY"",ABS($AA375)<SETTINGS!$B$26,$AF375<>"""",$AG375<>""""),""INVESTIGATE"",""BET""))))"
ENGINE,AB376,376,28,"=IF($AA376="""","""",IF(ABS($AA376)<SETTINGS!$B$8*2,"""",IF(ABS($AA376)<SETTINGS!$B$9*2,""LEAN"",IF(OR(SETTINGS!$B$11<>""Y"",$AI376<>""READY"",ABS($AA376)<SETTINGS!$B$10*2,$AF376<>"""",$AG376<>""""),""INVESTIGATE"",""BET""))))","=IF($AA376="""","""",IF(ABS($AA376)<SETTINGS!$B$33,"""",IF(ABS($AA376)<SETTINGS!$B$34,""LEAN"",IF(OR(SETTINGS!$B$11<>""Y"",$AI376<>""READY"",ABS($AA376)<SETTINGS!$B$26,$AF376<>"""",$AG376<>""""),""INVESTIGATE"",""BET""))))"
ENGINE,AB377,377,28,"=IF($AA377="""","""",IF(ABS($AA377)<SETTINGS!$B$8*2,"""",IF(ABS($AA377)<SETTINGS!$B$9*2,""LEAN"",IF(OR(SETTINGS!$B$11<>""Y"",$AI377<>""READY"",ABS($AA377)<SETTINGS!$B$10*2,$AF377<>"""",$AG377<>""""),""INVESTIGATE"",""BET""))))","=IF($AA377="""","""",IF(ABS($AA377)<SETTINGS!$B$33,"""",IF(ABS($AA377)<SETTINGS!$B$34,""LEAN"",IF(OR(SETTINGS!$B$11<>""Y"",$AI377<>""READY"",ABS($AA377)<SETTINGS!$B$26,$AF377<>"""",$AG377<>""""),""INVESTIGATE"",""BET""))))"
ENGINE,AB378,378,28,"=IF($AA378="""","""",IF(ABS($AA378)<SETTINGS!$B$8*2,"""",IF(ABS($AA378)<SETTINGS!$B$9*2,""LEAN"",IF(OR(SETTINGS!$B$11<>""Y"",$AI378<>""READY"",ABS($AA378)<SETTINGS!$B$10*2,$AF378<>"""",$AG378<>""""),""INVESTIGATE"",""BET""))))","=IF($AA378="""","""",IF(ABS($AA378)<SETTINGS!$B$33,"""",IF(ABS($AA378)<SETTINGS!$B$34,""LEAN"",IF(OR(SETTINGS!$B$11<>""Y"",$AI378<>""READY"",ABS($AA378)<SETTINGS!$B$26,$AF378<>"""",$AG378<>""""),""INVESTIGATE"",""BET""))))"
ENGINE,AB379,379,28,"=IF($AA379="""","""",IF(ABS($AA379)<SETTINGS!$B$8*2,"""",IF(ABS($AA379)<SETTINGS!$B$9*2,""LEAN"",IF(OR(SETTINGS!$B$11<>""Y"",$AI379<>""READY"",ABS($AA379)<SETTINGS!$B$10*2,$AF379<>"""",$AG379<>""""),""INVESTIGATE"",""BET""))))","=IF($AA379="""","""",IF(ABS($AA379)<SETTINGS!$B$33,"""",IF(ABS($AA379)<SETTINGS!$B$34,""LEAN"",IF(OR(SETTINGS!$B$11<>""Y"",$AI379<>""READY"",ABS($AA379)<SETTINGS!$B$26,$AF379<>"""",$AG379<>""""),""INVESTIGATE"",""BET""))))"
ENGINE,AB380,380,28,"=IF($AA380="""","""",IF(ABS($AA380)<SETTINGS!$B$8*2,"""",IF(ABS($AA380)<SETTINGS!$B$9*2,""LEAN"",IF(OR(SETTINGS!$B$11<>""Y"",$AI380<>""READY"",ABS($AA380)<SETTINGS!$B$10*2,$AF380<>"""",$AG380<>""""),""INVESTIGATE"",""BET""))))","=IF($AA380="""","""",IF(ABS($AA380)<SETTINGS!$B$33,"""",IF(ABS($AA380)<SETTINGS!$B$34,""LEAN"",IF(OR(SETTINGS!$B$11<>""Y"",$AI380<>""READY"",ABS($AA380)<SETTINGS!$B$26,$AF380<>"""",$AG380<>""""),""INVESTIGATE"",""BET""))))"
ENGINE,AB381,381,28,"=IF($AA381="""","""",IF(ABS($AA381)<SETTINGS!$B$8*2,"""",IF(ABS($AA381)<SETTINGS!$B$9*2,""LEAN"",IF(OR(SETTINGS!$B$11<>""Y"",$AI381<>""READY"",ABS($AA381)<SETTINGS!$B$10*2,$AF381<>"""",$AG381<>""""),""INVESTIGATE"",""BET""))))","=IF($AA381="""","""",IF(ABS($AA381)<SETTINGS!$B$33,"""",IF(ABS($AA381)<SETTINGS!$B$34,""LEAN"",IF(OR(SETTINGS!$B$11<>""Y"",$AI381<>""READY"",ABS($AA381)<SETTINGS!$B$26,$AF381<>"""",$AG381<>""""),""INVESTIGATE"",""BET""))))"
ENGINE,AB382,382,28,"=IF($AA382="""","""",IF(ABS($AA382)<SETTINGS!$B$8*2,"""",IF(ABS($AA382)<SETTINGS!$B$9*2,""LEAN"",IF(OR(SETTINGS!$B$11<>""Y"",$AI382<>""READY"",ABS($AA382)<SETTINGS!$B$10*2,$AF382<>"""",$AG382<>""""),""INVESTIGATE"",""BET""))))","=IF($AA382="""","""",IF(ABS($AA382)<SETTINGS!$B$33,"""",IF(ABS($AA382)<SETTINGS!$B$34,""LEAN"",IF(OR(SETTINGS!$B$11<>""Y"",$AI382<>""READY"",ABS($AA382)<SETTINGS!$B$26,$AF382<>"""",$AG382<>""""),""INVESTIGATE"",""BET""))))"
ENGINE,AB383,383,28,"=IF($AA383="""","""",IF(ABS($AA383)<SETTINGS!$B$8*2,"""",IF(ABS($AA383)<SETTINGS!$B$9*2,""LEAN"",IF(OR(SETTINGS!$B$11<>""Y"",$AI383<>""READY"",ABS($AA383)<SETTINGS!$B$10*2,$AF383<>"""",$AG383<>""""),""INVESTIGATE"",""BET""))))","=IF($AA383="""","""",IF(ABS($AA383)<SETTINGS!$B$33,"""",IF(ABS($AA383)<SETTINGS!$B$34,""LEAN"",IF(OR(SETTINGS!$B$11<>""Y"",$AI383<>""READY"",ABS($AA383)<SETTINGS!$B$26,$AF383<>"""",$AG383<>""""),""INVESTIGATE"",""BET""))))"
ENGINE,AB384,384,28,"=IF($AA384="""","""",IF(ABS($AA384)<SETTINGS!$B$8*2,"""",IF(ABS($AA384)<SETTINGS!$B$9*2,""LEAN"",IF(OR(SETTINGS!$B$11<>""Y"",$AI384<>""READY"",ABS($AA384)<SETTINGS!$B$10*2,$AF384<>"""",$AG384<>""""),""INVESTIGATE"",""BET""))))","=IF($AA384="""","""",IF(ABS($AA384)<SETTINGS!$B$33,"""",IF(ABS($AA384)<SETTINGS!$B$34,""LEAN"",IF(OR(SETTINGS!$B$11<>""Y"",$AI384<>""READY"",ABS($AA384)<SETTINGS!$B$26,$AF384<>"""",$AG384<>""""),""INVESTIGATE"",""BET""))))"
ENGINE,AB385,385,28,"=IF($AA385="""","""",IF(ABS($AA385)<SETTINGS!$B$8*2,"""",IF(ABS($AA385)<SETTINGS!$B$9*2,""LEAN"",IF(OR(SETTINGS!$B$11<>""Y"",$AI385<>""READY"",ABS($AA385)<SETTINGS!$B$10*2,$AF385<>"""",$AG385<>""""),""INVESTIGATE"",""BET""))))","=IF($AA385="""","""",IF(ABS($AA385)<SETTINGS!$B$33,"""",IF(ABS($AA385)<SETTINGS!$B$34,""LEAN"",IF(OR(SETTINGS!$B$11<>""Y"",$AI385<>""READY"",ABS($AA385)<SETTINGS!$B$26,$AF385<>"""",$AG385<>""""),""INVESTIGATE"",""BET""))))"
ENGINE,AB386,386,28,"=IF($AA386="""","""",IF(ABS($AA386)<SETTINGS!$B$8*2,"""",IF(ABS($AA386)<SETTINGS!$B$9*2,""LEAN"",IF(OR(SETTINGS!$B$11<>""Y"",$AI386<>""READY"",ABS($AA386)<SETTINGS!$B$10*2,$AF386<>"""",$AG386<>""""),""INVESTIGATE"",""BET""))))","=IF($AA386="""","""",IF(ABS($AA386)<SETTINGS!$B$33,"""",IF(ABS($AA386)<SETTINGS!$B$34,""LEAN"",IF(OR(SETTINGS!$B$11<>""Y"",$AI386<>""READY"",ABS($AA386)<SETTINGS!$B$26,$AF386<>"""",$AG386<>""""),""INVESTIGATE"",""BET""))))"
ENGINE,AB387,387,28,"=IF($AA387="""","""",IF(ABS($AA387)<SETTINGS!$B$8*2,"""",IF(ABS($AA387)<SETTINGS!$B$9*2,""LEAN"",IF(OR(SETTINGS!$B$11<>""Y"",$AI387<>""READY"",ABS($AA387)<SETTINGS!$B$10*2,$AF387<>"""",$AG387<>""""),""INVESTIGATE"",""BET""))))","=IF($AA387="""","""",IF(ABS($AA387)<SETTINGS!$B$33,"""",IF(ABS($AA387)<SETTINGS!$B$34,""LEAN"",IF(OR(SETTINGS!$B$11<>""Y"",$AI387<>""READY"",ABS($AA387)<SETTINGS!$B$26,$AF387<>"""",$AG387<>""""),""INVESTIGATE"",""BET""))))"
ENGINE,AB388,388,28,"=IF($AA388="""","""",IF(ABS($AA388)<SETTINGS!$B$8*2,"""",IF(ABS($AA388)<SETTINGS!$B$9*2,""LEAN"",IF(OR(SETTINGS!$B$11<>""Y"",$AI388<>""READY"",ABS($AA388)<SETTINGS!$B$10*2,$AF388<>"""",$AG388<>""""),""INVESTIGATE"",""BET""))))","=IF($AA388="""","""",IF(ABS($AA388)<SETTINGS!$B$33,"""",IF(ABS($AA388)<SETTINGS!$B$34,""LEAN"",IF(OR(SETTINGS!$B$11<>""Y"",$AI388<>""READY"",ABS($AA388)<SETTINGS!$B$26,$AF388<>"""",$AG388<>""""),""INVESTIGATE"",""BET""))))"
ENGINE,AB389,389,28,"=IF($AA389="""","""",IF(ABS($AA389)<SETTINGS!$B$8*2,"""",IF(ABS($AA389)<SETTINGS!$B$9*2,""LEAN"",IF(OR(SETTINGS!$B$11<>""Y"",$AI389<>""READY"",ABS($AA389)<SETTINGS!$B$10*2,$AF389<>"""",$AG389<>""""),""INVESTIGATE"",""BET""))))","=IF($AA389="""","""",IF(ABS($AA389)<SETTINGS!$B$33,"""",IF(ABS($AA389)<SETTINGS!$B$34,""LEAN"",IF(OR(SETTINGS!$B$11<>""Y"",$AI389<>""READY"",ABS($AA389)<SETTINGS!$B$26,$AF389<>"""",$AG389<>""""),""INVESTIGATE"",""BET""))))"
ENGINE,AB390,390,28,"=IF($AA390="""","""",IF(ABS($AA390)<SETTINGS!$B$8*2,"""",IF(ABS($AA390)<SETTINGS!$B$9*2,""LEAN"",IF(OR(SETTINGS!$B$11<>""Y"",$AI390<>""READY"",ABS($AA390)<SETTINGS!$B$10*2,$AF390<>"""",$AG390<>""""),""INVESTIGATE"",""BET""))))","=IF($AA390="""","""",IF(ABS($AA390)<SETTINGS!$B$33,"""",IF(ABS($AA390)<SETTINGS!$B$34,""LEAN"",IF(OR(SETTINGS!$B$11<>""Y"",$AI390<>""READY"",ABS($AA390)<SETTINGS!$B$26,$AF390<>"""",$AG390<>""""),""INVESTIGATE"",""BET""))))"
ENGINE,AB391,391,28,"=IF($AA391="""","""",IF(ABS($AA391)<SETTINGS!$B$8*2,"""",IF(ABS($AA391)<SETTINGS!$B$9*2,""LEAN"",IF(OR(SETTINGS!$B$11<>""Y"",$AI391<>""READY"",ABS($AA391)<SETTINGS!$B$10*2,$AF391<>"""",$AG391<>""""),""INVESTIGATE"",""BET""))))","=IF($AA391="""","""",IF(ABS($AA391)<SETTINGS!$B$33,"""",IF(ABS($AA391)<SETTINGS!$B$34,""LEAN"",IF(OR(SETTINGS!$B$11<>""Y"",$AI391<>""READY"",ABS($AA391)<SETTINGS!$B$26,$AF391<>"""",$AG391<>""""),""INVESTIGATE"",""BET""))))"
ENGINE,AB392,392,28,"=IF($AA392="""","""",IF(ABS($AA392)<SETTINGS!$B$8*2,"""",IF(ABS($AA392)<SETTINGS!$B$9*2,""LEAN"",IF(OR(SETTINGS!$B$11<>""Y"",$AI392<>""READY"",ABS($AA392)<SETTINGS!$B$10*2,$AF392<>"""",$AG392<>""""),""INVESTIGATE"",""BET""))))","=IF($AA392="""","""",IF(ABS($AA392)<SETTINGS!$B$33,"""",IF(ABS($AA392)<SETTINGS!$B$34,""LEAN"",IF(OR(SETTINGS!$B$11<>""Y"",$AI392<>""READY"",ABS($AA392)<SETTINGS!$B$26,$AF392<>"""",$AG392<>""""),""INVESTIGATE"",""BET""))))"
ENGINE,AB393,393,28,"=IF($AA393="""","""",IF(ABS($AA393)<SETTINGS!$B$8*2,"""",IF(ABS($AA393)<SETTINGS!$B$9*2,""LEAN"",IF(OR(SETTINGS!$B$11<>""Y"",$AI393<>""READY"",ABS($AA393)<SETTINGS!$B$10*2,$AF393<>"""",$AG393<>""""),""INVESTIGATE"",""BET""))))","=IF($AA393="""","""",IF(ABS($AA393)<SETTINGS!$B$33,"""",IF(ABS($AA393)<SETTINGS!$B$34,""LEAN"",IF(OR(SETTINGS!$B$11<>""Y"",$AI393<>""READY"",ABS($AA393)<SETTINGS!$B$26,$AF393<>"""",$AG393<>""""),""INVESTIGATE"",""BET""))))"
ENGINE,AB394,394,28,"=IF($AA394="""","""",IF(ABS($AA394)<SETTINGS!$B$8*2,"""",IF(ABS($AA394)<SETTINGS!$B$9*2,""LEAN"",IF(OR(SETTINGS!$B$11<>""Y"",$AI394<>""READY"",ABS($AA394)<SETTINGS!$B$10*2,$AF394<>"""",$AG394<>""""),""INVESTIGATE"",""BET""))))","=IF($AA394="""","""",IF(ABS($AA394)<SETTINGS!$B$33,"""",IF(ABS($AA394)<SETTINGS!$B$34,""LEAN"",IF(OR(SETTINGS!$B$11<>""Y"",$AI394<>""READY"",ABS($AA394)<SETTINGS!$B$26,$AF394<>"""",$AG394<>""""),""INVESTIGATE"",""BET""))))"
ENGINE,AB395,395,28,"=IF($AA395="""","""",IF(ABS($AA395)<SETTINGS!$B$8*2,"""",IF(ABS($AA395)<SETTINGS!$B$9*2,""LEAN"",IF(OR(SETTINGS!$B$11<>""Y"",$AI395<>""READY"",ABS($AA395)<SETTINGS!$B$10*2,$AF395<>"""",$AG395<>""""),""INVESTIGATE"",""BET""))))","=IF($AA395="""","""",IF(ABS($AA395)<SETTINGS!$B$33,"""",IF(ABS($AA395)<SETTINGS!$B$34,""LEAN"",IF(OR(SETTINGS!$B$11<>""Y"",$AI395<>""READY"",ABS($AA395)<SETTINGS!$B$26,$AF395<>"""",$AG395<>""""),""INVESTIGATE"",""BET""))))"
ENGINE,AB396,396,28,"=IF($AA396="""","""",IF(ABS($AA396)<SETTINGS!$B$8*2,"""",IF(ABS($AA396)<SETTINGS!$B$9*2,""LEAN"",IF(OR(SETTINGS!$B$11<>""Y"",$AI396<>""READY"",ABS($AA396)<SETTINGS!$B$10*2,$AF396<>"""",$AG396<>""""),""INVESTIGATE"",""BET""))))","=IF($AA396="""","""",IF(ABS($AA396)<SETTINGS!$B$33,"""",IF(ABS($AA396)<SETTINGS!$B$34,""LEAN"",IF(OR(SETTINGS!$B$11<>""Y"",$AI396<>""READY"",ABS($AA396)<SETTINGS!$B$26,$AF396<>"""",$AG396<>""""),""INVESTIGATE"",""BET""))))"
ENGINE,AB397,397,28,"=IF($AA397="""","""",IF(ABS($AA397)<SETTINGS!$B$8*2,"""",IF(ABS($AA397)<SETTINGS!$B$9*2,""LEAN"",IF(OR(SETTINGS!$B$11<>""Y"",$AI397<>""READY"",ABS($AA397)<SETTINGS!$B$10*2,$AF397<>"""",$AG397<>""""),""INVESTIGATE"",""BET""))))","=IF($AA397="""","""",IF(ABS($AA397)<SETTINGS!$B$33,"""",IF(ABS($AA397)<SETTINGS!$B$34,""LEAN"",IF(OR(SETTINGS!$B$11<>""Y"",$AI397<>""READY"",ABS($AA397)<SETTINGS!$B$26,$AF397<>"""",$AG397<>""""),""INVESTIGATE"",""BET""))))"
ENGINE,AB398,398,28,"=IF($AA398="""","""",IF(ABS($AA398)<SETTINGS!$B$8*2,"""",IF(ABS($AA398)<SETTINGS!$B$9*2,""LEAN"",IF(OR(SETTINGS!$B$11<>""Y"",$AI398<>""READY"",ABS($AA398)<SETTINGS!$B$10*2,$AF398<>"""",$AG398<>""""),""INVESTIGATE"",""BET""))))","=IF($AA398="""","""",IF(ABS($AA398)<SETTINGS!$B$33,"""",IF(ABS($AA398)<SETTINGS!$B$34,""LEAN"",IF(OR(SETTINGS!$B$11<>""Y"",$AI398<>""READY"",ABS($AA398)<SETTINGS!$B$26,$AF398<>"""",$AG398<>""""),""INVESTIGATE"",""BET""))))"
ENGINE,AB399,399,28,"=IF($AA399="""","""",IF(ABS($AA399)<SETTINGS!$B$8*2,"""",IF(ABS($AA399)<SETTINGS!$B$9*2,""LEAN"",IF(OR(SETTINGS!$B$11<>""Y"",$AI399<>""READY"",ABS($AA399)<SETTINGS!$B$10*2,$AF399<>"""",$AG399<>""""),""INVESTIGATE"",""BET""))))","=IF($AA399="""","""",IF(ABS($AA399)<SETTINGS!$B$33,"""",IF(ABS($AA399)<SETTINGS!$B$34,""LEAN"",IF(OR(SETTINGS!$B$11<>""Y"",$AI399<>""READY"",ABS($AA399)<SETTINGS!$B$26,$AF399<>"""",$AG399<>""""),""INVESTIGATE"",""BET""))))"
ENGINE,AB400,400,28,"=IF($AA400="""","""",IF(ABS($AA400)<SETTINGS!$B$8*2,"""",IF(ABS($AA400)<SETTINGS!$B$9*2,""LEAN"",IF(OR(SETTINGS!$B$11<>""Y"",$AI400<>""READY"",ABS($AA400)<SETTINGS!$B$10*2,$AF400<>"""",$AG400<>""""),""INVESTIGATE"",""BET""))))","=IF($AA400="""","""",IF(ABS($AA400)<SETTINGS!$B$33,"""",IF(ABS($AA400)<SETTINGS!$B$34,""LEAN"",IF(OR(SETTINGS!$B$11<>""Y"",$AI400<>""READY"",ABS($AA400)<SETTINGS!$B$26,$AF400<>"""",$AG400<>""""),""INVESTIGATE"",""BET""))))"
ENGINE,AB401,401,28,"=IF($AA401="""","""",IF(ABS($AA401)<SETTINGS!$B$8*2,"""",IF(ABS($AA401)<SETTINGS!$B$9*2,""LEAN"",IF(OR(SETTINGS!$B$11<>""Y"",$AI401<>""READY"",ABS($AA401)<SETTINGS!$B$10*2,$AF401<>"""",$AG401<>""""),""INVESTIGATE"",""BET""))))","=IF($AA401="""","""",IF(ABS($AA401)<SETTINGS!$B$33,"""",IF(ABS($AA401)<SETTINGS!$B$34,""LEAN"",IF(OR(SETTINGS!$B$11<>""Y"",$AI401<>""READY"",ABS($AA401)<SETTINGS!$B$26,$AF401<>"""",$AG401<>""""),""INVESTIGATE"",""BET""))))"
ENGINE,AB402,402,28,"=IF($AA402="""","""",IF(ABS($AA402)<SETTINGS!$B$8*2,"""",IF(ABS($AA402)<SETTINGS!$B$9*2,""LEAN"",IF(OR(SETTINGS!$B$11<>""Y"",$AI402<>""READY"",ABS($AA402)<SETTINGS!$B$10*2,$AF402<>"""",$AG402<>""""),""INVESTIGATE"",""BET""))))","=IF($AA402="""","""",IF(ABS($AA402)<SETTINGS!$B$33,"""",IF(ABS($AA402)<SETTINGS!$B$34,""LEAN"",IF(OR(SETTINGS!$B$11<>""Y"",$AI402<>""READY"",ABS($AA402)<SETTINGS!$B$26,$AF402<>"""",$AG402<>""""),""INVESTIGATE"",""BET""))))"
ENGINE,AB403,403,28,"=IF($AA403="""","""",IF(ABS($AA403)<SETTINGS!$B$8*2,"""",IF(ABS($AA403)<SETTINGS!$B$9*2,""LEAN"",IF(OR(SETTINGS!$B$11<>""Y"",$AI403<>""READY"",ABS($AA403)<SETTINGS!$B$10*2,$AF403<>"""",$AG403<>""""),""INVESTIGATE"",""BET""))))","=IF($AA403="""","""",IF(ABS($AA403)<SETTINGS!$B$33,"""",IF(ABS($AA403)<SETTINGS!$B$34,""LEAN"",IF(OR(SETTINGS!$B$11<>""Y"",$AI403<>""READY"",ABS($AA403)<SETTINGS!$B$26,$AF403<>"""",$AG403<>""""),""INVESTIGATE"",""BET""))))"
ENGINE,AB404,404,28,"=IF($AA404="""","""",IF(ABS($AA404)<SETTINGS!$B$8*2,"""",IF(ABS($AA404)<SETTINGS!$B$9*2,""LEAN"",IF(OR(SETTINGS!$B$11<>""Y"",$AI404<>""READY"",ABS($AA404)<SETTINGS!$B$10*2,$AF404<>"""",$AG404<>""""),""INVESTIGATE"",""BET""))))","=IF($AA404="""","""",IF(ABS($AA404)<SETTINGS!$B$33,"""",IF(ABS($AA404)<SETTINGS!$B$34,""LEAN"",IF(OR(SETTINGS!$B$11<>""Y"",$AI404<>""READY"",ABS($AA404)<SETTINGS!$B$26,$AF404<>"""",$AG404<>""""),""INVESTIGATE"",""BET""))))"
ENGINE,AB405,405,28,"=IF($AA405="""","""",IF(ABS($AA405)<SETTINGS!$B$8*2,"""",IF(ABS($AA405)<SETTINGS!$B$9*2,""LEAN"",IF(OR(SETTINGS!$B$11<>""Y"",$AI405<>""READY"",ABS($AA405)<SETTINGS!$B$10*2,$AF405<>"""",$AG405<>""""),""INVESTIGATE"",""BET""))))","=IF($AA405="""","""",IF(ABS($AA405)<SETTINGS!$B$33,"""",IF(ABS($AA405)<SETTINGS!$B$34,""LEAN"",IF(OR(SETTINGS!$B$11<>""Y"",$AI405<>""READY"",ABS($AA405)<SETTINGS!$B$26,$AF405<>"""",$AG405<>""""),""INVESTIGATE"",""BET""))))"
ENGINE,AB406,406,28,"=IF($AA406="""","""",IF(ABS($AA406)<SETTINGS!$B$8*2,"""",IF(ABS($AA406)<SETTINGS!$B$9*2,""LEAN"",IF(OR(SETTINGS!$B$11<>""Y"",$AI406<>""READY"",ABS($AA406)<SETTINGS!$B$10*2,$AF406<>"""",$AG406<>""""),""INVESTIGATE"",""BET""))))","=IF($AA406="""","""",IF(ABS($AA406)<SETTINGS!$B$33,"""",IF(ABS($AA406)<SETTINGS!$B$34,""LEAN"",IF(OR(SETTINGS!$B$11<>""Y"",$AI406<>""READY"",ABS($AA406)<SETTINGS!$B$26,$AF406<>"""",$AG406<>""""),""INVESTIGATE"",""BET""))))"
ENGINE,AB407,407,28,"=IF($AA407="""","""",IF(ABS($AA407)<SETTINGS!$B$8*2,"""",IF(ABS($AA407)<SETTINGS!$B$9*2,""LEAN"",IF(OR(SETTINGS!$B$11<>""Y"",$AI407<>""READY"",ABS($AA407)<SETTINGS!$B$10*2,$AF407<>"""",$AG407<>""""),""INVESTIGATE"",""BET""))))","=IF($AA407="""","""",IF(ABS($AA407)<SETTINGS!$B$33,"""",IF(ABS($AA407)<SETTINGS!$B$34,""LEAN"",IF(OR(SETTINGS!$B$11<>""Y"",$AI407<>""READY"",ABS($AA407)<SETTINGS!$B$26,$AF407<>"""",$AG407<>""""),""INVESTIGATE"",""BET""))))"
ENGINE,AB408,408,28,"=IF($AA408="""","""",IF(ABS($AA408)<SETTINGS!$B$8*2,"""",IF(ABS($AA408)<SETTINGS!$B$9*2,""LEAN"",IF(OR(SETTINGS!$B$11<>""Y"",$AI408<>""READY"",ABS($AA408)<SETTINGS!$B$10*2,$AF408<>"""",$AG408<>""""),""INVESTIGATE"",""BET""))))","=IF($AA408="""","""",IF(ABS($AA408)<SETTINGS!$B$33,"""",IF(ABS($AA408)<SETTINGS!$B$34,""LEAN"",IF(OR(SETTINGS!$B$11<>""Y"",$AI408<>""READY"",ABS($AA408)<SETTINGS!$B$26,$AF408<>"""",$AG408<>""""),""INVESTIGATE"",""BET""))))"
ENGINE,AB409,409,28,"=IF($AA409="""","""",IF(ABS($AA409)<SETTINGS!$B$8*2,"""",IF(ABS($AA409)<SETTINGS!$B$9*2,""LEAN"",IF(OR(SETTINGS!$B$11<>""Y"",$AI409<>""READY"",ABS($AA409)<SETTINGS!$B$10*2,$AF409<>"""",$AG409<>""""),""INVESTIGATE"",""BET""))))","=IF($AA409="""","""",IF(ABS($AA409)<SETTINGS!$B$33,"""",IF(ABS($AA409)<SETTINGS!$B$34,""LEAN"",IF(OR(SETTINGS!$B$11<>""Y"",$AI409<>""READY"",ABS($AA409)<SETTINGS!$B$26,$AF409<>"""",$AG409<>""""),""INVESTIGATE"",""BET""))))"
ENGINE,AB410,410,28,"=IF($AA410="""","""",IF(ABS($AA410)<SETTINGS!$B$8*2,"""",IF(ABS($AA410)<SETTINGS!$B$9*2,""LEAN"",IF(OR(SETTINGS!$B$11<>""Y"",$AI410<>""READY"",ABS($AA410)<SETTINGS!$B$10*2,$AF410<>"""",$AG410<>""""),""INVESTIGATE"",""BET""))))","=IF($AA410="""","""",IF(ABS($AA410)<SETTINGS!$B$33,"""",IF(ABS($AA410)<SETTINGS!$B$34,""LEAN"",IF(OR(SETTINGS!$B$11<>""Y"",$AI410<>""READY"",ABS($AA410)<SETTINGS!$B$26,$AF410<>"""",$AG410<>""""),""INVESTIGATE"",""BET""))))"
ENGINE,AB411,411,28,"=IF($AA411="""","""",IF(ABS($AA411)<SETTINGS!$B$8*2,"""",IF(ABS($AA411)<SETTINGS!$B$9*2,""LEAN"",IF(OR(SETTINGS!$B$11<>""Y"",$AI411<>""READY"",ABS($AA411)<SETTINGS!$B$10*2,$AF411<>"""",$AG411<>""""),""INVESTIGATE"",""BET""))))","=IF($AA411="""","""",IF(ABS($AA411)<SETTINGS!$B$33,"""",IF(ABS($AA411)<SETTINGS!$B$34,""LEAN"",IF(OR(SETTINGS!$B$11<>""Y"",$AI411<>""READY"",ABS($AA411)<SETTINGS!$B$26,$AF411<>"""",$AG411<>""""),""INVESTIGATE"",""BET""))))"
ENGINE,AB412,412,28,"=IF($AA412="""","""",IF(ABS($AA412)<SETTINGS!$B$8*2,"""",IF(ABS($AA412)<SETTINGS!$B$9*2,""LEAN"",IF(OR(SETTINGS!$B$11<>""Y"",$AI412<>""READY"",ABS($AA412)<SETTINGS!$B$10*2,$AF412<>"""",$AG412<>""""),""INVESTIGATE"",""BET""))))","=IF($AA412="""","""",IF(ABS($AA412)<SETTINGS!$B$33,"""",IF(ABS($AA412)<SETTINGS!$B$34,""LEAN"",IF(OR(SETTINGS!$B$11<>""Y"",$AI412<>""READY"",ABS($AA412)<SETTINGS!$B$26,$AF412<>"""",$AG412<>""""),""INVESTIGATE"",""BET""))))"
ENGINE,AB413,413,28,"=IF($AA413="""","""",IF(ABS($AA413)<SETTINGS!$B$8*2,"""",IF(ABS($AA413)<SETTINGS!$B$9*2,""LEAN"",IF(OR(SETTINGS!$B$11<>""Y"",$AI413<>""READY"",ABS($AA413)<SETTINGS!$B$10*2,$AF413<>"""",$AG413<>""""),""INVESTIGATE"",""BET""))))","=IF($AA413="""","""",IF(ABS($AA413)<SETTINGS!$B$33,"""",IF(ABS($AA413)<SETTINGS!$B$34,""LEAN"",IF(OR(SETTINGS!$B$11<>""Y"",$AI413<>""READY"",ABS($AA413)<SETTINGS!$B$26,$AF413<>"""",$AG413<>""""),""INVESTIGATE"",""BET""))))"
ENGINE,AB414,414,28,"=IF($AA414="""","""",IF(ABS($AA414)<SETTINGS!$B$8*2,"""",IF(ABS($AA414)<SETTINGS!$B$9*2,""LEAN"",IF(OR(SETTINGS!$B$11<>""Y"",$AI414<>""READY"",ABS($AA414)<SETTINGS!$B$10*2,$AF414<>"""",$AG414<>""""),""INVESTIGATE"",""BET""))))","=IF($AA414="""","""",IF(ABS($AA414)<SETTINGS!$B$33,"""",IF(ABS($AA414)<SETTINGS!$B$34,""LEAN"",IF(OR(SETTINGS!$B$11<>""Y"",$AI414<>""READY"",ABS($AA414)<SETTINGS!$B$26,$AF414<>"""",$AG414<>""""),""INVESTIGATE"",""BET""))))"
ENGINE,AB415,415,28,"=IF($AA415="""","""",IF(ABS($AA415)<SETTINGS!$B$8*2,"""",IF(ABS($AA415)<SETTINGS!$B$9*2,""LEAN"",IF(OR(SETTINGS!$B$11<>""Y"",$AI415<>""READY"",ABS($AA415)<SETTINGS!$B$10*2,$AF415<>"""",$AG415<>""""),""INVESTIGATE"",""BET""))))","=IF($AA415="""","""",IF(ABS($AA415)<SETTINGS!$B$33,"""",IF(ABS($AA415)<SETTINGS!$B$34,""LEAN"",IF(OR(SETTINGS!$B$11<>""Y"",$AI415<>""READY"",ABS($AA415)<SETTINGS!$B$26,$AF415<>"""",$AG415<>""""),""INVESTIGATE"",""BET""))))"
ENGINE,AB416,416,28,"=IF($AA416="""","""",IF(ABS($AA416)<SETTINGS!$B$8*2,"""",IF(ABS($AA416)<SETTINGS!$B$9*2,""LEAN"",IF(OR(SETTINGS!$B$11<>""Y"",$AI416<>""READY"",ABS($AA416)<SETTINGS!$B$10*2,$AF416<>"""",$AG416<>""""),""INVESTIGATE"",""BET""))))","=IF($AA416="""","""",IF(ABS($AA416)<SETTINGS!$B$33,"""",IF(ABS($AA416)<SETTINGS!$B$34,""LEAN"",IF(OR(SETTINGS!$B$11<>""Y"",$AI416<>""READY"",ABS($AA416)<SETTINGS!$B$26,$AF416<>"""",$AG416<>""""),""INVESTIGATE"",""BET""))))"
ENGINE,AB417,417,28,"=IF($AA417="""","""",IF(ABS($AA417)<SETTINGS!$B$8*2,"""",IF(ABS($AA417)<SETTINGS!$B$9*2,""LEAN"",IF(OR(SETTINGS!$B$11<>""Y"",$AI417<>""READY"",ABS($AA417)<SETTINGS!$B$10*2,$AF417<>"""",$AG417<>""""),""INVESTIGATE"",""BET""))))","=IF($AA417="""","""",IF(ABS($AA417)<SETTINGS!$B$33,"""",IF(ABS($AA417)<SETTINGS!$B$34,""LEAN"",IF(OR(SETTINGS!$B$11<>""Y"",$AI417<>""READY"",ABS($AA417)<SETTINGS!$B$26,$AF417<>"""",$AG417<>""""),""INVESTIGATE"",""BET""))))"
ENGINE,AB418,418,28,"=IF($AA418="""","""",IF(ABS($AA418)<SETTINGS!$B$8*2,"""",IF(ABS($AA418)<SETTINGS!$B$9*2,""LEAN"",IF(OR(SETTINGS!$B$11<>""Y"",$AI418<>""READY"",ABS($AA418)<SETTINGS!$B$10*2,$AF418<>"""",$AG418<>""""),""INVESTIGATE"",""BET""))))","=IF($AA418="""","""",IF(ABS($AA418)<SETTINGS!$B$33,"""",IF(ABS($AA418)<SETTINGS!$B$34,""LEAN"",IF(OR(SETTINGS!$B$11<>""Y"",$AI418<>""READY"",ABS($AA418)<SETTINGS!$B$26,$AF418<>"""",$AG418<>""""),""INVESTIGATE"",""BET""))))"
ENGINE,AB419,419,28,"=IF($AA419="""","""",IF(ABS($AA419)<SETTINGS!$B$8*2,"""",IF(ABS($AA419)<SETTINGS!$B$9*2,""LEAN"",IF(OR(SETTINGS!$B$11<>""Y"",$AI419<>""READY"",ABS($AA419)<SETTINGS!$B$10*2,$AF419<>"""",$AG419<>""""),""INVESTIGATE"",""BET""))))","=IF($AA419="""","""",IF(ABS($AA419)<SETTINGS!$B$33,"""",IF(ABS($AA419)<SETTINGS!$B$34,""LEAN"",IF(OR(SETTINGS!$B$11<>""Y"",$AI419<>""READY"",ABS($AA419)<SETTINGS!$B$26,$AF419<>"""",$AG419<>""""),""INVESTIGATE"",""BET""))))"
ENGINE,AB420,420,28,"=IF($AA420="""","""",IF(ABS($AA420)<SETTINGS!$B$8*2,"""",IF(ABS($AA420)<SETTINGS!$B$9*2,""LEAN"",IF(OR(SETTINGS!$B$11<>""Y"",$AI420<>""READY"",ABS($AA420)<SETTINGS!$B$10*2,$AF420<>"""",$AG420<>""""),""INVESTIGATE"",""BET""))))","=IF($AA420="""","""",IF(ABS($AA420)<SETTINGS!$B$33,"""",IF(ABS($AA420)<SETTINGS!$B$34,""LEAN"",IF(OR(SETTINGS!$B$11<>""Y"",$AI420<>""READY"",ABS($AA420)<SETTINGS!$B$26,$AF420<>"""",$AG420<>""""),""INVESTIGATE"",""BET""))))"
ENGINE,AB421,421,28,"=IF($AA421="""","""",IF(ABS($AA421)<SETTINGS!$B$8*2,"""",IF(ABS($AA421)<SETTINGS!$B$9*2,""LEAN"",IF(OR(SETTINGS!$B$11<>""Y"",$AI421<>""READY"",ABS($AA421)<SETTINGS!$B$10*2,$AF421<>"""",$AG421<>""""),""INVESTIGATE"",""BET""))))","=IF($AA421="""","""",IF(ABS($AA421)<SETTINGS!$B$33,"""",IF(ABS($AA421)<SETTINGS!$B$34,""LEAN"",IF(OR(SETTINGS!$B$11<>""Y"",$AI421<>""READY"",ABS($AA421)<SETTINGS!$B$26,$AF421<>"""",$AG421<>""""),""INVESTIGATE"",""BET""))))"
ENGINE,AB422,422,28,"=IF($AA422="""","""",IF(ABS($AA422)<SETTINGS!$B$8*2,"""",IF(ABS($AA422)<SETTINGS!$B$9*2,""LEAN"",IF(OR(SETTINGS!$B$11<>""Y"",$AI422<>""READY"",ABS($AA422)<SETTINGS!$B$10*2,$AF422<>"""",$AG422<>""""),""INVESTIGATE"",""BET""))))","=IF($AA422="""","""",IF(ABS($AA422)<SETTINGS!$B$33,"""",IF(ABS($AA422)<SETTINGS!$B$34,""LEAN"",IF(OR(SETTINGS!$B$11<>""Y"",$AI422<>""READY"",ABS($AA422)<SETTINGS!$B$26,$AF422<>"""",$AG422<>""""),""INVESTIGATE"",""BET""))))"
ENGINE,AB423,423,28,"=IF($AA423="""","""",IF(ABS($AA423)<SETTINGS!$B$8*2,"""",IF(ABS($AA423)<SETTINGS!$B$9*2,""LEAN"",IF(OR(SETTINGS!$B$11<>""Y"",$AI423<>""READY"",ABS($AA423)<SETTINGS!$B$10*2,$AF423<>"""",$AG423<>""""),""INVESTIGATE"",""BET""))))","=IF($AA423="""","""",IF(ABS($AA423)<SETTINGS!$B$33,"""",IF(ABS($AA423)<SETTINGS!$B$34,""LEAN"",IF(OR(SETTINGS!$B$11<>""Y"",$AI423<>""READY"",ABS($AA423)<SETTINGS!$B$26,$AF423<>"""",$AG423<>""""),""INVESTIGATE"",""BET""))))"
ENGINE,AB424,424,28,"=IF($AA424="""","""",IF(ABS($AA424)<SETTINGS!$B$8*2,"""",IF(ABS($AA424)<SETTINGS!$B$9*2,""LEAN"",IF(OR(SETTINGS!$B$11<>""Y"",$AI424<>""READY"",ABS($AA424)<SETTINGS!$B$10*2,$AF424<>"""",$AG424<>""""),""INVESTIGATE"",""BET""))))","=IF($AA424="""","""",IF(ABS($AA424)<SETTINGS!$B$33,"""",IF(ABS($AA424)<SETTINGS!$B$34,""LEAN"",IF(OR(SETTINGS!$B$11<>""Y"",$AI424<>""READY"",ABS($AA424)<SETTINGS!$B$26,$AF424<>"""",$AG424<>""""),""INVESTIGATE"",""BET""))))"
ENGINE,AB425,425,28,"=IF($AA425="""","""",IF(ABS($AA425)<SETTINGS!$B$8*2,"""",IF(ABS($AA425)<SETTINGS!$B$9*2,""LEAN"",IF(OR(SETTINGS!$B$11<>""Y"",$AI425<>""READY"",ABS($AA425)<SETTINGS!$B$10*2,$AF425<>"""",$AG425<>""""),""INVESTIGATE"",""BET""))))","=IF($AA425="""","""",IF(ABS($AA425)<SETTINGS!$B$33,"""",IF(ABS($AA425)<SETTINGS!$B$34,""LEAN"",IF(OR(SETTINGS!$B$11<>""Y"",$AI425<>""READY"",ABS($AA425)<SETTINGS!$B$26,$AF425<>"""",$AG425<>""""),""INVESTIGATE"",""BET""))))"
ENGINE,AB426,426,28,"=IF($AA426="""","""",IF(ABS($AA426)<SETTINGS!$B$8*2,"""",IF(ABS($AA426)<SETTINGS!$B$9*2,""LEAN"",IF(OR(SETTINGS!$B$11<>""Y"",$AI426<>""READY"",ABS($AA426)<SETTINGS!$B$10*2,$AF426<>"""",$AG426<>""""),""INVESTIGATE"",""BET""))))","=IF($AA426="""","""",IF(ABS($AA426)<SETTINGS!$B$33,"""",IF(ABS($AA426)<SETTINGS!$B$34,""LEAN"",IF(OR(SETTINGS!$B$11<>""Y"",$AI426<>""READY"",ABS($AA426)<SETTINGS!$B$26,$AF426<>"""",$AG426<>""""),""INVESTIGATE"",""BET""))))"
ENGINE,AB427,427,28,"=IF($AA427="""","""",IF(ABS($AA427)<SETTINGS!$B$8*2,"""",IF(ABS($AA427)<SETTINGS!$B$9*2,""LEAN"",IF(OR(SETTINGS!$B$11<>""Y"",$AI427<>""READY"",ABS($AA427)<SETTINGS!$B$10*2,$AF427<>"""",$AG427<>""""),""INVESTIGATE"",""BET""))))","=IF($AA427="""","""",IF(ABS($AA427)<SETTINGS!$B$33,"""",IF(ABS($AA427)<SETTINGS!$B$34,""LEAN"",IF(OR(SETTINGS!$B$11<>""Y"",$AI427<>""READY"",ABS($AA427)<SETTINGS!$B$26,$AF427<>"""",$AG427<>""""),""INVESTIGATE"",""BET""))))"
ENGINE,AB428,428,28,"=IF($AA428="""","""",IF(ABS($AA428)<SETTINGS!$B$8*2,"""",IF(ABS($AA428)<SETTINGS!$B$9*2,""LEAN"",IF(OR(SETTINGS!$B$11<>""Y"",$AI428<>""READY"",ABS($AA428)<SETTINGS!$B$10*2,$AF428<>"""",$AG428<>""""),""INVESTIGATE"",""BET""))))","=IF($AA428="""","""",IF(ABS($AA428)<SETTINGS!$B$33,"""",IF(ABS($AA428)<SETTINGS!$B$34,""LEAN"",IF(OR(SETTINGS!$B$11<>""Y"",$AI428<>""READY"",ABS($AA428)<SETTINGS!$B$26,$AF428<>"""",$AG428<>""""),""INVESTIGATE"",""BET""))))"
ENGINE,AB429,429,28,"=IF($AA429="""","""",IF(ABS($AA429)<SETTINGS!$B$8*2,"""",IF(ABS($AA429)<SETTINGS!$B$9*2,""LEAN"",IF(OR(SETTINGS!$B$11<>""Y"",$AI429<>""READY"",ABS($AA429)<SETTINGS!$B$10*2,$AF429<>"""",$AG429<>""""),""INVESTIGATE"",""BET""))))","=IF($AA429="""","""",IF(ABS($AA429)<SETTINGS!$B$33,"""",IF(ABS($AA429)<SETTINGS!$B$34,""LEAN"",IF(OR(SETTINGS!$B$11<>""Y"",$AI429<>""READY"",ABS($AA429)<SETTINGS!$B$26,$AF429<>"""",$AG429<>""""),""INVESTIGATE"",""BET""))))"
ENGINE,AB430,430,28,"=IF($AA430="""","""",IF(ABS($AA430)<SETTINGS!$B$8*2,"""",IF(ABS($AA430)<SETTINGS!$B$9*2,""LEAN"",IF(OR(SETTINGS!$B$11<>""Y"",$AI430<>""READY"",ABS($AA430)<SETTINGS!$B$10*2,$AF430<>"""",$AG430<>""""),""INVESTIGATE"",""BET""))))","=IF($AA430="""","""",IF(ABS($AA430)<SETTINGS!$B$33,"""",IF(ABS($AA430)<SETTINGS!$B$34,""LEAN"",IF(OR(SETTINGS!$B$11<>""Y"",$AI430<>""READY"",ABS($AA430)<SETTINGS!$B$26,$AF430<>"""",$AG430<>""""),""INVESTIGATE"",""BET""))))"
ENGINE,AB431,431,28,"=IF($AA431="""","""",IF(ABS($AA431)<SETTINGS!$B$8*2,"""",IF(ABS($AA431)<SETTINGS!$B$9*2,""LEAN"",IF(OR(SETTINGS!$B$11<>""Y"",$AI431<>""READY"",ABS($AA431)<SETTINGS!$B$10*2,$AF431<>"""",$AG431<>""""),""INVESTIGATE"",""BET""))))","=IF($AA431="""","""",IF(ABS($AA431)<SETTINGS!$B$33,"""",IF(ABS($AA431)<SETTINGS!$B$34,""LEAN"",IF(OR(SETTINGS!$B$11<>""Y"",$AI431<>""READY"",ABS($AA431)<SETTINGS!$B$26,$AF431<>"""",$AG431<>""""),""INVESTIGATE"",""BET""))))"
ENGINE,AB432,432,28,"=IF($AA432="""","""",IF(ABS($AA432)<SETTINGS!$B$8*2,"""",IF(ABS($AA432)<SETTINGS!$B$9*2,""LEAN"",IF(OR(SETTINGS!$B$11<>""Y"",$AI432<>""READY"",ABS($AA432)<SETTINGS!$B$10*2,$AF432<>"""",$AG432<>""""),""INVESTIGATE"",""BET""))))","=IF($AA432="""","""",IF(ABS($AA432)<SETTINGS!$B$33,"""",IF(ABS($AA432)<SETTINGS!$B$34,""LEAN"",IF(OR(SETTINGS!$B$11<>""Y"",$AI432<>""READY"",ABS($AA432)<SETTINGS!$B$26,$AF432<>"""",$AG432<>""""),""INVESTIGATE"",""BET""))))"
ENGINE,AB433,433,28,"=IF($AA433="""","""",IF(ABS($AA433)<SETTINGS!$B$8*2,"""",IF(ABS($AA433)<SETTINGS!$B$9*2,""LEAN"",IF(OR(SETTINGS!$B$11<>""Y"",$AI433<>""READY"",ABS($AA433)<SETTINGS!$B$10*2,$AF433<>"""",$AG433<>""""),""INVESTIGATE"",""BET""))))","=IF($AA433="""","""",IF(ABS($AA433)<SETTINGS!$B$33,"""",IF(ABS($AA433)<SETTINGS!$B$34,""LEAN"",IF(OR(SETTINGS!$B$11<>""Y"",$AI433<>""READY"",ABS($AA433)<SETTINGS!$B$26,$AF433<>"""",$AG433<>""""),""INVESTIGATE"",""BET""))))"
ENGINE,AB434,434,28,"=IF($AA434="""","""",IF(ABS($AA434)<SETTINGS!$B$8*2,"""",IF(ABS($AA434)<SETTINGS!$B$9*2,""LEAN"",IF(OR(SETTINGS!$B$11<>""Y"",$AI434<>""READY"",ABS($AA434)<SETTINGS!$B$10*2,$AF434<>"""",$AG434<>""""),""INVESTIGATE"",""BET""))))","=IF($AA434="""","""",IF(ABS($AA434)<SETTINGS!$B$33,"""",IF(ABS($AA434)<SETTINGS!$B$34,""LEAN"",IF(OR(SETTINGS!$B$11<>""Y"",$AI434<>""READY"",ABS($AA434)<SETTINGS!$B$26,$AF434<>"""",$AG434<>""""),""INVESTIGATE"",""BET""))))"
ENGINE,AB435,435,28,"=IF($AA435="""","""",IF(ABS($AA435)<SETTINGS!$B$8*2,"""",IF(ABS($AA435)<SETTINGS!$B$9*2,""LEAN"",IF(OR(SETTINGS!$B$11<>""Y"",$AI435<>""READY"",ABS($AA435)<SETTINGS!$B$10*2,$AF435<>"""",$AG435<>""""),""INVESTIGATE"",""BET""))))","=IF($AA435="""","""",IF(ABS($AA435)<SETTINGS!$B$33,"""",IF(ABS($AA435)<SETTINGS!$B$34,""LEAN"",IF(OR(SETTINGS!$B$11<>""Y"",$AI435<>""READY"",ABS($AA435)<SETTINGS!$B$26,$AF435<>"""",$AG435<>""""),""INVESTIGATE"",""BET""))))"
ENGINE,AB436,436,28,"=IF($AA436="""","""",IF(ABS($AA436)<SETTINGS!$B$8*2,"""",IF(ABS($AA436)<SETTINGS!$B$9*2,""LEAN"",IF(OR(SETTINGS!$B$11<>""Y"",$AI436<>""READY"",ABS($AA436)<SETTINGS!$B$10*2,$AF436<>"""",$AG436<>""""),""INVESTIGATE"",""BET""))))","=IF($AA436="""","""",IF(ABS($AA436)<SETTINGS!$B$33,"""",IF(ABS($AA436)<SETTINGS!$B$34,""LEAN"",IF(OR(SETTINGS!$B$11<>""Y"",$AI436<>""READY"",ABS($AA436)<SETTINGS!$B$26,$AF436<>"""",$AG436<>""""),""INVESTIGATE"",""BET""))))"
ENGINE,AB437,437,28,"=IF($AA437="""","""",IF(ABS($AA437)<SETTINGS!$B$8*2,"""",IF(ABS($AA437)<SETTINGS!$B$9*2,""LEAN"",IF(OR(SETTINGS!$B$11<>""Y"",$AI437<>""READY"",ABS($AA437)<SETTINGS!$B$10*2,$AF437<>"""",$AG437<>""""),""INVESTIGATE"",""BET""))))","=IF($AA437="""","""",IF(ABS($AA437)<SETTINGS!$B$33,"""",IF(ABS($AA437)<SETTINGS!$B$34,""LEAN"",IF(OR(SETTINGS!$B$11<>""Y"",$AI437<>""READY"",ABS($AA437)<SETTINGS!$B$26,$AF437<>"""",$AG437<>""""),""INVESTIGATE"",""BET""))))"
ENGINE,AB438,438,28,"=IF($AA438="""","""",IF(ABS($AA438)<SETTINGS!$B$8*2,"""",IF(ABS($AA438)<SETTINGS!$B$9*2,""LEAN"",IF(OR(SETTINGS!$B$11<>""Y"",$AI438<>""READY"",ABS($AA438)<SETTINGS!$B$10*2,$AF438<>"""",$AG438<>""""),""INVESTIGATE"",""BET""))))","=IF($AA438="""","""",IF(ABS($AA438)<SETTINGS!$B$33,"""",IF(ABS($AA438)<SETTINGS!$B$34,""LEAN"",IF(OR(SETTINGS!$B$11<>""Y"",$AI438<>""READY"",ABS($AA438)<SETTINGS!$B$26,$AF438<>"""",$AG438<>""""),""INVESTIGATE"",""BET""))))"
ENGINE,AB439,439,28,"=IF($AA439="""","""",IF(ABS($AA439)<SETTINGS!$B$8*2,"""",IF(ABS($AA439)<SETTINGS!$B$9*2,""LEAN"",IF(OR(SETTINGS!$B$11<>""Y"",$AI439<>""READY"",ABS($AA439)<SETTINGS!$B$10*2,$AF439<>"""",$AG439<>""""),""INVESTIGATE"",""BET""))))","=IF($AA439="""","""",IF(ABS($AA439)<SETTINGS!$B$33,"""",IF(ABS($AA439)<SETTINGS!$B$34,""LEAN"",IF(OR(SETTINGS!$B$11<>""Y"",$AI439<>""READY"",ABS($AA439)<SETTINGS!$B$26,$AF439<>"""",$AG439<>""""),""INVESTIGATE"",""BET""))))"
ENGINE,AB440,440,28,"=IF($AA440="""","""",IF(ABS($AA440)<SETTINGS!$B$8*2,"""",IF(ABS($AA440)<SETTINGS!$B$9*2,""LEAN"",IF(OR(SETTINGS!$B$11<>""Y"",$AI440<>""READY"",ABS($AA440)<SETTINGS!$B$10*2,$AF440<>"""",$AG440<>""""),""INVESTIGATE"",""BET""))))","=IF($AA440="""","""",IF(ABS($AA440)<SETTINGS!$B$33,"""",IF(ABS($AA440)<SETTINGS!$B$34,""LEAN"",IF(OR(SETTINGS!$B$11<>""Y"",$AI440<>""READY"",ABS($AA440)<SETTINGS!$B$26,$AF440<>"""",$AG440<>""""),""INVESTIGATE"",""BET""))))"
ENGINE,AB441,441,28,"=IF($AA441="""","""",IF(ABS($AA441)<SETTINGS!$B$8*2,"""",IF(ABS($AA441)<SETTINGS!$B$9*2,""LEAN"",IF(OR(SETTINGS!$B$11<>""Y"",$AI441<>""READY"",ABS($AA441)<SETTINGS!$B$10*2,$AF441<>"""",$AG441<>""""),""INVESTIGATE"",""BET""))))","=IF($AA441="""","""",IF(ABS($AA441)<SETTINGS!$B$33,"""",IF(ABS($AA441)<SETTINGS!$B$34,""LEAN"",IF(OR(SETTINGS!$B$11<>""Y"",$AI441<>""READY"",ABS($AA441)<SETTINGS!$B$26,$AF441<>"""",$AG441<>""""),""INVESTIGATE"",""BET""))))"
ENGINE,AB442,442,28,"=IF($AA442="""","""",IF(ABS($AA442)<SETTINGS!$B$8*2,"""",IF(ABS($AA442)<SETTINGS!$B$9*2,""LEAN"",IF(OR(SETTINGS!$B$11<>""Y"",$AI442<>""READY"",ABS($AA442)<SETTINGS!$B$10*2,$AF442<>"""",$AG442<>""""),""INVESTIGATE"",""BET""))))","=IF($AA442="""","""",IF(ABS($AA442)<SETTINGS!$B$33,"""",IF(ABS($AA442)<SETTINGS!$B$34,""LEAN"",IF(OR(SETTINGS!$B$11<>""Y"",$AI442<>""READY"",ABS($AA442)<SETTINGS!$B$26,$AF442<>"""",$AG442<>""""),""INVESTIGATE"",""BET""))))"
ENGINE,AB443,443,28,"=IF($AA443="""","""",IF(ABS($AA443)<SETTINGS!$B$8*2,"""",IF(ABS($AA443)<SETTINGS!$B$9*2,""LEAN"",IF(OR(SETTINGS!$B$11<>""Y"",$AI443<>""READY"",ABS($AA443)<SETTINGS!$B$10*2,$AF443<>"""",$AG443<>""""),""INVESTIGATE"",""BET""))))","=IF($AA443="""","""",IF(ABS($AA443)<SETTINGS!$B$33,"""",IF(ABS($AA443)<SETTINGS!$B$34,""LEAN"",IF(OR(SETTINGS!$B$11<>""Y"",$AI443<>""READY"",ABS($AA443)<SETTINGS!$B$26,$AF443<>"""",$AG443<>""""),""INVESTIGATE"",""BET""))))"
ENGINE,AB444,444,28,"=IF($AA444="""","""",IF(ABS($AA444)<SETTINGS!$B$8*2,"""",IF(ABS($AA444)<SETTINGS!$B$9*2,""LEAN"",IF(OR(SETTINGS!$B$11<>""Y"",$AI444<>""READY"",ABS($AA444)<SETTINGS!$B$10*2,$AF444<>"""",$AG444<>""""),""INVESTIGATE"",""BET""))))","=IF($AA444="""","""",IF(ABS($AA444)<SETTINGS!$B$33,"""",IF(ABS($AA444)<SETTINGS!$B$34,""LEAN"",IF(OR(SETTINGS!$B$11<>""Y"",$AI444<>""READY"",ABS($AA444)<SETTINGS!$B$26,$AF444<>"""",$AG444<>""""),""INVESTIGATE"",""BET""))))"
ENGINE,AB445,445,28,"=IF($AA445="""","""",IF(ABS($AA445)<SETTINGS!$B$8*2,"""",IF(ABS($AA445)<SETTINGS!$B$9*2,""LEAN"",IF(OR(SETTINGS!$B$11<>""Y"",$AI445<>""READY"",ABS($AA445)<SETTINGS!$B$10*2,$AF445<>"""",$AG445<>""""),""INVESTIGATE"",""BET""))))","=IF($AA445="""","""",IF(ABS($AA445)<SETTINGS!$B$33,"""",IF(ABS($AA445)<SETTINGS!$B$34,""LEAN"",IF(OR(SETTINGS!$B$11<>""Y"",$AI445<>""READY"",ABS($AA445)<SETTINGS!$B$26,$AF445<>"""",$AG445<>""""),""INVESTIGATE"",""BET""))))"
ENGINE,AB446,446,28,"=IF($AA446="""","""",IF(ABS($AA446)<SETTINGS!$B$8*2,"""",IF(ABS($AA446)<SETTINGS!$B$9*2,""LEAN"",IF(OR(SETTINGS!$B$11<>""Y"",$AI446<>""READY"",ABS($AA446)<SETTINGS!$B$10*2,$AF446<>"""",$AG446<>""""),""INVESTIGATE"",""BET""))))","=IF($AA446="""","""",IF(ABS($AA446)<SETTINGS!$B$33,"""",IF(ABS($AA446)<SETTINGS!$B$34,""LEAN"",IF(OR(SETTINGS!$B$11<>""Y"",$AI446<>""READY"",ABS($AA446)<SETTINGS!$B$26,$AF446<>"""",$AG446<>""""),""INVESTIGATE"",""BET""))))"
ENGINE,AB447,447,28,"=IF($AA447="""","""",IF(ABS($AA447)<SETTINGS!$B$8*2,"""",IF(ABS($AA447)<SETTINGS!$B$9*2,""LEAN"",IF(OR(SETTINGS!$B$11<>""Y"",$AI447<>""READY"",ABS($AA447)<SETTINGS!$B$10*2,$AF447<>"""",$AG447<>""""),""INVESTIGATE"",""BET""))))","=IF($AA447="""","""",IF(ABS($AA447)<SETTINGS!$B$33,"""",IF(ABS($AA447)<SETTINGS!$B$34,""LEAN"",IF(OR(SETTINGS!$B$11<>""Y"",$AI447<>""READY"",ABS($AA447)<SETTINGS!$B$26,$AF447<>"""",$AG447<>""""),""INVESTIGATE"",""BET""))))"
ENGINE,AB448,448,28,"=IF($AA448="""","""",IF(ABS($AA448)<SETTINGS!$B$8*2,"""",IF(ABS($AA448)<SETTINGS!$B$9*2,""LEAN"",IF(OR(SETTINGS!$B$11<>""Y"",$AI448<>""READY"",ABS($AA448)<SETTINGS!$B$10*2,$AF448<>"""",$AG448<>""""),""INVESTIGATE"",""BET""))))","=IF($AA448="""","""",IF(ABS($AA448)<SETTINGS!$B$33,"""",IF(ABS($AA448)<SETTINGS!$B$34,""LEAN"",IF(OR(SETTINGS!$B$11<>""Y"",$AI448<>""READY"",ABS($AA448)<SETTINGS!$B$26,$AF448<>"""",$AG448<>""""),""INVESTIGATE"",""BET""))))"
ENGINE,AB449,449,28,"=IF($AA449="""","""",IF(ABS($AA449)<SETTINGS!$B$8*2,"""",IF(ABS($AA449)<SETTINGS!$B$9*2,""LEAN"",IF(OR(SETTINGS!$B$11<>""Y"",$AI449<>""READY"",ABS($AA449)<SETTINGS!$B$10*2,$AF449<>"""",$AG449<>""""),""INVESTIGATE"",""BET""))))","=IF($AA449="""","""",IF(ABS($AA449)<SETTINGS!$B$33,"""",IF(ABS($AA449)<SETTINGS!$B$34,""LEAN"",IF(OR(SETTINGS!$B$11<>""Y"",$AI449<>""READY"",ABS($AA449)<SETTINGS!$B$26,$AF449<>"""",$AG449<>""""),""INVESTIGATE"",""BET""))))"
ENGINE,AB450,450,28,"=IF($AA450="""","""",IF(ABS($AA450)<SETTINGS!$B$8*2,"""",IF(ABS($AA450)<SETTINGS!$B$9*2,""LEAN"",IF(OR(SETTINGS!$B$11<>""Y"",$AI450<>""READY"",ABS($AA450)<SETTINGS!$B$10*2,$AF450<>"""",$AG450<>""""),""INVESTIGATE"",""BET""))))","=IF($AA450="""","""",IF(ABS($AA450)<SETTINGS!$B$33,"""",IF(ABS($AA450)<SETTINGS!$B$34,""LEAN"",IF(OR(SETTINGS!$B$11<>""Y"",$AI450<>""READY"",ABS($AA450)<SETTINGS!$B$26,$AF450<>"""",$AG450<>""""),""INVESTIGATE"",""BET""))))"
ENGINE,AB451,451,28,"=IF($AA451="""","""",IF(ABS($AA451)<SETTINGS!$B$8*2,"""",IF(ABS($AA451)<SETTINGS!$B$9*2,""LEAN"",IF(OR(SETTINGS!$B$11<>""Y"",$AI451<>""READY"",ABS($AA451)<SETTINGS!$B$10*2,$AF451<>"""",$AG451<>""""),""INVESTIGATE"",""BET""))))","=IF($AA451="""","""",IF(ABS($AA451)<SETTINGS!$B$33,"""",IF(ABS($AA451)<SETTINGS!$B$34,""LEAN"",IF(OR(SETTINGS!$B$11<>""Y"",$AI451<>""READY"",ABS($AA451)<SETTINGS!$B$26,$AF451<>"""",$AG451<>""""),""INVESTIGATE"",""BET""))))"
ENGINE,AB452,452,28,"=IF($AA452="""","""",IF(ABS($AA452)<SETTINGS!$B$8*2,"""",IF(ABS($AA452)<SETTINGS!$B$9*2,""LEAN"",IF(OR(SETTINGS!$B$11<>""Y"",$AI452<>""READY"",ABS($AA452)<SETTINGS!$B$10*2,$AF452<>"""",$AG452<>""""),""INVESTIGATE"",""BET""))))","=IF($AA452="""","""",IF(ABS($AA452)<SETTINGS!$B$33,"""",IF(ABS($AA452)<SETTINGS!$B$34,""LEAN"",IF(OR(SETTINGS!$B$11<>""Y"",$AI452<>""READY"",ABS($AA452)<SETTINGS!$B$26,$AF452<>"""",$AG452<>""""),""INVESTIGATE"",""BET""))))"
ENGINE,AB453,453,28,"=IF($AA453="""","""",IF(ABS($AA453)<SETTINGS!$B$8*2,"""",IF(ABS($AA453)<SETTINGS!$B$9*2,""LEAN"",IF(OR(SETTINGS!$B$11<>""Y"",$AI453<>""READY"",ABS($AA453)<SETTINGS!$B$10*2,$AF453<>"""",$AG453<>""""),""INVESTIGATE"",""BET""))))","=IF($AA453="""","""",IF(ABS($AA453)<SETTINGS!$B$33,"""",IF(ABS($AA453)<SETTINGS!$B$34,""LEAN"",IF(OR(SETTINGS!$B$11<>""Y"",$AI453<>""READY"",ABS($AA453)<SETTINGS!$B$26,$AF453<>"""",$AG453<>""""),""INVESTIGATE"",""BET""))))"
ENGINE,AB454,454,28,"=IF($AA454="""","""",IF(ABS($AA454)<SETTINGS!$B$8*2,"""",IF(ABS($AA454)<SETTINGS!$B$9*2,""LEAN"",IF(OR(SETTINGS!$B$11<>""Y"",$AI454<>""READY"",ABS($AA454)<SETTINGS!$B$10*2,$AF454<>"""",$AG454<>""""),""INVESTIGATE"",""BET""))))","=IF($AA454="""","""",IF(ABS($AA454)<SETTINGS!$B$33,"""",IF(ABS($AA454)<SETTINGS!$B$34,""LEAN"",IF(OR(SETTINGS!$B$11<>""Y"",$AI454<>""READY"",ABS($AA454)<SETTINGS!$B$26,$AF454<>"""",$AG454<>""""),""INVESTIGATE"",""BET""))))"
ENGINE,AB455,455,28,"=IF($AA455="""","""",IF(ABS($AA455)<SETTINGS!$B$8*2,"""",IF(ABS($AA455)<SETTINGS!$B$9*2,""LEAN"",IF(OR(SETTINGS!$B$11<>""Y"",$AI455<>""READY"",ABS($AA455)<SETTINGS!$B$10*2,$AF455<>"""",$AG455<>""""),""INVESTIGATE"",""BET""))))","=IF($AA455="""","""",IF(ABS($AA455)<SETTINGS!$B$33,"""",IF(ABS($AA455)<SETTINGS!$B$34,""LEAN"",IF(OR(SETTINGS!$B$11<>""Y"",$AI455<>""READY"",ABS($AA455)<SETTINGS!$B$26,$AF455<>"""",$AG455<>""""),""INVESTIGATE"",""BET""))))"
ENGINE,AB456,456,28,"=IF($AA456="""","""",IF(ABS($AA456)<SETTINGS!$B$8*2,"""",IF(ABS($AA456)<SETTINGS!$B$9*2,""LEAN"",IF(OR(SETTINGS!$B$11<>""Y"",$AI456<>""READY"",ABS($AA456)<SETTINGS!$B$10*2,$AF456<>"""",$AG456<>""""),""INVESTIGATE"",""BET""))))","=IF($AA456="""","""",IF(ABS($AA456)<SETTINGS!$B$33,"""",IF(ABS($AA456)<SETTINGS!$B$34,""LEAN"",IF(OR(SETTINGS!$B$11<>""Y"",$AI456<>""READY"",ABS($AA456)<SETTINGS!$B$26,$AF456<>"""",$AG456<>""""),""INVESTIGATE"",""BET""))))"
ENGINE,AB457,457,28,"=IF($AA457="""","""",IF(ABS($AA457)<SETTINGS!$B$8*2,"""",IF(ABS($AA457)<SETTINGS!$B$9*2,""LEAN"",IF(OR(SETTINGS!$B$11<>""Y"",$AI457<>""READY"",ABS($AA457)<SETTINGS!$B$10*2,$AF457<>"""",$AG457<>""""),""INVESTIGATE"",""BET""))))","=IF($AA457="""","""",IF(ABS($AA457)<SETTINGS!$B$33,"""",IF(ABS($AA457)<SETTINGS!$B$34,""LEAN"",IF(OR(SETTINGS!$B$11<>""Y"",$AI457<>""READY"",ABS($AA457)<SETTINGS!$B$26,$AF457<>"""",$AG457<>""""),""INVESTIGATE"",""BET""))))"
ENGINE,AB458,458,28,"=IF($AA458="""","""",IF(ABS($AA458)<SETTINGS!$B$8*2,"""",IF(ABS($AA458)<SETTINGS!$B$9*2,""LEAN"",IF(OR(SETTINGS!$B$11<>""Y"",$AI458<>""READY"",ABS($AA458)<SETTINGS!$B$10*2,$AF458<>"""",$AG458<>""""),""INVESTIGATE"",""BET""))))","=IF($AA458="""","""",IF(ABS($AA458)<SETTINGS!$B$33,"""",IF(ABS($AA458)<SETTINGS!$B$34,""LEAN"",IF(OR(SETTINGS!$B$11<>""Y"",$AI458<>""READY"",ABS($AA458)<SETTINGS!$B$26,$AF458<>"""",$AG458<>""""),""INVESTIGATE"",""BET""))))"
ENGINE,AB459,459,28,"=IF($AA459="""","""",IF(ABS($AA459)<SETTINGS!$B$8*2,"""",IF(ABS($AA459)<SETTINGS!$B$9*2,""LEAN"",IF(OR(SETTINGS!$B$11<>""Y"",$AI459<>""READY"",ABS($AA459)<SETTINGS!$B$10*2,$AF459<>"""",$AG459<>""""),""INVESTIGATE"",""BET""))))","=IF($AA459="""","""",IF(ABS($AA459)<SETTINGS!$B$33,"""",IF(ABS($AA459)<SETTINGS!$B$34,""LEAN"",IF(OR(SETTINGS!$B$11<>""Y"",$AI459<>""READY"",ABS($AA459)<SETTINGS!$B$26,$AF459<>"""",$AG459<>""""),""INVESTIGATE"",""BET""))))"
ENGINE,AB460,460,28,"=IF($AA460="""","""",IF(ABS($AA460)<SETTINGS!$B$8*2,"""",IF(ABS($AA460)<SETTINGS!$B$9*2,""LEAN"",IF(OR(SETTINGS!$B$11<>""Y"",$AI460<>""READY"",ABS($AA460)<SETTINGS!$B$10*2,$AF460<>"""",$AG460<>""""),""INVESTIGATE"",""BET""))))","=IF($AA460="""","""",IF(ABS($AA460)<SETTINGS!$B$33,"""",IF(ABS($AA460)<SETTINGS!$B$34,""LEAN"",IF(OR(SETTINGS!$B$11<>""Y"",$AI460<>""READY"",ABS($AA460)<SETTINGS!$B$26,$AF460<>"""",$AG460<>""""),""INVESTIGATE"",""BET""))))"
ENGINE,AB461,461,28,"=IF($AA461="""","""",IF(ABS($AA461)<SETTINGS!$B$8*2,"""",IF(ABS($AA461)<SETTINGS!$B$9*2,""LEAN"",IF(OR(SETTINGS!$B$11<>""Y"",$AI461<>""READY"",ABS($AA461)<SETTINGS!$B$10*2,$AF461<>"""",$AG461<>""""),""INVESTIGATE"",""BET""))))","=IF($AA461="""","""",IF(ABS($AA461)<SETTINGS!$B$33,"""",IF(ABS($AA461)<SETTINGS!$B$34,""LEAN"",IF(OR(SETTINGS!$B$11<>""Y"",$AI461<>""READY"",ABS($AA461)<SETTINGS!$B$26,$AF461<>"""",$AG461<>""""),""INVESTIGATE"",""BET""))))"
ENGINE,AB462,462,28,"=IF($AA462="""","""",IF(ABS($AA462)<SETTINGS!$B$8*2,"""",IF(ABS($AA462)<SETTINGS!$B$9*2,""LEAN"",IF(OR(SETTINGS!$B$11<>""Y"",$AI462<>""READY"",ABS($AA462)<SETTINGS!$B$10*2,$AF462<>"""",$AG462<>""""),""INVESTIGATE"",""BET""))))","=IF($AA462="""","""",IF(ABS($AA462)<SETTINGS!$B$33,"""",IF(ABS($AA462)<SETTINGS!$B$34,""LEAN"",IF(OR(SETTINGS!$B$11<>""Y"",$AI462<>""READY"",ABS($AA462)<SETTINGS!$B$26,$AF462<>"""",$AG462<>""""),""INVESTIGATE"",""BET""))))"
ENGINE,AB463,463,28,"=IF($AA463="""","""",IF(ABS($AA463)<SETTINGS!$B$8*2,"""",IF(ABS($AA463)<SETTINGS!$B$9*2,""LEAN"",IF(OR(SETTINGS!$B$11<>""Y"",$AI463<>""READY"",ABS($AA463)<SETTINGS!$B$10*2,$AF463<>"""",$AG463<>""""),""INVESTIGATE"",""BET""))))","=IF($AA463="""","""",IF(ABS($AA463)<SETTINGS!$B$33,"""",IF(ABS($AA463)<SETTINGS!$B$34,""LEAN"",IF(OR(SETTINGS!$B$11<>""Y"",$AI463<>""READY"",ABS($AA463)<SETTINGS!$B$26,$AF463<>"""",$AG463<>""""),""INVESTIGATE"",""BET""))))"
ENGINE,AB464,464,28,"=IF($AA464="""","""",IF(ABS($AA464)<SETTINGS!$B$8*2,"""",IF(ABS($AA464)<SETTINGS!$B$9*2,""LEAN"",IF(OR(SETTINGS!$B$11<>""Y"",$AI464<>""READY"",ABS($AA464)<SETTINGS!$B$10*2,$AF464<>"""",$AG464<>""""),""INVESTIGATE"",""BET""))))","=IF($AA464="""","""",IF(ABS($AA464)<SETTINGS!$B$33,"""",IF(ABS($AA464)<SETTINGS!$B$34,""LEAN"",IF(OR(SETTINGS!$B$11<>""Y"",$AI464<>""READY"",ABS($AA464)<SETTINGS!$B$26,$AF464<>"""",$AG464<>""""),""INVESTIGATE"",""BET""))))"
ENGINE,AB465,465,28,"=IF($AA465="""","""",IF(ABS($AA465)<SETTINGS!$B$8*2,"""",IF(ABS($AA465)<SETTINGS!$B$9*2,""LEAN"",IF(OR(SETTINGS!$B$11<>""Y"",$AI465<>""READY"",ABS($AA465)<SETTINGS!$B$10*2,$AF465<>"""",$AG465<>""""),""INVESTIGATE"",""BET""))))","=IF($AA465="""","""",IF(ABS($AA465)<SETTINGS!$B$33,"""",IF(ABS($AA465)<SETTINGS!$B$34,""LEAN"",IF(OR(SETTINGS!$B$11<>""Y"",$AI465<>""READY"",ABS($AA465)<SETTINGS!$B$26,$AF465<>"""",$AG465<>""""),""INVESTIGATE"",""BET""))))"
ENGINE,AB466,466,28,"=IF($AA466="""","""",IF(ABS($AA466)<SETTINGS!$B$8*2,"""",IF(ABS($AA466)<SETTINGS!$B$9*2,""LEAN"",IF(OR(SETTINGS!$B$11<>""Y"",$AI466<>""READY"",ABS($AA466)<SETTINGS!$B$10*2,$AF466<>"""",$AG466<>""""),""INVESTIGATE"",""BET""))))","=IF($AA466="""","""",IF(ABS($AA466)<SETTINGS!$B$33,"""",IF(ABS($AA466)<SETTINGS!$B$34,""LEAN"",IF(OR(SETTINGS!$B$11<>""Y"",$AI466<>""READY"",ABS($AA466)<SETTINGS!$B$26,$AF466<>"""",$AG466<>""""),""INVESTIGATE"",""BET""))))"
ENGINE,AB467,467,28,"=IF($AA467="""","""",IF(ABS($AA467)<SETTINGS!$B$8*2,"""",IF(ABS($AA467)<SETTINGS!$B$9*2,""LEAN"",IF(OR(SETTINGS!$B$11<>""Y"",$AI467<>""READY"",ABS($AA467)<SETTINGS!$B$10*2,$AF467<>"""",$AG467<>""""),""INVESTIGATE"",""BET""))))","=IF($AA467="""","""",IF(ABS($AA467)<SETTINGS!$B$33,"""",IF(ABS($AA467)<SETTINGS!$B$34,""LEAN"",IF(OR(SETTINGS!$B$11<>""Y"",$AI467<>""READY"",ABS($AA467)<SETTINGS!$B$26,$AF467<>"""",$AG467<>""""),""INVESTIGATE"",""BET""))))"
ENGINE,AB468,468,28,"=IF($AA468="""","""",IF(ABS($AA468)<SETTINGS!$B$8*2,"""",IF(ABS($AA468)<SETTINGS!$B$9*2,""LEAN"",IF(OR(SETTINGS!$B$11<>""Y"",$AI468<>""READY"",ABS($AA468)<SETTINGS!$B$10*2,$AF468<>"""",$AG468<>""""),""INVESTIGATE"",""BET""))))","=IF($AA468="""","""",IF(ABS($AA468)<SETTINGS!$B$33,"""",IF(ABS($AA468)<SETTINGS!$B$34,""LEAN"",IF(OR(SETTINGS!$B$11<>""Y"",$AI468<>""READY"",ABS($AA468)<SETTINGS!$B$26,$AF468<>"""",$AG468<>""""),""INVESTIGATE"",""BET""))))"
ENGINE,AB469,469,28,"=IF($AA469="""","""",IF(ABS($AA469)<SETTINGS!$B$8*2,"""",IF(ABS($AA469)<SETTINGS!$B$9*2,""LEAN"",IF(OR(SETTINGS!$B$11<>""Y"",$AI469<>""READY"",ABS($AA469)<SETTINGS!$B$10*2,$AF469<>"""",$AG469<>""""),""INVESTIGATE"",""BET""))))","=IF($AA469="""","""",IF(ABS($AA469)<SETTINGS!$B$33,"""",IF(ABS($AA469)<SETTINGS!$B$34,""LEAN"",IF(OR(SETTINGS!$B$11<>""Y"",$AI469<>""READY"",ABS($AA469)<SETTINGS!$B$26,$AF469<>"""",$AG469<>""""),""INVESTIGATE"",""BET""))))"
ENGINE,AB470,470,28,"=IF($AA470="""","""",IF(ABS($AA470)<SETTINGS!$B$8*2,"""",IF(ABS($AA470)<SETTINGS!$B$9*2,""LEAN"",IF(OR(SETTINGS!$B$11<>""Y"",$AI470<>""READY"",ABS($AA470)<SETTINGS!$B$10*2,$AF470<>"""",$AG470<>""""),""INVESTIGATE"",""BET""))))","=IF($AA470="""","""",IF(ABS($AA470)<SETTINGS!$B$33,"""",IF(ABS($AA470)<SETTINGS!$B$34,""LEAN"",IF(OR(SETTINGS!$B$11<>""Y"",$AI470<>""READY"",ABS($AA470)<SETTINGS!$B$26,$AF470<>"""",$AG470<>""""),""INVESTIGATE"",""BET""))))"
ENGINE,AB471,471,28,"=IF($AA471="""","""",IF(ABS($AA471)<SETTINGS!$B$8*2,"""",IF(ABS($AA471)<SETTINGS!$B$9*2,""LEAN"",IF(OR(SETTINGS!$B$11<>""Y"",$AI471<>""READY"",ABS($AA471)<SETTINGS!$B$10*2,$AF471<>"""",$AG471<>""""),""INVESTIGATE"",""BET""))))","=IF($AA471="""","""",IF(ABS($AA471)<SETTINGS!$B$33,"""",IF(ABS($AA471)<SETTINGS!$B$34,""LEAN"",IF(OR(SETTINGS!$B$11<>""Y"",$AI471<>""READY"",ABS($AA471)<SETTINGS!$B$26,$AF471<>"""",$AG471<>""""),""INVESTIGATE"",""BET""))))"
ENGINE,AB472,472,28,"=IF($AA472="""","""",IF(ABS($AA472)<SETTINGS!$B$8*2,"""",IF(ABS($AA472)<SETTINGS!$B$9*2,""LEAN"",IF(OR(SETTINGS!$B$11<>""Y"",$AI472<>""READY"",ABS($AA472)<SETTINGS!$B$10*2,$AF472<>"""",$AG472<>""""),""INVESTIGATE"",""BET""))))","=IF($AA472="""","""",IF(ABS($AA472)<SETTINGS!$B$33,"""",IF(ABS($AA472)<SETTINGS!$B$34,""LEAN"",IF(OR(SETTINGS!$B$11<>""Y"",$AI472<>""READY"",ABS($AA472)<SETTINGS!$B$26,$AF472<>"""",$AG472<>""""),""INVESTIGATE"",""BET""))))"
ENGINE,AB473,473,28,"=IF($AA473="""","""",IF(ABS($AA473)<SETTINGS!$B$8*2,"""",IF(ABS($AA473)<SETTINGS!$B$9*2,""LEAN"",IF(OR(SETTINGS!$B$11<>""Y"",$AI473<>""READY"",ABS($AA473)<SETTINGS!$B$10*2,$AF473<>"""",$AG473<>""""),""INVESTIGATE"",""BET""))))","=IF($AA473="""","""",IF(ABS($AA473)<SETTINGS!$B$33,"""",IF(ABS($AA473)<SETTINGS!$B$34,""LEAN"",IF(OR(SETTINGS!$B$11<>""Y"",$AI473<>""READY"",ABS($AA473)<SETTINGS!$B$26,$AF473<>"""",$AG473<>""""),""INVESTIGATE"",""BET""))))"
ENGINE,AB474,474,28,"=IF($AA474="""","""",IF(ABS($AA474)<SETTINGS!$B$8*2,"""",IF(ABS($AA474)<SETTINGS!$B$9*2,""LEAN"",IF(OR(SETTINGS!$B$11<>""Y"",$AI474<>""READY"",ABS($AA474)<SETTINGS!$B$10*2,$AF474<>"""",$AG474<>""""),""INVESTIGATE"",""BET""))))","=IF($AA474="""","""",IF(ABS($AA474)<SETTINGS!$B$33,"""",IF(ABS($AA474)<SETTINGS!$B$34,""LEAN"",IF(OR(SETTINGS!$B$11<>""Y"",$AI474<>""READY"",ABS($AA474)<SETTINGS!$B$26,$AF474<>"""",$AG474<>""""),""INVESTIGATE"",""BET""))))"
ENGINE,AB475,475,28,"=IF($AA475="""","""",IF(ABS($AA475)<SETTINGS!$B$8*2,"""",IF(ABS($AA475)<SETTINGS!$B$9*2,""LEAN"",IF(OR(SETTINGS!$B$11<>""Y"",$AI475<>""READY"",ABS($AA475)<SETTINGS!$B$10*2,$AF475<>"""",$AG475<>""""),""INVESTIGATE"",""BET""))))","=IF($AA475="""","""",IF(ABS($AA475)<SETTINGS!$B$33,"""",IF(ABS($AA475)<SETTINGS!$B$34,""LEAN"",IF(OR(SETTINGS!$B$11<>""Y"",$AI475<>""READY"",ABS($AA475)<SETTINGS!$B$26,$AF475<>"""",$AG475<>""""),""INVESTIGATE"",""BET""))))"
ENGINE,AB476,476,28,"=IF($AA476="""","""",IF(ABS($AA476)<SETTINGS!$B$8*2,"""",IF(ABS($AA476)<SETTINGS!$B$9*2,""LEAN"",IF(OR(SETTINGS!$B$11<>""Y"",$AI476<>""READY"",ABS($AA476)<SETTINGS!$B$10*2,$AF476<>"""",$AG476<>""""),""INVESTIGATE"",""BET""))))","=IF($AA476="""","""",IF(ABS($AA476)<SETTINGS!$B$33,"""",IF(ABS($AA476)<SETTINGS!$B$34,""LEAN"",IF(OR(SETTINGS!$B$11<>""Y"",$AI476<>""READY"",ABS($AA476)<SETTINGS!$B$26,$AF476<>"""",$AG476<>""""),""INVESTIGATE"",""BET""))))"
ENGINE,AB477,477,28,"=IF($AA477="""","""",IF(ABS($AA477)<SETTINGS!$B$8*2,"""",IF(ABS($AA477)<SETTINGS!$B$9*2,""LEAN"",IF(OR(SETTINGS!$B$11<>""Y"",$AI477<>""READY"",ABS($AA477)<SETTINGS!$B$10*2,$AF477<>"""",$AG477<>""""),""INVESTIGATE"",""BET""))))","=IF($AA477="""","""",IF(ABS($AA477)<SETTINGS!$B$33,"""",IF(ABS($AA477)<SETTINGS!$B$34,""LEAN"",IF(OR(SETTINGS!$B$11<>""Y"",$AI477<>""READY"",ABS($AA477)<SETTINGS!$B$26,$AF477<>"""",$AG477<>""""),""INVESTIGATE"",""BET""))))"
ENGINE,AB478,478,28,"=IF($AA478="""","""",IF(ABS($AA478)<SETTINGS!$B$8*2,"""",IF(ABS($AA478)<SETTINGS!$B$9*2,""LEAN"",IF(OR(SETTINGS!$B$11<>""Y"",$AI478<>""READY"",ABS($AA478)<SETTINGS!$B$10*2,$AF478<>"""",$AG478<>""""),""INVESTIGATE"",""BET""))))","=IF($AA478="""","""",IF(ABS($AA478)<SETTINGS!$B$33,"""",IF(ABS($AA478)<SETTINGS!$B$34,""LEAN"",IF(OR(SETTINGS!$B$11<>""Y"",$AI478<>""READY"",ABS($AA478)<SETTINGS!$B$26,$AF478<>"""",$AG478<>""""),""INVESTIGATE"",""BET""))))"
ENGINE,AB479,479,28,"=IF($AA479="""","""",IF(ABS($AA479)<SETTINGS!$B$8*2,"""",IF(ABS($AA479)<SETTINGS!$B$9*2,""LEAN"",IF(OR(SETTINGS!$B$11<>""Y"",$AI479<>""READY"",ABS($AA479)<SETTINGS!$B$10*2,$AF479<>"""",$AG479<>""""),""INVESTIGATE"",""BET""))))","=IF($AA479="""","""",IF(ABS($AA479)<SETTINGS!$B$33,"""",IF(ABS($AA479)<SETTINGS!$B$34,""LEAN"",IF(OR(SETTINGS!$B$11<>""Y"",$AI479<>""READY"",ABS($AA479)<SETTINGS!$B$26,$AF479<>"""",$AG479<>""""),""INVESTIGATE"",""BET""))))"
ENGINE,AB480,480,28,"=IF($AA480="""","""",IF(ABS($AA480)<SETTINGS!$B$8*2,"""",IF(ABS($AA480)<SETTINGS!$B$9*2,""LEAN"",IF(OR(SETTINGS!$B$11<>""Y"",$AI480<>""READY"",ABS($AA480)<SETTINGS!$B$10*2,$AF480<>"""",$AG480<>""""),""INVESTIGATE"",""BET""))))","=IF($AA480="""","""",IF(ABS($AA480)<SETTINGS!$B$33,"""",IF(ABS($AA480)<SETTINGS!$B$34,""LEAN"",IF(OR(SETTINGS!$B$11<>""Y"",$AI480<>""READY"",ABS($AA480)<SETTINGS!$B$26,$AF480<>"""",$AG480<>""""),""INVESTIGATE"",""BET""))))"
ENGINE,AB481,481,28,"=IF($AA481="""","""",IF(ABS($AA481)<SETTINGS!$B$8*2,"""",IF(ABS($AA481)<SETTINGS!$B$9*2,""LEAN"",IF(OR(SETTINGS!$B$11<>""Y"",$AI481<>""READY"",ABS($AA481)<SETTINGS!$B$10*2,$AF481<>"""",$AG481<>""""),""INVESTIGATE"",""BET""))))","=IF($AA481="""","""",IF(ABS($AA481)<SETTINGS!$B$33,"""",IF(ABS($AA481)<SETTINGS!$B$34,""LEAN"",IF(OR(SETTINGS!$B$11<>""Y"",$AI481<>""READY"",ABS($AA481)<SETTINGS!$B$26,$AF481<>"""",$AG481<>""""),""INVESTIGATE"",""BET""))))"
ENGINE,AB482,482,28,"=IF($AA482="""","""",IF(ABS($AA482)<SETTINGS!$B$8*2,"""",IF(ABS($AA482)<SETTINGS!$B$9*2,""LEAN"",IF(OR(SETTINGS!$B$11<>""Y"",$AI482<>""READY"",ABS($AA482)<SETTINGS!$B$10*2,$AF482<>"""",$AG482<>""""),""INVESTIGATE"",""BET""))))","=IF($AA482="""","""",IF(ABS($AA482)<SETTINGS!$B$33,"""",IF(ABS($AA482)<SETTINGS!$B$34,""LEAN"",IF(OR(SETTINGS!$B$11<>""Y"",$AI482<>""READY"",ABS($AA482)<SETTINGS!$B$26,$AF482<>"""",$AG482<>""""),""INVESTIGATE"",""BET""))))"
ENGINE,AB483,483,28,"=IF($AA483="""","""",IF(ABS($AA483)<SETTINGS!$B$8*2,"""",IF(ABS($AA483)<SETTINGS!$B$9*2,""LEAN"",IF(OR(SETTINGS!$B$11<>""Y"",$AI483<>""READY"",ABS($AA483)<SETTINGS!$B$10*2,$AF483<>"""",$AG483<>""""),""INVESTIGATE"",""BET""))))","=IF($AA483="""","""",IF(ABS($AA483)<SETTINGS!$B$33,"""",IF(ABS($AA483)<SETTINGS!$B$34,""LEAN"",IF(OR(SETTINGS!$B$11<>""Y"",$AI483<>""READY"",ABS($AA483)<SETTINGS!$B$26,$AF483<>"""",$AG483<>""""),""INVESTIGATE"",""BET""))))"
ENGINE,AB484,484,28,"=IF($AA484="""","""",IF(ABS($AA484)<SETTINGS!$B$8*2,"""",IF(ABS($AA484)<SETTINGS!$B$9*2,""LEAN"",IF(OR(SETTINGS!$B$11<>""Y"",$AI484<>""READY"",ABS($AA484)<SETTINGS!$B$10*2,$AF484<>"""",$AG484<>""""),""INVESTIGATE"",""BET""))))","=IF($AA484="""","""",IF(ABS($AA484)<SETTINGS!$B$33,"""",IF(ABS($AA484)<SETTINGS!$B$34,""LEAN"",IF(OR(SETTINGS!$B$11<>""Y"",$AI484<>""READY"",ABS($AA484)<SETTINGS!$B$26,$AF484<>"""",$AG484<>""""),""INVESTIGATE"",""BET""))))"
ENGINE,AB485,485,28,"=IF($AA485="""","""",IF(ABS($AA485)<SETTINGS!$B$8*2,"""",IF(ABS($AA485)<SETTINGS!$B$9*2,""LEAN"",IF(OR(SETTINGS!$B$11<>""Y"",$AI485<>""READY"",ABS($AA485)<SETTINGS!$B$10*2,$AF485<>"""",$AG485<>""""),""INVESTIGATE"",""BET""))))","=IF($AA485="""","""",IF(ABS($AA485)<SETTINGS!$B$33,"""",IF(ABS($AA485)<SETTINGS!$B$34,""LEAN"",IF(OR(SETTINGS!$B$11<>""Y"",$AI485<>""READY"",ABS($AA485)<SETTINGS!$B$26,$AF485<>"""",$AG485<>""""),""INVESTIGATE"",""BET""))))"
ENGINE,AB486,486,28,"=IF($AA486="""","""",IF(ABS($AA486)<SETTINGS!$B$8*2,"""",IF(ABS($AA486)<SETTINGS!$B$9*2,""LEAN"",IF(OR(SETTINGS!$B$11<>""Y"",$AI486<>""READY"",ABS($AA486)<SETTINGS!$B$10*2,$AF486<>"""",$AG486<>""""),""INVESTIGATE"",""BET""))))","=IF($AA486="""","""",IF(ABS($AA486)<SETTINGS!$B$33,"""",IF(ABS($AA486)<SETTINGS!$B$34,""LEAN"",IF(OR(SETTINGS!$B$11<>""Y"",$AI486<>""READY"",ABS($AA486)<SETTINGS!$B$26,$AF486<>"""",$AG486<>""""),""INVESTIGATE"",""BET""))))"
ENGINE,AB487,487,28,"=IF($AA487="""","""",IF(ABS($AA487)<SETTINGS!$B$8*2,"""",IF(ABS($AA487)<SETTINGS!$B$9*2,""LEAN"",IF(OR(SETTINGS!$B$11<>""Y"",$AI487<>""READY"",ABS($AA487)<SETTINGS!$B$10*2,$AF487<>"""",$AG487<>""""),""INVESTIGATE"",""BET""))))","=IF($AA487="""","""",IF(ABS($AA487)<SETTINGS!$B$33,"""",IF(ABS($AA487)<SETTINGS!$B$34,""LEAN"",IF(OR(SETTINGS!$B$11<>""Y"",$AI487<>""READY"",ABS($AA487)<SETTINGS!$B$26,$AF487<>"""",$AG487<>""""),""INVESTIGATE"",""BET""))))"
ENGINE,AB488,488,28,"=IF($AA488="""","""",IF(ABS($AA488)<SETTINGS!$B$8*2,"""",IF(ABS($AA488)<SETTINGS!$B$9*2,""LEAN"",IF(OR(SETTINGS!$B$11<>""Y"",$AI488<>""READY"",ABS($AA488)<SETTINGS!$B$10*2,$AF488<>"""",$AG488<>""""),""INVESTIGATE"",""BET""))))","=IF($AA488="""","""",IF(ABS($AA488)<SETTINGS!$B$33,"""",IF(ABS($AA488)<SETTINGS!$B$34,""LEAN"",IF(OR(SETTINGS!$B$11<>""Y"",$AI488<>""READY"",ABS($AA488)<SETTINGS!$B$26,$AF488<>"""",$AG488<>""""),""INVESTIGATE"",""BET""))))"
ENGINE,AB489,489,28,"=IF($AA489="""","""",IF(ABS($AA489)<SETTINGS!$B$8*2,"""",IF(ABS($AA489)<SETTINGS!$B$9*2,""LEAN"",IF(OR(SETTINGS!$B$11<>""Y"",$AI489<>""READY"",ABS($AA489)<SETTINGS!$B$10*2,$AF489<>"""",$AG489<>""""),""INVESTIGATE"",""BET""))))","=IF($AA489="""","""",IF(ABS($AA489)<SETTINGS!$B$33,"""",IF(ABS($AA489)<SETTINGS!$B$34,""LEAN"",IF(OR(SETTINGS!$B$11<>""Y"",$AI489<>""READY"",ABS($AA489)<SETTINGS!$B$26,$AF489<>"""",$AG489<>""""),""INVESTIGATE"",""BET""))))"
ENGINE,AB490,490,28,"=IF($AA490="""","""",IF(ABS($AA490)<SETTINGS!$B$8*2,"""",IF(ABS($AA490)<SETTINGS!$B$9*2,""LEAN"",IF(OR(SETTINGS!$B$11<>""Y"",$AI490<>""READY"",ABS($AA490)<SETTINGS!$B$10*2,$AF490<>"""",$AG490<>""""),""INVESTIGATE"",""BET""))))","=IF($AA490="""","""",IF(ABS($AA490)<SETTINGS!$B$33,"""",IF(ABS($AA490)<SETTINGS!$B$34,""LEAN"",IF(OR(SETTINGS!$B$11<>""Y"",$AI490<>""READY"",ABS($AA490)<SETTINGS!$B$26,$AF490<>"""",$AG490<>""""),""INVESTIGATE"",""BET""))))"
ENGINE,AB491,491,28,"=IF($AA491="""","""",IF(ABS($AA491)<SETTINGS!$B$8*2,"""",IF(ABS($AA491)<SETTINGS!$B$9*2,""LEAN"",IF(OR(SETTINGS!$B$11<>""Y"",$AI491<>""READY"",ABS($AA491)<SETTINGS!$B$10*2,$AF491<>"""",$AG491<>""""),""INVESTIGATE"",""BET""))))","=IF($AA491="""","""",IF(ABS($AA491)<SETTINGS!$B$33,"""",IF(ABS($AA491)<SETTINGS!$B$34,""LEAN"",IF(OR(SETTINGS!$B$11<>""Y"",$AI491<>""READY"",ABS($AA491)<SETTINGS!$B$26,$AF491<>"""",$AG491<>""""),""INVESTIGATE"",""BET""))))"
ENGINE,AB492,492,28,"=IF($AA492="""","""",IF(ABS($AA492)<SETTINGS!$B$8*2,"""",IF(ABS($AA492)<SETTINGS!$B$9*2,""LEAN"",IF(OR(SETTINGS!$B$11<>""Y"",$AI492<>""READY"",ABS($AA492)<SETTINGS!$B$10*2,$AF492<>"""",$AG492<>""""),""INVESTIGATE"",""BET""))))","=IF($AA492="""","""",IF(ABS($AA492)<SETTINGS!$B$33,"""",IF(ABS($AA492)<SETTINGS!$B$34,""LEAN"",IF(OR(SETTINGS!$B$11<>""Y"",$AI492<>""READY"",ABS($AA492)<SETTINGS!$B$26,$AF492<>"""",$AG492<>""""),""INVESTIGATE"",""BET""))))"
ENGINE,AB493,493,28,"=IF($AA493="""","""",IF(ABS($AA493)<SETTINGS!$B$8*2,"""",IF(ABS($AA493)<SETTINGS!$B$9*2,""LEAN"",IF(OR(SETTINGS!$B$11<>""Y"",$AI493<>""READY"",ABS($AA493)<SETTINGS!$B$10*2,$AF493<>"""",$AG493<>""""),""INVESTIGATE"",""BET""))))","=IF($AA493="""","""",IF(ABS($AA493)<SETTINGS!$B$33,"""",IF(ABS($AA493)<SETTINGS!$B$34,""LEAN"",IF(OR(SETTINGS!$B$11<>""Y"",$AI493<>""READY"",ABS($AA493)<SETTINGS!$B$26,$AF493<>"""",$AG493<>""""),""INVESTIGATE"",""BET""))))"
ENGINE,AB494,494,28,"=IF($AA494="""","""",IF(ABS($AA494)<SETTINGS!$B$8*2,"""",IF(ABS($AA494)<SETTINGS!$B$9*2,""LEAN"",IF(OR(SETTINGS!$B$11<>""Y"",$AI494<>""READY"",ABS($AA494)<SETTINGS!$B$10*2,$AF494<>"""",$AG494<>""""),""INVESTIGATE"",""BET""))))","=IF($AA494="""","""",IF(ABS($AA494)<SETTINGS!$B$33,"""",IF(ABS($AA494)<SETTINGS!$B$34,""LEAN"",IF(OR(SETTINGS!$B$11<>""Y"",$AI494<>""READY"",ABS($AA494)<SETTINGS!$B$26,$AF494<>"""",$AG494<>""""),""INVESTIGATE"",""BET""))))"
ENGINE,AB495,495,28,"=IF($AA495="""","""",IF(ABS($AA495)<SETTINGS!$B$8*2,"""",IF(ABS($AA495)<SETTINGS!$B$9*2,""LEAN"",IF(OR(SETTINGS!$B$11<>""Y"",$AI495<>""READY"",ABS($AA495)<SETTINGS!$B$10*2,$AF495<>"""",$AG495<>""""),""INVESTIGATE"",""BET""))))","=IF($AA495="""","""",IF(ABS($AA495)<SETTINGS!$B$33,"""",IF(ABS($AA495)<SETTINGS!$B$34,""LEAN"",IF(OR(SETTINGS!$B$11<>""Y"",$AI495<>""READY"",ABS($AA495)<SETTINGS!$B$26,$AF495<>"""",$AG495<>""""),""INVESTIGATE"",""BET""))))"
ENGINE,AB496,496,28,"=IF($AA496="""","""",IF(ABS($AA496)<SETTINGS!$B$8*2,"""",IF(ABS($AA496)<SETTINGS!$B$9*2,""LEAN"",IF(OR(SETTINGS!$B$11<>""Y"",$AI496<>""READY"",ABS($AA496)<SETTINGS!$B$10*2,$AF496<>"""",$AG496<>""""),""INVESTIGATE"",""BET""))))","=IF($AA496="""","""",IF(ABS($AA496)<SETTINGS!$B$33,"""",IF(ABS($AA496)<SETTINGS!$B$34,""LEAN"",IF(OR(SETTINGS!$B$11<>""Y"",$AI496<>""READY"",ABS($AA496)<SETTINGS!$B$26,$AF496<>"""",$AG496<>""""),""INVESTIGATE"",""BET""))))"
ENGINE,AB497,497,28,"=IF($AA497="""","""",IF(ABS($AA497)<SETTINGS!$B$8*2,"""",IF(ABS($AA497)<SETTINGS!$B$9*2,""LEAN"",IF(OR(SETTINGS!$B$11<>""Y"",$AI497<>""READY"",ABS($AA497)<SETTINGS!$B$10*2,$AF497<>"""",$AG497<>""""),""INVESTIGATE"",""BET""))))","=IF($AA497="""","""",IF(ABS($AA497)<SETTINGS!$B$33,"""",IF(ABS($AA497)<SETTINGS!$B$34,""LEAN"",IF(OR(SETTINGS!$B$11<>""Y"",$AI497<>""READY"",ABS($AA497)<SETTINGS!$B$26,$AF497<>"""",$AG497<>""""),""INVESTIGATE"",""BET""))))"
ENGINE,AB498,498,28,"=IF($AA498="""","""",IF(ABS($AA498)<SETTINGS!$B$8*2,"""",IF(ABS($AA498)<SETTINGS!$B$9*2,""LEAN"",IF(OR(SETTINGS!$B$11<>""Y"",$AI498<>""READY"",ABS($AA498)<SETTINGS!$B$10*2,$AF498<>"""",$AG498<>""""),""INVESTIGATE"",""BET""))))","=IF($AA498="""","""",IF(ABS($AA498)<SETTINGS!$B$33,"""",IF(ABS($AA498)<SETTINGS!$B$34,""LEAN"",IF(OR(SETTINGS!$B$11<>""Y"",$AI498<>""READY"",ABS($AA498)<SETTINGS!$B$26,$AF498<>"""",$AG498<>""""),""INVESTIGATE"",""BET""))))"
ENGINE,AB499,499,28,"=IF($AA499="""","""",IF(ABS($AA499)<SETTINGS!$B$8*2,"""",IF(ABS($AA499)<SETTINGS!$B$9*2,""LEAN"",IF(OR(SETTINGS!$B$11<>""Y"",$AI499<>""READY"",ABS($AA499)<SETTINGS!$B$10*2,$AF499<>"""",$AG499<>""""),""INVESTIGATE"",""BET""))))","=IF($AA499="""","""",IF(ABS($AA499)<SETTINGS!$B$33,"""",IF(ABS($AA499)<SETTINGS!$B$34,""LEAN"",IF(OR(SETTINGS!$B$11<>""Y"",$AI499<>""READY"",ABS($AA499)<SETTINGS!$B$26,$AF499<>"""",$AG499<>""""),""INVESTIGATE"",""BET""))))"
ENGINE,AB500,500,28,"=IF($AA500="""","""",IF(ABS($AA500)<SETTINGS!$B$8*2,"""",IF(ABS($AA500)<SETTINGS!$B$9*2,""LEAN"",IF(OR(SETTINGS!$B$11<>""Y"",$AI500<>""READY"",ABS($AA500)<SETTINGS!$B$10*2,$AF500<>"""",$AG500<>""""),""INVESTIGATE"",""BET""))))","=IF($AA500="""","""",IF(ABS($AA500)<SETTINGS!$B$33,"""",IF(ABS($AA500)<SETTINGS!$B$34,""LEAN"",IF(OR(SETTINGS!$B$11<>""Y"",$AI500<>""READY"",ABS($AA500)<SETTINGS!$B$26,$AF500<>"""",$AG500<>""""),""INVESTIGATE"",""BET""))))"
ENGINE,AB501,501,28,"=IF($AA501="""","""",IF(ABS($AA501)<SETTINGS!$B$8*2,"""",IF(ABS($AA501)<SETTINGS!$B$9*2,""LEAN"",IF(OR(SETTINGS!$B$11<>""Y"",$AI501<>""READY"",ABS($AA501)<SETTINGS!$B$10*2,$AF501<>"""",$AG501<>""""),""INVESTIGATE"",""BET""))))","=IF($AA501="""","""",IF(ABS($AA501)<SETTINGS!$B$33,"""",IF(ABS($AA501)<SETTINGS!$B$34,""LEAN"",IF(OR(SETTINGS!$B$11<>""Y"",$AI501<>""READY"",ABS($AA501)<SETTINGS!$B$26,$AF501<>"""",$AG501<>""""),""INVESTIGATE"",""BET""))))"
ENGINE,AB502,502,28,"=IF($AA502="""","""",IF(ABS($AA502)<SETTINGS!$B$8*2,"""",IF(ABS($AA502)<SETTINGS!$B$9*2,""LEAN"",IF(OR(SETTINGS!$B$11<>""Y"",$AI502<>""READY"",ABS($AA502)<SETTINGS!$B$10*2,$AF502<>"""",$AG502<>""""),""INVESTIGATE"",""BET""))))","=IF($AA502="""","""",IF(ABS($AA502)<SETTINGS!$B$33,"""",IF(ABS($AA502)<SETTINGS!$B$34,""LEAN"",IF(OR(SETTINGS!$B$11<>""Y"",$AI502<>""READY"",ABS($AA502)<SETTINGS!$B$26,$AF502<>"""",$AG502<>""""),""INVESTIGATE"",""BET""))))"
ENGINE,AB503,503,28,"=IF($AA503="""","""",IF(ABS($AA503)<SETTINGS!$B$8*2,"""",IF(ABS($AA503)<SETTINGS!$B$9*2,""LEAN"",IF(OR(SETTINGS!$B$11<>""Y"",$AI503<>""READY"",ABS($AA503)<SETTINGS!$B$10*2,$AF503<>"""",$AG503<>""""),""INVESTIGATE"",""BET""))))","=IF($AA503="""","""",IF(ABS($AA503)<SETTINGS!$B$33,"""",IF(ABS($AA503)<SETTINGS!$B$34,""LEAN"",IF(OR(SETTINGS!$B$11<>""Y"",$AI503<>""READY"",ABS($AA503)<SETTINGS!$B$26,$AF503<>"""",$AG503<>""""),""INVESTIGATE"",""BET""))))"
ENGINE,AB504,504,28,"=IF($AA504="""","""",IF(ABS($AA504)<SETTINGS!$B$8*2,"""",IF(ABS($AA504)<SETTINGS!$B$9*2,""LEAN"",IF(OR(SETTINGS!$B$11<>""Y"",$AI504<>""READY"",ABS($AA504)<SETTINGS!$B$10*2,$AF504<>"""",$AG504<>""""),""INVESTIGATE"",""BET""))))","=IF($AA504="""","""",IF(ABS($AA504)<SETTINGS!$B$33,"""",IF(ABS($AA504)<SETTINGS!$B$34,""LEAN"",IF(OR(SETTINGS!$B$11<>""Y"",$AI504<>""READY"",ABS($AA504)<SETTINGS!$B$26,$AF504<>"""",$AG504<>""""),""INVESTIGATE"",""BET""))))"
ENGINE,AB505,505,28,"=IF($AA505="""","""",IF(ABS($AA505)<SETTINGS!$B$8*2,"""",IF(ABS($AA505)<SETTINGS!$B$9*2,""LEAN"",IF(OR(SETTINGS!$B$11<>""Y"",$AI505<>""READY"",ABS($AA505)<SETTINGS!$B$10*2,$AF505<>"""",$AG505<>""""),""INVESTIGATE"",""BET""))))","=IF($AA505="""","""",IF(ABS($AA505)<SETTINGS!$B$33,"""",IF(ABS($AA505)<SETTINGS!$B$34,""LEAN"",IF(OR(SETTINGS!$B$11<>""Y"",$AI505<>""READY"",ABS($AA505)<SETTINGS!$B$26,$AF505<>"""",$AG505<>""""),""INVESTIGATE"",""BET""))))"
ENGINE,AB506,506,28,"=IF($AA506="""","""",IF(ABS($AA506)<SETTINGS!$B$8*2,"""",IF(ABS($AA506)<SETTINGS!$B$9*2,""LEAN"",IF(OR(SETTINGS!$B$11<>""Y"",$AI506<>""READY"",ABS($AA506)<SETTINGS!$B$10*2,$AF506<>"""",$AG506<>""""),""INVESTIGATE"",""BET""))))","=IF($AA506="""","""",IF(ABS($AA506)<SETTINGS!$B$33,"""",IF(ABS($AA506)<SETTINGS!$B$34,""LEAN"",IF(OR(SETTINGS!$B$11<>""Y"",$AI506<>""READY"",ABS($AA506)<SETTINGS!$B$26,$AF506<>"""",$AG506<>""""),""INVESTIGATE"",""BET""))))"
ENGINE,AB507,507,28,"=IF($AA507="""","""",IF(ABS($AA507)<SETTINGS!$B$8*2,"""",IF(ABS($AA507)<SETTINGS!$B$9*2,""LEAN"",IF(OR(SETTINGS!$B$11<>""Y"",$AI507<>""READY"",ABS($AA507)<SETTINGS!$B$10*2,$AF507<>"""",$AG507<>""""),""INVESTIGATE"",""BET""))))","=IF($AA507="""","""",IF(ABS($AA507)<SETTINGS!$B$33,"""",IF(ABS($AA507)<SETTINGS!$B$34,""LEAN"",IF(OR(SETTINGS!$B$11<>""Y"",$AI507<>""READY"",ABS($AA507)<SETTINGS!$B$26,$AF507<>"""",$AG507<>""""),""INVESTIGATE"",""BET""))))"
ENGINE,AB508,508,28,"=IF($AA508="""","""",IF(ABS($AA508)<SETTINGS!$B$8*2,"""",IF(ABS($AA508)<SETTINGS!$B$9*2,""LEAN"",IF(OR(SETTINGS!$B$11<>""Y"",$AI508<>""READY"",ABS($AA508)<SETTINGS!$B$10*2,$AF508<>"""",$AG508<>""""),""INVESTIGATE"",""BET""))))","=IF($AA508="""","""",IF(ABS($AA508)<SETTINGS!$B$33,"""",IF(ABS($AA508)<SETTINGS!$B$34,""LEAN"",IF(OR(SETTINGS!$B$11<>""Y"",$AI508<>""READY"",ABS($AA508)<SETTINGS!$B$26,$AF508<>"""",$AG508<>""""),""INVESTIGATE"",""BET""))))"
ENGINE,AB509,509,28,"=IF($AA509="""","""",IF(ABS($AA509)<SETTINGS!$B$8*2,"""",IF(ABS($AA509)<SETTINGS!$B$9*2,""LEAN"",IF(OR(SETTINGS!$B$11<>""Y"",$AI509<>""READY"",ABS($AA509)<SETTINGS!$B$10*2,$AF509<>"""",$AG509<>""""),""INVESTIGATE"",""BET""))))","=IF($AA509="""","""",IF(ABS($AA509)<SETTINGS!$B$33,"""",IF(ABS($AA509)<SETTINGS!$B$34,""LEAN"",IF(OR(SETTINGS!$B$11<>""Y"",$AI509<>""READY"",ABS($AA509)<SETTINGS!$B$26,$AF509<>"""",$AG509<>""""),""INVESTIGATE"",""BET""))))"
ENGINE,AB510,510,28,"=IF($AA510="""","""",IF(ABS($AA510)<SETTINGS!$B$8*2,"""",IF(ABS($AA510)<SETTINGS!$B$9*2,""LEAN"",IF(OR(SETTINGS!$B$11<>""Y"",$AI510<>""READY"",ABS($AA510)<SETTINGS!$B$10*2,$AF510<>"""",$AG510<>""""),""INVESTIGATE"",""BET""))))","=IF($AA510="""","""",IF(ABS($AA510)<SETTINGS!$B$33,"""",IF(ABS($AA510)<SETTINGS!$B$34,""LEAN"",IF(OR(SETTINGS!$B$11<>""Y"",$AI510<>""READY"",ABS($AA510)<SETTINGS!$B$26,$AF510<>"""",$AG510<>""""),""INVESTIGATE"",""BET""))))"
ENGINE,AB511,511,28,"=IF($AA511="""","""",IF(ABS($AA511)<SETTINGS!$B$8*2,"""",IF(ABS($AA511)<SETTINGS!$B$9*2,""LEAN"",IF(OR(SETTINGS!$B$11<>""Y"",$AI511<>""READY"",ABS($AA511)<SETTINGS!$B$10*2,$AF511<>"""",$AG511<>""""),""INVESTIGATE"",""BET""))))","=IF($AA511="""","""",IF(ABS($AA511)<SETTINGS!$B$33,"""",IF(ABS($AA511)<SETTINGS!$B$34,""LEAN"",IF(OR(SETTINGS!$B$11<>""Y"",$AI511<>""READY"",ABS($AA511)<SETTINGS!$B$26,$AF511<>"""",$AG511<>""""),""INVESTIGATE"",""BET""))))"
ENGINE,AB512,512,28,"=IF($AA512="""","""",IF(ABS($AA512)<SETTINGS!$B$8*2,"""",IF(ABS($AA512)<SETTINGS!$B$9*2,""LEAN"",IF(OR(SETTINGS!$B$11<>""Y"",$AI512<>""READY"",ABS($AA512)<SETTINGS!$B$10*2,$AF512<>"""",$AG512<>""""),""INVESTIGATE"",""BET""))))","=IF($AA512="""","""",IF(ABS($AA512)<SETTINGS!$B$33,"""",IF(ABS($AA512)<SETTINGS!$B$34,""LEAN"",IF(OR(SETTINGS!$B$11<>""Y"",$AI512<>""READY"",ABS($AA512)<SETTINGS!$B$26,$AF512<>"""",$AG512<>""""),""INVESTIGATE"",""BET""))))"
ENGINE,AB513,513,28,"=IF($AA513="""","""",IF(ABS($AA513)<SETTINGS!$B$8*2,"""",IF(ABS($AA513)<SETTINGS!$B$9*2,""LEAN"",IF(OR(SETTINGS!$B$11<>""Y"",$AI513<>""READY"",ABS($AA513)<SETTINGS!$B$10*2,$AF513<>"""",$AG513<>""""),""INVESTIGATE"",""BET""))))","=IF($AA513="""","""",IF(ABS($AA513)<SETTINGS!$B$33,"""",IF(ABS($AA513)<SETTINGS!$B$34,""LEAN"",IF(OR(SETTINGS!$B$11<>""Y"",$AI513<>""READY"",ABS($AA513)<SETTINGS!$B$26,$AF513<>"""",$AG513<>""""),""INVESTIGATE"",""BET""))))"
ENGINE,AB514,514,28,"=IF($AA514="""","""",IF(ABS($AA514)<SETTINGS!$B$8*2,"""",IF(ABS($AA514)<SETTINGS!$B$9*2,""LEAN"",IF(OR(SETTINGS!$B$11<>""Y"",$AI514<>""READY"",ABS($AA514)<SETTINGS!$B$10*2,$AF514<>"""",$AG514<>""""),""INVESTIGATE"",""BET""))))","=IF($AA514="""","""",IF(ABS($AA514)<SETTINGS!$B$33,"""",IF(ABS($AA514)<SETTINGS!$B$34,""LEAN"",IF(OR(SETTINGS!$B$11<>""Y"",$AI514<>""READY"",ABS($AA514)<SETTINGS!$B$26,$AF514<>"""",$AG514<>""""),""INVESTIGATE"",""BET""))))"
ENGINE,AB515,515,28,"=IF($AA515="""","""",IF(ABS($AA515)<SETTINGS!$B$8*2,"""",IF(ABS($AA515)<SETTINGS!$B$9*2,""LEAN"",IF(OR(SETTINGS!$B$11<>""Y"",$AI515<>""READY"",ABS($AA515)<SETTINGS!$B$10*2,$AF515<>"""",$AG515<>""""),""INVESTIGATE"",""BET""))))","=IF($AA515="""","""",IF(ABS($AA515)<SETTINGS!$B$33,"""",IF(ABS($AA515)<SETTINGS!$B$34,""LEAN"",IF(OR(SETTINGS!$B$11<>""Y"",$AI515<>""READY"",ABS($AA515)<SETTINGS!$B$26,$AF515<>"""",$AG515<>""""),""INVESTIGATE"",""BET""))))"
ENGINE,AB516,516,28,"=IF($AA516="""","""",IF(ABS($AA516)<SETTINGS!$B$8*2,"""",IF(ABS($AA516)<SETTINGS!$B$9*2,""LEAN"",IF(OR(SETTINGS!$B$11<>""Y"",$AI516<>""READY"",ABS($AA516)<SETTINGS!$B$10*2,$AF516<>"""",$AG516<>""""),""INVESTIGATE"",""BET""))))","=IF($AA516="""","""",IF(ABS($AA516)<SETTINGS!$B$33,"""",IF(ABS($AA516)<SETTINGS!$B$34,""LEAN"",IF(OR(SETTINGS!$B$11<>""Y"",$AI516<>""READY"",ABS($AA516)<SETTINGS!$B$26,$AF516<>"""",$AG516<>""""),""INVESTIGATE"",""BET""))))"
ENGINE,AB517,517,28,"=IF($AA517="""","""",IF(ABS($AA517)<SETTINGS!$B$8*2,"""",IF(ABS($AA517)<SETTINGS!$B$9*2,""LEAN"",IF(OR(SETTINGS!$B$11<>""Y"",$AI517<>""READY"",ABS($AA517)<SETTINGS!$B$10*2,$AF517<>"""",$AG517<>""""),""INVESTIGATE"",""BET""))))","=IF($AA517="""","""",IF(ABS($AA517)<SETTINGS!$B$33,"""",IF(ABS($AA517)<SETTINGS!$B$34,""LEAN"",IF(OR(SETTINGS!$B$11<>""Y"",$AI517<>""READY"",ABS($AA517)<SETTINGS!$B$26,$AF517<>"""",$AG517<>""""),""INVESTIGATE"",""BET""))))"
ENGINE,AB518,518,28,"=IF($AA518="""","""",IF(ABS($AA518)<SETTINGS!$B$8*2,"""",IF(ABS($AA518)<SETTINGS!$B$9*2,""LEAN"",IF(OR(SETTINGS!$B$11<>""Y"",$AI518<>""READY"",ABS($AA518)<SETTINGS!$B$10*2,$AF518<>"""",$AG518<>""""),""INVESTIGATE"",""BET""))))","=IF($AA518="""","""",IF(ABS($AA518)<SETTINGS!$B$33,"""",IF(ABS($AA518)<SETTINGS!$B$34,""LEAN"",IF(OR(SETTINGS!$B$11<>""Y"",$AI518<>""READY"",ABS($AA518)<SETTINGS!$B$26,$AF518<>"""",$AG518<>""""),""INVESTIGATE"",""BET""))))"
ENGINE,AB519,519,28,"=IF($AA519="""","""",IF(ABS($AA519)<SETTINGS!$B$8*2,"""",IF(ABS($AA519)<SETTINGS!$B$9*2,""LEAN"",IF(OR(SETTINGS!$B$11<>""Y"",$AI519<>""READY"",ABS($AA519)<SETTINGS!$B$10*2,$AF519<>"""",$AG519<>""""),""INVESTIGATE"",""BET""))))","=IF($AA519="""","""",IF(ABS($AA519)<SETTINGS!$B$33,"""",IF(ABS($AA519)<SETTINGS!$B$34,""LEAN"",IF(OR(SETTINGS!$B$11<>""Y"",$AI519<>""READY"",ABS($AA519)<SETTINGS!$B$26,$AF519<>"""",$AG519<>""""),""INVESTIGATE"",""BET""))))"
ENGINE,AB520,520,28,"=IF($AA520="""","""",IF(ABS($AA520)<SETTINGS!$B$8*2,"""",IF(ABS($AA520)<SETTINGS!$B$9*2,""LEAN"",IF(OR(SETTINGS!$B$11<>""Y"",$AI520<>""READY"",ABS($AA520)<SETTINGS!$B$10*2,$AF520<>"""",$AG520<>""""),""INVESTIGATE"",""BET""))))","=IF($AA520="""","""",IF(ABS($AA520)<SETTINGS!$B$33,"""",IF(ABS($AA520)<SETTINGS!$B$34,""LEAN"",IF(OR(SETTINGS!$B$11<>""Y"",$AI520<>""READY"",ABS($AA520)<SETTINGS!$B$26,$AF520<>"""",$AG520<>""""),""INVESTIGATE"",""BET""))))"
ENGINE,AB521,521,28,"=IF($AA521="""","""",IF(ABS($AA521)<SETTINGS!$B$8*2,"""",IF(ABS($AA521)<SETTINGS!$B$9*2,""LEAN"",IF(OR(SETTINGS!$B$11<>""Y"",$AI521<>""READY"",ABS($AA521)<SETTINGS!$B$10*2,$AF521<>"""",$AG521<>""""),""INVESTIGATE"",""BET""))))","=IF($AA521="""","""",IF(ABS($AA521)<SETTINGS!$B$33,"""",IF(ABS($AA521)<SETTINGS!$B$34,""LEAN"",IF(OR(SETTINGS!$B$11<>""Y"",$AI521<>""READY"",ABS($AA521)<SETTINGS!$B$26,$AF521<>"""",$AG521<>""""),""INVESTIGATE"",""BET""))))"
ENGINE,AB522,522,28,"=IF($AA522="""","""",IF(ABS($AA522)<SETTINGS!$B$8*2,"""",IF(ABS($AA522)<SETTINGS!$B$9*2,""LEAN"",IF(OR(SETTINGS!$B$11<>""Y"",$AI522<>""READY"",ABS($AA522)<SETTINGS!$B$10*2,$AF522<>"""",$AG522<>""""),""INVESTIGATE"",""BET""))))","=IF($AA522="""","""",IF(ABS($AA522)<SETTINGS!$B$33,"""",IF(ABS($AA522)<SETTINGS!$B$34,""LEAN"",IF(OR(SETTINGS!$B$11<>""Y"",$AI522<>""READY"",ABS($AA522)<SETTINGS!$B$26,$AF522<>"""",$AG522<>""""),""INVESTIGATE"",""BET""))))"
ENGINE,AB523,523,28,"=IF($AA523="""","""",IF(ABS($AA523)<SETTINGS!$B$8*2,"""",IF(ABS($AA523)<SETTINGS!$B$9*2,""LEAN"",IF(OR(SETTINGS!$B$11<>""Y"",$AI523<>""READY"",ABS($AA523)<SETTINGS!$B$10*2,$AF523<>"""",$AG523<>""""),""INVESTIGATE"",""BET""))))","=IF($AA523="""","""",IF(ABS($AA523)<SETTINGS!$B$33,"""",IF(ABS($AA523)<SETTINGS!$B$34,""LEAN"",IF(OR(SETTINGS!$B$11<>""Y"",$AI523<>""READY"",ABS($AA523)<SETTINGS!$B$26,$AF523<>"""",$AG523<>""""),""INVESTIGATE"",""BET""))))"
ENGINE,AB524,524,28,"=IF($AA524="""","""",IF(ABS($AA524)<SETTINGS!$B$8*2,"""",IF(ABS($AA524)<SETTINGS!$B$9*2,""LEAN"",IF(OR(SETTINGS!$B$11<>""Y"",$AI524<>""READY"",ABS($AA524)<SETTINGS!$B$10*2,$AF524<>"""",$AG524<>""""),""INVESTIGATE"",""BET""))))","=IF($AA524="""","""",IF(ABS($AA524)<SETTINGS!$B$33,"""",IF(ABS($AA524)<SETTINGS!$B$34,""LEAN"",IF(OR(SETTINGS!$B$11<>""Y"",$AI524<>""READY"",ABS($AA524)<SETTINGS!$B$26,$AF524<>"""",$AG524<>""""),""INVESTIGATE"",""BET""))))"
ENGINE,AB525,525,28,"=IF($AA525="""","""",IF(ABS($AA525)<SETTINGS!$B$8*2,"""",IF(ABS($AA525)<SETTINGS!$B$9*2,""LEAN"",IF(OR(SETTINGS!$B$11<>""Y"",$AI525<>""READY"",ABS($AA525)<SETTINGS!$B$10*2,$AF525<>"""",$AG525<>""""),""INVESTIGATE"",""BET""))))","=IF($AA525="""","""",IF(ABS($AA525)<SETTINGS!$B$33,"""",IF(ABS($AA525)<SETTINGS!$B$34,""LEAN"",IF(OR(SETTINGS!$B$11<>""Y"",$AI525<>""READY"",ABS($AA525)<SETTINGS!$B$26,$AF525<>"""",$AG525<>""""),""INVESTIGATE"",""BET""))))"
ENGINE,AB526,526,28,"=IF($AA526="""","""",IF(ABS($AA526)<SETTINGS!$B$8*2,"""",IF(ABS($AA526)<SETTINGS!$B$9*2,""LEAN"",IF(OR(SETTINGS!$B$11<>""Y"",$AI526<>""READY"",ABS($AA526)<SETTINGS!$B$10*2,$AF526<>"""",$AG526<>""""),""INVESTIGATE"",""BET""))))","=IF($AA526="""","""",IF(ABS($AA526)<SETTINGS!$B$33,"""",IF(ABS($AA526)<SETTINGS!$B$34,""LEAN"",IF(OR(SETTINGS!$B$11<>""Y"",$AI526<>""READY"",ABS($AA526)<SETTINGS!$B$26,$AF526<>"""",$AG526<>""""),""INVESTIGATE"",""BET""))))"
ENGINE,AB527,527,28,"=IF($AA527="""","""",IF(ABS($AA527)<SETTINGS!$B$8*2,"""",IF(ABS($AA527)<SETTINGS!$B$9*2,""LEAN"",IF(OR(SETTINGS!$B$11<>""Y"",$AI527<>""READY"",ABS($AA527)<SETTINGS!$B$10*2,$AF527<>"""",$AG527<>""""),""INVESTIGATE"",""BET""))))","=IF($AA527="""","""",IF(ABS($AA527)<SETTINGS!$B$33,"""",IF(ABS($AA527)<SETTINGS!$B$34,""LEAN"",IF(OR(SETTINGS!$B$11<>""Y"",$AI527<>""READY"",ABS($AA527)<SETTINGS!$B$26,$AF527<>"""",$AG527<>""""),""INVESTIGATE"",""BET""))))"
ENGINE,AB528,528,28,"=IF($AA528="""","""",IF(ABS($AA528)<SETTINGS!$B$8*2,"""",IF(ABS($AA528)<SETTINGS!$B$9*2,""LEAN"",IF(OR(SETTINGS!$B$11<>""Y"",$AI528<>""READY"",ABS($AA528)<SETTINGS!$B$10*2,$AF528<>"""",$AG528<>""""),""INVESTIGATE"",""BET""))))","=IF($AA528="""","""",IF(ABS($AA528)<SETTINGS!$B$33,"""",IF(ABS($AA528)<SETTINGS!$B$34,""LEAN"",IF(OR(SETTINGS!$B$11<>""Y"",$AI528<>""READY"",ABS($AA528)<SETTINGS!$B$26,$AF528<>"""",$AG528<>""""),""INVESTIGATE"",""BET""))))"
ENGINE,AB529,529,28,"=IF($AA529="""","""",IF(ABS($AA529)<SETTINGS!$B$8*2,"""",IF(ABS($AA529)<SETTINGS!$B$9*2,""LEAN"",IF(OR(SETTINGS!$B$11<>""Y"",$AI529<>""READY"",ABS($AA529)<SETTINGS!$B$10*2,$AF529<>"""",$AG529<>""""),""INVESTIGATE"",""BET""))))","=IF($AA529="""","""",IF(ABS($AA529)<SETTINGS!$B$33,"""",IF(ABS($AA529)<SETTINGS!$B$34,""LEAN"",IF(OR(SETTINGS!$B$11<>""Y"",$AI529<>""READY"",ABS($AA529)<SETTINGS!$B$26,$AF529<>"""",$AG529<>""""),""INVESTIGATE"",""BET""))))"
ENGINE,AB530,530,28,"=IF($AA530="""","""",IF(ABS($AA530)<SETTINGS!$B$8*2,"""",IF(ABS($AA530)<SETTINGS!$B$9*2,""LEAN"",IF(OR(SETTINGS!$B$11<>""Y"",$AI530<>""READY"",ABS($AA530)<SETTINGS!$B$10*2,$AF530<>"""",$AG530<>""""),""INVESTIGATE"",""BET""))))","=IF($AA530="""","""",IF(ABS($AA530)<SETTINGS!$B$33,"""",IF(ABS($AA530)<SETTINGS!$B$34,""LEAN"",IF(OR(SETTINGS!$B$11<>""Y"",$AI530<>""READY"",ABS($AA530)<SETTINGS!$B$26,$AF530<>"""",$AG530<>""""),""INVESTIGATE"",""BET""))))"
ENGINE,AB531,531,28,"=IF($AA531="""","""",IF(ABS($AA531)<SETTINGS!$B$8*2,"""",IF(ABS($AA531)<SETTINGS!$B$9*2,""LEAN"",IF(OR(SETTINGS!$B$11<>""Y"",$AI531<>""READY"",ABS($AA531)<SETTINGS!$B$10*2,$AF531<>"""",$AG531<>""""),""INVESTIGATE"",""BET""))))","=IF($AA531="""","""",IF(ABS($AA531)<SETTINGS!$B$33,"""",IF(ABS($AA531)<SETTINGS!$B$34,""LEAN"",IF(OR(SETTINGS!$B$11<>""Y"",$AI531<>""READY"",ABS($AA531)<SETTINGS!$B$26,$AF531<>"""",$AG531<>""""),""INVESTIGATE"",""BET""))))"
ENGINE,AB532,532,28,"=IF($AA532="""","""",IF(ABS($AA532)<SETTINGS!$B$8*2,"""",IF(ABS($AA532)<SETTINGS!$B$9*2,""LEAN"",IF(OR(SETTINGS!$B$11<>""Y"",$AI532<>""READY"",ABS($AA532)<SETTINGS!$B$10*2,$AF532<>"""",$AG532<>""""),""INVESTIGATE"",""BET""))))","=IF($AA532="""","""",IF(ABS($AA532)<SETTINGS!$B$33,"""",IF(ABS($AA532)<SETTINGS!$B$34,""LEAN"",IF(OR(SETTINGS!$B$11<>""Y"",$AI532<>""READY"",ABS($AA532)<SETTINGS!$B$26,$AF532<>"""",$AG532<>""""),""INVESTIGATE"",""BET""))))"
ENGINE,AB533,533,28,"=IF($AA533="""","""",IF(ABS($AA533)<SETTINGS!$B$8*2,"""",IF(ABS($AA533)<SETTINGS!$B$9*2,""LEAN"",IF(OR(SETTINGS!$B$11<>""Y"",$AI533<>""READY"",ABS($AA533)<SETTINGS!$B$10*2,$AF533<>"""",$AG533<>""""),""INVESTIGATE"",""BET""))))","=IF($AA533="""","""",IF(ABS($AA533)<SETTINGS!$B$33,"""",IF(ABS($AA533)<SETTINGS!$B$34,""LEAN"",IF(OR(SETTINGS!$B$11<>""Y"",$AI533<>""READY"",ABS($AA533)<SETTINGS!$B$26,$AF533<>"""",$AG533<>""""),""INVESTIGATE"",""BET""))))"
ENGINE,AB534,534,28,"=IF($AA534="""","""",IF(ABS($AA534)<SETTINGS!$B$8*2,"""",IF(ABS($AA534)<SETTINGS!$B$9*2,""LEAN"",IF(OR(SETTINGS!$B$11<>""Y"",$AI534<>""READY"",ABS($AA534)<SETTINGS!$B$10*2,$AF534<>"""",$AG534<>""""),""INVESTIGATE"",""BET""))))","=IF($AA534="""","""",IF(ABS($AA534)<SETTINGS!$B$33,"""",IF(ABS($AA534)<SETTINGS!$B$34,""LEAN"",IF(OR(SETTINGS!$B$11<>""Y"",$AI534<>""READY"",ABS($AA534)<SETTINGS!$B$26,$AF534<>"""",$AG534<>""""),""INVESTIGATE"",""BET""))))"
ENGINE,AB535,535,28,"=IF($AA535="""","""",IF(ABS($AA535)<SETTINGS!$B$8*2,"""",IF(ABS($AA535)<SETTINGS!$B$9*2,""LEAN"",IF(OR(SETTINGS!$B$11<>""Y"",$AI535<>""READY"",ABS($AA535)<SETTINGS!$B$10*2,$AF535<>"""",$AG535<>""""),""INVESTIGATE"",""BET""))))","=IF($AA535="""","""",IF(ABS($AA535)<SETTINGS!$B$33,"""",IF(ABS($AA535)<SETTINGS!$B$34,""LEAN"",IF(OR(SETTINGS!$B$11<>""Y"",$AI535<>""READY"",ABS($AA535)<SETTINGS!$B$26,$AF535<>"""",$AG535<>""""),""INVESTIGATE"",""BET""))))"
ENGINE,AB536,536,28,"=IF($AA536="""","""",IF(ABS($AA536)<SETTINGS!$B$8*2,"""",IF(ABS($AA536)<SETTINGS!$B$9*2,""LEAN"",IF(OR(SETTINGS!$B$11<>""Y"",$AI536<>""READY"",ABS($AA536)<SETTINGS!$B$10*2,$AF536<>"""",$AG536<>""""),""INVESTIGATE"",""BET""))))","=IF($AA536="""","""",IF(ABS($AA536)<SETTINGS!$B$33,"""",IF(ABS($AA536)<SETTINGS!$B$34,""LEAN"",IF(OR(SETTINGS!$B$11<>""Y"",$AI536<>""READY"",ABS($AA536)<SETTINGS!$B$26,$AF536<>"""",$AG536<>""""),""INVESTIGATE"",""BET""))))"
ENGINE,AB537,537,28,"=IF($AA537="""","""",IF(ABS($AA537)<SETTINGS!$B$8*2,"""",IF(ABS($AA537)<SETTINGS!$B$9*2,""LEAN"",IF(OR(SETTINGS!$B$11<>""Y"",$AI537<>""READY"",ABS($AA537)<SETTINGS!$B$10*2,$AF537<>"""",$AG537<>""""),""INVESTIGATE"",""BET""))))","=IF($AA537="""","""",IF(ABS($AA537)<SETTINGS!$B$33,"""",IF(ABS($AA537)<SETTINGS!$B$34,""LEAN"",IF(OR(SETTINGS!$B$11<>""Y"",$AI537<>""READY"",ABS($AA537)<SETTINGS!$B$26,$AF537<>"""",$AG537<>""""),""INVESTIGATE"",""BET""))))"
ENGINE,AB538,538,28,"=IF($AA538="""","""",IF(ABS($AA538)<SETTINGS!$B$8*2,"""",IF(ABS($AA538)<SETTINGS!$B$9*2,""LEAN"",IF(OR(SETTINGS!$B$11<>""Y"",$AI538<>""READY"",ABS($AA538)<SETTINGS!$B$10*2,$AF538<>"""",$AG538<>""""),""INVESTIGATE"",""BET""))))","=IF($AA538="""","""",IF(ABS($AA538)<SETTINGS!$B$33,"""",IF(ABS($AA538)<SETTINGS!$B$34,""LEAN"",IF(OR(SETTINGS!$B$11<>""Y"",$AI538<>""READY"",ABS($AA538)<SETTINGS!$B$26,$AF538<>"""",$AG538<>""""),""INVESTIGATE"",""BET""))))"
ENGINE,AB539,539,28,"=IF($AA539="""","""",IF(ABS($AA539)<SETTINGS!$B$8*2,"""",IF(ABS($AA539)<SETTINGS!$B$9*2,""LEAN"",IF(OR(SETTINGS!$B$11<>""Y"",$AI539<>""READY"",ABS($AA539)<SETTINGS!$B$10*2,$AF539<>"""",$AG539<>""""),""INVESTIGATE"",""BET""))))","=IF($AA539="""","""",IF(ABS($AA539)<SETTINGS!$B$33,"""",IF(ABS($AA539)<SETTINGS!$B$34,""LEAN"",IF(OR(SETTINGS!$B$11<>""Y"",$AI539<>""READY"",ABS($AA539)<SETTINGS!$B$26,$AF539<>"""",$AG539<>""""),""INVESTIGATE"",""BET""))))"
ENGINE,AB540,540,28,"=IF($AA540="""","""",IF(ABS($AA540)<SETTINGS!$B$8*2,"""",IF(ABS($AA540)<SETTINGS!$B$9*2,""LEAN"",IF(OR(SETTINGS!$B$11<>""Y"",$AI540<>""READY"",ABS($AA540)<SETTINGS!$B$10*2,$AF540<>"""",$AG540<>""""),""INVESTIGATE"",""BET""))))","=IF($AA540="""","""",IF(ABS($AA540)<SETTINGS!$B$33,"""",IF(ABS($AA540)<SETTINGS!$B$34,""LEAN"",IF(OR(SETTINGS!$B$11<>""Y"",$AI540<>""READY"",ABS($AA540)<SETTINGS!$B$26,$AF540<>"""",$AG540<>""""),""INVESTIGATE"",""BET""))))"
ENGINE,AB541,541,28,"=IF($AA541="""","""",IF(ABS($AA541)<SETTINGS!$B$8*2,"""",IF(ABS($AA541)<SETTINGS!$B$9*2,""LEAN"",IF(OR(SETTINGS!$B$11<>""Y"",$AI541<>""READY"",ABS($AA541)<SETTINGS!$B$10*2,$AF541<>"""",$AG541<>""""),""INVESTIGATE"",""BET""))))","=IF($AA541="""","""",IF(ABS($AA541)<SETTINGS!$B$33,"""",IF(ABS($AA541)<SETTINGS!$B$34,""LEAN"",IF(OR(SETTINGS!$B$11<>""Y"",$AI541<>""READY"",ABS($AA541)<SETTINGS!$B$26,$AF541<>"""",$AG541<>""""),""INVESTIGATE"",""BET""))))"
ENGINE,AB542,542,28,"=IF($AA542="""","""",IF(ABS($AA542)<SETTINGS!$B$8*2,"""",IF(ABS($AA542)<SETTINGS!$B$9*2,""LEAN"",IF(OR(SETTINGS!$B$11<>""Y"",$AI542<>""READY"",ABS($AA542)<SETTINGS!$B$10*2,$AF542<>"""",$AG542<>""""),""INVESTIGATE"",""BET""))))","=IF($AA542="""","""",IF(ABS($AA542)<SETTINGS!$B$33,"""",IF(ABS($AA542)<SETTINGS!$B$34,""LEAN"",IF(OR(SETTINGS!$B$11<>""Y"",$AI542<>""READY"",ABS($AA542)<SETTINGS!$B$26,$AF542<>"""",$AG542<>""""),""INVESTIGATE"",""BET""))))"
ENGINE,AB543,543,28,"=IF($AA543="""","""",IF(ABS($AA543)<SETTINGS!$B$8*2,"""",IF(ABS($AA543)<SETTINGS!$B$9*2,""LEAN"",IF(OR(SETTINGS!$B$11<>""Y"",$AI543<>""READY"",ABS($AA543)<SETTINGS!$B$10*2,$AF543<>"""",$AG543<>""""),""INVESTIGATE"",""BET""))))","=IF($AA543="""","""",IF(ABS($AA543)<SETTINGS!$B$33,"""",IF(ABS($AA543)<SETTINGS!$B$34,""LEAN"",IF(OR(SETTINGS!$B$11<>""Y"",$AI543<>""READY"",ABS($AA543)<SETTINGS!$B$26,$AF543<>"""",$AG543<>""""),""INVESTIGATE"",""BET""))))"
ENGINE,AB544,544,28,"=IF($AA544="""","""",IF(ABS($AA544)<SETTINGS!$B$8*2,"""",IF(ABS($AA544)<SETTINGS!$B$9*2,""LEAN"",IF(OR(SETTINGS!$B$11<>""Y"",$AI544<>""READY"",ABS($AA544)<SETTINGS!$B$10*2,$AF544<>"""",$AG544<>""""),""INVESTIGATE"",""BET""))))","=IF($AA544="""","""",IF(ABS($AA544)<SETTINGS!$B$33,"""",IF(ABS($AA544)<SETTINGS!$B$34,""LEAN"",IF(OR(SETTINGS!$B$11<>""Y"",$AI544<>""READY"",ABS($AA544)<SETTINGS!$B$26,$AF544<>"""",$AG544<>""""),""INVESTIGATE"",""BET""))))"
ENGINE,AB545,545,28,"=IF($AA545="""","""",IF(ABS($AA545)<SETTINGS!$B$8*2,"""",IF(ABS($AA545)<SETTINGS!$B$9*2,""LEAN"",IF(OR(SETTINGS!$B$11<>""Y"",$AI545<>""READY"",ABS($AA545)<SETTINGS!$B$10*2,$AF545<>"""",$AG545<>""""),""INVESTIGATE"",""BET""))))","=IF($AA545="""","""",IF(ABS($AA545)<SETTINGS!$B$33,"""",IF(ABS($AA545)<SETTINGS!$B$34,""LEAN"",IF(OR(SETTINGS!$B$11<>""Y"",$AI545<>""READY"",ABS($AA545)<SETTINGS!$B$26,$AF545<>"""",$AG545<>""""),""INVESTIGATE"",""BET""))))"
ENGINE,AB546,546,28,"=IF($AA546="""","""",IF(ABS($AA546)<SETTINGS!$B$8*2,"""",IF(ABS($AA546)<SETTINGS!$B$9*2,""LEAN"",IF(OR(SETTINGS!$B$11<>""Y"",$AI546<>""READY"",ABS($AA546)<SETTINGS!$B$10*2,$AF546<>"""",$AG546<>""""),""INVESTIGATE"",""BET""))))","=IF($AA546="""","""",IF(ABS($AA546)<SETTINGS!$B$33,"""",IF(ABS($AA546)<SETTINGS!$B$34,""LEAN"",IF(OR(SETTINGS!$B$11<>""Y"",$AI546<>""READY"",ABS($AA546)<SETTINGS!$B$26,$AF546<>"""",$AG546<>""""),""INVESTIGATE"",""BET""))))"
ENGINE,AB547,547,28,"=IF($AA547="""","""",IF(ABS($AA547)<SETTINGS!$B$8*2,"""",IF(ABS($AA547)<SETTINGS!$B$9*2,""LEAN"",IF(OR(SETTINGS!$B$11<>""Y"",$AI547<>""READY"",ABS($AA547)<SETTINGS!$B$10*2,$AF547<>"""",$AG547<>""""),""INVESTIGATE"",""BET""))))","=IF($AA547="""","""",IF(ABS($AA547)<SETTINGS!$B$33,"""",IF(ABS($AA547)<SETTINGS!$B$34,""LEAN"",IF(OR(SETTINGS!$B$11<>""Y"",$AI547<>""READY"",ABS($AA547)<SETTINGS!$B$26,$AF547<>"""",$AG547<>""""),""INVESTIGATE"",""BET""))))"
ENGINE,AB548,548,28,"=IF($AA548="""","""",IF(ABS($AA548)<SETTINGS!$B$8*2,"""",IF(ABS($AA548)<SETTINGS!$B$9*2,""LEAN"",IF(OR(SETTINGS!$B$11<>""Y"",$AI548<>""READY"",ABS($AA548)<SETTINGS!$B$10*2,$AF548<>"""",$AG548<>""""),""INVESTIGATE"",""BET""))))","=IF($AA548="""","""",IF(ABS($AA548)<SETTINGS!$B$33,"""",IF(ABS($AA548)<SETTINGS!$B$34,""LEAN"",IF(OR(SETTINGS!$B$11<>""Y"",$AI548<>""READY"",ABS($AA548)<SETTINGS!$B$26,$AF548<>"""",$AG548<>""""),""INVESTIGATE"",""BET""))))"
ENGINE,AB549,549,28,"=IF($AA549="""","""",IF(ABS($AA549)<SETTINGS!$B$8*2,"""",IF(ABS($AA549)<SETTINGS!$B$9*2,""LEAN"",IF(OR(SETTINGS!$B$11<>""Y"",$AI549<>""READY"",ABS($AA549)<SETTINGS!$B$10*2,$AF549<>"""",$AG549<>""""),""INVESTIGATE"",""BET""))))","=IF($AA549="""","""",IF(ABS($AA549)<SETTINGS!$B$33,"""",IF(ABS($AA549)<SETTINGS!$B$34,""LEAN"",IF(OR(SETTINGS!$B$11<>""Y"",$AI549<>""READY"",ABS($AA549)<SETTINGS!$B$26,$AF549<>"""",$AG549<>""""),""INVESTIGATE"",""BET""))))"
ENGINE,AB550,550,28,"=IF($AA550="""","""",IF(ABS($AA550)<SETTINGS!$B$8*2,"""",IF(ABS($AA550)<SETTINGS!$B$9*2,""LEAN"",IF(OR(SETTINGS!$B$11<>""Y"",$AI550<>""READY"",ABS($AA550)<SETTINGS!$B$10*2,$AF550<>"""",$AG550<>""""),""INVESTIGATE"",""BET""))))","=IF($AA550="""","""",IF(ABS($AA550)<SETTINGS!$B$33,"""",IF(ABS($AA550)<SETTINGS!$B$34,""LEAN"",IF(OR(SETTINGS!$B$11<>""Y"",$AI550<>""READY"",ABS($AA550)<SETTINGS!$B$26,$AF550<>"""",$AG550<>""""),""INVESTIGATE"",""BET""))))"
ENGINE,AB551,551,28,"=IF($AA551="""","""",IF(ABS($AA551)<SETTINGS!$B$8*2,"""",IF(ABS($AA551)<SETTINGS!$B$9*2,""LEAN"",IF(OR(SETTINGS!$B$11<>""Y"",$AI551<>""READY"",ABS($AA551)<SETTINGS!$B$10*2,$AF551<>"""",$AG551<>""""),""INVESTIGATE"",""BET""))))","=IF($AA551="""","""",IF(ABS($AA551)<SETTINGS!$B$33,"""",IF(ABS($AA551)<SETTINGS!$B$34,""LEAN"",IF(OR(SETTINGS!$B$11<>""Y"",$AI551<>""READY"",ABS($AA551)<SETTINGS!$B$26,$AF551<>"""",$AG551<>""""),""INVESTIGATE"",""BET""))))"
ENGINE,AB552,552,28,"=IF($AA552="""","""",IF(ABS($AA552)<SETTINGS!$B$8*2,"""",IF(ABS($AA552)<SETTINGS!$B$9*2,""LEAN"",IF(OR(SETTINGS!$B$11<>""Y"",$AI552<>""READY"",ABS($AA552)<SETTINGS!$B$10*2,$AF552<>"""",$AG552<>""""),""INVESTIGATE"",""BET""))))","=IF($AA552="""","""",IF(ABS($AA552)<SETTINGS!$B$33,"""",IF(ABS($AA552)<SETTINGS!$B$34,""LEAN"",IF(OR(SETTINGS!$B$11<>""Y"",$AI552<>""READY"",ABS($AA552)<SETTINGS!$B$26,$AF552<>"""",$AG552<>""""),""INVESTIGATE"",""BET""))))"
ENGINE,AB553,553,28,"=IF($AA553="""","""",IF(ABS($AA553)<SETTINGS!$B$8*2,"""",IF(ABS($AA553)<SETTINGS!$B$9*2,""LEAN"",IF(OR(SETTINGS!$B$11<>""Y"",$AI553<>""READY"",ABS($AA553)<SETTINGS!$B$10*2,$AF553<>"""",$AG553<>""""),""INVESTIGATE"",""BET""))))","=IF($AA553="""","""",IF(ABS($AA553)<SETTINGS!$B$33,"""",IF(ABS($AA553)<SETTINGS!$B$34,""LEAN"",IF(OR(SETTINGS!$B$11<>""Y"",$AI553<>""READY"",ABS($AA553)<SETTINGS!$B$26,$AF553<>"""",$AG553<>""""),""INVESTIGATE"",""BET""))))"
ENGINE,AB554,554,28,"=IF($AA554="""","""",IF(ABS($AA554)<SETTINGS!$B$8*2,"""",IF(ABS($AA554)<SETTINGS!$B$9*2,""LEAN"",IF(OR(SETTINGS!$B$11<>""Y"",$AI554<>""READY"",ABS($AA554)<SETTINGS!$B$10*2,$AF554<>"""",$AG554<>""""),""INVESTIGATE"",""BET""))))","=IF($AA554="""","""",IF(ABS($AA554)<SETTINGS!$B$33,"""",IF(ABS($AA554)<SETTINGS!$B$34,""LEAN"",IF(OR(SETTINGS!$B$11<>""Y"",$AI554<>""READY"",ABS($AA554)<SETTINGS!$B$26,$AF554<>"""",$AG554<>""""),""INVESTIGATE"",""BET""))))"
ENGINE,AB555,555,28,"=IF($AA555="""","""",IF(ABS($AA555)<SETTINGS!$B$8*2,"""",IF(ABS($AA555)<SETTINGS!$B$9*2,""LEAN"",IF(OR(SETTINGS!$B$11<>""Y"",$AI555<>""READY"",ABS($AA555)<SETTINGS!$B$10*2,$AF555<>"""",$AG555<>""""),""INVESTIGATE"",""BET""))))","=IF($AA555="""","""",IF(ABS($AA555)<SETTINGS!$B$33,"""",IF(ABS($AA555)<SETTINGS!$B$34,""LEAN"",IF(OR(SETTINGS!$B$11<>""Y"",$AI555<>""READY"",ABS($AA555)<SETTINGS!$B$26,$AF555<>"""",$AG555<>""""),""INVESTIGATE"",""BET""))))"
ENGINE,AB556,556,28,"=IF($AA556="""","""",IF(ABS($AA556)<SETTINGS!$B$8*2,"""",IF(ABS($AA556)<SETTINGS!$B$9*2,""LEAN"",IF(OR(SETTINGS!$B$11<>""Y"",$AI556<>""READY"",ABS($AA556)<SETTINGS!$B$10*2,$AF556<>"""",$AG556<>""""),""INVESTIGATE"",""BET""))))","=IF($AA556="""","""",IF(ABS($AA556)<SETTINGS!$B$33,"""",IF(ABS($AA556)<SETTINGS!$B$34,""LEAN"",IF(OR(SETTINGS!$B$11<>""Y"",$AI556<>""READY"",ABS($AA556)<SETTINGS!$B$26,$AF556<>"""",$AG556<>""""),""INVESTIGATE"",""BET""))))"
ENGINE,AB557,557,28,"=IF($AA557="""","""",IF(ABS($AA557)<SETTINGS!$B$8*2,"""",IF(ABS($AA557)<SETTINGS!$B$9*2,""LEAN"",IF(OR(SETTINGS!$B$11<>""Y"",$AI557<>""READY"",ABS($AA557)<SETTINGS!$B$10*2,$AF557<>"""",$AG557<>""""),""INVESTIGATE"",""BET""))))","=IF($AA557="""","""",IF(ABS($AA557)<SETTINGS!$B$33,"""",IF(ABS($AA557)<SETTINGS!$B$34,""LEAN"",IF(OR(SETTINGS!$B$11<>""Y"",$AI557<>""READY"",ABS($AA557)<SETTINGS!$B$26,$AF557<>"""",$AG557<>""""),""INVESTIGATE"",""BET""))))"
ENGINE,AB558,558,28,"=IF($AA558="""","""",IF(ABS($AA558)<SETTINGS!$B$8*2,"""",IF(ABS($AA558)<SETTINGS!$B$9*2,""LEAN"",IF(OR(SETTINGS!$B$11<>""Y"",$AI558<>""READY"",ABS($AA558)<SETTINGS!$B$10*2,$AF558<>"""",$AG558<>""""),""INVESTIGATE"",""BET""))))","=IF($AA558="""","""",IF(ABS($AA558)<SETTINGS!$B$33,"""",IF(ABS($AA558)<SETTINGS!$B$34,""LEAN"",IF(OR(SETTINGS!$B$11<>""Y"",$AI558<>""READY"",ABS($AA558)<SETTINGS!$B$26,$AF558<>"""",$AG558<>""""),""INVESTIGATE"",""BET""))))"
ENGINE,AB559,559,28,"=IF($AA559="""","""",IF(ABS($AA559)<SETTINGS!$B$8*2,"""",IF(ABS($AA559)<SETTINGS!$B$9*2,""LEAN"",IF(OR(SETTINGS!$B$11<>""Y"",$AI559<>""READY"",ABS($AA559)<SETTINGS!$B$10*2,$AF559<>"""",$AG559<>""""),""INVESTIGATE"",""BET""))))","=IF($AA559="""","""",IF(ABS($AA559)<SETTINGS!$B$33,"""",IF(ABS($AA559)<SETTINGS!$B$34,""LEAN"",IF(OR(SETTINGS!$B$11<>""Y"",$AI559<>""READY"",ABS($AA559)<SETTINGS!$B$26,$AF559<>"""",$AG559<>""""),""INVESTIGATE"",""BET""))))"
ENGINE,AB560,560,28,"=IF($AA560="""","""",IF(ABS($AA560)<SETTINGS!$B$8*2,"""",IF(ABS($AA560)<SETTINGS!$B$9*2,""LEAN"",IF(OR(SETTINGS!$B$11<>""Y"",$AI560<>""READY"",ABS($AA560)<SETTINGS!$B$10*2,$AF560<>"""",$AG560<>""""),""INVESTIGATE"",""BET""))))","=IF($AA560="""","""",IF(ABS($AA560)<SETTINGS!$B$33,"""",IF(ABS($AA560)<SETTINGS!$B$34,""LEAN"",IF(OR(SETTINGS!$B$11<>""Y"",$AI560<>""READY"",ABS($AA560)<SETTINGS!$B$26,$AF560<>"""",$AG560<>""""),""INVESTIGATE"",""BET""))))"
ENGINE,AB561,561,28,"=IF($AA561="""","""",IF(ABS($AA561)<SETTINGS!$B$8*2,"""",IF(ABS($AA561)<SETTINGS!$B$9*2,""LEAN"",IF(OR(SETTINGS!$B$11<>""Y"",$AI561<>""READY"",ABS($AA561)<SETTINGS!$B$10*2,$AF561<>"""",$AG561<>""""),""INVESTIGATE"",""BET""))))","=IF($AA561="""","""",IF(ABS($AA561)<SETTINGS!$B$33,"""",IF(ABS($AA561)<SETTINGS!$B$34,""LEAN"",IF(OR(SETTINGS!$B$11<>""Y"",$AI561<>""READY"",ABS($AA561)<SETTINGS!$B$26,$AF561<>"""",$AG561<>""""),""INVESTIGATE"",""BET""))))"
ENGINE,AB562,562,28,"=IF($AA562="""","""",IF(ABS($AA562)<SETTINGS!$B$8*2,"""",IF(ABS($AA562)<SETTINGS!$B$9*2,""LEAN"",IF(OR(SETTINGS!$B$11<>""Y"",$AI562<>""READY"",ABS($AA562)<SETTINGS!$B$10*2,$AF562<>"""",$AG562<>""""),""INVESTIGATE"",""BET""))))","=IF($AA562="""","""",IF(ABS($AA562)<SETTINGS!$B$33,"""",IF(ABS($AA562)<SETTINGS!$B$34,""LEAN"",IF(OR(SETTINGS!$B$11<>""Y"",$AI562<>""READY"",ABS($AA562)<SETTINGS!$B$26,$AF562<>"""",$AG562<>""""),""INVESTIGATE"",""BET""))))"
ENGINE,AB563,563,28,"=IF($AA563="""","""",IF(ABS($AA563)<SETTINGS!$B$8*2,"""",IF(ABS($AA563)<SETTINGS!$B$9*2,""LEAN"",IF(OR(SETTINGS!$B$11<>""Y"",$AI563<>""READY"",ABS($AA563)<SETTINGS!$B$10*2,$AF563<>"""",$AG563<>""""),""INVESTIGATE"",""BET""))))","=IF($AA563="""","""",IF(ABS($AA563)<SETTINGS!$B$33,"""",IF(ABS($AA563)<SETTINGS!$B$34,""LEAN"",IF(OR(SETTINGS!$B$11<>""Y"",$AI563<>""READY"",ABS($AA563)<SETTINGS!$B$26,$AF563<>"""",$AG563<>""""),""INVESTIGATE"",""BET""))))"
ENGINE,AB564,564,28,"=IF($AA564="""","""",IF(ABS($AA564)<SETTINGS!$B$8*2,"""",IF(ABS($AA564)<SETTINGS!$B$9*2,""LEAN"",IF(OR(SETTINGS!$B$11<>""Y"",$AI564<>""READY"",ABS($AA564)<SETTINGS!$B$10*2,$AF564<>"""",$AG564<>""""),""INVESTIGATE"",""BET""))))","=IF($AA564="""","""",IF(ABS($AA564)<SETTINGS!$B$33,"""",IF(ABS($AA564)<SETTINGS!$B$34,""LEAN"",IF(OR(SETTINGS!$B$11<>""Y"",$AI564<>""READY"",ABS($AA564)<SETTINGS!$B$26,$AF564<>"""",$AG564<>""""),""INVESTIGATE"",""BET""))))"
ENGINE,AB565,565,28,"=IF($AA565="""","""",IF(ABS($AA565)<SETTINGS!$B$8*2,"""",IF(ABS($AA565)<SETTINGS!$B$9*2,""LEAN"",IF(OR(SETTINGS!$B$11<>""Y"",$AI565<>""READY"",ABS($AA565)<SETTINGS!$B$10*2,$AF565<>"""",$AG565<>""""),""INVESTIGATE"",""BET""))))","=IF($AA565="""","""",IF(ABS($AA565)<SETTINGS!$B$33,"""",IF(ABS($AA565)<SETTINGS!$B$34,""LEAN"",IF(OR(SETTINGS!$B$11<>""Y"",$AI565<>""READY"",ABS($AA565)<SETTINGS!$B$26,$AF565<>"""",$AG565<>""""),""INVESTIGATE"",""BET""))))"
ENGINE,AB566,566,28,"=IF($AA566="""","""",IF(ABS($AA566)<SETTINGS!$B$8*2,"""",IF(ABS($AA566)<SETTINGS!$B$9*2,""LEAN"",IF(OR(SETTINGS!$B$11<>""Y"",$AI566<>""READY"",ABS($AA566)<SETTINGS!$B$10*2,$AF566<>"""",$AG566<>""""),""INVESTIGATE"",""BET""))))","=IF($AA566="""","""",IF(ABS($AA566)<SETTINGS!$B$33,"""",IF(ABS($AA566)<SETTINGS!$B$34,""LEAN"",IF(OR(SETTINGS!$B$11<>""Y"",$AI566<>""READY"",ABS($AA566)<SETTINGS!$B$26,$AF566<>"""",$AG566<>""""),""INVESTIGATE"",""BET""))))"
ENGINE,AB567,567,28,"=IF($AA567="""","""",IF(ABS($AA567)<SETTINGS!$B$8*2,"""",IF(ABS($AA567)<SETTINGS!$B$9*2,""LEAN"",IF(OR(SETTINGS!$B$11<>""Y"",$AI567<>""READY"",ABS($AA567)<SETTINGS!$B$10*2,$AF567<>"""",$AG567<>""""),""INVESTIGATE"",""BET""))))","=IF($AA567="""","""",IF(ABS($AA567)<SETTINGS!$B$33,"""",IF(ABS($AA567)<SETTINGS!$B$34,""LEAN"",IF(OR(SETTINGS!$B$11<>""Y"",$AI567<>""READY"",ABS($AA567)<SETTINGS!$B$26,$AF567<>"""",$AG567<>""""),""INVESTIGATE"",""BET""))))"
ENGINE,AB568,568,28,"=IF($AA568="""","""",IF(ABS($AA568)<SETTINGS!$B$8*2,"""",IF(ABS($AA568)<SETTINGS!$B$9*2,""LEAN"",IF(OR(SETTINGS!$B$11<>""Y"",$AI568<>""READY"",ABS($AA568)<SETTINGS!$B$10*2,$AF568<>"""",$AG568<>""""),""INVESTIGATE"",""BET""))))","=IF($AA568="""","""",IF(ABS($AA568)<SETTINGS!$B$33,"""",IF(ABS($AA568)<SETTINGS!$B$34,""LEAN"",IF(OR(SETTINGS!$B$11<>""Y"",$AI568<>""READY"",ABS($AA568)<SETTINGS!$B$26,$AF568<>"""",$AG568<>""""),""INVESTIGATE"",""BET""))))"
ENGINE,AB569,569,28,"=IF($AA569="""","""",IF(ABS($AA569)<SETTINGS!$B$8*2,"""",IF(ABS($AA569)<SETTINGS!$B$9*2,""LEAN"",IF(OR(SETTINGS!$B$11<>""Y"",$AI569<>""READY"",ABS($AA569)<SETTINGS!$B$10*2,$AF569<>"""",$AG569<>""""),""INVESTIGATE"",""BET""))))","=IF($AA569="""","""",IF(ABS($AA569)<SETTINGS!$B$33,"""",IF(ABS($AA569)<SETTINGS!$B$34,""LEAN"",IF(OR(SETTINGS!$B$11<>""Y"",$AI569<>""READY"",ABS($AA569)<SETTINGS!$B$26,$AF569<>"""",$AG569<>""""),""INVESTIGATE"",""BET""))))"
ENGINE,AB570,570,28,"=IF($AA570="""","""",IF(ABS($AA570)<SETTINGS!$B$8*2,"""",IF(ABS($AA570)<SETTINGS!$B$9*2,""LEAN"",IF(OR(SETTINGS!$B$11<>""Y"",$AI570<>""READY"",ABS($AA570)<SETTINGS!$B$10*2,$AF570<>"""",$AG570<>""""),""INVESTIGATE"",""BET""))))","=IF($AA570="""","""",IF(ABS($AA570)<SETTINGS!$B$33,"""",IF(ABS($AA570)<SETTINGS!$B$34,""LEAN"",IF(OR(SETTINGS!$B$11<>""Y"",$AI570<>""READY"",ABS($AA570)<SETTINGS!$B$26,$AF570<>"""",$AG570<>""""),""INVESTIGATE"",""BET""))))"
ENGINE,AB571,571,28,"=IF($AA571="""","""",IF(ABS($AA571)<SETTINGS!$B$8*2,"""",IF(ABS($AA571)<SETTINGS!$B$9*2,""LEAN"",IF(OR(SETTINGS!$B$11<>""Y"",$AI571<>""READY"",ABS($AA571)<SETTINGS!$B$10*2,$AF571<>"""",$AG571<>""""),""INVESTIGATE"",""BET""))))","=IF($AA571="""","""",IF(ABS($AA571)<SETTINGS!$B$33,"""",IF(ABS($AA571)<SETTINGS!$B$34,""LEAN"",IF(OR(SETTINGS!$B$11<>""Y"",$AI571<>""READY"",ABS($AA571)<SETTINGS!$B$26,$AF571<>"""",$AG571<>""""),""INVESTIGATE"",""BET""))))"
ENGINE,AB572,572,28,"=IF($AA572="""","""",IF(ABS($AA572)<SETTINGS!$B$8*2,"""",IF(ABS($AA572)<SETTINGS!$B$9*2,""LEAN"",IF(OR(SETTINGS!$B$11<>""Y"",$AI572<>""READY"",ABS($AA572)<SETTINGS!$B$10*2,$AF572<>"""",$AG572<>""""),""INVESTIGATE"",""BET""))))","=IF($AA572="""","""",IF(ABS($AA572)<SETTINGS!$B$33,"""",IF(ABS($AA572)<SETTINGS!$B$34,""LEAN"",IF(OR(SETTINGS!$B$11<>""Y"",$AI572<>""READY"",ABS($AA572)<SETTINGS!$B$26,$AF572<>"""",$AG572<>""""),""INVESTIGATE"",""BET""))))"
ENGINE,AB573,573,28,"=IF($AA573="""","""",IF(ABS($AA573)<SETTINGS!$B$8*2,"""",IF(ABS($AA573)<SETTINGS!$B$9*2,""LEAN"",IF(OR(SETTINGS!$B$11<>""Y"",$AI573<>""READY"",ABS($AA573)<SETTINGS!$B$10*2,$AF573<>"""",$AG573<>""""),""INVESTIGATE"",""BET""))))","=IF($AA573="""","""",IF(ABS($AA573)<SETTINGS!$B$33,"""",IF(ABS($AA573)<SETTINGS!$B$34,""LEAN"",IF(OR(SETTINGS!$B$11<>""Y"",$AI573<>""READY"",ABS($AA573)<SETTINGS!$B$26,$AF573<>"""",$AG573<>""""),""INVESTIGATE"",""BET""))))"
ENGINE,AB574,574,28,"=IF($AA574="""","""",IF(ABS($AA574)<SETTINGS!$B$8*2,"""",IF(ABS($AA574)<SETTINGS!$B$9*2,""LEAN"",IF(OR(SETTINGS!$B$11<>""Y"",$AI574<>""READY"",ABS($AA574)<SETTINGS!$B$10*2,$AF574<>"""",$AG574<>""""),""INVESTIGATE"",""BET""))))","=IF($AA574="""","""",IF(ABS($AA574)<SETTINGS!$B$33,"""",IF(ABS($AA574)<SETTINGS!$B$34,""LEAN"",IF(OR(SETTINGS!$B$11<>""Y"",$AI574<>""READY"",ABS($AA574)<SETTINGS!$B$26,$AF574<>"""",$AG574<>""""),""INVESTIGATE"",""BET""))))"
ENGINE,AB575,575,28,"=IF($AA575="""","""",IF(ABS($AA575)<SETTINGS!$B$8*2,"""",IF(ABS($AA575)<SETTINGS!$B$9*2,""LEAN"",IF(OR(SETTINGS!$B$11<>""Y"",$AI575<>""READY"",ABS($AA575)<SETTINGS!$B$10*2,$AF575<>"""",$AG575<>""""),""INVESTIGATE"",""BET""))))","=IF($AA575="""","""",IF(ABS($AA575)<SETTINGS!$B$33,"""",IF(ABS($AA575)<SETTINGS!$B$34,""LEAN"",IF(OR(SETTINGS!$B$11<>""Y"",$AI575<>""READY"",ABS($AA575)<SETTINGS!$B$26,$AF575<>"""",$AG575<>""""),""INVESTIGATE"",""BET""))))"
ENGINE,AB576,576,28,"=IF($AA576="""","""",IF(ABS($AA576)<SETTINGS!$B$8*2,"""",IF(ABS($AA576)<SETTINGS!$B$9*2,""LEAN"",IF(OR(SETTINGS!$B$11<>""Y"",$AI576<>""READY"",ABS($AA576)<SETTINGS!$B$10*2,$AF576<>"""",$AG576<>""""),""INVESTIGATE"",""BET""))))","=IF($AA576="""","""",IF(ABS($AA576)<SETTINGS!$B$33,"""",IF(ABS($AA576)<SETTINGS!$B$34,""LEAN"",IF(OR(SETTINGS!$B$11<>""Y"",$AI576<>""READY"",ABS($AA576)<SETTINGS!$B$26,$AF576<>"""",$AG576<>""""),""INVESTIGATE"",""BET""))))"
ENGINE,AB577,577,28,"=IF($AA577="""","""",IF(ABS($AA577)<SETTINGS!$B$8*2,"""",IF(ABS($AA577)<SETTINGS!$B$9*2,""LEAN"",IF(OR(SETTINGS!$B$11<>""Y"",$AI577<>""READY"",ABS($AA577)<SETTINGS!$B$10*2,$AF577<>"""",$AG577<>""""),""INVESTIGATE"",""BET""))))","=IF($AA577="""","""",IF(ABS($AA577)<SETTINGS!$B$33,"""",IF(ABS($AA577)<SETTINGS!$B$34,""LEAN"",IF(OR(SETTINGS!$B$11<>""Y"",$AI577<>""READY"",ABS($AA577)<SETTINGS!$B$26,$AF577<>"""",$AG577<>""""),""INVESTIGATE"",""BET""))))"
ENGINE,AB578,578,28,"=IF($AA578="""","""",IF(ABS($AA578)<SETTINGS!$B$8*2,"""",IF(ABS($AA578)<SETTINGS!$B$9*2,""LEAN"",IF(OR(SETTINGS!$B$11<>""Y"",$AI578<>""READY"",ABS($AA578)<SETTINGS!$B$10*2,$AF578<>"""",$AG578<>""""),""INVESTIGATE"",""BET""))))","=IF($AA578="""","""",IF(ABS($AA578)<SETTINGS!$B$33,"""",IF(ABS($AA578)<SETTINGS!$B$34,""LEAN"",IF(OR(SETTINGS!$B$11<>""Y"",$AI578<>""READY"",ABS($AA578)<SETTINGS!$B$26,$AF578<>"""",$AG578<>""""),""INVESTIGATE"",""BET""))))"
ENGINE,AB579,579,28,"=IF($AA579="""","""",IF(ABS($AA579)<SETTINGS!$B$8*2,"""",IF(ABS($AA579)<SETTINGS!$B$9*2,""LEAN"",IF(OR(SETTINGS!$B$11<>""Y"",$AI579<>""READY"",ABS($AA579)<SETTINGS!$B$10*2,$AF579<>"""",$AG579<>""""),""INVESTIGATE"",""BET""))))","=IF($AA579="""","""",IF(ABS($AA579)<SETTINGS!$B$33,"""",IF(ABS($AA579)<SETTINGS!$B$34,""LEAN"",IF(OR(SETTINGS!$B$11<>""Y"",$AI579<>""READY"",ABS($AA579)<SETTINGS!$B$26,$AF579<>"""",$AG579<>""""),""INVESTIGATE"",""BET""))))"
ENGINE,AB580,580,28,"=IF($AA580="""","""",IF(ABS($AA580)<SETTINGS!$B$8*2,"""",IF(ABS($AA580)<SETTINGS!$B$9*2,""LEAN"",IF(OR(SETTINGS!$B$11<>""Y"",$AI580<>""READY"",ABS($AA580)<SETTINGS!$B$10*2,$AF580<>"""",$AG580<>""""),""INVESTIGATE"",""BET""))))","=IF($AA580="""","""",IF(ABS($AA580)<SETTINGS!$B$33,"""",IF(ABS($AA580)<SETTINGS!$B$34,""LEAN"",IF(OR(SETTINGS!$B$11<>""Y"",$AI580<>""READY"",ABS($AA580)<SETTINGS!$B$26,$AF580<>"""",$AG580<>""""),""INVESTIGATE"",""BET""))))"
ENGINE,AB581,581,28,"=IF($AA581="""","""",IF(ABS($AA581)<SETTINGS!$B$8*2,"""",IF(ABS($AA581)<SETTINGS!$B$9*2,""LEAN"",IF(OR(SETTINGS!$B$11<>""Y"",$AI581<>""READY"",ABS($AA581)<SETTINGS!$B$10*2,$AF581<>"""",$AG581<>""""),""INVESTIGATE"",""BET""))))","=IF($AA581="""","""",IF(ABS($AA581)<SETTINGS!$B$33,"""",IF(ABS($AA581)<SETTINGS!$B$34,""LEAN"",IF(OR(SETTINGS!$B$11<>""Y"",$AI581<>""READY"",ABS($AA581)<SETTINGS!$B$26,$AF581<>"""",$AG581<>""""),""INVESTIGATE"",""BET""))))"
ENGINE,AB582,582,28,"=IF($AA582="""","""",IF(ABS($AA582)<SETTINGS!$B$8*2,"""",IF(ABS($AA582)<SETTINGS!$B$9*2,""LEAN"",IF(OR(SETTINGS!$B$11<>""Y"",$AI582<>""READY"",ABS($AA582)<SETTINGS!$B$10*2,$AF582<>"""",$AG582<>""""),""INVESTIGATE"",""BET""))))","=IF($AA582="""","""",IF(ABS($AA582)<SETTINGS!$B$33,"""",IF(ABS($AA582)<SETTINGS!$B$34,""LEAN"",IF(OR(SETTINGS!$B$11<>""Y"",$AI582<>""READY"",ABS($AA582)<SETTINGS!$B$26,$AF582<>"""",$AG582<>""""),""INVESTIGATE"",""BET""))))"
ENGINE,AB583,583,28,"=IF($AA583="""","""",IF(ABS($AA583)<SETTINGS!$B$8*2,"""",IF(ABS($AA583)<SETTINGS!$B$9*2,""LEAN"",IF(OR(SETTINGS!$B$11<>""Y"",$AI583<>""READY"",ABS($AA583)<SETTINGS!$B$10*2,$AF583<>"""",$AG583<>""""),""INVESTIGATE"",""BET""))))","=IF($AA583="""","""",IF(ABS($AA583)<SETTINGS!$B$33,"""",IF(ABS($AA583)<SETTINGS!$B$34,""LEAN"",IF(OR(SETTINGS!$B$11<>""Y"",$AI583<>""READY"",ABS($AA583)<SETTINGS!$B$26,$AF583<>"""",$AG583<>""""),""INVESTIGATE"",""BET""))))"
ENGINE,AB584,584,28,"=IF($AA584="""","""",IF(ABS($AA584)<SETTINGS!$B$8*2,"""",IF(ABS($AA584)<SETTINGS!$B$9*2,""LEAN"",IF(OR(SETTINGS!$B$11<>""Y"",$AI584<>""READY"",ABS($AA584)<SETTINGS!$B$10*2,$AF584<>"""",$AG584<>""""),""INVESTIGATE"",""BET""))))","=IF($AA584="""","""",IF(ABS($AA584)<SETTINGS!$B$33,"""",IF(ABS($AA584)<SETTINGS!$B$34,""LEAN"",IF(OR(SETTINGS!$B$11<>""Y"",$AI584<>""READY"",ABS($AA584)<SETTINGS!$B$26,$AF584<>"""",$AG584<>""""),""INVESTIGATE"",""BET""))))"
ENGINE,AB585,585,28,"=IF($AA585="""","""",IF(ABS($AA585)<SETTINGS!$B$8*2,"""",IF(ABS($AA585)<SETTINGS!$B$9*2,""LEAN"",IF(OR(SETTINGS!$B$11<>""Y"",$AI585<>""READY"",ABS($AA585)<SETTINGS!$B$10*2,$AF585<>"""",$AG585<>""""),""INVESTIGATE"",""BET""))))","=IF($AA585="""","""",IF(ABS($AA585)<SETTINGS!$B$33,"""",IF(ABS($AA585)<SETTINGS!$B$34,""LEAN"",IF(OR(SETTINGS!$B$11<>""Y"",$AI585<>""READY"",ABS($AA585)<SETTINGS!$B$26,$AF585<>"""",$AG585<>""""),""INVESTIGATE"",""BET""))))"
ENGINE,AB586,586,28,"=IF($AA586="""","""",IF(ABS($AA586)<SETTINGS!$B$8*2,"""",IF(ABS($AA586)<SETTINGS!$B$9*2,""LEAN"",IF(OR(SETTINGS!$B$11<>""Y"",$AI586<>""READY"",ABS($AA586)<SETTINGS!$B$10*2,$AF586<>"""",$AG586<>""""),""INVESTIGATE"",""BET""))))","=IF($AA586="""","""",IF(ABS($AA586)<SETTINGS!$B$33,"""",IF(ABS($AA586)<SETTINGS!$B$34,""LEAN"",IF(OR(SETTINGS!$B$11<>""Y"",$AI586<>""READY"",ABS($AA586)<SETTINGS!$B$26,$AF586<>"""",$AG586<>""""),""INVESTIGATE"",""BET""))))"
ENGINE,AB587,587,28,"=IF($AA587="""","""",IF(ABS($AA587)<SETTINGS!$B$8*2,"""",IF(ABS($AA587)<SETTINGS!$B$9*2,""LEAN"",IF(OR(SETTINGS!$B$11<>""Y"",$AI587<>""READY"",ABS($AA587)<SETTINGS!$B$10*2,$AF587<>"""",$AG587<>""""),""INVESTIGATE"",""BET""))))","=IF($AA587="""","""",IF(ABS($AA587)<SETTINGS!$B$33,"""",IF(ABS($AA587)<SETTINGS!$B$34,""LEAN"",IF(OR(SETTINGS!$B$11<>""Y"",$AI587<>""READY"",ABS($AA587)<SETTINGS!$B$26,$AF587<>"""",$AG587<>""""),""INVESTIGATE"",""BET""))))"
ENGINE,AB588,588,28,"=IF($AA588="""","""",IF(ABS($AA588)<SETTINGS!$B$8*2,"""",IF(ABS($AA588)<SETTINGS!$B$9*2,""LEAN"",IF(OR(SETTINGS!$B$11<>""Y"",$AI588<>""READY"",ABS($AA588)<SETTINGS!$B$10*2,$AF588<>"""",$AG588<>""""),""INVESTIGATE"",""BET""))))","=IF($AA588="""","""",IF(ABS($AA588)<SETTINGS!$B$33,"""",IF(ABS($AA588)<SETTINGS!$B$34,""LEAN"",IF(OR(SETTINGS!$B$11<>""Y"",$AI588<>""READY"",ABS($AA588)<SETTINGS!$B$26,$AF588<>"""",$AG588<>""""),""INVESTIGATE"",""BET""))))"
ENGINE,AB589,589,28,"=IF($AA589="""","""",IF(ABS($AA589)<SETTINGS!$B$8*2,"""",IF(ABS($AA589)<SETTINGS!$B$9*2,""LEAN"",IF(OR(SETTINGS!$B$11<>""Y"",$AI589<>""READY"",ABS($AA589)<SETTINGS!$B$10*2,$AF589<>"""",$AG589<>""""),""INVESTIGATE"",""BET""))))","=IF($AA589="""","""",IF(ABS($AA589)<SETTINGS!$B$33,"""",IF(ABS($AA589)<SETTINGS!$B$34,""LEAN"",IF(OR(SETTINGS!$B$11<>""Y"",$AI589<>""READY"",ABS($AA589)<SETTINGS!$B$26,$AF589<>"""",$AG589<>""""),""INVESTIGATE"",""BET""))))"
ENGINE,AB590,590,28,"=IF($AA590="""","""",IF(ABS($AA590)<SETTINGS!$B$8*2,"""",IF(ABS($AA590)<SETTINGS!$B$9*2,""LEAN"",IF(OR(SETTINGS!$B$11<>""Y"",$AI590<>""READY"",ABS($AA590)<SETTINGS!$B$10*2,$AF590<>"""",$AG590<>""""),""INVESTIGATE"",""BET""))))","=IF($AA590="""","""",IF(ABS($AA590)<SETTINGS!$B$33,"""",IF(ABS($AA590)<SETTINGS!$B$34,""LEAN"",IF(OR(SETTINGS!$B$11<>""Y"",$AI590<>""READY"",ABS($AA590)<SETTINGS!$B$26,$AF590<>"""",$AG590<>""""),""INVESTIGATE"",""BET""))))"
ENGINE,AB591,591,28,"=IF($AA591="""","""",IF(ABS($AA591)<SETTINGS!$B$8*2,"""",IF(ABS($AA591)<SETTINGS!$B$9*2,""LEAN"",IF(OR(SETTINGS!$B$11<>""Y"",$AI591<>""READY"",ABS($AA591)<SETTINGS!$B$10*2,$AF591<>"""",$AG591<>""""),""INVESTIGATE"",""BET""))))","=IF($AA591="""","""",IF(ABS($AA591)<SETTINGS!$B$33,"""",IF(ABS($AA591)<SETTINGS!$B$34,""LEAN"",IF(OR(SETTINGS!$B$11<>""Y"",$AI591<>""READY"",ABS($AA591)<SETTINGS!$B$26,$AF591<>"""",$AG591<>""""),""INVESTIGATE"",""BET""))))"
ENGINE,AB592,592,28,"=IF($AA592="""","""",IF(ABS($AA592)<SETTINGS!$B$8*2,"""",IF(ABS($AA592)<SETTINGS!$B$9*2,""LEAN"",IF(OR(SETTINGS!$B$11<>""Y"",$AI592<>""READY"",ABS($AA592)<SETTINGS!$B$10*2,$AF592<>"""",$AG592<>""""),""INVESTIGATE"",""BET""))))","=IF($AA592="""","""",IF(ABS($AA592)<SETTINGS!$B$33,"""",IF(ABS($AA592)<SETTINGS!$B$34,""LEAN"",IF(OR(SETTINGS!$B$11<>""Y"",$AI592<>""READY"",ABS($AA592)<SETTINGS!$B$26,$AF592<>"""",$AG592<>""""),""INVESTIGATE"",""BET""))))"
ENGINE,AB593,593,28,"=IF($AA593="""","""",IF(ABS($AA593)<SETTINGS!$B$8*2,"""",IF(ABS($AA593)<SETTINGS!$B$9*2,""LEAN"",IF(OR(SETTINGS!$B$11<>""Y"",$AI593<>""READY"",ABS($AA593)<SETTINGS!$B$10*2,$AF593<>"""",$AG593<>""""),""INVESTIGATE"",""BET""))))","=IF($AA593="""","""",IF(ABS($AA593)<SETTINGS!$B$33,"""",IF(ABS($AA593)<SETTINGS!$B$34,""LEAN"",IF(OR(SETTINGS!$B$11<>""Y"",$AI593<>""READY"",ABS($AA593)<SETTINGS!$B$26,$AF593<>"""",$AG593<>""""),""INVESTIGATE"",""BET""))))"
ENGINE,AB594,594,28,"=IF($AA594="""","""",IF(ABS($AA594)<SETTINGS!$B$8*2,"""",IF(ABS($AA594)<SETTINGS!$B$9*2,""LEAN"",IF(OR(SETTINGS!$B$11<>""Y"",$AI594<>""READY"",ABS($AA594)<SETTINGS!$B$10*2,$AF594<>"""",$AG594<>""""),""INVESTIGATE"",""BET""))))","=IF($AA594="""","""",IF(ABS($AA594)<SETTINGS!$B$33,"""",IF(ABS($AA594)<SETTINGS!$B$34,""LEAN"",IF(OR(SETTINGS!$B$11<>""Y"",$AI594<>""READY"",ABS($AA594)<SETTINGS!$B$26,$AF594<>"""",$AG594<>""""),""INVESTIGATE"",""BET""))))"
ENGINE,AB595,595,28,"=IF($AA595="""","""",IF(ABS($AA595)<SETTINGS!$B$8*2,"""",IF(ABS($AA595)<SETTINGS!$B$9*2,""LEAN"",IF(OR(SETTINGS!$B$11<>""Y"",$AI595<>""READY"",ABS($AA595)<SETTINGS!$B$10*2,$AF595<>"""",$AG595<>""""),""INVESTIGATE"",""BET""))))","=IF($AA595="""","""",IF(ABS($AA595)<SETTINGS!$B$33,"""",IF(ABS($AA595)<SETTINGS!$B$34,""LEAN"",IF(OR(SETTINGS!$B$11<>""Y"",$AI595<>""READY"",ABS($AA595)<SETTINGS!$B$26,$AF595<>"""",$AG595<>""""),""INVESTIGATE"",""BET""))))"
ENGINE,AB596,596,28,"=IF($AA596="""","""",IF(ABS($AA596)<SETTINGS!$B$8*2,"""",IF(ABS($AA596)<SETTINGS!$B$9*2,""LEAN"",IF(OR(SETTINGS!$B$11<>""Y"",$AI596<>""READY"",ABS($AA596)<SETTINGS!$B$10*2,$AF596<>"""",$AG596<>""""),""INVESTIGATE"",""BET""))))","=IF($AA596="""","""",IF(ABS($AA596)<SETTINGS!$B$33,"""",IF(ABS($AA596)<SETTINGS!$B$34,""LEAN"",IF(OR(SETTINGS!$B$11<>""Y"",$AI596<>""READY"",ABS($AA596)<SETTINGS!$B$26,$AF596<>"""",$AG596<>""""),""INVESTIGATE"",""BET""))))"
ENGINE,AB597,597,28,"=IF($AA597="""","""",IF(ABS($AA597)<SETTINGS!$B$8*2,"""",IF(ABS($AA597)<SETTINGS!$B$9*2,""LEAN"",IF(OR(SETTINGS!$B$11<>""Y"",$AI597<>""READY"",ABS($AA597)<SETTINGS!$B$10*2,$AF597<>"""",$AG597<>""""),""INVESTIGATE"",""BET""))))","=IF($AA597="""","""",IF(ABS($AA597)<SETTINGS!$B$33,"""",IF(ABS($AA597)<SETTINGS!$B$34,""LEAN"",IF(OR(SETTINGS!$B$11<>""Y"",$AI597<>""READY"",ABS($AA597)<SETTINGS!$B$26,$AF597<>"""",$AG597<>""""),""INVESTIGATE"",""BET""))))"
ENGINE,AB598,598,28,"=IF($AA598="""","""",IF(ABS($AA598)<SETTINGS!$B$8*2,"""",IF(ABS($AA598)<SETTINGS!$B$9*2,""LEAN"",IF(OR(SETTINGS!$B$11<>""Y"",$AI598<>""READY"",ABS($AA598)<SETTINGS!$B$10*2,$AF598<>"""",$AG598<>""""),""INVESTIGATE"",""BET""))))","=IF($AA598="""","""",IF(ABS($AA598)<SETTINGS!$B$33,"""",IF(ABS($AA598)<SETTINGS!$B$34,""LEAN"",IF(OR(SETTINGS!$B$11<>""Y"",$AI598<>""READY"",ABS($AA598)<SETTINGS!$B$26,$AF598<>"""",$AG598<>""""),""INVESTIGATE"",""BET""))))"
ENGINE,AB599,599,28,"=IF($AA599="""","""",IF(ABS($AA599)<SETTINGS!$B$8*2,"""",IF(ABS($AA599)<SETTINGS!$B$9*2,""LEAN"",IF(OR(SETTINGS!$B$11<>""Y"",$AI599<>""READY"",ABS($AA599)<SETTINGS!$B$10*2,$AF599<>"""",$AG599<>""""),""INVESTIGATE"",""BET""))))","=IF($AA599="""","""",IF(ABS($AA599)<SETTINGS!$B$33,"""",IF(ABS($AA599)<SETTINGS!$B$34,""LEAN"",IF(OR(SETTINGS!$B$11<>""Y"",$AI599<>""READY"",ABS($AA599)<SETTINGS!$B$26,$AF599<>"""",$AG599<>""""),""INVESTIGATE"",""BET""))))"
ENGINE,AB600,600,28,"=IF($AA600="""","""",IF(ABS($AA600)<SETTINGS!$B$8*2,"""",IF(ABS($AA600)<SETTINGS!$B$9*2,""LEAN"",IF(OR(SETTINGS!$B$11<>""Y"",$AI600<>""READY"",ABS($AA600)<SETTINGS!$B$10*2,$AF600<>"""",$AG600<>""""),""INVESTIGATE"",""BET""))))","=IF($AA600="""","""",IF(ABS($AA600)<SETTINGS!$B$33,"""",IF(ABS($AA600)<SETTINGS!$B$34,""LEAN"",IF(OR(SETTINGS!$B$11<>""Y"",$AI600<>""READY"",ABS($AA600)<SETTINGS!$B$26,$AF600<>"""",$AG600<>""""),""INVESTIGATE"",""BET""))))"
ENGINE,AB601,601,28,"=IF($AA601="""","""",IF(ABS($AA601)<SETTINGS!$B$8*2,"""",IF(ABS($AA601)<SETTINGS!$B$9*2,""LEAN"",IF(OR(SETTINGS!$B$11<>""Y"",$AI601<>""READY"",ABS($AA601)<SETTINGS!$B$10*2,$AF601<>"""",$AG601<>""""),""INVESTIGATE"",""BET""))))","=IF($AA601="""","""",IF(ABS($AA601)<SETTINGS!$B$33,"""",IF(ABS($AA601)<SETTINGS!$B$34,""LEAN"",IF(OR(SETTINGS!$B$11<>""Y"",$AI601<>""READY"",ABS($AA601)<SETTINGS!$B$26,$AF601<>"""",$AG601<>""""),""INVESTIGATE"",""BET""))))"
ENGINE,AB602,602,28,"=IF($AA602="""","""",IF(ABS($AA602)<SETTINGS!$B$8*2,"""",IF(ABS($AA602)<SETTINGS!$B$9*2,""LEAN"",IF(OR(SETTINGS!$B$11<>""Y"",$AI602<>""READY"",ABS($AA602)<SETTINGS!$B$10*2,$AF602<>"""",$AG602<>""""),""INVESTIGATE"",""BET""))))","=IF($AA602="""","""",IF(ABS($AA602)<SETTINGS!$B$33,"""",IF(ABS($AA602)<SETTINGS!$B$34,""LEAN"",IF(OR(SETTINGS!$B$11<>""Y"",$AI602<>""READY"",ABS($AA602)<SETTINGS!$B$26,$AF602<>"""",$AG602<>""""),""INVESTIGATE"",""BET""))))"
ENGINE,AB603,603,28,"=IF($AA603="""","""",IF(ABS($AA603)<SETTINGS!$B$8*2,"""",IF(ABS($AA603)<SETTINGS!$B$9*2,""LEAN"",IF(OR(SETTINGS!$B$11<>""Y"",$AI603<>""READY"",ABS($AA603)<SETTINGS!$B$10*2,$AF603<>"""",$AG603<>""""),""INVESTIGATE"",""BET""))))","=IF($AA603="""","""",IF(ABS($AA603)<SETTINGS!$B$33,"""",IF(ABS($AA603)<SETTINGS!$B$34,""LEAN"",IF(OR(SETTINGS!$B$11<>""Y"",$AI603<>""READY"",ABS($AA603)<SETTINGS!$B$26,$AF603<>"""",$AG603<>""""),""INVESTIGATE"",""BET""))))"
ENGINE,AB604,604,28,"=IF($AA604="""","""",IF(ABS($AA604)<SETTINGS!$B$8*2,"""",IF(ABS($AA604)<SETTINGS!$B$9*2,""LEAN"",IF(OR(SETTINGS!$B$11<>""Y"",$AI604<>""READY"",ABS($AA604)<SETTINGS!$B$10*2,$AF604<>"""",$AG604<>""""),""INVESTIGATE"",""BET""))))","=IF($AA604="""","""",IF(ABS($AA604)<SETTINGS!$B$33,"""",IF(ABS($AA604)<SETTINGS!$B$34,""LEAN"",IF(OR(SETTINGS!$B$11<>""Y"",$AI604<>""READY"",ABS($AA604)<SETTINGS!$B$26,$AF604<>"""",$AG604<>""""),""INVESTIGATE"",""BET""))))"
ENGINE,AB605,605,28,"=IF($AA605="""","""",IF(ABS($AA605)<SETTINGS!$B$8*2,"""",IF(ABS($AA605)<SETTINGS!$B$9*2,""LEAN"",IF(OR(SETTINGS!$B$11<>""Y"",$AI605<>""READY"",ABS($AA605)<SETTINGS!$B$10*2,$AF605<>"""",$AG605<>""""),""INVESTIGATE"",""BET""))))","=IF($AA605="""","""",IF(ABS($AA605)<SETTINGS!$B$33,"""",IF(ABS($AA605)<SETTINGS!$B$34,""LEAN"",IF(OR(SETTINGS!$B$11<>""Y"",$AI605<>""READY"",ABS($AA605)<SETTINGS!$B$26,$AF605<>"""",$AG605<>""""),""INVESTIGATE"",""BET""))))"
ENGINE,AB606,606,28,"=IF($AA606="""","""",IF(ABS($AA606)<SETTINGS!$B$8*2,"""",IF(ABS($AA606)<SETTINGS!$B$9*2,""LEAN"",IF(OR(SETTINGS!$B$11<>""Y"",$AI606<>""READY"",ABS($AA606)<SETTINGS!$B$10*2,$AF606<>"""",$AG606<>""""),""INVESTIGATE"",""BET""))))","=IF($AA606="""","""",IF(ABS($AA606)<SETTINGS!$B$33,"""",IF(ABS($AA606)<SETTINGS!$B$34,""LEAN"",IF(OR(SETTINGS!$B$11<>""Y"",$AI606<>""READY"",ABS($AA606)<SETTINGS!$B$26,$AF606<>"""",$AG606<>""""),""INVESTIGATE"",""BET""))))"
ENGINE,AB607,607,28,"=IF($AA607="""","""",IF(ABS($AA607)<SETTINGS!$B$8*2,"""",IF(ABS($AA607)<SETTINGS!$B$9*2,""LEAN"",IF(OR(SETTINGS!$B$11<>""Y"",$AI607<>""READY"",ABS($AA607)<SETTINGS!$B$10*2,$AF607<>"""",$AG607<>""""),""INVESTIGATE"",""BET""))))","=IF($AA607="""","""",IF(ABS($AA607)<SETTINGS!$B$33,"""",IF(ABS($AA607)<SETTINGS!$B$34,""LEAN"",IF(OR(SETTINGS!$B$11<>""Y"",$AI607<>""READY"",ABS($AA607)<SETTINGS!$B$26,$AF607<>"""",$AG607<>""""),""INVESTIGATE"",""BET""))))"
ENGINE,AB608,608,28,"=IF($AA608="""","""",IF(ABS($AA608)<SETTINGS!$B$8*2,"""",IF(ABS($AA608)<SETTINGS!$B$9*2,""LEAN"",IF(OR(SETTINGS!$B$11<>""Y"",$AI608<>""READY"",ABS($AA608)<SETTINGS!$B$10*2,$AF608<>"""",$AG608<>""""),""INVESTIGATE"",""BET""))))","=IF($AA608="""","""",IF(ABS($AA608)<SETTINGS!$B$33,"""",IF(ABS($AA608)<SETTINGS!$B$34,""LEAN"",IF(OR(SETTINGS!$B$11<>""Y"",$AI608<>""READY"",ABS($AA608)<SETTINGS!$B$26,$AF608<>"""",$AG608<>""""),""INVESTIGATE"",""BET""))))"
ENGINE,AB609,609,28,"=IF($AA609="""","""",IF(ABS($AA609)<SETTINGS!$B$8*2,"""",IF(ABS($AA609)<SETTINGS!$B$9*2,""LEAN"",IF(OR(SETTINGS!$B$11<>""Y"",$AI609<>""READY"",ABS($AA609)<SETTINGS!$B$10*2,$AF609<>"""",$AG609<>""""),""INVESTIGATE"",""BET""))))","=IF($AA609="""","""",IF(ABS($AA609)<SETTINGS!$B$33,"""",IF(ABS($AA609)<SETTINGS!$B$34,""LEAN"",IF(OR(SETTINGS!$B$11<>""Y"",$AI609<>""READY"",ABS($AA609)<SETTINGS!$B$26,$AF609<>"""",$AG609<>""""),""INVESTIGATE"",""BET""))))"
ENGINE,AB610,610,28,"=IF($AA610="""","""",IF(ABS($AA610)<SETTINGS!$B$8*2,"""",IF(ABS($AA610)<SETTINGS!$B$9*2,""LEAN"",IF(OR(SETTINGS!$B$11<>""Y"",$AI610<>""READY"",ABS($AA610)<SETTINGS!$B$10*2,$AF610<>"""",$AG610<>""""),""INVESTIGATE"",""BET""))))","=IF($AA610="""","""",IF(ABS($AA610)<SETTINGS!$B$33,"""",IF(ABS($AA610)<SETTINGS!$B$34,""LEAN"",IF(OR(SETTINGS!$B$11<>""Y"",$AI610<>""READY"",ABS($AA610)<SETTINGS!$B$26,$AF610<>"""",$AG610<>""""),""INVESTIGATE"",""BET""))))"
ENGINE,AB611,611,28,"=IF($AA611="""","""",IF(ABS($AA611)<SETTINGS!$B$8*2,"""",IF(ABS($AA611)<SETTINGS!$B$9*2,""LEAN"",IF(OR(SETTINGS!$B$11<>""Y"",$AI611<>""READY"",ABS($AA611)<SETTINGS!$B$10*2,$AF611<>"""",$AG611<>""""),""INVESTIGATE"",""BET""))))","=IF($AA611="""","""",IF(ABS($AA611)<SETTINGS!$B$33,"""",IF(ABS($AA611)<SETTINGS!$B$34,""LEAN"",IF(OR(SETTINGS!$B$11<>""Y"",$AI611<>""READY"",ABS($AA611)<SETTINGS!$B$26,$AF611<>"""",$AG611<>""""),""INVESTIGATE"",""BET""))))"
ENGINE,AB612,612,28,"=IF($AA612="""","""",IF(ABS($AA612)<SETTINGS!$B$8*2,"""",IF(ABS($AA612)<SETTINGS!$B$9*2,""LEAN"",IF(OR(SETTINGS!$B$11<>""Y"",$AI612<>""READY"",ABS($AA612)<SETTINGS!$B$10*2,$AF612<>"""",$AG612<>""""),""INVESTIGATE"",""BET""))))","=IF($AA612="""","""",IF(ABS($AA612)<SETTINGS!$B$33,"""",IF(ABS($AA612)<SETTINGS!$B$34,""LEAN"",IF(OR(SETTINGS!$B$11<>""Y"",$AI612<>""READY"",ABS($AA612)<SETTINGS!$B$26,$AF612<>"""",$AG612<>""""),""INVESTIGATE"",""BET""))))"
ENGINE,AB613,613,28,"=IF($AA613="""","""",IF(ABS($AA613)<SETTINGS!$B$8*2,"""",IF(ABS($AA613)<SETTINGS!$B$9*2,""LEAN"",IF(OR(SETTINGS!$B$11<>""Y"",$AI613<>""READY"",ABS($AA613)<SETTINGS!$B$10*2,$AF613<>"""",$AG613<>""""),""INVESTIGATE"",""BET""))))","=IF($AA613="""","""",IF(ABS($AA613)<SETTINGS!$B$33,"""",IF(ABS($AA613)<SETTINGS!$B$34,""LEAN"",IF(OR(SETTINGS!$B$11<>""Y"",$AI613<>""READY"",ABS($AA613)<SETTINGS!$B$26,$AF613<>"""",$AG613<>""""),""INVESTIGATE"",""BET""))))"
ENGINE,AB614,614,28,"=IF($AA614="""","""",IF(ABS($AA614)<SETTINGS!$B$8*2,"""",IF(ABS($AA614)<SETTINGS!$B$9*2,""LEAN"",IF(OR(SETTINGS!$B$11<>""Y"",$AI614<>""READY"",ABS($AA614)<SETTINGS!$B$10*2,$AF614<>"""",$AG614<>""""),""INVESTIGATE"",""BET""))))","=IF($AA614="""","""",IF(ABS($AA614)<SETTINGS!$B$33,"""",IF(ABS($AA614)<SETTINGS!$B$34,""LEAN"",IF(OR(SETTINGS!$B$11<>""Y"",$AI614<>""READY"",ABS($AA614)<SETTINGS!$B$26,$AF614<>"""",$AG614<>""""),""INVESTIGATE"",""BET""))))"
ENGINE,AB615,615,28,"=IF($AA615="""","""",IF(ABS($AA615)<SETTINGS!$B$8*2,"""",IF(ABS($AA615)<SETTINGS!$B$9*2,""LEAN"",IF(OR(SETTINGS!$B$11<>""Y"",$AI615<>""READY"",ABS($AA615)<SETTINGS!$B$10*2,$AF615<>"""",$AG615<>""""),""INVESTIGATE"",""BET""))))","=IF($AA615="""","""",IF(ABS($AA615)<SETTINGS!$B$33,"""",IF(ABS($AA615)<SETTINGS!$B$34,""LEAN"",IF(OR(SETTINGS!$B$11<>""Y"",$AI615<>""READY"",ABS($AA615)<SETTINGS!$B$26,$AF615<>"""",$AG615<>""""),""INVESTIGATE"",""BET""))))"
ENGINE,AB616,616,28,"=IF($AA616="""","""",IF(ABS($AA616)<SETTINGS!$B$8*2,"""",IF(ABS($AA616)<SETTINGS!$B$9*2,""LEAN"",IF(OR(SETTINGS!$B$11<>""Y"",$AI616<>""READY"",ABS($AA616)<SETTINGS!$B$10*2,$AF616<>"""",$AG616<>""""),""INVESTIGATE"",""BET""))))","=IF($AA616="""","""",IF(ABS($AA616)<SETTINGS!$B$33,"""",IF(ABS($AA616)<SETTINGS!$B$34,""LEAN"",IF(OR(SETTINGS!$B$11<>""Y"",$AI616<>""READY"",ABS($AA616)<SETTINGS!$B$26,$AF616<>"""",$AG616<>""""),""INVESTIGATE"",""BET""))))"
ENGINE,AB617,617,28,"=IF($AA617="""","""",IF(ABS($AA617)<SETTINGS!$B$8*2,"""",IF(ABS($AA617)<SETTINGS!$B$9*2,""LEAN"",IF(OR(SETTINGS!$B$11<>""Y"",$AI617<>""READY"",ABS($AA617)<SETTINGS!$B$10*2,$AF617<>"""",$AG617<>""""),""INVESTIGATE"",""BET""))))","=IF($AA617="""","""",IF(ABS($AA617)<SETTINGS!$B$33,"""",IF(ABS($AA617)<SETTINGS!$B$34,""LEAN"",IF(OR(SETTINGS!$B$11<>""Y"",$AI617<>""READY"",ABS($AA617)<SETTINGS!$B$26,$AF617<>"""",$AG617<>""""),""INVESTIGATE"",""BET""))))"
ENGINE,AB618,618,28,"=IF($AA618="""","""",IF(ABS($AA618)<SETTINGS!$B$8*2,"""",IF(ABS($AA618)<SETTINGS!$B$9*2,""LEAN"",IF(OR(SETTINGS!$B$11<>""Y"",$AI618<>""READY"",ABS($AA618)<SETTINGS!$B$10*2,$AF618<>"""",$AG618<>""""),""INVESTIGATE"",""BET""))))","=IF($AA618="""","""",IF(ABS($AA618)<SETTINGS!$B$33,"""",IF(ABS($AA618)<SETTINGS!$B$34,""LEAN"",IF(OR(SETTINGS!$B$11<>""Y"",$AI618<>""READY"",ABS($AA618)<SETTINGS!$B$26,$AF618<>"""",$AG618<>""""),""INVESTIGATE"",""BET""))))"
ENGINE,AB619,619,28,"=IF($AA619="""","""",IF(ABS($AA619)<SETTINGS!$B$8*2,"""",IF(ABS($AA619)<SETTINGS!$B$9*2,""LEAN"",IF(OR(SETTINGS!$B$11<>""Y"",$AI619<>""READY"",ABS($AA619)<SETTINGS!$B$10*2,$AF619<>"""",$AG619<>""""),""INVESTIGATE"",""BET""))))","=IF($AA619="""","""",IF(ABS($AA619)<SETTINGS!$B$33,"""",IF(ABS($AA619)<SETTINGS!$B$34,""LEAN"",IF(OR(SETTINGS!$B$11<>""Y"",$AI619<>""READY"",ABS($AA619)<SETTINGS!$B$26,$AF619<>"""",$AG619<>""""),""INVESTIGATE"",""BET""))))"
ENGINE,AB620,620,28,"=IF($AA620="""","""",IF(ABS($AA620)<SETTINGS!$B$8*2,"""",IF(ABS($AA620)<SETTINGS!$B$9*2,""LEAN"",IF(OR(SETTINGS!$B$11<>""Y"",$AI620<>""READY"",ABS($AA620)<SETTINGS!$B$10*2,$AF620<>"""",$AG620<>""""),""INVESTIGATE"",""BET""))))","=IF($AA620="""","""",IF(ABS($AA620)<SETTINGS!$B$33,"""",IF(ABS($AA620)<SETTINGS!$B$34,""LEAN"",IF(OR(SETTINGS!$B$11<>""Y"",$AI620<>""READY"",ABS($AA620)<SETTINGS!$B$26,$AF620<>"""",$AG620<>""""),""INVESTIGATE"",""BET""))))"
ENGINE,AB621,621,28,"=IF($AA621="""","""",IF(ABS($AA621)<SETTINGS!$B$8*2,"""",IF(ABS($AA621)<SETTINGS!$B$9*2,""LEAN"",IF(OR(SETTINGS!$B$11<>""Y"",$AI621<>""READY"",ABS($AA621)<SETTINGS!$B$10*2,$AF621<>"""",$AG621<>""""),""INVESTIGATE"",""BET""))))","=IF($AA621="""","""",IF(ABS($AA621)<SETTINGS!$B$33,"""",IF(ABS($AA621)<SETTINGS!$B$34,""LEAN"",IF(OR(SETTINGS!$B$11<>""Y"",$AI621<>""READY"",ABS($AA621)<SETTINGS!$B$26,$AF621<>"""",$AG621<>""""),""INVESTIGATE"",""BET""))))"
ENGINE,AB622,622,28,"=IF($AA622="""","""",IF(ABS($AA622)<SETTINGS!$B$8*2,"""",IF(ABS($AA622)<SETTINGS!$B$9*2,""LEAN"",IF(OR(SETTINGS!$B$11<>""Y"",$AI622<>""READY"",ABS($AA622)<SETTINGS!$B$10*2,$AF622<>"""",$AG622<>""""),""INVESTIGATE"",""BET""))))","=IF($AA622="""","""",IF(ABS($AA622)<SETTINGS!$B$33,"""",IF(ABS($AA622)<SETTINGS!$B$34,""LEAN"",IF(OR(SETTINGS!$B$11<>""Y"",$AI622<>""READY"",ABS($AA622)<SETTINGS!$B$26,$AF622<>"""",$AG622<>""""),""INVESTIGATE"",""BET""))))"
ENGINE,AB623,623,28,"=IF($AA623="""","""",IF(ABS($AA623)<SETTINGS!$B$8*2,"""",IF(ABS($AA623)<SETTINGS!$B$9*2,""LEAN"",IF(OR(SETTINGS!$B$11<>""Y"",$AI623<>""READY"",ABS($AA623)<SETTINGS!$B$10*2,$AF623<>"""",$AG623<>""""),""INVESTIGATE"",""BET""))))","=IF($AA623="""","""",IF(ABS($AA623)<SETTINGS!$B$33,"""",IF(ABS($AA623)<SETTINGS!$B$34,""LEAN"",IF(OR(SETTINGS!$B$11<>""Y"",$AI623<>""READY"",ABS($AA623)<SETTINGS!$B$26,$AF623<>"""",$AG623<>""""),""INVESTIGATE"",""BET""))))"
ENGINE,AB624,624,28,"=IF($AA624="""","""",IF(ABS($AA624)<SETTINGS!$B$8*2,"""",IF(ABS($AA624)<SETTINGS!$B$9*2,""LEAN"",IF(OR(SETTINGS!$B$11<>""Y"",$AI624<>""READY"",ABS($AA624)<SETTINGS!$B$10*2,$AF624<>"""",$AG624<>""""),""INVESTIGATE"",""BET""))))","=IF($AA624="""","""",IF(ABS($AA624)<SETTINGS!$B$33,"""",IF(ABS($AA624)<SETTINGS!$B$34,""LEAN"",IF(OR(SETTINGS!$B$11<>""Y"",$AI624<>""READY"",ABS($AA624)<SETTINGS!$B$26,$AF624<>"""",$AG624<>""""),""INVESTIGATE"",""BET""))))"
ENGINE,AB625,625,28,"=IF($AA625="""","""",IF(ABS($AA625)<SETTINGS!$B$8*2,"""",IF(ABS($AA625)<SETTINGS!$B$9*2,""LEAN"",IF(OR(SETTINGS!$B$11<>""Y"",$AI625<>""READY"",ABS($AA625)<SETTINGS!$B$10*2,$AF625<>"""",$AG625<>""""),""INVESTIGATE"",""BET""))))","=IF($AA625="""","""",IF(ABS($AA625)<SETTINGS!$B$33,"""",IF(ABS($AA625)<SETTINGS!$B$34,""LEAN"",IF(OR(SETTINGS!$B$11<>""Y"",$AI625<>""READY"",ABS($AA625)<SETTINGS!$B$26,$AF625<>"""",$AG625<>""""),""INVESTIGATE"",""BET""))))"
ENGINE,AB626,626,28,"=IF($AA626="""","""",IF(ABS($AA626)<SETTINGS!$B$8*2,"""",IF(ABS($AA626)<SETTINGS!$B$9*2,""LEAN"",IF(OR(SETTINGS!$B$11<>""Y"",$AI626<>""READY"",ABS($AA626)<SETTINGS!$B$10*2,$AF626<>"""",$AG626<>""""),""INVESTIGATE"",""BET""))))","=IF($AA626="""","""",IF(ABS($AA626)<SETTINGS!$B$33,"""",IF(ABS($AA626)<SETTINGS!$B$34,""LEAN"",IF(OR(SETTINGS!$B$11<>""Y"",$AI626<>""READY"",ABS($AA626)<SETTINGS!$B$26,$AF626<>"""",$AG626<>""""),""INVESTIGATE"",""BET""))))"
ENGINE,AB627,627,28,"=IF($AA627="""","""",IF(ABS($AA627)<SETTINGS!$B$8*2,"""",IF(ABS($AA627)<SETTINGS!$B$9*2,""LEAN"",IF(OR(SETTINGS!$B$11<>""Y"",$AI627<>""READY"",ABS($AA627)<SETTINGS!$B$10*2,$AF627<>"""",$AG627<>""""),""INVESTIGATE"",""BET""))))","=IF($AA627="""","""",IF(ABS($AA627)<SETTINGS!$B$33,"""",IF(ABS($AA627)<SETTINGS!$B$34,""LEAN"",IF(OR(SETTINGS!$B$11<>""Y"",$AI627<>""READY"",ABS($AA627)<SETTINGS!$B$26,$AF627<>"""",$AG627<>""""),""INVESTIGATE"",""BET""))))"
ENGINE,AB628,628,28,"=IF($AA628="""","""",IF(ABS($AA628)<SETTINGS!$B$8*2,"""",IF(ABS($AA628)<SETTINGS!$B$9*2,""LEAN"",IF(OR(SETTINGS!$B$11<>""Y"",$AI628<>""READY"",ABS($AA628)<SETTINGS!$B$10*2,$AF628<>"""",$AG628<>""""),""INVESTIGATE"",""BET""))))","=IF($AA628="""","""",IF(ABS($AA628)<SETTINGS!$B$33,"""",IF(ABS($AA628)<SETTINGS!$B$34,""LEAN"",IF(OR(SETTINGS!$B$11<>""Y"",$AI628<>""READY"",ABS($AA628)<SETTINGS!$B$26,$AF628<>"""",$AG628<>""""),""INVESTIGATE"",""BET""))))"
ENGINE,AB629,629,28,"=IF($AA629="""","""",IF(ABS($AA629)<SETTINGS!$B$8*2,"""",IF(ABS($AA629)<SETTINGS!$B$9*2,""LEAN"",IF(OR(SETTINGS!$B$11<>""Y"",$AI629<>""READY"",ABS($AA629)<SETTINGS!$B$10*2,$AF629<>"""",$AG629<>""""),""INVESTIGATE"",""BET""))))","=IF($AA629="""","""",IF(ABS($AA629)<SETTINGS!$B$33,"""",IF(ABS($AA629)<SETTINGS!$B$34,""LEAN"",IF(OR(SETTINGS!$B$11<>""Y"",$AI629<>""READY"",ABS($AA629)<SETTINGS!$B$26,$AF629<>"""",$AG629<>""""),""INVESTIGATE"",""BET""))))"
ENGINE,AB630,630,28,"=IF($AA630="""","""",IF(ABS($AA630)<SETTINGS!$B$8*2,"""",IF(ABS($AA630)<SETTINGS!$B$9*2,""LEAN"",IF(OR(SETTINGS!$B$11<>""Y"",$AI630<>""READY"",ABS($AA630)<SETTINGS!$B$10*2,$AF630<>"""",$AG630<>""""),""INVESTIGATE"",""BET""))))","=IF($AA630="""","""",IF(ABS($AA630)<SETTINGS!$B$33,"""",IF(ABS($AA630)<SETTINGS!$B$34,""LEAN"",IF(OR(SETTINGS!$B$11<>""Y"",$AI630<>""READY"",ABS($AA630)<SETTINGS!$B$26,$AF630<>"""",$AG630<>""""),""INVESTIGATE"",""BET""))))"
ENGINE,AB631,631,28,"=IF($AA631="""","""",IF(ABS($AA631)<SETTINGS!$B$8*2,"""",IF(ABS($AA631)<SETTINGS!$B$9*2,""LEAN"",IF(OR(SETTINGS!$B$11<>""Y"",$AI631<>""READY"",ABS($AA631)<SETTINGS!$B$10*2,$AF631<>"""",$AG631<>""""),""INVESTIGATE"",""BET""))))","=IF($AA631="""","""",IF(ABS($AA631)<SETTINGS!$B$33,"""",IF(ABS($AA631)<SETTINGS!$B$34,""LEAN"",IF(OR(SETTINGS!$B$11<>""Y"",$AI631<>""READY"",ABS($AA631)<SETTINGS!$B$26,$AF631<>"""",$AG631<>""""),""INVESTIGATE"",""BET""))))"
ENGINE,AB632,632,28,"=IF($AA632="""","""",IF(ABS($AA632)<SETTINGS!$B$8*2,"""",IF(ABS($AA632)<SETTINGS!$B$9*2,""LEAN"",IF(OR(SETTINGS!$B$11<>""Y"",$AI632<>""READY"",ABS($AA632)<SETTINGS!$B$10*2,$AF632<>"""",$AG632<>""""),""INVESTIGATE"",""BET""))))","=IF($AA632="""","""",IF(ABS($AA632)<SETTINGS!$B$33,"""",IF(ABS($AA632)<SETTINGS!$B$34,""LEAN"",IF(OR(SETTINGS!$B$11<>""Y"",$AI632<>""READY"",ABS($AA632)<SETTINGS!$B$26,$AF632<>"""",$AG632<>""""),""INVESTIGATE"",""BET""))))"
ENGINE,AB633,633,28,"=IF($AA633="""","""",IF(ABS($AA633)<SETTINGS!$B$8*2,"""",IF(ABS($AA633)<SETTINGS!$B$9*2,""LEAN"",IF(OR(SETTINGS!$B$11<>""Y"",$AI633<>""READY"",ABS($AA633)<SETTINGS!$B$10*2,$AF633<>"""",$AG633<>""""),""INVESTIGATE"",""BET""))))","=IF($AA633="""","""",IF(ABS($AA633)<SETTINGS!$B$33,"""",IF(ABS($AA633)<SETTINGS!$B$34,""LEAN"",IF(OR(SETTINGS!$B$11<>""Y"",$AI633<>""READY"",ABS($AA633)<SETTINGS!$B$26,$AF633<>"""",$AG633<>""""),""INVESTIGATE"",""BET""))))"
ENGINE,AB634,634,28,"=IF($AA634="""","""",IF(ABS($AA634)<SETTINGS!$B$8*2,"""",IF(ABS($AA634)<SETTINGS!$B$9*2,""LEAN"",IF(OR(SETTINGS!$B$11<>""Y"",$AI634<>""READY"",ABS($AA634)<SETTINGS!$B$10*2,$AF634<>"""",$AG634<>""""),""INVESTIGATE"",""BET""))))","=IF($AA634="""","""",IF(ABS($AA634)<SETTINGS!$B$33,"""",IF(ABS($AA634)<SETTINGS!$B$34,""LEAN"",IF(OR(SETTINGS!$B$11<>""Y"",$AI634<>""READY"",ABS($AA634)<SETTINGS!$B$26,$AF634<>"""",$AG634<>""""),""INVESTIGATE"",""BET""))))"
ENGINE,AB635,635,28,"=IF($AA635="""","""",IF(ABS($AA635)<SETTINGS!$B$8*2,"""",IF(ABS($AA635)<SETTINGS!$B$9*2,""LEAN"",IF(OR(SETTINGS!$B$11<>""Y"",$AI635<>""READY"",ABS($AA635)<SETTINGS!$B$10*2,$AF635<>"""",$AG635<>""""),""INVESTIGATE"",""BET""))))","=IF($AA635="""","""",IF(ABS($AA635)<SETTINGS!$B$33,"""",IF(ABS($AA635)<SETTINGS!$B$34,""LEAN"",IF(OR(SETTINGS!$B$11<>""Y"",$AI635<>""READY"",ABS($AA635)<SETTINGS!$B$26,$AF635<>"""",$AG635<>""""),""INVESTIGATE"",""BET""))))"
ENGINE,AB636,636,28,"=IF($AA636="""","""",IF(ABS($AA636)<SETTINGS!$B$8*2,"""",IF(ABS($AA636)<SETTINGS!$B$9*2,""LEAN"",IF(OR(SETTINGS!$B$11<>""Y"",$AI636<>""READY"",ABS($AA636)<SETTINGS!$B$10*2,$AF636<>"""",$AG636<>""""),""INVESTIGATE"",""BET""))))","=IF($AA636="""","""",IF(ABS($AA636)<SETTINGS!$B$33,"""",IF(ABS($AA636)<SETTINGS!$B$34,""LEAN"",IF(OR(SETTINGS!$B$11<>""Y"",$AI636<>""READY"",ABS($AA636)<SETTINGS!$B$26,$AF636<>"""",$AG636<>""""),""INVESTIGATE"",""BET""))))"
ENGINE,AB637,637,28,"=IF($AA637="""","""",IF(ABS($AA637)<SETTINGS!$B$8*2,"""",IF(ABS($AA637)<SETTINGS!$B$9*2,""LEAN"",IF(OR(SETTINGS!$B$11<>""Y"",$AI637<>""READY"",ABS($AA637)<SETTINGS!$B$10*2,$AF637<>"""",$AG637<>""""),""INVESTIGATE"",""BET""))))","=IF($AA637="""","""",IF(ABS($AA637)<SETTINGS!$B$33,"""",IF(ABS($AA637)<SETTINGS!$B$34,""LEAN"",IF(OR(SETTINGS!$B$11<>""Y"",$AI637<>""READY"",ABS($AA637)<SETTINGS!$B$26,$AF637<>"""",$AG637<>""""),""INVESTIGATE"",""BET""))))"
ENGINE,AB638,638,28,"=IF($AA638="""","""",IF(ABS($AA638)<SETTINGS!$B$8*2,"""",IF(ABS($AA638)<SETTINGS!$B$9*2,""LEAN"",IF(OR(SETTINGS!$B$11<>""Y"",$AI638<>""READY"",ABS($AA638)<SETTINGS!$B$10*2,$AF638<>"""",$AG638<>""""),""INVESTIGATE"",""BET""))))","=IF($AA638="""","""",IF(ABS($AA638)<SETTINGS!$B$33,"""",IF(ABS($AA638)<SETTINGS!$B$34,""LEAN"",IF(OR(SETTINGS!$B$11<>""Y"",$AI638<>""READY"",ABS($AA638)<SETTINGS!$B$26,$AF638<>"""",$AG638<>""""),""INVESTIGATE"",""BET""))))"
ENGINE,AB639,639,28,"=IF($AA639="""","""",IF(ABS($AA639)<SETTINGS!$B$8*2,"""",IF(ABS($AA639)<SETTINGS!$B$9*2,""LEAN"",IF(OR(SETTINGS!$B$11<>""Y"",$AI639<>""READY"",ABS($AA639)<SETTINGS!$B$10*2,$AF639<>"""",$AG639<>""""),""INVESTIGATE"",""BET""))))","=IF($AA639="""","""",IF(ABS($AA639)<SETTINGS!$B$33,"""",IF(ABS($AA639)<SETTINGS!$B$34,""LEAN"",IF(OR(SETTINGS!$B$11<>""Y"",$AI639<>""READY"",ABS($AA639)<SETTINGS!$B$26,$AF639<>"""",$AG639<>""""),""INVESTIGATE"",""BET""))))"
ENGINE,AB640,640,28,"=IF($AA640="""","""",IF(ABS($AA640)<SETTINGS!$B$8*2,"""",IF(ABS($AA640)<SETTINGS!$B$9*2,""LEAN"",IF(OR(SETTINGS!$B$11<>""Y"",$AI640<>""READY"",ABS($AA640)<SETTINGS!$B$10*2,$AF640<>"""",$AG640<>""""),""INVESTIGATE"",""BET""))))","=IF($AA640="""","""",IF(ABS($AA640)<SETTINGS!$B$33,"""",IF(ABS($AA640)<SETTINGS!$B$34,""LEAN"",IF(OR(SETTINGS!$B$11<>""Y"",$AI640<>""READY"",ABS($AA640)<SETTINGS!$B$26,$AF640<>"""",$AG640<>""""),""INVESTIGATE"",""BET""))))"
ENGINE,AB641,641,28,"=IF($AA641="""","""",IF(ABS($AA641)<SETTINGS!$B$8*2,"""",IF(ABS($AA641)<SETTINGS!$B$9*2,""LEAN"",IF(OR(SETTINGS!$B$11<>""Y"",$AI641<>""READY"",ABS($AA641)<SETTINGS!$B$10*2,$AF641<>"""",$AG641<>""""),""INVESTIGATE"",""BET""))))","=IF($AA641="""","""",IF(ABS($AA641)<SETTINGS!$B$33,"""",IF(ABS($AA641)<SETTINGS!$B$34,""LEAN"",IF(OR(SETTINGS!$B$11<>""Y"",$AI641<>""READY"",ABS($AA641)<SETTINGS!$B$26,$AF641<>"""",$AG641<>""""),""INVESTIGATE"",""BET""))))"
ENGINE,AB642,642,28,"=IF($AA642="""","""",IF(ABS($AA642)<SETTINGS!$B$8*2,"""",IF(ABS($AA642)<SETTINGS!$B$9*2,""LEAN"",IF(OR(SETTINGS!$B$11<>""Y"",$AI642<>""READY"",ABS($AA642)<SETTINGS!$B$10*2,$AF642<>"""",$AG642<>""""),""INVESTIGATE"",""BET""))))","=IF($AA642="""","""",IF(ABS($AA642)<SETTINGS!$B$33,"""",IF(ABS($AA642)<SETTINGS!$B$34,""LEAN"",IF(OR(SETTINGS!$B$11<>""Y"",$AI642<>""READY"",ABS($AA642)<SETTINGS!$B$26,$AF642<>"""",$AG642<>""""),""INVESTIGATE"",""BET""))))"
ENGINE,AB643,643,28,"=IF($AA643="""","""",IF(ABS($AA643)<SETTINGS!$B$8*2,"""",IF(ABS($AA643)<SETTINGS!$B$9*2,""LEAN"",IF(OR(SETTINGS!$B$11<>""Y"",$AI643<>""READY"",ABS($AA643)<SETTINGS!$B$10*2,$AF643<>"""",$AG643<>""""),""INVESTIGATE"",""BET""))))","=IF($AA643="""","""",IF(ABS($AA643)<SETTINGS!$B$33,"""",IF(ABS($AA643)<SETTINGS!$B$34,""LEAN"",IF(OR(SETTINGS!$B$11<>""Y"",$AI643<>""READY"",ABS($AA643)<SETTINGS!$B$26,$AF643<>"""",$AG643<>""""),""INVESTIGATE"",""BET""))))"
ENGINE,AB644,644,28,"=IF($AA644="""","""",IF(ABS($AA644)<SETTINGS!$B$8*2,"""",IF(ABS($AA644)<SETTINGS!$B$9*2,""LEAN"",IF(OR(SETTINGS!$B$11<>""Y"",$AI644<>""READY"",ABS($AA644)<SETTINGS!$B$10*2,$AF644<>"""",$AG644<>""""),""INVESTIGATE"",""BET""))))","=IF($AA644="""","""",IF(ABS($AA644)<SETTINGS!$B$33,"""",IF(ABS($AA644)<SETTINGS!$B$34,""LEAN"",IF(OR(SETTINGS!$B$11<>""Y"",$AI644<>""READY"",ABS($AA644)<SETTINGS!$B$26,$AF644<>"""",$AG644<>""""),""INVESTIGATE"",""BET""))))"
ENGINE,AB645,645,28,"=IF($AA645="""","""",IF(ABS($AA645)<SETTINGS!$B$8*2,"""",IF(ABS($AA645)<SETTINGS!$B$9*2,""LEAN"",IF(OR(SETTINGS!$B$11<>""Y"",$AI645<>""READY"",ABS($AA645)<SETTINGS!$B$10*2,$AF645<>"""",$AG645<>""""),""INVESTIGATE"",""BET""))))","=IF($AA645="""","""",IF(ABS($AA645)<SETTINGS!$B$33,"""",IF(ABS($AA645)<SETTINGS!$B$34,""LEAN"",IF(OR(SETTINGS!$B$11<>""Y"",$AI645<>""READY"",ABS($AA645)<SETTINGS!$B$26,$AF645<>"""",$AG645<>""""),""INVESTIGATE"",""BET""))))"
ENGINE,AB646,646,28,"=IF($AA646="""","""",IF(ABS($AA646)<SETTINGS!$B$8*2,"""",IF(ABS($AA646)<SETTINGS!$B$9*2,""LEAN"",IF(OR(SETTINGS!$B$11<>""Y"",$AI646<>""READY"",ABS($AA646)<SETTINGS!$B$10*2,$AF646<>"""",$AG646<>""""),""INVESTIGATE"",""BET""))))","=IF($AA646="""","""",IF(ABS($AA646)<SETTINGS!$B$33,"""",IF(ABS($AA646)<SETTINGS!$B$34,""LEAN"",IF(OR(SETTINGS!$B$11<>""Y"",$AI646<>""READY"",ABS($AA646)<SETTINGS!$B$26,$AF646<>"""",$AG646<>""""),""INVESTIGATE"",""BET""))))"
ENGINE,AB647,647,28,"=IF($AA647="""","""",IF(ABS($AA647)<SETTINGS!$B$8*2,"""",IF(ABS($AA647)<SETTINGS!$B$9*2,""LEAN"",IF(OR(SETTINGS!$B$11<>""Y"",$AI647<>""READY"",ABS($AA647)<SETTINGS!$B$10*2,$AF647<>"""",$AG647<>""""),""INVESTIGATE"",""BET""))))","=IF($AA647="""","""",IF(ABS($AA647)<SETTINGS!$B$33,"""",IF(ABS($AA647)<SETTINGS!$B$34,""LEAN"",IF(OR(SETTINGS!$B$11<>""Y"",$AI647<>""READY"",ABS($AA647)<SETTINGS!$B$26,$AF647<>"""",$AG647<>""""),""INVESTIGATE"",""BET""))))"
ENGINE,AB648,648,28,"=IF($AA648="""","""",IF(ABS($AA648)<SETTINGS!$B$8*2,"""",IF(ABS($AA648)<SETTINGS!$B$9*2,""LEAN"",IF(OR(SETTINGS!$B$11<>""Y"",$AI648<>""READY"",ABS($AA648)<SETTINGS!$B$10*2,$AF648<>"""",$AG648<>""""),""INVESTIGATE"",""BET""))))","=IF($AA648="""","""",IF(ABS($AA648)<SETTINGS!$B$33,"""",IF(ABS($AA648)<SETTINGS!$B$34,""LEAN"",IF(OR(SETTINGS!$B$11<>""Y"",$AI648<>""READY"",ABS($AA648)<SETTINGS!$B$26,$AF648<>"""",$AG648<>""""),""INVESTIGATE"",""BET""))))"
ENGINE,AB649,649,28,"=IF($AA649="""","""",IF(ABS($AA649)<SETTINGS!$B$8*2,"""",IF(ABS($AA649)<SETTINGS!$B$9*2,""LEAN"",IF(OR(SETTINGS!$B$11<>""Y"",$AI649<>""READY"",ABS($AA649)<SETTINGS!$B$10*2,$AF649<>"""",$AG649<>""""),""INVESTIGATE"",""BET""))))","=IF($AA649="""","""",IF(ABS($AA649)<SETTINGS!$B$33,"""",IF(ABS($AA649)<SETTINGS!$B$34,""LEAN"",IF(OR(SETTINGS!$B$11<>""Y"",$AI649<>""READY"",ABS($AA649)<SETTINGS!$B$26,$AF649<>"""",$AG649<>""""),""INVESTIGATE"",""BET""))))"
ENGINE,AB650,650,28,"=IF($AA650="""","""",IF(ABS($AA650)<SETTINGS!$B$8*2,"""",IF(ABS($AA650)<SETTINGS!$B$9*2,""LEAN"",IF(OR(SETTINGS!$B$11<>""Y"",$AI650<>""READY"",ABS($AA650)<SETTINGS!$B$10*2,$AF650<>"""",$AG650<>""""),""INVESTIGATE"",""BET""))))","=IF($AA650="""","""",IF(ABS($AA650)<SETTINGS!$B$33,"""",IF(ABS($AA650)<SETTINGS!$B$34,""LEAN"",IF(OR(SETTINGS!$B$11<>""Y"",$AI650<>""READY"",ABS($AA650)<SETTINGS!$B$26,$AF650<>"""",$AG650<>""""),""INVESTIGATE"",""BET""))))"
ENGINE,AB651,651,28,"=IF($AA651="""","""",IF(ABS($AA651)<SETTINGS!$B$8*2,"""",IF(ABS($AA651)<SETTINGS!$B$9*2,""LEAN"",IF(OR(SETTINGS!$B$11<>""Y"",$AI651<>""READY"",ABS($AA651)<SETTINGS!$B$10*2,$AF651<>"""",$AG651<>""""),""INVESTIGATE"",""BET""))))","=IF($AA651="""","""",IF(ABS($AA651)<SETTINGS!$B$33,"""",IF(ABS($AA651)<SETTINGS!$B$34,""LEAN"",IF(OR(SETTINGS!$B$11<>""Y"",$AI651<>""READY"",ABS($AA651)<SETTINGS!$B$26,$AF651<>"""",$AG651<>""""),""INVESTIGATE"",""BET""))))"
ENGINE,AB652,652,28,"=IF($AA652="""","""",IF(ABS($AA652)<SETTINGS!$B$8*2,"""",IF(ABS($AA652)<SETTINGS!$B$9*2,""LEAN"",IF(OR(SETTINGS!$B$11<>""Y"",$AI652<>""READY"",ABS($AA652)<SETTINGS!$B$10*2,$AF652<>"""",$AG652<>""""),""INVESTIGATE"",""BET""))))","=IF($AA652="""","""",IF(ABS($AA652)<SETTINGS!$B$33,"""",IF(ABS($AA652)<SETTINGS!$B$34,""LEAN"",IF(OR(SETTINGS!$B$11<>""Y"",$AI652<>""READY"",ABS($AA652)<SETTINGS!$B$26,$AF652<>"""",$AG652<>""""),""INVESTIGATE"",""BET""))))"
ENGINE,AB653,653,28,"=IF($AA653="""","""",IF(ABS($AA653)<SETTINGS!$B$8*2,"""",IF(ABS($AA653)<SETTINGS!$B$9*2,""LEAN"",IF(OR(SETTINGS!$B$11<>""Y"",$AI653<>""READY"",ABS($AA653)<SETTINGS!$B$10*2,$AF653<>"""",$AG653<>""""),""INVESTIGATE"",""BET""))))","=IF($AA653="""","""",IF(ABS($AA653)<SETTINGS!$B$33,"""",IF(ABS($AA653)<SETTINGS!$B$34,""LEAN"",IF(OR(SETTINGS!$B$11<>""Y"",$AI653<>""READY"",ABS($AA653)<SETTINGS!$B$26,$AF653<>"""",$AG653<>""""),""INVESTIGATE"",""BET""))))"
ENGINE,AB654,654,28,"=IF($AA654="""","""",IF(ABS($AA654)<SETTINGS!$B$8*2,"""",IF(ABS($AA654)<SETTINGS!$B$9*2,""LEAN"",IF(OR(SETTINGS!$B$11<>""Y"",$AI654<>""READY"",ABS($AA654)<SETTINGS!$B$10*2,$AF654<>"""",$AG654<>""""),""INVESTIGATE"",""BET""))))","=IF($AA654="""","""",IF(ABS($AA654)<SETTINGS!$B$33,"""",IF(ABS($AA654)<SETTINGS!$B$34,""LEAN"",IF(OR(SETTINGS!$B$11<>""Y"",$AI654<>""READY"",ABS($AA654)<SETTINGS!$B$26,$AF654<>"""",$AG654<>""""),""INVESTIGATE"",""BET""))))"
ENGINE,AB655,655,28,"=IF($AA655="""","""",IF(ABS($AA655)<SETTINGS!$B$8*2,"""",IF(ABS($AA655)<SETTINGS!$B$9*2,""LEAN"",IF(OR(SETTINGS!$B$11<>""Y"",$AI655<>""READY"",ABS($AA655)<SETTINGS!$B$10*2,$AF655<>"""",$AG655<>""""),""INVESTIGATE"",""BET""))))","=IF($AA655="""","""",IF(ABS($AA655)<SETTINGS!$B$33,"""",IF(ABS($AA655)<SETTINGS!$B$34,""LEAN"",IF(OR(SETTINGS!$B$11<>""Y"",$AI655<>""READY"",ABS($AA655)<SETTINGS!$B$26,$AF655<>"""",$AG655<>""""),""INVESTIGATE"",""BET""))))"
ENGINE,AB656,656,28,"=IF($AA656="""","""",IF(ABS($AA656)<SETTINGS!$B$8*2,"""",IF(ABS($AA656)<SETTINGS!$B$9*2,""LEAN"",IF(OR(SETTINGS!$B$11<>""Y"",$AI656<>""READY"",ABS($AA656)<SETTINGS!$B$10*2,$AF656<>"""",$AG656<>""""),""INVESTIGATE"",""BET""))))","=IF($AA656="""","""",IF(ABS($AA656)<SETTINGS!$B$33,"""",IF(ABS($AA656)<SETTINGS!$B$34,""LEAN"",IF(OR(SETTINGS!$B$11<>""Y"",$AI656<>""READY"",ABS($AA656)<SETTINGS!$B$26,$AF656<>"""",$AG656<>""""),""INVESTIGATE"",""BET""))))"
ENGINE,AB657,657,28,"=IF($AA657="""","""",IF(ABS($AA657)<SETTINGS!$B$8*2,"""",IF(ABS($AA657)<SETTINGS!$B$9*2,""LEAN"",IF(OR(SETTINGS!$B$11<>""Y"",$AI657<>""READY"",ABS($AA657)<SETTINGS!$B$10*2,$AF657<>"""",$AG657<>""""),""INVESTIGATE"",""BET""))))","=IF($AA657="""","""",IF(ABS($AA657)<SETTINGS!$B$33,"""",IF(ABS($AA657)<SETTINGS!$B$34,""LEAN"",IF(OR(SETTINGS!$B$11<>""Y"",$AI657<>""READY"",ABS($AA657)<SETTINGS!$B$26,$AF657<>"""",$AG657<>""""),""INVESTIGATE"",""BET""))))"
ENGINE,AB658,658,28,"=IF($AA658="""","""",IF(ABS($AA658)<SETTINGS!$B$8*2,"""",IF(ABS($AA658)<SETTINGS!$B$9*2,""LEAN"",IF(OR(SETTINGS!$B$11<>""Y"",$AI658<>""READY"",ABS($AA658)<SETTINGS!$B$10*2,$AF658<>"""",$AG658<>""""),""INVESTIGATE"",""BET""))))","=IF($AA658="""","""",IF(ABS($AA658)<SETTINGS!$B$33,"""",IF(ABS($AA658)<SETTINGS!$B$34,""LEAN"",IF(OR(SETTINGS!$B$11<>""Y"",$AI658<>""READY"",ABS($AA658)<SETTINGS!$B$26,$AF658<>"""",$AG658<>""""),""INVESTIGATE"",""BET""))))"
ENGINE,AB659,659,28,"=IF($AA659="""","""",IF(ABS($AA659)<SETTINGS!$B$8*2,"""",IF(ABS($AA659)<SETTINGS!$B$9*2,""LEAN"",IF(OR(SETTINGS!$B$11<>""Y"",$AI659<>""READY"",ABS($AA659)<SETTINGS!$B$10*2,$AF659<>"""",$AG659<>""""),""INVESTIGATE"",""BET""))))","=IF($AA659="""","""",IF(ABS($AA659)<SETTINGS!$B$33,"""",IF(ABS($AA659)<SETTINGS!$B$34,""LEAN"",IF(OR(SETTINGS!$B$11<>""Y"",$AI659<>""READY"",ABS($AA659)<SETTINGS!$B$26,$AF659<>"""",$AG659<>""""),""INVESTIGATE"",""BET""))))"
ENGINE,AB660,660,28,"=IF($AA660="""","""",IF(ABS($AA660)<SETTINGS!$B$8*2,"""",IF(ABS($AA660)<SETTINGS!$B$9*2,""LEAN"",IF(OR(SETTINGS!$B$11<>""Y"",$AI660<>""READY"",ABS($AA660)<SETTINGS!$B$10*2,$AF660<>"""",$AG660<>""""),""INVESTIGATE"",""BET""))))","=IF($AA660="""","""",IF(ABS($AA660)<SETTINGS!$B$33,"""",IF(ABS($AA660)<SETTINGS!$B$34,""LEAN"",IF(OR(SETTINGS!$B$11<>""Y"",$AI660<>""READY"",ABS($AA660)<SETTINGS!$B$26,$AF660<>"""",$AG660<>""""),""INVESTIGATE"",""BET""))))"
ENGINE,AB661,661,28,"=IF($AA661="""","""",IF(ABS($AA661)<SETTINGS!$B$8*2,"""",IF(ABS($AA661)<SETTINGS!$B$9*2,""LEAN"",IF(OR(SETTINGS!$B$11<>""Y"",$AI661<>""READY"",ABS($AA661)<SETTINGS!$B$10*2,$AF661<>"""",$AG661<>""""),""INVESTIGATE"",""BET""))))","=IF($AA661="""","""",IF(ABS($AA661)<SETTINGS!$B$33,"""",IF(ABS($AA661)<SETTINGS!$B$34,""LEAN"",IF(OR(SETTINGS!$B$11<>""Y"",$AI661<>""READY"",ABS($AA661)<SETTINGS!$B$26,$AF661<>"""",$AG661<>""""),""INVESTIGATE"",""BET""))))"
ENGINE,AB662,662,28,"=IF($AA662="""","""",IF(ABS($AA662)<SETTINGS!$B$8*2,"""",IF(ABS($AA662)<SETTINGS!$B$9*2,""LEAN"",IF(OR(SETTINGS!$B$11<>""Y"",$AI662<>""READY"",ABS($AA662)<SETTINGS!$B$10*2,$AF662<>"""",$AG662<>""""),""INVESTIGATE"",""BET""))))","=IF($AA662="""","""",IF(ABS($AA662)<SETTINGS!$B$33,"""",IF(ABS($AA662)<SETTINGS!$B$34,""LEAN"",IF(OR(SETTINGS!$B$11<>""Y"",$AI662<>""READY"",ABS($AA662)<SETTINGS!$B$26,$AF662<>"""",$AG662<>""""),""INVESTIGATE"",""BET""))))"
ENGINE,AB663,663,28,"=IF($AA663="""","""",IF(ABS($AA663)<SETTINGS!$B$8*2,"""",IF(ABS($AA663)<SETTINGS!$B$9*2,""LEAN"",IF(OR(SETTINGS!$B$11<>""Y"",$AI663<>""READY"",ABS($AA663)<SETTINGS!$B$10*2,$AF663<>"""",$AG663<>""""),""INVESTIGATE"",""BET""))))","=IF($AA663="""","""",IF(ABS($AA663)<SETTINGS!$B$33,"""",IF(ABS($AA663)<SETTINGS!$B$34,""LEAN"",IF(OR(SETTINGS!$B$11<>""Y"",$AI663<>""READY"",ABS($AA663)<SETTINGS!$B$26,$AF663<>"""",$AG663<>""""),""INVESTIGATE"",""BET""))))"
ENGINE,AB664,664,28,"=IF($AA664="""","""",IF(ABS($AA664)<SETTINGS!$B$8*2,"""",IF(ABS($AA664)<SETTINGS!$B$9*2,""LEAN"",IF(OR(SETTINGS!$B$11<>""Y"",$AI664<>""READY"",ABS($AA664)<SETTINGS!$B$10*2,$AF664<>"""",$AG664<>""""),""INVESTIGATE"",""BET""))))","=IF($AA664="""","""",IF(ABS($AA664)<SETTINGS!$B$33,"""",IF(ABS($AA664)<SETTINGS!$B$34,""LEAN"",IF(OR(SETTINGS!$B$11<>""Y"",$AI664<>""READY"",ABS($AA664)<SETTINGS!$B$26,$AF664<>"""",$AG664<>""""),""INVESTIGATE"",""BET""))))"
ENGINE,AB665,665,28,"=IF($AA665="""","""",IF(ABS($AA665)<SETTINGS!$B$8*2,"""",IF(ABS($AA665)<SETTINGS!$B$9*2,""LEAN"",IF(OR(SETTINGS!$B$11<>""Y"",$AI665<>""READY"",ABS($AA665)<SETTINGS!$B$10*2,$AF665<>"""",$AG665<>""""),""INVESTIGATE"",""BET""))))","=IF($AA665="""","""",IF(ABS($AA665)<SETTINGS!$B$33,"""",IF(ABS($AA665)<SETTINGS!$B$34,""LEAN"",IF(OR(SETTINGS!$B$11<>""Y"",$AI665<>""READY"",ABS($AA665)<SETTINGS!$B$26,$AF665<>"""",$AG665<>""""),""INVESTIGATE"",""BET""))))"
ENGINE,AB666,666,28,"=IF($AA666="""","""",IF(ABS($AA666)<SETTINGS!$B$8*2,"""",IF(ABS($AA666)<SETTINGS!$B$9*2,""LEAN"",IF(OR(SETTINGS!$B$11<>""Y"",$AI666<>""READY"",ABS($AA666)<SETTINGS!$B$10*2,$AF666<>"""",$AG666<>""""),""INVESTIGATE"",""BET""))))","=IF($AA666="""","""",IF(ABS($AA666)<SETTINGS!$B$33,"""",IF(ABS($AA666)<SETTINGS!$B$34,""LEAN"",IF(OR(SETTINGS!$B$11<>""Y"",$AI666<>""READY"",ABS($AA666)<SETTINGS!$B$26,$AF666<>"""",$AG666<>""""),""INVESTIGATE"",""BET""))))"
ENGINE,AB667,667,28,"=IF($AA667="""","""",IF(ABS($AA667)<SETTINGS!$B$8*2,"""",IF(ABS($AA667)<SETTINGS!$B$9*2,""LEAN"",IF(OR(SETTINGS!$B$11<>""Y"",$AI667<>""READY"",ABS($AA667)<SETTINGS!$B$10*2,$AF667<>"""",$AG667<>""""),""INVESTIGATE"",""BET""))))","=IF($AA667="""","""",IF(ABS($AA667)<SETTINGS!$B$33,"""",IF(ABS($AA667)<SETTINGS!$B$34,""LEAN"",IF(OR(SETTINGS!$B$11<>""Y"",$AI667<>""READY"",ABS($AA667)<SETTINGS!$B$26,$AF667<>"""",$AG667<>""""),""INVESTIGATE"",""BET""))))"
ENGINE,AB668,668,28,"=IF($AA668="""","""",IF(ABS($AA668)<SETTINGS!$B$8*2,"""",IF(ABS($AA668)<SETTINGS!$B$9*2,""LEAN"",IF(OR(SETTINGS!$B$11<>""Y"",$AI668<>""READY"",ABS($AA668)<SETTINGS!$B$10*2,$AF668<>"""",$AG668<>""""),""INVESTIGATE"",""BET""))))","=IF($AA668="""","""",IF(ABS($AA668)<SETTINGS!$B$33,"""",IF(ABS($AA668)<SETTINGS!$B$34,""LEAN"",IF(OR(SETTINGS!$B$11<>""Y"",$AI668<>""READY"",ABS($AA668)<SETTINGS!$B$26,$AF668<>"""",$AG668<>""""),""INVESTIGATE"",""BET""))))"
ENGINE,AB669,669,28,"=IF($AA669="""","""",IF(ABS($AA669)<SETTINGS!$B$8*2,"""",IF(ABS($AA669)<SETTINGS!$B$9*2,""LEAN"",IF(OR(SETTINGS!$B$11<>""Y"",$AI669<>""READY"",ABS($AA669)<SETTINGS!$B$10*2,$AF669<>"""",$AG669<>""""),""INVESTIGATE"",""BET""))))","=IF($AA669="""","""",IF(ABS($AA669)<SETTINGS!$B$33,"""",IF(ABS($AA669)<SETTINGS!$B$34,""LEAN"",IF(OR(SETTINGS!$B$11<>""Y"",$AI669<>""READY"",ABS($AA669)<SETTINGS!$B$26,$AF669<>"""",$AG669<>""""),""INVESTIGATE"",""BET""))))"
ENGINE,AB670,670,28,"=IF($AA670="""","""",IF(ABS($AA670)<SETTINGS!$B$8*2,"""",IF(ABS($AA670)<SETTINGS!$B$9*2,""LEAN"",IF(OR(SETTINGS!$B$11<>""Y"",$AI670<>""READY"",ABS($AA670)<SETTINGS!$B$10*2,$AF670<>"""",$AG670<>""""),""INVESTIGATE"",""BET""))))","=IF($AA670="""","""",IF(ABS($AA670)<SETTINGS!$B$33,"""",IF(ABS($AA670)<SETTINGS!$B$34,""LEAN"",IF(OR(SETTINGS!$B$11<>""Y"",$AI670<>""READY"",ABS($AA670)<SETTINGS!$B$26,$AF670<>"""",$AG670<>""""),""INVESTIGATE"",""BET""))))"
ENGINE,AB671,671,28,"=IF($AA671="""","""",IF(ABS($AA671)<SETTINGS!$B$8*2,"""",IF(ABS($AA671)<SETTINGS!$B$9*2,""LEAN"",IF(OR(SETTINGS!$B$11<>""Y"",$AI671<>""READY"",ABS($AA671)<SETTINGS!$B$10*2,$AF671<>"""",$AG671<>""""),""INVESTIGATE"",""BET""))))","=IF($AA671="""","""",IF(ABS($AA671)<SETTINGS!$B$33,"""",IF(ABS($AA671)<SETTINGS!$B$34,""LEAN"",IF(OR(SETTINGS!$B$11<>""Y"",$AI671<>""READY"",ABS($AA671)<SETTINGS!$B$26,$AF671<>"""",$AG671<>""""),""INVESTIGATE"",""BET""))))"
ENGINE,AB672,672,28,"=IF($AA672="""","""",IF(ABS($AA672)<SETTINGS!$B$8*2,"""",IF(ABS($AA672)<SETTINGS!$B$9*2,""LEAN"",IF(OR(SETTINGS!$B$11<>""Y"",$AI672<>""READY"",ABS($AA672)<SETTINGS!$B$10*2,$AF672<>"""",$AG672<>""""),""INVESTIGATE"",""BET""))))","=IF($AA672="""","""",IF(ABS($AA672)<SETTINGS!$B$33,"""",IF(ABS($AA672)<SETTINGS!$B$34,""LEAN"",IF(OR(SETTINGS!$B$11<>""Y"",$AI672<>""READY"",ABS($AA672)<SETTINGS!$B$26,$AF672<>"""",$AG672<>""""),""INVESTIGATE"",""BET""))))"
ENGINE,AB673,673,28,"=IF($AA673="""","""",IF(ABS($AA673)<SETTINGS!$B$8*2,"""",IF(ABS($AA673)<SETTINGS!$B$9*2,""LEAN"",IF(OR(SETTINGS!$B$11<>""Y"",$AI673<>""READY"",ABS($AA673)<SETTINGS!$B$10*2,$AF673<>"""",$AG673<>""""),""INVESTIGATE"",""BET""))))","=IF($AA673="""","""",IF(ABS($AA673)<SETTINGS!$B$33,"""",IF(ABS($AA673)<SETTINGS!$B$34,""LEAN"",IF(OR(SETTINGS!$B$11<>""Y"",$AI673<>""READY"",ABS($AA673)<SETTINGS!$B$26,$AF673<>"""",$AG673<>""""),""INVESTIGATE"",""BET""))))"
ENGINE,AB674,674,28,"=IF($AA674="""","""",IF(ABS($AA674)<SETTINGS!$B$8*2,"""",IF(ABS($AA674)<SETTINGS!$B$9*2,""LEAN"",IF(OR(SETTINGS!$B$11<>""Y"",$AI674<>""READY"",ABS($AA674)<SETTINGS!$B$10*2,$AF674<>"""",$AG674<>""""),""INVESTIGATE"",""BET""))))","=IF($AA674="""","""",IF(ABS($AA674)<SETTINGS!$B$33,"""",IF(ABS($AA674)<SETTINGS!$B$34,""LEAN"",IF(OR(SETTINGS!$B$11<>""Y"",$AI674<>""READY"",ABS($AA674)<SETTINGS!$B$26,$AF674<>"""",$AG674<>""""),""INVESTIGATE"",""BET""))))"
ENGINE,AB675,675,28,"=IF($AA675="""","""",IF(ABS($AA675)<SETTINGS!$B$8*2,"""",IF(ABS($AA675)<SETTINGS!$B$9*2,""LEAN"",IF(OR(SETTINGS!$B$11<>""Y"",$AI675<>""READY"",ABS($AA675)<SETTINGS!$B$10*2,$AF675<>"""",$AG675<>""""),""INVESTIGATE"",""BET""))))","=IF($AA675="""","""",IF(ABS($AA675)<SETTINGS!$B$33,"""",IF(ABS($AA675)<SETTINGS!$B$34,""LEAN"",IF(OR(SETTINGS!$B$11<>""Y"",$AI675<>""READY"",ABS($AA675)<SETTINGS!$B$26,$AF675<>"""",$AG675<>""""),""INVESTIGATE"",""BET""))))"
ENGINE,AB676,676,28,"=IF($AA676="""","""",IF(ABS($AA676)<SETTINGS!$B$8*2,"""",IF(ABS($AA676)<SETTINGS!$B$9*2,""LEAN"",IF(OR(SETTINGS!$B$11<>""Y"",$AI676<>""READY"",ABS($AA676)<SETTINGS!$B$10*2,$AF676<>"""",$AG676<>""""),""INVESTIGATE"",""BET""))))","=IF($AA676="""","""",IF(ABS($AA676)<SETTINGS!$B$33,"""",IF(ABS($AA676)<SETTINGS!$B$34,""LEAN"",IF(OR(SETTINGS!$B$11<>""Y"",$AI676<>""READY"",ABS($AA676)<SETTINGS!$B$26,$AF676<>"""",$AG676<>""""),""INVESTIGATE"",""BET""))))"
ENGINE,AB677,677,28,"=IF($AA677="""","""",IF(ABS($AA677)<SETTINGS!$B$8*2,"""",IF(ABS($AA677)<SETTINGS!$B$9*2,""LEAN"",IF(OR(SETTINGS!$B$11<>""Y"",$AI677<>""READY"",ABS($AA677)<SETTINGS!$B$10*2,$AF677<>"""",$AG677<>""""),""INVESTIGATE"",""BET""))))","=IF($AA677="""","""",IF(ABS($AA677)<SETTINGS!$B$33,"""",IF(ABS($AA677)<SETTINGS!$B$34,""LEAN"",IF(OR(SETTINGS!$B$11<>""Y"",$AI677<>""READY"",ABS($AA677)<SETTINGS!$B$26,$AF677<>"""",$AG677<>""""),""INVESTIGATE"",""BET""))))"
ENGINE,AB678,678,28,"=IF($AA678="""","""",IF(ABS($AA678)<SETTINGS!$B$8*2,"""",IF(ABS($AA678)<SETTINGS!$B$9*2,""LEAN"",IF(OR(SETTINGS!$B$11<>""Y"",$AI678<>""READY"",ABS($AA678)<SETTINGS!$B$10*2,$AF678<>"""",$AG678<>""""),""INVESTIGATE"",""BET""))))","=IF($AA678="""","""",IF(ABS($AA678)<SETTINGS!$B$33,"""",IF(ABS($AA678)<SETTINGS!$B$34,""LEAN"",IF(OR(SETTINGS!$B$11<>""Y"",$AI678<>""READY"",ABS($AA678)<SETTINGS!$B$26,$AF678<>"""",$AG678<>""""),""INVESTIGATE"",""BET""))))"
ENGINE,AB679,679,28,"=IF($AA679="""","""",IF(ABS($AA679)<SETTINGS!$B$8*2,"""",IF(ABS($AA679)<SETTINGS!$B$9*2,""LEAN"",IF(OR(SETTINGS!$B$11<>""Y"",$AI679<>""READY"",ABS($AA679)<SETTINGS!$B$10*2,$AF679<>"""",$AG679<>""""),""INVESTIGATE"",""BET""))))","=IF($AA679="""","""",IF(ABS($AA679)<SETTINGS!$B$33,"""",IF(ABS($AA679)<SETTINGS!$B$34,""LEAN"",IF(OR(SETTINGS!$B$11<>""Y"",$AI679<>""READY"",ABS($AA679)<SETTINGS!$B$26,$AF679<>"""",$AG679<>""""),""INVESTIGATE"",""BET""))))"
ENGINE,AB680,680,28,"=IF($AA680="""","""",IF(ABS($AA680)<SETTINGS!$B$8*2,"""",IF(ABS($AA680)<SETTINGS!$B$9*2,""LEAN"",IF(OR(SETTINGS!$B$11<>""Y"",$AI680<>""READY"",ABS($AA680)<SETTINGS!$B$10*2,$AF680<>"""",$AG680<>""""),""INVESTIGATE"",""BET""))))","=IF($AA680="""","""",IF(ABS($AA680)<SETTINGS!$B$33,"""",IF(ABS($AA680)<SETTINGS!$B$34,""LEAN"",IF(OR(SETTINGS!$B$11<>""Y"",$AI680<>""READY"",ABS($AA680)<SETTINGS!$B$26,$AF680<>"""",$AG680<>""""),""INVESTIGATE"",""BET""))))"
ENGINE,AB681,681,28,"=IF($AA681="""","""",IF(ABS($AA681)<SETTINGS!$B$8*2,"""",IF(ABS($AA681)<SETTINGS!$B$9*2,""LEAN"",IF(OR(SETTINGS!$B$11<>""Y"",$AI681<>""READY"",ABS($AA681)<SETTINGS!$B$10*2,$AF681<>"""",$AG681<>""""),""INVESTIGATE"",""BET""))))","=IF($AA681="""","""",IF(ABS($AA681)<SETTINGS!$B$33,"""",IF(ABS($AA681)<SETTINGS!$B$34,""LEAN"",IF(OR(SETTINGS!$B$11<>""Y"",$AI681<>""READY"",ABS($AA681)<SETTINGS!$B$26,$AF681<>"""",$AG681<>""""),""INVESTIGATE"",""BET""))))"
ENGINE,AB682,682,28,"=IF($AA682="""","""",IF(ABS($AA682)<SETTINGS!$B$8*2,"""",IF(ABS($AA682)<SETTINGS!$B$9*2,""LEAN"",IF(OR(SETTINGS!$B$11<>""Y"",$AI682<>""READY"",ABS($AA682)<SETTINGS!$B$10*2,$AF682<>"""",$AG682<>""""),""INVESTIGATE"",""BET""))))","=IF($AA682="""","""",IF(ABS($AA682)<SETTINGS!$B$33,"""",IF(ABS($AA682)<SETTINGS!$B$34,""LEAN"",IF(OR(SETTINGS!$B$11<>""Y"",$AI682<>""READY"",ABS($AA682)<SETTINGS!$B$26,$AF682<>"""",$AG682<>""""),""INVESTIGATE"",""BET""))))"
ENGINE,AB683,683,28,"=IF($AA683="""","""",IF(ABS($AA683)<SETTINGS!$B$8*2,"""",IF(ABS($AA683)<SETTINGS!$B$9*2,""LEAN"",IF(OR(SETTINGS!$B$11<>""Y"",$AI683<>""READY"",ABS($AA683)<SETTINGS!$B$10*2,$AF683<>"""",$AG683<>""""),""INVESTIGATE"",""BET""))))","=IF($AA683="""","""",IF(ABS($AA683)<SETTINGS!$B$33,"""",IF(ABS($AA683)<SETTINGS!$B$34,""LEAN"",IF(OR(SETTINGS!$B$11<>""Y"",$AI683<>""READY"",ABS($AA683)<SETTINGS!$B$26,$AF683<>"""",$AG683<>""""),""INVESTIGATE"",""BET""))))"
ENGINE,AB684,684,28,"=IF($AA684="""","""",IF(ABS($AA684)<SETTINGS!$B$8*2,"""",IF(ABS($AA684)<SETTINGS!$B$9*2,""LEAN"",IF(OR(SETTINGS!$B$11<>""Y"",$AI684<>""READY"",ABS($AA684)<SETTINGS!$B$10*2,$AF684<>"""",$AG684<>""""),""INVESTIGATE"",""BET""))))","=IF($AA684="""","""",IF(ABS($AA684)<SETTINGS!$B$33,"""",IF(ABS($AA684)<SETTINGS!$B$34,""LEAN"",IF(OR(SETTINGS!$B$11<>""Y"",$AI684<>""READY"",ABS($AA684)<SETTINGS!$B$26,$AF684<>"""",$AG684<>""""),""INVESTIGATE"",""BET""))))"
ENGINE,AB685,685,28,"=IF($AA685="""","""",IF(ABS($AA685)<SETTINGS!$B$8*2,"""",IF(ABS($AA685)<SETTINGS!$B$9*2,""LEAN"",IF(OR(SETTINGS!$B$11<>""Y"",$AI685<>""READY"",ABS($AA685)<SETTINGS!$B$10*2,$AF685<>"""",$AG685<>""""),""INVESTIGATE"",""BET""))))","=IF($AA685="""","""",IF(ABS($AA685)<SETTINGS!$B$33,"""",IF(ABS($AA685)<SETTINGS!$B$34,""LEAN"",IF(OR(SETTINGS!$B$11<>""Y"",$AI685<>""READY"",ABS($AA685)<SETTINGS!$B$26,$AF685<>"""",$AG685<>""""),""INVESTIGATE"",""BET""))))"
ENGINE,AB686,686,28,"=IF($AA686="""","""",IF(ABS($AA686)<SETTINGS!$B$8*2,"""",IF(ABS($AA686)<SETTINGS!$B$9*2,""LEAN"",IF(OR(SETTINGS!$B$11<>""Y"",$AI686<>""READY"",ABS($AA686)<SETTINGS!$B$10*2,$AF686<>"""",$AG686<>""""),""INVESTIGATE"",""BET""))))","=IF($AA686="""","""",IF(ABS($AA686)<SETTINGS!$B$33,"""",IF(ABS($AA686)<SETTINGS!$B$34,""LEAN"",IF(OR(SETTINGS!$B$11<>""Y"",$AI686<>""READY"",ABS($AA686)<SETTINGS!$B$26,$AF686<>"""",$AG686<>""""),""INVESTIGATE"",""BET""))))"
ENGINE,AB687,687,28,"=IF($AA687="""","""",IF(ABS($AA687)<SETTINGS!$B$8*2,"""",IF(ABS($AA687)<SETTINGS!$B$9*2,""LEAN"",IF(OR(SETTINGS!$B$11<>""Y"",$AI687<>""READY"",ABS($AA687)<SETTINGS!$B$10*2,$AF687<>"""",$AG687<>""""),""INVESTIGATE"",""BET""))))","=IF($AA687="""","""",IF(ABS($AA687)<SETTINGS!$B$33,"""",IF(ABS($AA687)<SETTINGS!$B$34,""LEAN"",IF(OR(SETTINGS!$B$11<>""Y"",$AI687<>""READY"",ABS($AA687)<SETTINGS!$B$26,$AF687<>"""",$AG687<>""""),""INVESTIGATE"",""BET""))))"
ENGINE,AB688,688,28,"=IF($AA688="""","""",IF(ABS($AA688)<SETTINGS!$B$8*2,"""",IF(ABS($AA688)<SETTINGS!$B$9*2,""LEAN"",IF(OR(SETTINGS!$B$11<>""Y"",$AI688<>""READY"",ABS($AA688)<SETTINGS!$B$10*2,$AF688<>"""",$AG688<>""""),""INVESTIGATE"",""BET""))))","=IF($AA688="""","""",IF(ABS($AA688)<SETTINGS!$B$33,"""",IF(ABS($AA688)<SETTINGS!$B$34,""LEAN"",IF(OR(SETTINGS!$B$11<>""Y"",$AI688<>""READY"",ABS($AA688)<SETTINGS!$B$26,$AF688<>"""",$AG688<>""""),""INVESTIGATE"",""BET""))))"
ENGINE,AB689,689,28,"=IF($AA689="""","""",IF(ABS($AA689)<SETTINGS!$B$8*2,"""",IF(ABS($AA689)<SETTINGS!$B$9*2,""LEAN"",IF(OR(SETTINGS!$B$11<>""Y"",$AI689<>""READY"",ABS($AA689)<SETTINGS!$B$10*2,$AF689<>"""",$AG689<>""""),""INVESTIGATE"",""BET""))))","=IF($AA689="""","""",IF(ABS($AA689)<SETTINGS!$B$33,"""",IF(ABS($AA689)<SETTINGS!$B$34,""LEAN"",IF(OR(SETTINGS!$B$11<>""Y"",$AI689<>""READY"",ABS($AA689)<SETTINGS!$B$26,$AF689<>"""",$AG689<>""""),""INVESTIGATE"",""BET""))))"
ENGINE,AB690,690,28,"=IF($AA690="""","""",IF(ABS($AA690)<SETTINGS!$B$8*2,"""",IF(ABS($AA690)<SETTINGS!$B$9*2,""LEAN"",IF(OR(SETTINGS!$B$11<>""Y"",$AI690<>""READY"",ABS($AA690)<SETTINGS!$B$10*2,$AF690<>"""",$AG690<>""""),""INVESTIGATE"",""BET""))))","=IF($AA690="""","""",IF(ABS($AA690)<SETTINGS!$B$33,"""",IF(ABS($AA690)<SETTINGS!$B$34,""LEAN"",IF(OR(SETTINGS!$B$11<>""Y"",$AI690<>""READY"",ABS($AA690)<SETTINGS!$B$26,$AF690<>"""",$AG690<>""""),""INVESTIGATE"",""BET""))))"
ENGINE,AB691,691,28,"=IF($AA691="""","""",IF(ABS($AA691)<SETTINGS!$B$8*2,"""",IF(ABS($AA691)<SETTINGS!$B$9*2,""LEAN"",IF(OR(SETTINGS!$B$11<>""Y"",$AI691<>""READY"",ABS($AA691)<SETTINGS!$B$10*2,$AF691<>"""",$AG691<>""""),""INVESTIGATE"",""BET""))))","=IF($AA691="""","""",IF(ABS($AA691)<SETTINGS!$B$33,"""",IF(ABS($AA691)<SETTINGS!$B$34,""LEAN"",IF(OR(SETTINGS!$B$11<>""Y"",$AI691<>""READY"",ABS($AA691)<SETTINGS!$B$26,$AF691<>"""",$AG691<>""""),""INVESTIGATE"",""BET""))))"
ENGINE,AB692,692,28,"=IF($AA692="""","""",IF(ABS($AA692)<SETTINGS!$B$8*2,"""",IF(ABS($AA692)<SETTINGS!$B$9*2,""LEAN"",IF(OR(SETTINGS!$B$11<>""Y"",$AI692<>""READY"",ABS($AA692)<SETTINGS!$B$10*2,$AF692<>"""",$AG692<>""""),""INVESTIGATE"",""BET""))))","=IF($AA692="""","""",IF(ABS($AA692)<SETTINGS!$B$33,"""",IF(ABS($AA692)<SETTINGS!$B$34,""LEAN"",IF(OR(SETTINGS!$B$11<>""Y"",$AI692<>""READY"",ABS($AA692)<SETTINGS!$B$26,$AF692<>"""",$AG692<>""""),""INVESTIGATE"",""BET""))))"
ENGINE,AB693,693,28,"=IF($AA693="""","""",IF(ABS($AA693)<SETTINGS!$B$8*2,"""",IF(ABS($AA693)<SETTINGS!$B$9*2,""LEAN"",IF(OR(SETTINGS!$B$11<>""Y"",$AI693<>""READY"",ABS($AA693)<SETTINGS!$B$10*2,$AF693<>"""",$AG693<>""""),""INVESTIGATE"",""BET""))))","=IF($AA693="""","""",IF(ABS($AA693)<SETTINGS!$B$33,"""",IF(ABS($AA693)<SETTINGS!$B$34,""LEAN"",IF(OR(SETTINGS!$B$11<>""Y"",$AI693<>""READY"",ABS($AA693)<SETTINGS!$B$26,$AF693<>"""",$AG693<>""""),""INVESTIGATE"",""BET""))))"
ENGINE,AB694,694,28,"=IF($AA694="""","""",IF(ABS($AA694)<SETTINGS!$B$8*2,"""",IF(ABS($AA694)<SETTINGS!$B$9*2,""LEAN"",IF(OR(SETTINGS!$B$11<>""Y"",$AI694<>""READY"",ABS($AA694)<SETTINGS!$B$10*2,$AF694<>"""",$AG694<>""""),""INVESTIGATE"",""BET""))))","=IF($AA694="""","""",IF(ABS($AA694)<SETTINGS!$B$33,"""",IF(ABS($AA694)<SETTINGS!$B$34,""LEAN"",IF(OR(SETTINGS!$B$11<>""Y"",$AI694<>""READY"",ABS($AA694)<SETTINGS!$B$26,$AF694<>"""",$AG694<>""""),""INVESTIGATE"",""BET""))))"
ENGINE,AB695,695,28,"=IF($AA695="""","""",IF(ABS($AA695)<SETTINGS!$B$8*2,"""",IF(ABS($AA695)<SETTINGS!$B$9*2,""LEAN"",IF(OR(SETTINGS!$B$11<>""Y"",$AI695<>""READY"",ABS($AA695)<SETTINGS!$B$10*2,$AF695<>"""",$AG695<>""""),""INVESTIGATE"",""BET""))))","=IF($AA695="""","""",IF(ABS($AA695)<SETTINGS!$B$33,"""",IF(ABS($AA695)<SETTINGS!$B$34,""LEAN"",IF(OR(SETTINGS!$B$11<>""Y"",$AI695<>""READY"",ABS($AA695)<SETTINGS!$B$26,$AF695<>"""",$AG695<>""""),""INVESTIGATE"",""BET""))))"
ENGINE,AB696,696,28,"=IF($AA696="""","""",IF(ABS($AA696)<SETTINGS!$B$8*2,"""",IF(ABS($AA696)<SETTINGS!$B$9*2,""LEAN"",IF(OR(SETTINGS!$B$11<>""Y"",$AI696<>""READY"",ABS($AA696)<SETTINGS!$B$10*2,$AF696<>"""",$AG696<>""""),""INVESTIGATE"",""BET""))))","=IF($AA696="""","""",IF(ABS($AA696)<SETTINGS!$B$33,"""",IF(ABS($AA696)<SETTINGS!$B$34,""LEAN"",IF(OR(SETTINGS!$B$11<>""Y"",$AI696<>""READY"",ABS($AA696)<SETTINGS!$B$26,$AF696<>"""",$AG696<>""""),""INVESTIGATE"",""BET""))))"
ENGINE,AB697,697,28,"=IF($AA697="""","""",IF(ABS($AA697)<SETTINGS!$B$8*2,"""",IF(ABS($AA697)<SETTINGS!$B$9*2,""LEAN"",IF(OR(SETTINGS!$B$11<>""Y"",$AI697<>""READY"",ABS($AA697)<SETTINGS!$B$10*2,$AF697<>"""",$AG697<>""""),""INVESTIGATE"",""BET""))))","=IF($AA697="""","""",IF(ABS($AA697)<SETTINGS!$B$33,"""",IF(ABS($AA697)<SETTINGS!$B$34,""LEAN"",IF(OR(SETTINGS!$B$11<>""Y"",$AI697<>""READY"",ABS($AA697)<SETTINGS!$B$26,$AF697<>"""",$AG697<>""""),""INVESTIGATE"",""BET""))))"
ENGINE,AB698,698,28,"=IF($AA698="""","""",IF(ABS($AA698)<SETTINGS!$B$8*2,"""",IF(ABS($AA698)<SETTINGS!$B$9*2,""LEAN"",IF(OR(SETTINGS!$B$11<>""Y"",$AI698<>""READY"",ABS($AA698)<SETTINGS!$B$10*2,$AF698<>"""",$AG698<>""""),""INVESTIGATE"",""BET""))))","=IF($AA698="""","""",IF(ABS($AA698)<SETTINGS!$B$33,"""",IF(ABS($AA698)<SETTINGS!$B$34,""LEAN"",IF(OR(SETTINGS!$B$11<>""Y"",$AI698<>""READY"",ABS($AA698)<SETTINGS!$B$26,$AF698<>"""",$AG698<>""""),""INVESTIGATE"",""BET""))))"
ENGINE,AB699,699,28,"=IF($AA699="""","""",IF(ABS($AA699)<SETTINGS!$B$8*2,"""",IF(ABS($AA699)<SETTINGS!$B$9*2,""LEAN"",IF(OR(SETTINGS!$B$11<>""Y"",$AI699<>""READY"",ABS($AA699)<SETTINGS!$B$10*2,$AF699<>"""",$AG699<>""""),""INVESTIGATE"",""BET""))))","=IF($AA699="""","""",IF(ABS($AA699)<SETTINGS!$B$33,"""",IF(ABS($AA699)<SETTINGS!$B$34,""LEAN"",IF(OR(SETTINGS!$B$11<>""Y"",$AI699<>""READY"",ABS($AA699)<SETTINGS!$B$26,$AF699<>"""",$AG699<>""""),""INVESTIGATE"",""BET""))))"
ENGINE,AB700,700,28,"=IF($AA700="""","""",IF(ABS($AA700)<SETTINGS!$B$8*2,"""",IF(ABS($AA700)<SETTINGS!$B$9*2,""LEAN"",IF(OR(SETTINGS!$B$11<>""Y"",$AI700<>""READY"",ABS($AA700)<SETTINGS!$B$10*2,$AF700<>"""",$AG700<>""""),""INVESTIGATE"",""BET""))))","=IF($AA700="""","""",IF(ABS($AA700)<SETTINGS!$B$33,"""",IF(ABS($AA700)<SETTINGS!$B$34,""LEAN"",IF(OR(SETTINGS!$B$11<>""Y"",$AI700<>""READY"",ABS($AA700)<SETTINGS!$B$26,$AF700<>"""",$AG700<>""""),""INVESTIGATE"",""BET""))))"
ENGINE,AB701,701,28,"=IF($AA701="""","""",IF(ABS($AA701)<SETTINGS!$B$8*2,"""",IF(ABS($AA701)<SETTINGS!$B$9*2,""LEAN"",IF(OR(SETTINGS!$B$11<>""Y"",$AI701<>""READY"",ABS($AA701)<SETTINGS!$B$10*2,$AF701<>"""",$AG701<>""""),""INVESTIGATE"",""BET""))))","=IF($AA701="""","""",IF(ABS($AA701)<SETTINGS!$B$33,"""",IF(ABS($AA701)<SETTINGS!$B$34,""LEAN"",IF(OR(SETTINGS!$B$11<>""Y"",$AI701<>""READY"",ABS($AA701)<SETTINGS!$B$26,$AF701<>"""",$AG701<>""""),""INVESTIGATE"",""BET""))))"
ENGINE,AB702,702,28,"=IF($AA702="""","""",IF(ABS($AA702)<SETTINGS!$B$8*2,"""",IF(ABS($AA702)<SETTINGS!$B$9*2,""LEAN"",IF(OR(SETTINGS!$B$11<>""Y"",$AI702<>""READY"",ABS($AA702)<SETTINGS!$B$10*2,$AF702<>"""",$AG702<>""""),""INVESTIGATE"",""BET""))))","=IF($AA702="""","""",IF(ABS($AA702)<SETTINGS!$B$33,"""",IF(ABS($AA702)<SETTINGS!$B$34,""LEAN"",IF(OR(SETTINGS!$B$11<>""Y"",$AI702<>""READY"",ABS($AA702)<SETTINGS!$B$26,$AF702<>"""",$AG702<>""""),""INVESTIGATE"",""BET""))))"
ENGINE,AB703,703,28,"=IF($AA703="""","""",IF(ABS($AA703)<SETTINGS!$B$8*2,"""",IF(ABS($AA703)<SETTINGS!$B$9*2,""LEAN"",IF(OR(SETTINGS!$B$11<>""Y"",$AI703<>""READY"",ABS($AA703)<SETTINGS!$B$10*2,$AF703<>"""",$AG703<>""""),""INVESTIGATE"",""BET""))))","=IF($AA703="""","""",IF(ABS($AA703)<SETTINGS!$B$33,"""",IF(ABS($AA703)<SETTINGS!$B$34,""LEAN"",IF(OR(SETTINGS!$B$11<>""Y"",$AI703<>""READY"",ABS($AA703)<SETTINGS!$B$26,$AF703<>"""",$AG703<>""""),""INVESTIGATE"",""BET""))))"
ENGINE,AB704,704,28,"=IF($AA704="""","""",IF(ABS($AA704)<SETTINGS!$B$8*2,"""",IF(ABS($AA704)<SETTINGS!$B$9*2,""LEAN"",IF(OR(SETTINGS!$B$11<>""Y"",$AI704<>""READY"",ABS($AA704)<SETTINGS!$B$10*2,$AF704<>"""",$AG704<>""""),""INVESTIGATE"",""BET""))))","=IF($AA704="""","""",IF(ABS($AA704)<SETTINGS!$B$33,"""",IF(ABS($AA704)<SETTINGS!$B$34,""LEAN"",IF(OR(SETTINGS!$B$11<>""Y"",$AI704<>""READY"",ABS($AA704)<SETTINGS!$B$26,$AF704<>"""",$AG704<>""""),""INVESTIGATE"",""BET""))))"
ENGINE,AB705,705,28,"=IF($AA705="""","""",IF(ABS($AA705)<SETTINGS!$B$8*2,"""",IF(ABS($AA705)<SETTINGS!$B$9*2,""LEAN"",IF(OR(SETTINGS!$B$11<>""Y"",$AI705<>""READY"",ABS($AA705)<SETTINGS!$B$10*2,$AF705<>"""",$AG705<>""""),""INVESTIGATE"",""BET""))))","=IF($AA705="""","""",IF(ABS($AA705)<SETTINGS!$B$33,"""",IF(ABS($AA705)<SETTINGS!$B$34,""LEAN"",IF(OR(SETTINGS!$B$11<>""Y"",$AI705<>""READY"",ABS($AA705)<SETTINGS!$B$26,$AF705<>"""",$AG705<>""""),""INVESTIGATE"",""BET""))))"
ENGINE,AB706,706,28,"=IF($AA706="""","""",IF(ABS($AA706)<SETTINGS!$B$8*2,"""",IF(ABS($AA706)<SETTINGS!$B$9*2,""LEAN"",IF(OR(SETTINGS!$B$11<>""Y"",$AI706<>""READY"",ABS($AA706)<SETTINGS!$B$10*2,$AF706<>"""",$AG706<>""""),""INVESTIGATE"",""BET""))))","=IF($AA706="""","""",IF(ABS($AA706)<SETTINGS!$B$33,"""",IF(ABS($AA706)<SETTINGS!$B$34,""LEAN"",IF(OR(SETTINGS!$B$11<>""Y"",$AI706<>""READY"",ABS($AA706)<SETTINGS!$B$26,$AF706<>"""",$AG706<>""""),""INVESTIGATE"",""BET""))))"
ENGINE,AB707,707,28,"=IF($AA707="""","""",IF(ABS($AA707)<SETTINGS!$B$8*2,"""",IF(ABS($AA707)<SETTINGS!$B$9*2,""LEAN"",IF(OR(SETTINGS!$B$11<>""Y"",$AI707<>""READY"",ABS($AA707)<SETTINGS!$B$10*2,$AF707<>"""",$AG707<>""""),""INVESTIGATE"",""BET""))))","=IF($AA707="""","""",IF(ABS($AA707)<SETTINGS!$B$33,"""",IF(ABS($AA707)<SETTINGS!$B$34,""LEAN"",IF(OR(SETTINGS!$B$11<>""Y"",$AI707<>""READY"",ABS($AA707)<SETTINGS!$B$26,$AF707<>"""",$AG707<>""""),""INVESTIGATE"",""BET""))))"
ENGINE,AB708,708,28,"=IF($AA708="""","""",IF(ABS($AA708)<SETTINGS!$B$8*2,"""",IF(ABS($AA708)<SETTINGS!$B$9*2,""LEAN"",IF(OR(SETTINGS!$B$11<>""Y"",$AI708<>""READY"",ABS($AA708)<SETTINGS!$B$10*2,$AF708<>"""",$AG708<>""""),""INVESTIGATE"",""BET""))))","=IF($AA708="""","""",IF(ABS($AA708)<SETTINGS!$B$33,"""",IF(ABS($AA708)<SETTINGS!$B$34,""LEAN"",IF(OR(SETTINGS!$B$11<>""Y"",$AI708<>""READY"",ABS($AA708)<SETTINGS!$B$26,$AF708<>"""",$AG708<>""""),""INVESTIGATE"",""BET""))))"
ENGINE,AB709,709,28,"=IF($AA709="""","""",IF(ABS($AA709)<SETTINGS!$B$8*2,"""",IF(ABS($AA709)<SETTINGS!$B$9*2,""LEAN"",IF(OR(SETTINGS!$B$11<>""Y"",$AI709<>""READY"",ABS($AA709)<SETTINGS!$B$10*2,$AF709<>"""",$AG709<>""""),""INVESTIGATE"",""BET""))))","=IF($AA709="""","""",IF(ABS($AA709)<SETTINGS!$B$33,"""",IF(ABS($AA709)<SETTINGS!$B$34,""LEAN"",IF(OR(SETTINGS!$B$11<>""Y"",$AI709<>""READY"",ABS($AA709)<SETTINGS!$B$26,$AF709<>"""",$AG709<>""""),""INVESTIGATE"",""BET""))))"
ENGINE,AB710,710,28,"=IF($AA710="""","""",IF(ABS($AA710)<SETTINGS!$B$8*2,"""",IF(ABS($AA710)<SETTINGS!$B$9*2,""LEAN"",IF(OR(SETTINGS!$B$11<>""Y"",$AI710<>""READY"",ABS($AA710)<SETTINGS!$B$10*2,$AF710<>"""",$AG710<>""""),""INVESTIGATE"",""BET""))))","=IF($AA710="""","""",IF(ABS($AA710)<SETTINGS!$B$33,"""",IF(ABS($AA710)<SETTINGS!$B$34,""LEAN"",IF(OR(SETTINGS!$B$11<>""Y"",$AI710<>""READY"",ABS($AA710)<SETTINGS!$B$26,$AF710<>"""",$AG710<>""""),""INVESTIGATE"",""BET""))))"
ENGINE,AB711,711,28,"=IF($AA711="""","""",IF(ABS($AA711)<SETTINGS!$B$8*2,"""",IF(ABS($AA711)<SETTINGS!$B$9*2,""LEAN"",IF(OR(SETTINGS!$B$11<>""Y"",$AI711<>""READY"",ABS($AA711)<SETTINGS!$B$10*2,$AF711<>"""",$AG711<>""""),""INVESTIGATE"",""BET""))))","=IF($AA711="""","""",IF(ABS($AA711)<SETTINGS!$B$33,"""",IF(ABS($AA711)<SETTINGS!$B$34,""LEAN"",IF(OR(SETTINGS!$B$11<>""Y"",$AI711<>""READY"",ABS($AA711)<SETTINGS!$B$26,$AF711<>"""",$AG711<>""""),""INVESTIGATE"",""BET""))))"
ENGINE,AB712,712,28,"=IF($AA712="""","""",IF(ABS($AA712)<SETTINGS!$B$8*2,"""",IF(ABS($AA712)<SETTINGS!$B$9*2,""LEAN"",IF(OR(SETTINGS!$B$11<>""Y"",$AI712<>""READY"",ABS($AA712)<SETTINGS!$B$10*2,$AF712<>"""",$AG712<>""""),""INVESTIGATE"",""BET""))))","=IF($AA712="""","""",IF(ABS($AA712)<SETTINGS!$B$33,"""",IF(ABS($AA712)<SETTINGS!$B$34,""LEAN"",IF(OR(SETTINGS!$B$11<>""Y"",$AI712<>""READY"",ABS($AA712)<SETTINGS!$B$26,$AF712<>"""",$AG712<>""""),""INVESTIGATE"",""BET""))))"
ENGINE,AB713,713,28,"=IF($AA713="""","""",IF(ABS($AA713)<SETTINGS!$B$8*2,"""",IF(ABS($AA713)<SETTINGS!$B$9*2,""LEAN"",IF(OR(SETTINGS!$B$11<>""Y"",$AI713<>""READY"",ABS($AA713)<SETTINGS!$B$10*2,$AF713<>"""",$AG713<>""""),""INVESTIGATE"",""BET""))))","=IF($AA713="""","""",IF(ABS($AA713)<SETTINGS!$B$33,"""",IF(ABS($AA713)<SETTINGS!$B$34,""LEAN"",IF(OR(SETTINGS!$B$11<>""Y"",$AI713<>""READY"",ABS($AA713)<SETTINGS!$B$26,$AF713<>"""",$AG713<>""""),""INVESTIGATE"",""BET""))))"
ENGINE,AB714,714,28,"=IF($AA714="""","""",IF(ABS($AA714)<SETTINGS!$B$8*2,"""",IF(ABS($AA714)<SETTINGS!$B$9*2,""LEAN"",IF(OR(SETTINGS!$B$11<>""Y"",$AI714<>""READY"",ABS($AA714)<SETTINGS!$B$10*2,$AF714<>"""",$AG714<>""""),""INVESTIGATE"",""BET""))))","=IF($AA714="""","""",IF(ABS($AA714)<SETTINGS!$B$33,"""",IF(ABS($AA714)<SETTINGS!$B$34,""LEAN"",IF(OR(SETTINGS!$B$11<>""Y"",$AI714<>""READY"",ABS($AA714)<SETTINGS!$B$26,$AF714<>"""",$AG714<>""""),""INVESTIGATE"",""BET""))))"
ENGINE,AB715,715,28,"=IF($AA715="""","""",IF(ABS($AA715)<SETTINGS!$B$8*2,"""",IF(ABS($AA715)<SETTINGS!$B$9*2,""LEAN"",IF(OR(SETTINGS!$B$11<>""Y"",$AI715<>""READY"",ABS($AA715)<SETTINGS!$B$10*2,$AF715<>"""",$AG715<>""""),""INVESTIGATE"",""BET""))))","=IF($AA715="""","""",IF(ABS($AA715)<SETTINGS!$B$33,"""",IF(ABS($AA715)<SETTINGS!$B$34,""LEAN"",IF(OR(SETTINGS!$B$11<>""Y"",$AI715<>""READY"",ABS($AA715)<SETTINGS!$B$26,$AF715<>"""",$AG715<>""""),""INVESTIGATE"",""BET""))))"
ENGINE,AB716,716,28,"=IF($AA716="""","""",IF(ABS($AA716)<SETTINGS!$B$8*2,"""",IF(ABS($AA716)<SETTINGS!$B$9*2,""LEAN"",IF(OR(SETTINGS!$B$11<>""Y"",$AI716<>""READY"",ABS($AA716)<SETTINGS!$B$10*2,$AF716<>"""",$AG716<>""""),""INVESTIGATE"",""BET""))))","=IF($AA716="""","""",IF(ABS($AA716)<SETTINGS!$B$33,"""",IF(ABS($AA716)<SETTINGS!$B$34,""LEAN"",IF(OR(SETTINGS!$B$11<>""Y"",$AI716<>""READY"",ABS($AA716)<SETTINGS!$B$26,$AF716<>"""",$AG716<>""""),""INVESTIGATE"",""BET""))))"
ENGINE,AB717,717,28,"=IF($AA717="""","""",IF(ABS($AA717)<SETTINGS!$B$8*2,"""",IF(ABS($AA717)<SETTINGS!$B$9*2,""LEAN"",IF(OR(SETTINGS!$B$11<>""Y"",$AI717<>""READY"",ABS($AA717)<SETTINGS!$B$10*2,$AF717<>"""",$AG717<>""""),""INVESTIGATE"",""BET""))))","=IF($AA717="""","""",IF(ABS($AA717)<SETTINGS!$B$33,"""",IF(ABS($AA717)<SETTINGS!$B$34,""LEAN"",IF(OR(SETTINGS!$B$11<>""Y"",$AI717<>""READY"",ABS($AA717)<SETTINGS!$B$26,$AF717<>"""",$AG717<>""""),""INVESTIGATE"",""BET""))))"
ENGINE,AB718,718,28,"=IF($AA718="""","""",IF(ABS($AA718)<SETTINGS!$B$8*2,"""",IF(ABS($AA718)<SETTINGS!$B$9*2,""LEAN"",IF(OR(SETTINGS!$B$11<>""Y"",$AI718<>""READY"",ABS($AA718)<SETTINGS!$B$10*2,$AF718<>"""",$AG718<>""""),""INVESTIGATE"",""BET""))))","=IF($AA718="""","""",IF(ABS($AA718)<SETTINGS!$B$33,"""",IF(ABS($AA718)<SETTINGS!$B$34,""LEAN"",IF(OR(SETTINGS!$B$11<>""Y"",$AI718<>""READY"",ABS($AA718)<SETTINGS!$B$26,$AF718<>"""",$AG718<>""""),""INVESTIGATE"",""BET""))))"
ENGINE,AB719,719,28,"=IF($AA719="""","""",IF(ABS($AA719)<SETTINGS!$B$8*2,"""",IF(ABS($AA719)<SETTINGS!$B$9*2,""LEAN"",IF(OR(SETTINGS!$B$11<>""Y"",$AI719<>""READY"",ABS($AA719)<SETTINGS!$B$10*2,$AF719<>"""",$AG719<>""""),""INVESTIGATE"",""BET""))))","=IF($AA719="""","""",IF(ABS($AA719)<SETTINGS!$B$33,"""",IF(ABS($AA719)<SETTINGS!$B$34,""LEAN"",IF(OR(SETTINGS!$B$11<>""Y"",$AI719<>""READY"",ABS($AA719)<SETTINGS!$B$26,$AF719<>"""",$AG719<>""""),""INVESTIGATE"",""BET""))))"
ENGINE,AB720,720,28,"=IF($AA720="""","""",IF(ABS($AA720)<SETTINGS!$B$8*2,"""",IF(ABS($AA720)<SETTINGS!$B$9*2,""LEAN"",IF(OR(SETTINGS!$B$11<>""Y"",$AI720<>""READY"",ABS($AA720)<SETTINGS!$B$10*2,$AF720<>"""",$AG720<>""""),""INVESTIGATE"",""BET""))))","=IF($AA720="""","""",IF(ABS($AA720)<SETTINGS!$B$33,"""",IF(ABS($AA720)<SETTINGS!$B$34,""LEAN"",IF(OR(SETTINGS!$B$11<>""Y"",$AI720<>""READY"",ABS($AA720)<SETTINGS!$B$26,$AF720<>"""",$AG720<>""""),""INVESTIGATE"",""BET""))))"
ENGINE,AB721,721,28,"=IF($AA721="""","""",IF(ABS($AA721)<SETTINGS!$B$8*2,"""",IF(ABS($AA721)<SETTINGS!$B$9*2,""LEAN"",IF(OR(SETTINGS!$B$11<>""Y"",$AI721<>""READY"",ABS($AA721)<SETTINGS!$B$10*2,$AF721<>"""",$AG721<>""""),""INVESTIGATE"",""BET""))))","=IF($AA721="""","""",IF(ABS($AA721)<SETTINGS!$B$33,"""",IF(ABS($AA721)<SETTINGS!$B$34,""LEAN"",IF(OR(SETTINGS!$B$11<>""Y"",$AI721<>""READY"",ABS($AA721)<SETTINGS!$B$26,$AF721<>"""",$AG721<>""""),""INVESTIGATE"",""BET""))))"
ENGINE,AB722,722,28,"=IF($AA722="""","""",IF(ABS($AA722)<SETTINGS!$B$8*2,"""",IF(ABS($AA722)<SETTINGS!$B$9*2,""LEAN"",IF(OR(SETTINGS!$B$11<>""Y"",$AI722<>""READY"",ABS($AA722)<SETTINGS!$B$10*2,$AF722<>"""",$AG722<>""""),""INVESTIGATE"",""BET""))))","=IF($AA722="""","""",IF(ABS($AA722)<SETTINGS!$B$33,"""",IF(ABS($AA722)<SETTINGS!$B$34,""LEAN"",IF(OR(SETTINGS!$B$11<>""Y"",$AI722<>""READY"",ABS($AA722)<SETTINGS!$B$26,$AF722<>"""",$AG722<>""""),""INVESTIGATE"",""BET""))))"
ENGINE,AB723,723,28,"=IF($AA723="""","""",IF(ABS($AA723)<SETTINGS!$B$8*2,"""",IF(ABS($AA723)<SETTINGS!$B$9*2,""LEAN"",IF(OR(SETTINGS!$B$11<>""Y"",$AI723<>""READY"",ABS($AA723)<SETTINGS!$B$10*2,$AF723<>"""",$AG723<>""""),""INVESTIGATE"",""BET""))))","=IF($AA723="""","""",IF(ABS($AA723)<SETTINGS!$B$33,"""",IF(ABS($AA723)<SETTINGS!$B$34,""LEAN"",IF(OR(SETTINGS!$B$11<>""Y"",$AI723<>""READY"",ABS($AA723)<SETTINGS!$B$26,$AF723<>"""",$AG723<>""""),""INVESTIGATE"",""BET""))))"
ENGINE,AB724,724,28,"=IF($AA724="""","""",IF(ABS($AA724)<SETTINGS!$B$8*2,"""",IF(ABS($AA724)<SETTINGS!$B$9*2,""LEAN"",IF(OR(SETTINGS!$B$11<>""Y"",$AI724<>""READY"",ABS($AA724)<SETTINGS!$B$10*2,$AF724<>"""",$AG724<>""""),""INVESTIGATE"",""BET""))))","=IF($AA724="""","""",IF(ABS($AA724)<SETTINGS!$B$33,"""",IF(ABS($AA724)<SETTINGS!$B$34,""LEAN"",IF(OR(SETTINGS!$B$11<>""Y"",$AI724<>""READY"",ABS($AA724)<SETTINGS!$B$26,$AF724<>"""",$AG724<>""""),""INVESTIGATE"",""BET""))))"
ENGINE,AB725,725,28,"=IF($AA725="""","""",IF(ABS($AA725)<SETTINGS!$B$8*2,"""",IF(ABS($AA725)<SETTINGS!$B$9*2,""LEAN"",IF(OR(SETTINGS!$B$11<>""Y"",$AI725<>""READY"",ABS($AA725)<SETTINGS!$B$10*2,$AF725<>"""",$AG725<>""""),""INVESTIGATE"",""BET""))))","=IF($AA725="""","""",IF(ABS($AA725)<SETTINGS!$B$33,"""",IF(ABS($AA725)<SETTINGS!$B$34,""LEAN"",IF(OR(SETTINGS!$B$11<>""Y"",$AI725<>""READY"",ABS($AA725)<SETTINGS!$B$26,$AF725<>"""",$AG725<>""""),""INVESTIGATE"",""BET""))))"
ENGINE,AB726,726,28,"=IF($AA726="""","""",IF(ABS($AA726)<SETTINGS!$B$8*2,"""",IF(ABS($AA726)<SETTINGS!$B$9*2,""LEAN"",IF(OR(SETTINGS!$B$11<>""Y"",$AI726<>""READY"",ABS($AA726)<SETTINGS!$B$10*2,$AF726<>"""",$AG726<>""""),""INVESTIGATE"",""BET""))))","=IF($AA726="""","""",IF(ABS($AA726)<SETTINGS!$B$33,"""",IF(ABS($AA726)<SETTINGS!$B$34,""LEAN"",IF(OR(SETTINGS!$B$11<>""Y"",$AI726<>""READY"",ABS($AA726)<SETTINGS!$B$26,$AF726<>"""",$AG726<>""""),""INVESTIGATE"",""BET""))))"
ENGINE,AB727,727,28,"=IF($AA727="""","""",IF(ABS($AA727)<SETTINGS!$B$8*2,"""",IF(ABS($AA727)<SETTINGS!$B$9*2,""LEAN"",IF(OR(SETTINGS!$B$11<>""Y"",$AI727<>""READY"",ABS($AA727)<SETTINGS!$B$10*2,$AF727<>"""",$AG727<>""""),""INVESTIGATE"",""BET""))))","=IF($AA727="""","""",IF(ABS($AA727)<SETTINGS!$B$33,"""",IF(ABS($AA727)<SETTINGS!$B$34,""LEAN"",IF(OR(SETTINGS!$B$11<>""Y"",$AI727<>""READY"",ABS($AA727)<SETTINGS!$B$26,$AF727<>"""",$AG727<>""""),""INVESTIGATE"",""BET""))))"
ENGINE,AB728,728,28,"=IF($AA728="""","""",IF(ABS($AA728)<SETTINGS!$B$8*2,"""",IF(ABS($AA728)<SETTINGS!$B$9*2,""LEAN"",IF(OR(SETTINGS!$B$11<>""Y"",$AI728<>""READY"",ABS($AA728)<SETTINGS!$B$10*2,$AF728<>"""",$AG728<>""""),""INVESTIGATE"",""BET""))))","=IF($AA728="""","""",IF(ABS($AA728)<SETTINGS!$B$33,"""",IF(ABS($AA728)<SETTINGS!$B$34,""LEAN"",IF(OR(SETTINGS!$B$11<>""Y"",$AI728<>""READY"",ABS($AA728)<SETTINGS!$B$26,$AF728<>"""",$AG728<>""""),""INVESTIGATE"",""BET""))))"
ENGINE,AB729,729,28,"=IF($AA729="""","""",IF(ABS($AA729)<SETTINGS!$B$8*2,"""",IF(ABS($AA729)<SETTINGS!$B$9*2,""LEAN"",IF(OR(SETTINGS!$B$11<>""Y"",$AI729<>""READY"",ABS($AA729)<SETTINGS!$B$10*2,$AF729<>"""",$AG729<>""""),""INVESTIGATE"",""BET""))))","=IF($AA729="""","""",IF(ABS($AA729)<SETTINGS!$B$33,"""",IF(ABS($AA729)<SETTINGS!$B$34,""LEAN"",IF(OR(SETTINGS!$B$11<>""Y"",$AI729<>""READY"",ABS($AA729)<SETTINGS!$B$26,$AF729<>"""",$AG729<>""""),""INVESTIGATE"",""BET""))))"
ENGINE,AB730,730,28,"=IF($AA730="""","""",IF(ABS($AA730)<SETTINGS!$B$8*2,"""",IF(ABS($AA730)<SETTINGS!$B$9*2,""LEAN"",IF(OR(SETTINGS!$B$11<>""Y"",$AI730<>""READY"",ABS($AA730)<SETTINGS!$B$10*2,$AF730<>"""",$AG730<>""""),""INVESTIGATE"",""BET""))))","=IF($AA730="""","""",IF(ABS($AA730)<SETTINGS!$B$33,"""",IF(ABS($AA730)<SETTINGS!$B$34,""LEAN"",IF(OR(SETTINGS!$B$11<>""Y"",$AI730<>""READY"",ABS($AA730)<SETTINGS!$B$26,$AF730<>"""",$AG730<>""""),""INVESTIGATE"",""BET""))))"
ENGINE,AB731,731,28,"=IF($AA731="""","""",IF(ABS($AA731)<SETTINGS!$B$8*2,"""",IF(ABS($AA731)<SETTINGS!$B$9*2,""LEAN"",IF(OR(SETTINGS!$B$11<>""Y"",$AI731<>""READY"",ABS($AA731)<SETTINGS!$B$10*2,$AF731<>"""",$AG731<>""""),""INVESTIGATE"",""BET""))))","=IF($AA731="""","""",IF(ABS($AA731)<SETTINGS!$B$33,"""",IF(ABS($AA731)<SETTINGS!$B$34,""LEAN"",IF(OR(SETTINGS!$B$11<>""Y"",$AI731<>""READY"",ABS($AA731)<SETTINGS!$B$26,$AF731<>"""",$AG731<>""""),""INVESTIGATE"",""BET""))))"
ENGINE,AB732,732,28,"=IF($AA732="""","""",IF(ABS($AA732)<SETTINGS!$B$8*2,"""",IF(ABS($AA732)<SETTINGS!$B$9*2,""LEAN"",IF(OR(SETTINGS!$B$11<>""Y"",$AI732<>""READY"",ABS($AA732)<SETTINGS!$B$10*2,$AF732<>"""",$AG732<>""""),""INVESTIGATE"",""BET""))))","=IF($AA732="""","""",IF(ABS($AA732)<SETTINGS!$B$33,"""",IF(ABS($AA732)<SETTINGS!$B$34,""LEAN"",IF(OR(SETTINGS!$B$11<>""Y"",$AI732<>""READY"",ABS($AA732)<SETTINGS!$B$26,$AF732<>"""",$AG732<>""""),""INVESTIGATE"",""BET""))))"
ENGINE,AB733,733,28,"=IF($AA733="""","""",IF(ABS($AA733)<SETTINGS!$B$8*2,"""",IF(ABS($AA733)<SETTINGS!$B$9*2,""LEAN"",IF(OR(SETTINGS!$B$11<>""Y"",$AI733<>""READY"",ABS($AA733)<SETTINGS!$B$10*2,$AF733<>"""",$AG733<>""""),""INVESTIGATE"",""BET""))))","=IF($AA733="""","""",IF(ABS($AA733)<SETTINGS!$B$33,"""",IF(ABS($AA733)<SETTINGS!$B$34,""LEAN"",IF(OR(SETTINGS!$B$11<>""Y"",$AI733<>""READY"",ABS($AA733)<SETTINGS!$B$26,$AF733<>"""",$AG733<>""""),""INVESTIGATE"",""BET""))))"
ENGINE,AB734,734,28,"=IF($AA734="""","""",IF(ABS($AA734)<SETTINGS!$B$8*2,"""",IF(ABS($AA734)<SETTINGS!$B$9*2,""LEAN"",IF(OR(SETTINGS!$B$11<>""Y"",$AI734<>""READY"",ABS($AA734)<SETTINGS!$B$10*2,$AF734<>"""",$AG734<>""""),""INVESTIGATE"",""BET""))))","=IF($AA734="""","""",IF(ABS($AA734)<SETTINGS!$B$33,"""",IF(ABS($AA734)<SETTINGS!$B$34,""LEAN"",IF(OR(SETTINGS!$B$11<>""Y"",$AI734<>""READY"",ABS($AA734)<SETTINGS!$B$26,$AF734<>"""",$AG734<>""""),""INVESTIGATE"",""BET""))))"
ENGINE,AB735,735,28,"=IF($AA735="""","""",IF(ABS($AA735)<SETTINGS!$B$8*2,"""",IF(ABS($AA735)<SETTINGS!$B$9*2,""LEAN"",IF(OR(SETTINGS!$B$11<>""Y"",$AI735<>""READY"",ABS($AA735)<SETTINGS!$B$10*2,$AF735<>"""",$AG735<>""""),""INVESTIGATE"",""BET""))))","=IF($AA735="""","""",IF(ABS($AA735)<SETTINGS!$B$33,"""",IF(ABS($AA735)<SETTINGS!$B$34,""LEAN"",IF(OR(SETTINGS!$B$11<>""Y"",$AI735<>""READY"",ABS($AA735)<SETTINGS!$B$26,$AF735<>"""",$AG735<>""""),""INVESTIGATE"",""BET""))))"
ENGINE,AB736,736,28,"=IF($AA736="""","""",IF(ABS($AA736)<SETTINGS!$B$8*2,"""",IF(ABS($AA736)<SETTINGS!$B$9*2,""LEAN"",IF(OR(SETTINGS!$B$11<>""Y"",$AI736<>""READY"",ABS($AA736)<SETTINGS!$B$10*2,$AF736<>"""",$AG736<>""""),""INVESTIGATE"",""BET""))))","=IF($AA736="""","""",IF(ABS($AA736)<SETTINGS!$B$33,"""",IF(ABS($AA736)<SETTINGS!$B$34,""LEAN"",IF(OR(SETTINGS!$B$11<>""Y"",$AI736<>""READY"",ABS($AA736)<SETTINGS!$B$26,$AF736<>"""",$AG736<>""""),""INVESTIGATE"",""BET""))))"
ENGINE,AB737,737,28,"=IF($AA737="""","""",IF(ABS($AA737)<SETTINGS!$B$8*2,"""",IF(ABS($AA737)<SETTINGS!$B$9*2,""LEAN"",IF(OR(SETTINGS!$B$11<>""Y"",$AI737<>""READY"",ABS($AA737)<SETTINGS!$B$10*2,$AF737<>"""",$AG737<>""""),""INVESTIGATE"",""BET""))))","=IF($AA737="""","""",IF(ABS($AA737)<SETTINGS!$B$33,"""",IF(ABS($AA737)<SETTINGS!$B$34,""LEAN"",IF(OR(SETTINGS!$B$11<>""Y"",$AI737<>""READY"",ABS($AA737)<SETTINGS!$B$26,$AF737<>"""",$AG737<>""""),""INVESTIGATE"",""BET""))))"
ENGINE,AB738,738,28,"=IF($AA738="""","""",IF(ABS($AA738)<SETTINGS!$B$8*2,"""",IF(ABS($AA738)<SETTINGS!$B$9*2,""LEAN"",IF(OR(SETTINGS!$B$11<>""Y"",$AI738<>""READY"",ABS($AA738)<SETTINGS!$B$10*2,$AF738<>"""",$AG738<>""""),""INVESTIGATE"",""BET""))))","=IF($AA738="""","""",IF(ABS($AA738)<SETTINGS!$B$33,"""",IF(ABS($AA738)<SETTINGS!$B$34,""LEAN"",IF(OR(SETTINGS!$B$11<>""Y"",$AI738<>""READY"",ABS($AA738)<SETTINGS!$B$26,$AF738<>"""",$AG738<>""""),""INVESTIGATE"",""BET""))))"
ENGINE,AB739,739,28,"=IF($AA739="""","""",IF(ABS($AA739)<SETTINGS!$B$8*2,"""",IF(ABS($AA739)<SETTINGS!$B$9*2,""LEAN"",IF(OR(SETTINGS!$B$11<>""Y"",$AI739<>""READY"",ABS($AA739)<SETTINGS!$B$10*2,$AF739<>"""",$AG739<>""""),""INVESTIGATE"",""BET""))))","=IF($AA739="""","""",IF(ABS($AA739)<SETTINGS!$B$33,"""",IF(ABS($AA739)<SETTINGS!$B$34,""LEAN"",IF(OR(SETTINGS!$B$11<>""Y"",$AI739<>""READY"",ABS($AA739)<SETTINGS!$B$26,$AF739<>"""",$AG739<>""""),""INVESTIGATE"",""BET""))))"
ENGINE,AB740,740,28,"=IF($AA740="""","""",IF(ABS($AA740)<SETTINGS!$B$8*2,"""",IF(ABS($AA740)<SETTINGS!$B$9*2,""LEAN"",IF(OR(SETTINGS!$B$11<>""Y"",$AI740<>""READY"",ABS($AA740)<SETTINGS!$B$10*2,$AF740<>"""",$AG740<>""""),""INVESTIGATE"",""BET""))))","=IF($AA740="""","""",IF(ABS($AA740)<SETTINGS!$B$33,"""",IF(ABS($AA740)<SETTINGS!$B$34,""LEAN"",IF(OR(SETTINGS!$B$11<>""Y"",$AI740<>""READY"",ABS($AA740)<SETTINGS!$B$26,$AF740<>"""",$AG740<>""""),""INVESTIGATE"",""BET""))))"
ENGINE,AB741,741,28,"=IF($AA741="""","""",IF(ABS($AA741)<SETTINGS!$B$8*2,"""",IF(ABS($AA741)<SETTINGS!$B$9*2,""LEAN"",IF(OR(SETTINGS!$B$11<>""Y"",$AI741<>""READY"",ABS($AA741)<SETTINGS!$B$10*2,$AF741<>"""",$AG741<>""""),""INVESTIGATE"",""BET""))))","=IF($AA741="""","""",IF(ABS($AA741)<SETTINGS!$B$33,"""",IF(ABS($AA741)<SETTINGS!$B$34,""LEAN"",IF(OR(SETTINGS!$B$11<>""Y"",$AI741<>""READY"",ABS($AA741)<SETTINGS!$B$26,$AF741<>"""",$AG741<>""""),""INVESTIGATE"",""BET""))))"
ENGINE,AB742,742,28,"=IF($AA742="""","""",IF(ABS($AA742)<SETTINGS!$B$8*2,"""",IF(ABS($AA742)<SETTINGS!$B$9*2,""LEAN"",IF(OR(SETTINGS!$B$11<>""Y"",$AI742<>""READY"",ABS($AA742)<SETTINGS!$B$10*2,$AF742<>"""",$AG742<>""""),""INVESTIGATE"",""BET""))))","=IF($AA742="""","""",IF(ABS($AA742)<SETTINGS!$B$33,"""",IF(ABS($AA742)<SETTINGS!$B$34,""LEAN"",IF(OR(SETTINGS!$B$11<>""Y"",$AI742<>""READY"",ABS($AA742)<SETTINGS!$B$26,$AF742<>"""",$AG742<>""""),""INVESTIGATE"",""BET""))))"
ENGINE,AB743,743,28,"=IF($AA743="""","""",IF(ABS($AA743)<SETTINGS!$B$8*2,"""",IF(ABS($AA743)<SETTINGS!$B$9*2,""LEAN"",IF(OR(SETTINGS!$B$11<>""Y"",$AI743<>""READY"",ABS($AA743)<SETTINGS!$B$10*2,$AF743<>"""",$AG743<>""""),""INVESTIGATE"",""BET""))))","=IF($AA743="""","""",IF(ABS($AA743)<SETTINGS!$B$33,"""",IF(ABS($AA743)<SETTINGS!$B$34,""LEAN"",IF(OR(SETTINGS!$B$11<>""Y"",$AI743<>""READY"",ABS($AA743)<SETTINGS!$B$26,$AF743<>"""",$AG743<>""""),""INVESTIGATE"",""BET""))))"
ENGINE,AB744,744,28,"=IF($AA744="""","""",IF(ABS($AA744)<SETTINGS!$B$8*2,"""",IF(ABS($AA744)<SETTINGS!$B$9*2,""LEAN"",IF(OR(SETTINGS!$B$11<>""Y"",$AI744<>""READY"",ABS($AA744)<SETTINGS!$B$10*2,$AF744<>"""",$AG744<>""""),""INVESTIGATE"",""BET""))))","=IF($AA744="""","""",IF(ABS($AA744)<SETTINGS!$B$33,"""",IF(ABS($AA744)<SETTINGS!$B$34,""LEAN"",IF(OR(SETTINGS!$B$11<>""Y"",$AI744<>""READY"",ABS($AA744)<SETTINGS!$B$26,$AF744<>"""",$AG744<>""""),""INVESTIGATE"",""BET""))))"
ENGINE,AB745,745,28,"=IF($AA745="""","""",IF(ABS($AA745)<SETTINGS!$B$8*2,"""",IF(ABS($AA745)<SETTINGS!$B$9*2,""LEAN"",IF(OR(SETTINGS!$B$11<>""Y"",$AI745<>""READY"",ABS($AA745)<SETTINGS!$B$10*2,$AF745<>"""",$AG745<>""""),""INVESTIGATE"",""BET""))))","=IF($AA745="""","""",IF(ABS($AA745)<SETTINGS!$B$33,"""",IF(ABS($AA745)<SETTINGS!$B$34,""LEAN"",IF(OR(SETTINGS!$B$11<>""Y"",$AI745<>""READY"",ABS($AA745)<SETTINGS!$B$26,$AF745<>"""",$AG745<>""""),""INVESTIGATE"",""BET""))))"
ENGINE,AB746,746,28,"=IF($AA746="""","""",IF(ABS($AA746)<SETTINGS!$B$8*2,"""",IF(ABS($AA746)<SETTINGS!$B$9*2,""LEAN"",IF(OR(SETTINGS!$B$11<>""Y"",$AI746<>""READY"",ABS($AA746)<SETTINGS!$B$10*2,$AF746<>"""",$AG746<>""""),""INVESTIGATE"",""BET""))))","=IF($AA746="""","""",IF(ABS($AA746)<SETTINGS!$B$33,"""",IF(ABS($AA746)<SETTINGS!$B$34,""LEAN"",IF(OR(SETTINGS!$B$11<>""Y"",$AI746<>""READY"",ABS($AA746)<SETTINGS!$B$26,$AF746<>"""",$AG746<>""""),""INVESTIGATE"",""BET""))))"
ENGINE,AB747,747,28,"=IF($AA747="""","""",IF(ABS($AA747)<SETTINGS!$B$8*2,"""",IF(ABS($AA747)<SETTINGS!$B$9*2,""LEAN"",IF(OR(SETTINGS!$B$11<>""Y"",$AI747<>""READY"",ABS($AA747)<SETTINGS!$B$10*2,$AF747<>"""",$AG747<>""""),""INVESTIGATE"",""BET""))))","=IF($AA747="""","""",IF(ABS($AA747)<SETTINGS!$B$33,"""",IF(ABS($AA747)<SETTINGS!$B$34,""LEAN"",IF(OR(SETTINGS!$B$11<>""Y"",$AI747<>""READY"",ABS($AA747)<SETTINGS!$B$26,$AF747<>"""",$AG747<>""""),""INVESTIGATE"",""BET""))))"
ENGINE,AB748,748,28,"=IF($AA748="""","""",IF(ABS($AA748)<SETTINGS!$B$8*2,"""",IF(ABS($AA748)<SETTINGS!$B$9*2,""LEAN"",IF(OR(SETTINGS!$B$11<>""Y"",$AI748<>""READY"",ABS($AA748)<SETTINGS!$B$10*2,$AF748<>"""",$AG748<>""""),""INVESTIGATE"",""BET""))))","=IF($AA748="""","""",IF(ABS($AA748)<SETTINGS!$B$33,"""",IF(ABS($AA748)<SETTINGS!$B$34,""LEAN"",IF(OR(SETTINGS!$B$11<>""Y"",$AI748<>""READY"",ABS($AA748)<SETTINGS!$B$26,$AF748<>"""",$AG748<>""""),""INVESTIGATE"",""BET""))))"
ENGINE,AB749,749,28,"=IF($AA749="""","""",IF(ABS($AA749)<SETTINGS!$B$8*2,"""",IF(ABS($AA749)<SETTINGS!$B$9*2,""LEAN"",IF(OR(SETTINGS!$B$11<>""Y"",$AI749<>""READY"",ABS($AA749)<SETTINGS!$B$10*2,$AF749<>"""",$AG749<>""""),""INVESTIGATE"",""BET""))))","=IF($AA749="""","""",IF(ABS($AA749)<SETTINGS!$B$33,"""",IF(ABS($AA749)<SETTINGS!$B$34,""LEAN"",IF(OR(SETTINGS!$B$11<>""Y"",$AI749<>""READY"",ABS($AA749)<SETTINGS!$B$26,$AF749<>"""",$AG749<>""""),""INVESTIGATE"",""BET""))))"
ENGINE,AB750,750,28,"=IF($AA750="""","""",IF(ABS($AA750)<SETTINGS!$B$8*2,"""",IF(ABS($AA750)<SETTINGS!$B$9*2,""LEAN"",IF(OR(SETTINGS!$B$11<>""Y"",$AI750<>""READY"",ABS($AA750)<SETTINGS!$B$10*2,$AF750<>"""",$AG750<>""""),""INVESTIGATE"",""BET""))))","=IF($AA750="""","""",IF(ABS($AA750)<SETTINGS!$B$33,"""",IF(ABS($AA750)<SETTINGS!$B$34,""LEAN"",IF(OR(SETTINGS!$B$11<>""Y"",$AI750<>""READY"",ABS($AA750)<SETTINGS!$B$26,$AF750<>"""",$AG750<>""""),""INVESTIGATE"",""BET""))))"
ENGINE,AB751,751,28,"=IF($AA751="""","""",IF(ABS($AA751)<SETTINGS!$B$8*2,"""",IF(ABS($AA751)<SETTINGS!$B$9*2,""LEAN"",IF(OR(SETTINGS!$B$11<>""Y"",$AI751<>""READY"",ABS($AA751)<SETTINGS!$B$10*2,$AF751<>"""",$AG751<>""""),""INVESTIGATE"",""BET""))))","=IF($AA751="""","""",IF(ABS($AA751)<SETTINGS!$B$33,"""",IF(ABS($AA751)<SETTINGS!$B$34,""LEAN"",IF(OR(SETTINGS!$B$11<>""Y"",$AI751<>""READY"",ABS($AA751)<SETTINGS!$B$26,$AF751<>"""",$AG751<>""""),""INVESTIGATE"",""BET""))))"
ENGINE,AB752,752,28,"=IF($AA752="""","""",IF(ABS($AA752)<SETTINGS!$B$8*2,"""",IF(ABS($AA752)<SETTINGS!$B$9*2,""LEAN"",IF(OR(SETTINGS!$B$11<>""Y"",$AI752<>""READY"",ABS($AA752)<SETTINGS!$B$10*2,$AF752<>"""",$AG752<>""""),""INVESTIGATE"",""BET""))))","=IF($AA752="""","""",IF(ABS($AA752)<SETTINGS!$B$33,"""",IF(ABS($AA752)<SETTINGS!$B$34,""LEAN"",IF(OR(SETTINGS!$B$11<>""Y"",$AI752<>""READY"",ABS($AA752)<SETTINGS!$B$26,$AF752<>"""",$AG752<>""""),""INVESTIGATE"",""BET""))))"
ENGINE,AB753,753,28,"=IF($AA753="""","""",IF(ABS($AA753)<SETTINGS!$B$8*2,"""",IF(ABS($AA753)<SETTINGS!$B$9*2,""LEAN"",IF(OR(SETTINGS!$B$11<>""Y"",$AI753<>""READY"",ABS($AA753)<SETTINGS!$B$10*2,$AF753<>"""",$AG753<>""""),""INVESTIGATE"",""BET""))))","=IF($AA753="""","""",IF(ABS($AA753)<SETTINGS!$B$33,"""",IF(ABS($AA753)<SETTINGS!$B$34,""LEAN"",IF(OR(SETTINGS!$B$11<>""Y"",$AI753<>""READY"",ABS($AA753)<SETTINGS!$B$26,$AF753<>"""",$AG753<>""""),""INVESTIGATE"",""BET""))))"
ENGINE,AB754,754,28,"=IF($AA754="""","""",IF(ABS($AA754)<SETTINGS!$B$8*2,"""",IF(ABS($AA754)<SETTINGS!$B$9*2,""LEAN"",IF(OR(SETTINGS!$B$11<>""Y"",$AI754<>""READY"",ABS($AA754)<SETTINGS!$B$10*2,$AF754<>"""",$AG754<>""""),""INVESTIGATE"",""BET""))))","=IF($AA754="""","""",IF(ABS($AA754)<SETTINGS!$B$33,"""",IF(ABS($AA754)<SETTINGS!$B$34,""LEAN"",IF(OR(SETTINGS!$B$11<>""Y"",$AI754<>""READY"",ABS($AA754)<SETTINGS!$B$26,$AF754<>"""",$AG754<>""""),""INVESTIGATE"",""BET""))))"
ENGINE,AB755,755,28,"=IF($AA755="""","""",IF(ABS($AA755)<SETTINGS!$B$8*2,"""",IF(ABS($AA755)<SETTINGS!$B$9*2,""LEAN"",IF(OR(SETTINGS!$B$11<>""Y"",$AI755<>""READY"",ABS($AA755)<SETTINGS!$B$10*2,$AF755<>"""",$AG755<>""""),""INVESTIGATE"",""BET""))))","=IF($AA755="""","""",IF(ABS($AA755)<SETTINGS!$B$33,"""",IF(ABS($AA755)<SETTINGS!$B$34,""LEAN"",IF(OR(SETTINGS!$B$11<>""Y"",$AI755<>""READY"",ABS($AA755)<SETTINGS!$B$26,$AF755<>"""",$AG755<>""""),""INVESTIGATE"",""BET""))))"
ENGINE,AB756,756,28,"=IF($AA756="""","""",IF(ABS($AA756)<SETTINGS!$B$8*2,"""",IF(ABS($AA756)<SETTINGS!$B$9*2,""LEAN"",IF(OR(SETTINGS!$B$11<>""Y"",$AI756<>""READY"",ABS($AA756)<SETTINGS!$B$10*2,$AF756<>"""",$AG756<>""""),""INVESTIGATE"",""BET""))))","=IF($AA756="""","""",IF(ABS($AA756)<SETTINGS!$B$33,"""",IF(ABS($AA756)<SETTINGS!$B$34,""LEAN"",IF(OR(SETTINGS!$B$11<>""Y"",$AI756<>""READY"",ABS($AA756)<SETTINGS!$B$26,$AF756<>"""",$AG756<>""""),""INVESTIGATE"",""BET""))))"
ENGINE,AB757,757,28,"=IF($AA757="""","""",IF(ABS($AA757)<SETTINGS!$B$8*2,"""",IF(ABS($AA757)<SETTINGS!$B$9*2,""LEAN"",IF(OR(SETTINGS!$B$11<>""Y"",$AI757<>""READY"",ABS($AA757)<SETTINGS!$B$10*2,$AF757<>"""",$AG757<>""""),""INVESTIGATE"",""BET""))))","=IF($AA757="""","""",IF(ABS($AA757)<SETTINGS!$B$33,"""",IF(ABS($AA757)<SETTINGS!$B$34,""LEAN"",IF(OR(SETTINGS!$B$11<>""Y"",$AI757<>""READY"",ABS($AA757)<SETTINGS!$B$26,$AF757<>"""",$AG757<>""""),""INVESTIGATE"",""BET""))))"
ENGINE,AB758,758,28,"=IF($AA758="""","""",IF(ABS($AA758)<SETTINGS!$B$8*2,"""",IF(ABS($AA758)<SETTINGS!$B$9*2,""LEAN"",IF(OR(SETTINGS!$B$11<>""Y"",$AI758<>""READY"",ABS($AA758)<SETTINGS!$B$10*2,$AF758<>"""",$AG758<>""""),""INVESTIGATE"",""BET""))))","=IF($AA758="""","""",IF(ABS($AA758)<SETTINGS!$B$33,"""",IF(ABS($AA758)<SETTINGS!$B$34,""LEAN"",IF(OR(SETTINGS!$B$11<>""Y"",$AI758<>""READY"",ABS($AA758)<SETTINGS!$B$26,$AF758<>"""",$AG758<>""""),""INVESTIGATE"",""BET""))))"
ENGINE,AB759,759,28,"=IF($AA759="""","""",IF(ABS($AA759)<SETTINGS!$B$8*2,"""",IF(ABS($AA759)<SETTINGS!$B$9*2,""LEAN"",IF(OR(SETTINGS!$B$11<>""Y"",$AI759<>""READY"",ABS($AA759)<SETTINGS!$B$10*2,$AF759<>"""",$AG759<>""""),""INVESTIGATE"",""BET""))))","=IF($AA759="""","""",IF(ABS($AA759)<SETTINGS!$B$33,"""",IF(ABS($AA759)<SETTINGS!$B$34,""LEAN"",IF(OR(SETTINGS!$B$11<>""Y"",$AI759<>""READY"",ABS($AA759)<SETTINGS!$B$26,$AF759<>"""",$AG759<>""""),""INVESTIGATE"",""BET""))))"
ENGINE,AB760,760,28,"=IF($AA760="""","""",IF(ABS($AA760)<SETTINGS!$B$8*2,"""",IF(ABS($AA760)<SETTINGS!$B$9*2,""LEAN"",IF(OR(SETTINGS!$B$11<>""Y"",$AI760<>""READY"",ABS($AA760)<SETTINGS!$B$10*2,$AF760<>"""",$AG760<>""""),""INVESTIGATE"",""BET""))))","=IF($AA760="""","""",IF(ABS($AA760)<SETTINGS!$B$33,"""",IF(ABS($AA760)<SETTINGS!$B$34,""LEAN"",IF(OR(SETTINGS!$B$11<>""Y"",$AI760<>""READY"",ABS($AA760)<SETTINGS!$B$26,$AF760<>"""",$AG760<>""""),""INVESTIGATE"",""BET""))))"
ENGINE,AB761,761,28,"=IF($AA761="""","""",IF(ABS($AA761)<SETTINGS!$B$8*2,"""",IF(ABS($AA761)<SETTINGS!$B$9*2,""LEAN"",IF(OR(SETTINGS!$B$11<>""Y"",$AI761<>""READY"",ABS($AA761)<SETTINGS!$B$10*2,$AF761<>"""",$AG761<>""""),""INVESTIGATE"",""BET""))))","=IF($AA761="""","""",IF(ABS($AA761)<SETTINGS!$B$33,"""",IF(ABS($AA761)<SETTINGS!$B$34,""LEAN"",IF(OR(SETTINGS!$B$11<>""Y"",$AI761<>""READY"",ABS($AA761)<SETTINGS!$B$26,$AF761<>"""",$AG761<>""""),""INVESTIGATE"",""BET""))))"
ENGINE,AB762,762,28,"=IF($AA762="""","""",IF(ABS($AA762)<SETTINGS!$B$8*2,"""",IF(ABS($AA762)<SETTINGS!$B$9*2,""LEAN"",IF(OR(SETTINGS!$B$11<>""Y"",$AI762<>""READY"",ABS($AA762)<SETTINGS!$B$10*2,$AF762<>"""",$AG762<>""""),""INVESTIGATE"",""BET""))))","=IF($AA762="""","""",IF(ABS($AA762)<SETTINGS!$B$33,"""",IF(ABS($AA762)<SETTINGS!$B$34,""LEAN"",IF(OR(SETTINGS!$B$11<>""Y"",$AI762<>""READY"",ABS($AA762)<SETTINGS!$B$26,$AF762<>"""",$AG762<>""""),""INVESTIGATE"",""BET""))))"
ENGINE,AB763,763,28,"=IF($AA763="""","""",IF(ABS($AA763)<SETTINGS!$B$8*2,"""",IF(ABS($AA763)<SETTINGS!$B$9*2,""LEAN"",IF(OR(SETTINGS!$B$11<>""Y"",$AI763<>""READY"",ABS($AA763)<SETTINGS!$B$10*2,$AF763<>"""",$AG763<>""""),""INVESTIGATE"",""BET""))))","=IF($AA763="""","""",IF(ABS($AA763)<SETTINGS!$B$33,"""",IF(ABS($AA763)<SETTINGS!$B$34,""LEAN"",IF(OR(SETTINGS!$B$11<>""Y"",$AI763<>""READY"",ABS($AA763)<SETTINGS!$B$26,$AF763<>"""",$AG763<>""""),""INVESTIGATE"",""BET""))))"
ENGINE,AB764,764,28,"=IF($AA764="""","""",IF(ABS($AA764)<SETTINGS!$B$8*2,"""",IF(ABS($AA764)<SETTINGS!$B$9*2,""LEAN"",IF(OR(SETTINGS!$B$11<>""Y"",$AI764<>""READY"",ABS($AA764)<SETTINGS!$B$10*2,$AF764<>"""",$AG764<>""""),""INVESTIGATE"",""BET""))))","=IF($AA764="""","""",IF(ABS($AA764)<SETTINGS!$B$33,"""",IF(ABS($AA764)<SETTINGS!$B$34,""LEAN"",IF(OR(SETTINGS!$B$11<>""Y"",$AI764<>""READY"",ABS($AA764)<SETTINGS!$B$26,$AF764<>"""",$AG764<>""""),""INVESTIGATE"",""BET""))))"
ENGINE,AB765,765,28,"=IF($AA765="""","""",IF(ABS($AA765)<SETTINGS!$B$8*2,"""",IF(ABS($AA765)<SETTINGS!$B$9*2,""LEAN"",IF(OR(SETTINGS!$B$11<>""Y"",$AI765<>""READY"",ABS($AA765)<SETTINGS!$B$10*2,$AF765<>"""",$AG765<>""""),""INVESTIGATE"",""BET""))))","=IF($AA765="""","""",IF(ABS($AA765)<SETTINGS!$B$33,"""",IF(ABS($AA765)<SETTINGS!$B$34,""LEAN"",IF(OR(SETTINGS!$B$11<>""Y"",$AI765<>""READY"",ABS($AA765)<SETTINGS!$B$26,$AF765<>"""",$AG765<>""""),""INVESTIGATE"",""BET""))))"
ENGINE,AB766,766,28,"=IF($AA766="""","""",IF(ABS($AA766)<SETTINGS!$B$8*2,"""",IF(ABS($AA766)<SETTINGS!$B$9*2,""LEAN"",IF(OR(SETTINGS!$B$11<>""Y"",$AI766<>""READY"",ABS($AA766)<SETTINGS!$B$10*2,$AF766<>"""",$AG766<>""""),""INVESTIGATE"",""BET""))))","=IF($AA766="""","""",IF(ABS($AA766)<SETTINGS!$B$33,"""",IF(ABS($AA766)<SETTINGS!$B$34,""LEAN"",IF(OR(SETTINGS!$B$11<>""Y"",$AI766<>""READY"",ABS($AA766)<SETTINGS!$B$26,$AF766<>"""",$AG766<>""""),""INVESTIGATE"",""BET""))))"
ENGINE,AB767,767,28,"=IF($AA767="""","""",IF(ABS($AA767)<SETTINGS!$B$8*2,"""",IF(ABS($AA767)<SETTINGS!$B$9*2,""LEAN"",IF(OR(SETTINGS!$B$11<>""Y"",$AI767<>""READY"",ABS($AA767)<SETTINGS!$B$10*2,$AF767<>"""",$AG767<>""""),""INVESTIGATE"",""BET""))))","=IF($AA767="""","""",IF(ABS($AA767)<SETTINGS!$B$33,"""",IF(ABS($AA767)<SETTINGS!$B$34,""LEAN"",IF(OR(SETTINGS!$B$11<>""Y"",$AI767<>""READY"",ABS($AA767)<SETTINGS!$B$26,$AF767<>"""",$AG767<>""""),""INVESTIGATE"",""BET""))))"
ENGINE,AB768,768,28,"=IF($AA768="""","""",IF(ABS($AA768)<SETTINGS!$B$8*2,"""",IF(ABS($AA768)<SETTINGS!$B$9*2,""LEAN"",IF(OR(SETTINGS!$B$11<>""Y"",$AI768<>""READY"",ABS($AA768)<SETTINGS!$B$10*2,$AF768<>"""",$AG768<>""""),""INVESTIGATE"",""BET""))))","=IF($AA768="""","""",IF(ABS($AA768)<SETTINGS!$B$33,"""",IF(ABS($AA768)<SETTINGS!$B$34,""LEAN"",IF(OR(SETTINGS!$B$11<>""Y"",$AI768<>""READY"",ABS($AA768)<SETTINGS!$B$26,$AF768<>"""",$AG768<>""""),""INVESTIGATE"",""BET""))))"
ENGINE,AB769,769,28,"=IF($AA769="""","""",IF(ABS($AA769)<SETTINGS!$B$8*2,"""",IF(ABS($AA769)<SETTINGS!$B$9*2,""LEAN"",IF(OR(SETTINGS!$B$11<>""Y"",$AI769<>""READY"",ABS($AA769)<SETTINGS!$B$10*2,$AF769<>"""",$AG769<>""""),""INVESTIGATE"",""BET""))))","=IF($AA769="""","""",IF(ABS($AA769)<SETTINGS!$B$33,"""",IF(ABS($AA769)<SETTINGS!$B$34,""LEAN"",IF(OR(SETTINGS!$B$11<>""Y"",$AI769<>""READY"",ABS($AA769)<SETTINGS!$B$26,$AF769<>"""",$AG769<>""""),""INVESTIGATE"",""BET""))))"
ENGINE,AB770,770,28,"=IF($AA770="""","""",IF(ABS($AA770)<SETTINGS!$B$8*2,"""",IF(ABS($AA770)<SETTINGS!$B$9*2,""LEAN"",IF(OR(SETTINGS!$B$11<>""Y"",$AI770<>""READY"",ABS($AA770)<SETTINGS!$B$10*2,$AF770<>"""",$AG770<>""""),""INVESTIGATE"",""BET""))))","=IF($AA770="""","""",IF(ABS($AA770)<SETTINGS!$B$33,"""",IF(ABS($AA770)<SETTINGS!$B$34,""LEAN"",IF(OR(SETTINGS!$B$11<>""Y"",$AI770<>""READY"",ABS($AA770)<SETTINGS!$B$26,$AF770<>"""",$AG770<>""""),""INVESTIGATE"",""BET""))))"
ENGINE,AB771,771,28,"=IF($AA771="""","""",IF(ABS($AA771)<SETTINGS!$B$8*2,"""",IF(ABS($AA771)<SETTINGS!$B$9*2,""LEAN"",IF(OR(SETTINGS!$B$11<>""Y"",$AI771<>""READY"",ABS($AA771)<SETTINGS!$B$10*2,$AF771<>"""",$AG771<>""""),""INVESTIGATE"",""BET""))))","=IF($AA771="""","""",IF(ABS($AA771)<SETTINGS!$B$33,"""",IF(ABS($AA771)<SETTINGS!$B$34,""LEAN"",IF(OR(SETTINGS!$B$11<>""Y"",$AI771<>""READY"",ABS($AA771)<SETTINGS!$B$26,$AF771<>"""",$AG771<>""""),""INVESTIGATE"",""BET""))))"
ENGINE,AB772,772,28,"=IF($AA772="""","""",IF(ABS($AA772)<SETTINGS!$B$8*2,"""",IF(ABS($AA772)<SETTINGS!$B$9*2,""LEAN"",IF(OR(SETTINGS!$B$11<>""Y"",$AI772<>""READY"",ABS($AA772)<SETTINGS!$B$10*2,$AF772<>"""",$AG772<>""""),""INVESTIGATE"",""BET""))))","=IF($AA772="""","""",IF(ABS($AA772)<SETTINGS!$B$33,"""",IF(ABS($AA772)<SETTINGS!$B$34,""LEAN"",IF(OR(SETTINGS!$B$11<>""Y"",$AI772<>""READY"",ABS($AA772)<SETTINGS!$B$26,$AF772<>"""",$AG772<>""""),""INVESTIGATE"",""BET""))))"
ENGINE,AB773,773,28,"=IF($AA773="""","""",IF(ABS($AA773)<SETTINGS!$B$8*2,"""",IF(ABS($AA773)<SETTINGS!$B$9*2,""LEAN"",IF(OR(SETTINGS!$B$11<>""Y"",$AI773<>""READY"",ABS($AA773)<SETTINGS!$B$10*2,$AF773<>"""",$AG773<>""""),""INVESTIGATE"",""BET""))))","=IF($AA773="""","""",IF(ABS($AA773)<SETTINGS!$B$33,"""",IF(ABS($AA773)<SETTINGS!$B$34,""LEAN"",IF(OR(SETTINGS!$B$11<>""Y"",$AI773<>""READY"",ABS($AA773)<SETTINGS!$B$26,$AF773<>"""",$AG773<>""""),""INVESTIGATE"",""BET""))))"
ENGINE,AB774,774,28,"=IF($AA774="""","""",IF(ABS($AA774)<SETTINGS!$B$8*2,"""",IF(ABS($AA774)<SETTINGS!$B$9*2,""LEAN"",IF(OR(SETTINGS!$B$11<>""Y"",$AI774<>""READY"",ABS($AA774)<SETTINGS!$B$10*2,$AF774<>"""",$AG774<>""""),""INVESTIGATE"",""BET""))))","=IF($AA774="""","""",IF(ABS($AA774)<SETTINGS!$B$33,"""",IF(ABS($AA774)<SETTINGS!$B$34,""LEAN"",IF(OR(SETTINGS!$B$11<>""Y"",$AI774<>""READY"",ABS($AA774)<SETTINGS!$B$26,$AF774<>"""",$AG774<>""""),""INVESTIGATE"",""BET""))))"
ENGINE,AB775,775,28,"=IF($AA775="""","""",IF(ABS($AA775)<SETTINGS!$B$8*2,"""",IF(ABS($AA775)<SETTINGS!$B$9*2,""LEAN"",IF(OR(SETTINGS!$B$11<>""Y"",$AI775<>""READY"",ABS($AA775)<SETTINGS!$B$10*2,$AF775<>"""",$AG775<>""""),""INVESTIGATE"",""BET""))))","=IF($AA775="""","""",IF(ABS($AA775)<SETTINGS!$B$33,"""",IF(ABS($AA775)<SETTINGS!$B$34,""LEAN"",IF(OR(SETTINGS!$B$11<>""Y"",$AI775<>""READY"",ABS($AA775)<SETTINGS!$B$26,$AF775<>"""",$AG775<>""""),""INVESTIGATE"",""BET""))))"
ENGINE,AB776,776,28,"=IF($AA776="""","""",IF(ABS($AA776)<SETTINGS!$B$8*2,"""",IF(ABS($AA776)<SETTINGS!$B$9*2,""LEAN"",IF(OR(SETTINGS!$B$11<>""Y"",$AI776<>""READY"",ABS($AA776)<SETTINGS!$B$10*2,$AF776<>"""",$AG776<>""""),""INVESTIGATE"",""BET""))))","=IF($AA776="""","""",IF(ABS($AA776)<SETTINGS!$B$33,"""",IF(ABS($AA776)<SETTINGS!$B$34,""LEAN"",IF(OR(SETTINGS!$B$11<>""Y"",$AI776<>""READY"",ABS($AA776)<SETTINGS!$B$26,$AF776<>"""",$AG776<>""""),""INVESTIGATE"",""BET""))))"
ENGINE,AB777,777,28,"=IF($AA777="""","""",IF(ABS($AA777)<SETTINGS!$B$8*2,"""",IF(ABS($AA777)<SETTINGS!$B$9*2,""LEAN"",IF(OR(SETTINGS!$B$11<>""Y"",$AI777<>""READY"",ABS($AA777)<SETTINGS!$B$10*2,$AF777<>"""",$AG777<>""""),""INVESTIGATE"",""BET""))))","=IF($AA777="""","""",IF(ABS($AA777)<SETTINGS!$B$33,"""",IF(ABS($AA777)<SETTINGS!$B$34,""LEAN"",IF(OR(SETTINGS!$B$11<>""Y"",$AI777<>""READY"",ABS($AA777)<SETTINGS!$B$26,$AF777<>"""",$AG777<>""""),""INVESTIGATE"",""BET""))))"
ENGINE,AB778,778,28,"=IF($AA778="""","""",IF(ABS($AA778)<SETTINGS!$B$8*2,"""",IF(ABS($AA778)<SETTINGS!$B$9*2,""LEAN"",IF(OR(SETTINGS!$B$11<>""Y"",$AI778<>""READY"",ABS($AA778)<SETTINGS!$B$10*2,$AF778<>"""",$AG778<>""""),""INVESTIGATE"",""BET""))))","=IF($AA778="""","""",IF(ABS($AA778)<SETTINGS!$B$33,"""",IF(ABS($AA778)<SETTINGS!$B$34,""LEAN"",IF(OR(SETTINGS!$B$11<>""Y"",$AI778<>""READY"",ABS($AA778)<SETTINGS!$B$26,$AF778<>"""",$AG778<>""""),""INVESTIGATE"",""BET""))))"
ENGINE,AB779,779,28,"=IF($AA779="""","""",IF(ABS($AA779)<SETTINGS!$B$8*2,"""",IF(ABS($AA779)<SETTINGS!$B$9*2,""LEAN"",IF(OR(SETTINGS!$B$11<>""Y"",$AI779<>""READY"",ABS($AA779)<SETTINGS!$B$10*2,$AF779<>"""",$AG779<>""""),""INVESTIGATE"",""BET""))))","=IF($AA779="""","""",IF(ABS($AA779)<SETTINGS!$B$33,"""",IF(ABS($AA779)<SETTINGS!$B$34,""LEAN"",IF(OR(SETTINGS!$B$11<>""Y"",$AI779<>""READY"",ABS($AA779)<SETTINGS!$B$26,$AF779<>"""",$AG779<>""""),""INVESTIGATE"",""BET""))))"
ENGINE,AB780,780,28,"=IF($AA780="""","""",IF(ABS($AA780)<SETTINGS!$B$8*2,"""",IF(ABS($AA780)<SETTINGS!$B$9*2,""LEAN"",IF(OR(SETTINGS!$B$11<>""Y"",$AI780<>""READY"",ABS($AA780)<SETTINGS!$B$10*2,$AF780<>"""",$AG780<>""""),""INVESTIGATE"",""BET""))))","=IF($AA780="""","""",IF(ABS($AA780)<SETTINGS!$B$33,"""",IF(ABS($AA780)<SETTINGS!$B$34,""LEAN"",IF(OR(SETTINGS!$B$11<>""Y"",$AI780<>""READY"",ABS($AA780)<SETTINGS!$B$26,$AF780<>"""",$AG780<>""""),""INVESTIGATE"",""BET""))))"
ENGINE,AB781,781,28,"=IF($AA781="""","""",IF(ABS($AA781)<SETTINGS!$B$8*2,"""",IF(ABS($AA781)<SETTINGS!$B$9*2,""LEAN"",IF(OR(SETTINGS!$B$11<>""Y"",$AI781<>""READY"",ABS($AA781)<SETTINGS!$B$10*2,$AF781<>"""",$AG781<>""""),""INVESTIGATE"",""BET""))))","=IF($AA781="""","""",IF(ABS($AA781)<SETTINGS!$B$33,"""",IF(ABS($AA781)<SETTINGS!$B$34,""LEAN"",IF(OR(SETTINGS!$B$11<>""Y"",$AI781<>""READY"",ABS($AA781)<SETTINGS!$B$26,$AF781<>"""",$AG781<>""""),""INVESTIGATE"",""BET""))))"
ENGINE,AB782,782,28,"=IF($AA782="""","""",IF(ABS($AA782)<SETTINGS!$B$8*2,"""",IF(ABS($AA782)<SETTINGS!$B$9*2,""LEAN"",IF(OR(SETTINGS!$B$11<>""Y"",$AI782<>""READY"",ABS($AA782)<SETTINGS!$B$10*2,$AF782<>"""",$AG782<>""""),""INVESTIGATE"",""BET""))))","=IF($AA782="""","""",IF(ABS($AA782)<SETTINGS!$B$33,"""",IF(ABS($AA782)<SETTINGS!$B$34,""LEAN"",IF(OR(SETTINGS!$B$11<>""Y"",$AI782<>""READY"",ABS($AA782)<SETTINGS!$B$26,$AF782<>"""",$AG782<>""""),""INVESTIGATE"",""BET""))))"
ENGINE,AB783,783,28,"=IF($AA783="""","""",IF(ABS($AA783)<SETTINGS!$B$8*2,"""",IF(ABS($AA783)<SETTINGS!$B$9*2,""LEAN"",IF(OR(SETTINGS!$B$11<>""Y"",$AI783<>""READY"",ABS($AA783)<SETTINGS!$B$10*2,$AF783<>"""",$AG783<>""""),""INVESTIGATE"",""BET""))))","=IF($AA783="""","""",IF(ABS($AA783)<SETTINGS!$B$33,"""",IF(ABS($AA783)<SETTINGS!$B$34,""LEAN"",IF(OR(SETTINGS!$B$11<>""Y"",$AI783<>""READY"",ABS($AA783)<SETTINGS!$B$26,$AF783<>"""",$AG783<>""""),""INVESTIGATE"",""BET""))))"
ENGINE,AB784,784,28,"=IF($AA784="""","""",IF(ABS($AA784)<SETTINGS!$B$8*2,"""",IF(ABS($AA784)<SETTINGS!$B$9*2,""LEAN"",IF(OR(SETTINGS!$B$11<>""Y"",$AI784<>""READY"",ABS($AA784)<SETTINGS!$B$10*2,$AF784<>"""",$AG784<>""""),""INVESTIGATE"",""BET""))))","=IF($AA784="""","""",IF(ABS($AA784)<SETTINGS!$B$33,"""",IF(ABS($AA784)<SETTINGS!$B$34,""LEAN"",IF(OR(SETTINGS!$B$11<>""Y"",$AI784<>""READY"",ABS($AA784)<SETTINGS!$B$26,$AF784<>"""",$AG784<>""""),""INVESTIGATE"",""BET""))))"
ENGINE,AB785,785,28,"=IF($AA785="""","""",IF(ABS($AA785)<SETTINGS!$B$8*2,"""",IF(ABS($AA785)<SETTINGS!$B$9*2,""LEAN"",IF(OR(SETTINGS!$B$11<>""Y"",$AI785<>""READY"",ABS($AA785)<SETTINGS!$B$10*2,$AF785<>"""",$AG785<>""""),""INVESTIGATE"",""BET""))))","=IF($AA785="""","""",IF(ABS($AA785)<SETTINGS!$B$33,"""",IF(ABS($AA785)<SETTINGS!$B$34,""LEAN"",IF(OR(SETTINGS!$B$11<>""Y"",$AI785<>""READY"",ABS($AA785)<SETTINGS!$B$26,$AF785<>"""",$AG785<>""""),""INVESTIGATE"",""BET""))))"
ENGINE,AB786,786,28,"=IF($AA786="""","""",IF(ABS($AA786)<SETTINGS!$B$8*2,"""",IF(ABS($AA786)<SETTINGS!$B$9*2,""LEAN"",IF(OR(SETTINGS!$B$11<>""Y"",$AI786<>""READY"",ABS($AA786)<SETTINGS!$B$10*2,$AF786<>"""",$AG786<>""""),""INVESTIGATE"",""BET""))))","=IF($AA786="""","""",IF(ABS($AA786)<SETTINGS!$B$33,"""",IF(ABS($AA786)<SETTINGS!$B$34,""LEAN"",IF(OR(SETTINGS!$B$11<>""Y"",$AI786<>""READY"",ABS($AA786)<SETTINGS!$B$26,$AF786<>"""",$AG786<>""""),""INVESTIGATE"",""BET""))))"
ENGINE,AB787,787,28,"=IF($AA787="""","""",IF(ABS($AA787)<SETTINGS!$B$8*2,"""",IF(ABS($AA787)<SETTINGS!$B$9*2,""LEAN"",IF(OR(SETTINGS!$B$11<>""Y"",$AI787<>""READY"",ABS($AA787)<SETTINGS!$B$10*2,$AF787<>"""",$AG787<>""""),""INVESTIGATE"",""BET""))))","=IF($AA787="""","""",IF(ABS($AA787)<SETTINGS!$B$33,"""",IF(ABS($AA787)<SETTINGS!$B$34,""LEAN"",IF(OR(SETTINGS!$B$11<>""Y"",$AI787<>""READY"",ABS($AA787)<SETTINGS!$B$26,$AF787<>"""",$AG787<>""""),""INVESTIGATE"",""BET""))))"
ENGINE,AB788,788,28,"=IF($AA788="""","""",IF(ABS($AA788)<SETTINGS!$B$8*2,"""",IF(ABS($AA788)<SETTINGS!$B$9*2,""LEAN"",IF(OR(SETTINGS!$B$11<>""Y"",$AI788<>""READY"",ABS($AA788)<SETTINGS!$B$10*2,$AF788<>"""",$AG788<>""""),""INVESTIGATE"",""BET""))))","=IF($AA788="""","""",IF(ABS($AA788)<SETTINGS!$B$33,"""",IF(ABS($AA788)<SETTINGS!$B$34,""LEAN"",IF(OR(SETTINGS!$B$11<>""Y"",$AI788<>""READY"",ABS($AA788)<SETTINGS!$B$26,$AF788<>"""",$AG788<>""""),""INVESTIGATE"",""BET""))))"
ENGINE,AB789,789,28,"=IF($AA789="""","""",IF(ABS($AA789)<SETTINGS!$B$8*2,"""",IF(ABS($AA789)<SETTINGS!$B$9*2,""LEAN"",IF(OR(SETTINGS!$B$11<>""Y"",$AI789<>""READY"",ABS($AA789)<SETTINGS!$B$10*2,$AF789<>"""",$AG789<>""""),""INVESTIGATE"",""BET""))))","=IF($AA789="""","""",IF(ABS($AA789)<SETTINGS!$B$33,"""",IF(ABS($AA789)<SETTINGS!$B$34,""LEAN"",IF(OR(SETTINGS!$B$11<>""Y"",$AI789<>""READY"",ABS($AA789)<SETTINGS!$B$26,$AF789<>"""",$AG789<>""""),""INVESTIGATE"",""BET""))))"
ENGINE,AB790,790,28,"=IF($AA790="""","""",IF(ABS($AA790)<SETTINGS!$B$8*2,"""",IF(ABS($AA790)<SETTINGS!$B$9*2,""LEAN"",IF(OR(SETTINGS!$B$11<>""Y"",$AI790<>""READY"",ABS($AA790)<SETTINGS!$B$10*2,$AF790<>"""",$AG790<>""""),""INVESTIGATE"",""BET""))))","=IF($AA790="""","""",IF(ABS($AA790)<SETTINGS!$B$33,"""",IF(ABS($AA790)<SETTINGS!$B$34,""LEAN"",IF(OR(SETTINGS!$B$11<>""Y"",$AI790<>""READY"",ABS($AA790)<SETTINGS!$B$26,$AF790<>"""",$AG790<>""""),""INVESTIGATE"",""BET""))))"
ENGINE,AB791,791,28,"=IF($AA791="""","""",IF(ABS($AA791)<SETTINGS!$B$8*2,"""",IF(ABS($AA791)<SETTINGS!$B$9*2,""LEAN"",IF(OR(SETTINGS!$B$11<>""Y"",$AI791<>""READY"",ABS($AA791)<SETTINGS!$B$10*2,$AF791<>"""",$AG791<>""""),""INVESTIGATE"",""BET""))))","=IF($AA791="""","""",IF(ABS($AA791)<SETTINGS!$B$33,"""",IF(ABS($AA791)<SETTINGS!$B$34,""LEAN"",IF(OR(SETTINGS!$B$11<>""Y"",$AI791<>""READY"",ABS($AA791)<SETTINGS!$B$26,$AF791<>"""",$AG791<>""""),""INVESTIGATE"",""BET""))))"
ENGINE,AB792,792,28,"=IF($AA792="""","""",IF(ABS($AA792)<SETTINGS!$B$8*2,"""",IF(ABS($AA792)<SETTINGS!$B$9*2,""LEAN"",IF(OR(SETTINGS!$B$11<>""Y"",$AI792<>""READY"",ABS($AA792)<SETTINGS!$B$10*2,$AF792<>"""",$AG792<>""""),""INVESTIGATE"",""BET""))))","=IF($AA792="""","""",IF(ABS($AA792)<SETTINGS!$B$33,"""",IF(ABS($AA792)<SETTINGS!$B$34,""LEAN"",IF(OR(SETTINGS!$B$11<>""Y"",$AI792<>""READY"",ABS($AA792)<SETTINGS!$B$26,$AF792<>"""",$AG792<>""""),""INVESTIGATE"",""BET""))))"
ENGINE,AB793,793,28,"=IF($AA793="""","""",IF(ABS($AA793)<SETTINGS!$B$8*2,"""",IF(ABS($AA793)<SETTINGS!$B$9*2,""LEAN"",IF(OR(SETTINGS!$B$11<>""Y"",$AI793<>""READY"",ABS($AA793)<SETTINGS!$B$10*2,$AF793<>"""",$AG793<>""""),""INVESTIGATE"",""BET""))))","=IF($AA793="""","""",IF(ABS($AA793)<SETTINGS!$B$33,"""",IF(ABS($AA793)<SETTINGS!$B$34,""LEAN"",IF(OR(SETTINGS!$B$11<>""Y"",$AI793<>""READY"",ABS($AA793)<SETTINGS!$B$26,$AF793<>"""",$AG793<>""""),""INVESTIGATE"",""BET""))))"
ENGINE,AB794,794,28,"=IF($AA794="""","""",IF(ABS($AA794)<SETTINGS!$B$8*2,"""",IF(ABS($AA794)<SETTINGS!$B$9*2,""LEAN"",IF(OR(SETTINGS!$B$11<>""Y"",$AI794<>""READY"",ABS($AA794)<SETTINGS!$B$10*2,$AF794<>"""",$AG794<>""""),""INVESTIGATE"",""BET""))))","=IF($AA794="""","""",IF(ABS($AA794)<SETTINGS!$B$33,"""",IF(ABS($AA794)<SETTINGS!$B$34,""LEAN"",IF(OR(SETTINGS!$B$11<>""Y"",$AI794<>""READY"",ABS($AA794)<SETTINGS!$B$26,$AF794<>"""",$AG794<>""""),""INVESTIGATE"",""BET""))))"
ENGINE,AB795,795,28,"=IF($AA795="""","""",IF(ABS($AA795)<SETTINGS!$B$8*2,"""",IF(ABS($AA795)<SETTINGS!$B$9*2,""LEAN"",IF(OR(SETTINGS!$B$11<>""Y"",$AI795<>""READY"",ABS($AA795)<SETTINGS!$B$10*2,$AF795<>"""",$AG795<>""""),""INVESTIGATE"",""BET""))))","=IF($AA795="""","""",IF(ABS($AA795)<SETTINGS!$B$33,"""",IF(ABS($AA795)<SETTINGS!$B$34,""LEAN"",IF(OR(SETTINGS!$B$11<>""Y"",$AI795<>""READY"",ABS($AA795)<SETTINGS!$B$26,$AF795<>"""",$AG795<>""""),""INVESTIGATE"",""BET""))))"
ENGINE,AB796,796,28,"=IF($AA796="""","""",IF(ABS($AA796)<SETTINGS!$B$8*2,"""",IF(ABS($AA796)<SETTINGS!$B$9*2,""LEAN"",IF(OR(SETTINGS!$B$11<>""Y"",$AI796<>""READY"",ABS($AA796)<SETTINGS!$B$10*2,$AF796<>"""",$AG796<>""""),""INVESTIGATE"",""BET""))))","=IF($AA796="""","""",IF(ABS($AA796)<SETTINGS!$B$33,"""",IF(ABS($AA796)<SETTINGS!$B$34,""LEAN"",IF(OR(SETTINGS!$B$11<>""Y"",$AI796<>""READY"",ABS($AA796)<SETTINGS!$B$26,$AF796<>"""",$AG796<>""""),""INVESTIGATE"",""BET""))))"
ENGINE,AB797,797,28,"=IF($AA797="""","""",IF(ABS($AA797)<SETTINGS!$B$8*2,"""",IF(ABS($AA797)<SETTINGS!$B$9*2,""LEAN"",IF(OR(SETTINGS!$B$11<>""Y"",$AI797<>""READY"",ABS($AA797)<SETTINGS!$B$10*2,$AF797<>"""",$AG797<>""""),""INVESTIGATE"",""BET""))))","=IF($AA797="""","""",IF(ABS($AA797)<SETTINGS!$B$33,"""",IF(ABS($AA797)<SETTINGS!$B$34,""LEAN"",IF(OR(SETTINGS!$B$11<>""Y"",$AI797<>""READY"",ABS($AA797)<SETTINGS!$B$26,$AF797<>"""",$AG797<>""""),""INVESTIGATE"",""BET""))))"
ENGINE,AB798,798,28,"=IF($AA798="""","""",IF(ABS($AA798)<SETTINGS!$B$8*2,"""",IF(ABS($AA798)<SETTINGS!$B$9*2,""LEAN"",IF(OR(SETTINGS!$B$11<>""Y"",$AI798<>""READY"",ABS($AA798)<SETTINGS!$B$10*2,$AF798<>"""",$AG798<>""""),""INVESTIGATE"",""BET""))))","=IF($AA798="""","""",IF(ABS($AA798)<SETTINGS!$B$33,"""",IF(ABS($AA798)<SETTINGS!$B$34,""LEAN"",IF(OR(SETTINGS!$B$11<>""Y"",$AI798<>""READY"",ABS($AA798)<SETTINGS!$B$26,$AF798<>"""",$AG798<>""""),""INVESTIGATE"",""BET""))))"
ENGINE,AB799,799,28,"=IF($AA799="""","""",IF(ABS($AA799)<SETTINGS!$B$8*2,"""",IF(ABS($AA799)<SETTINGS!$B$9*2,""LEAN"",IF(OR(SETTINGS!$B$11<>""Y"",$AI799<>""READY"",ABS($AA799)<SETTINGS!$B$10*2,$AF799<>"""",$AG799<>""""),""INVESTIGATE"",""BET""))))","=IF($AA799="""","""",IF(ABS($AA799)<SETTINGS!$B$33,"""",IF(ABS($AA799)<SETTINGS!$B$34,""LEAN"",IF(OR(SETTINGS!$B$11<>""Y"",$AI799<>""READY"",ABS($AA799)<SETTINGS!$B$26,$AF799<>"""",$AG799<>""""),""INVESTIGATE"",""BET""))))"
ENGINE,AB800,800,28,"=IF($AA800="""","""",IF(ABS($AA800)<SETTINGS!$B$8*2,"""",IF(ABS($AA800)<SETTINGS!$B$9*2,""LEAN"",IF(OR(SETTINGS!$B$11<>""Y"",$AI800<>""READY"",ABS($AA800)<SETTINGS!$B$10*2,$AF800<>"""",$AG800<>""""),""INVESTIGATE"",""BET""))))","=IF($AA800="""","""",IF(ABS($AA800)<SETTINGS!$B$33,"""",IF(ABS($AA800)<SETTINGS!$B$34,""LEAN"",IF(OR(SETTINGS!$B$11<>""Y"",$AI800<>""READY"",ABS($AA800)<SETTINGS!$B$26,$AF800<>"""",$AG800<>""""),""INVESTIGATE"",""BET""))))"
ENGINE,AB801,801,28,"=IF($AA801="""","""",IF(ABS($AA801)<SETTINGS!$B$8*2,"""",IF(ABS($AA801)<SETTINGS!$B$9*2,""LEAN"",IF(OR(SETTINGS!$B$11<>""Y"",$AI801<>""READY"",ABS($AA801)<SETTINGS!$B$10*2,$AF801<>"""",$AG801<>""""),""INVESTIGATE"",""BET""))))","=IF($AA801="""","""",IF(ABS($AA801)<SETTINGS!$B$33,"""",IF(ABS($AA801)<SETTINGS!$B$34,""LEAN"",IF(OR(SETTINGS!$B$11<>""Y"",$AI801<>""READY"",ABS($AA801)<SETTINGS!$B$26,$AF801<>"""",$AG801<>""""),""INVESTIGATE"",""BET""))))"
ENGINE,AB802,802,28,"=IF($AA802="""","""",IF(ABS($AA802)<SETTINGS!$B$8*2,"""",IF(ABS($AA802)<SETTINGS!$B$9*2,""LEAN"",IF(OR(SETTINGS!$B$11<>""Y"",$AI802<>""READY"",ABS($AA802)<SETTINGS!$B$10*2,$AF802<>"""",$AG802<>""""),""INVESTIGATE"",""BET""))))","=IF($AA802="""","""",IF(ABS($AA802)<SETTINGS!$B$33,"""",IF(ABS($AA802)<SETTINGS!$B$34,""LEAN"",IF(OR(SETTINGS!$B$11<>""Y"",$AI802<>""READY"",ABS($AA802)<SETTINGS!$B$26,$AF802<>"""",$AG802<>""""),""INVESTIGATE"",""BET""))))"
ENGINE,AB803,803,28,"=IF($AA803="""","""",IF(ABS($AA803)<SETTINGS!$B$8*2,"""",IF(ABS($AA803)<SETTINGS!$B$9*2,""LEAN"",IF(OR(SETTINGS!$B$11<>""Y"",$AI803<>""READY"",ABS($AA803)<SETTINGS!$B$10*2,$AF803<>"""",$AG803<>""""),""INVESTIGATE"",""BET""))))","=IF($AA803="""","""",IF(ABS($AA803)<SETTINGS!$B$33,"""",IF(ABS($AA803)<SETTINGS!$B$34,""LEAN"",IF(OR(SETTINGS!$B$11<>""Y"",$AI803<>""READY"",ABS($AA803)<SETTINGS!$B$26,$AF803<>"""",$AG803<>""""),""INVESTIGATE"",""BET""))))"
ENGINE,AB804,804,28,"=IF($AA804="""","""",IF(ABS($AA804)<SETTINGS!$B$8*2,"""",IF(ABS($AA804)<SETTINGS!$B$9*2,""LEAN"",IF(OR(SETTINGS!$B$11<>""Y"",$AI804<>""READY"",ABS($AA804)<SETTINGS!$B$10*2,$AF804<>"""",$AG804<>""""),""INVESTIGATE"",""BET""))))","=IF($AA804="""","""",IF(ABS($AA804)<SETTINGS!$B$33,"""",IF(ABS($AA804)<SETTINGS!$B$34,""LEAN"",IF(OR(SETTINGS!$B$11<>""Y"",$AI804<>""READY"",ABS($AA804)<SETTINGS!$B$26,$AF804<>"""",$AG804<>""""),""INVESTIGATE"",""BET""))))"
ENGINE,AB805,805,28,"=IF($AA805="""","""",IF(ABS($AA805)<SETTINGS!$B$8*2,"""",IF(ABS($AA805)<SETTINGS!$B$9*2,""LEAN"",IF(OR(SETTINGS!$B$11<>""Y"",$AI805<>""READY"",ABS($AA805)<SETTINGS!$B$10*2,$AF805<>"""",$AG805<>""""),""INVESTIGATE"",""BET""))))","=IF($AA805="""","""",IF(ABS($AA805)<SETTINGS!$B$33,"""",IF(ABS($AA805)<SETTINGS!$B$34,""LEAN"",IF(OR(SETTINGS!$B$11<>""Y"",$AI805<>""READY"",ABS($AA805)<SETTINGS!$B$26,$AF805<>"""",$AG805<>""""),""INVESTIGATE"",""BET""))))"
ENGINE,AB806,806,28,"=IF($AA806="""","""",IF(ABS($AA806)<SETTINGS!$B$8*2,"""",IF(ABS($AA806)<SETTINGS!$B$9*2,""LEAN"",IF(OR(SETTINGS!$B$11<>""Y"",$AI806<>""READY"",ABS($AA806)<SETTINGS!$B$10*2,$AF806<>"""",$AG806<>""""),""INVESTIGATE"",""BET""))))","=IF($AA806="""","""",IF(ABS($AA806)<SETTINGS!$B$33,"""",IF(ABS($AA806)<SETTINGS!$B$34,""LEAN"",IF(OR(SETTINGS!$B$11<>""Y"",$AI806<>""READY"",ABS($AA806)<SETTINGS!$B$26,$AF806<>"""",$AG806<>""""),""INVESTIGATE"",""BET""))))"
ENGINE,AB807,807,28,"=IF($AA807="""","""",IF(ABS($AA807)<SETTINGS!$B$8*2,"""",IF(ABS($AA807)<SETTINGS!$B$9*2,""LEAN"",IF(OR(SETTINGS!$B$11<>""Y"",$AI807<>""READY"",ABS($AA807)<SETTINGS!$B$10*2,$AF807<>"""",$AG807<>""""),""INVESTIGATE"",""BET""))))","=IF($AA807="""","""",IF(ABS($AA807)<SETTINGS!$B$33,"""",IF(ABS($AA807)<SETTINGS!$B$34,""LEAN"",IF(OR(SETTINGS!$B$11<>""Y"",$AI807<>""READY"",ABS($AA807)<SETTINGS!$B$26,$AF807<>"""",$AG807<>""""),""INVESTIGATE"",""BET""))))"
ENGINE,AB808,808,28,"=IF($AA808="""","""",IF(ABS($AA808)<SETTINGS!$B$8*2,"""",IF(ABS($AA808)<SETTINGS!$B$9*2,""LEAN"",IF(OR(SETTINGS!$B$11<>""Y"",$AI808<>""READY"",ABS($AA808)<SETTINGS!$B$10*2,$AF808<>"""",$AG808<>""""),""INVESTIGATE"",""BET""))))","=IF($AA808="""","""",IF(ABS($AA808)<SETTINGS!$B$33,"""",IF(ABS($AA808)<SETTINGS!$B$34,""LEAN"",IF(OR(SETTINGS!$B$11<>""Y"",$AI808<>""READY"",ABS($AA808)<SETTINGS!$B$26,$AF808<>"""",$AG808<>""""),""INVESTIGATE"",""BET""))))"
ENGINE,AB809,809,28,"=IF($AA809="""","""",IF(ABS($AA809)<SETTINGS!$B$8*2,"""",IF(ABS($AA809)<SETTINGS!$B$9*2,""LEAN"",IF(OR(SETTINGS!$B$11<>""Y"",$AI809<>""READY"",ABS($AA809)<SETTINGS!$B$10*2,$AF809<>"""",$AG809<>""""),""INVESTIGATE"",""BET""))))","=IF($AA809="""","""",IF(ABS($AA809)<SETTINGS!$B$33,"""",IF(ABS($AA809)<SETTINGS!$B$34,""LEAN"",IF(OR(SETTINGS!$B$11<>""Y"",$AI809<>""READY"",ABS($AA809)<SETTINGS!$B$26,$AF809<>"""",$AG809<>""""),""INVESTIGATE"",""BET""))))"
ENGINE,AB810,810,28,"=IF($AA810="""","""",IF(ABS($AA810)<SETTINGS!$B$8*2,"""",IF(ABS($AA810)<SETTINGS!$B$9*2,""LEAN"",IF(OR(SETTINGS!$B$11<>""Y"",$AI810<>""READY"",ABS($AA810)<SETTINGS!$B$10*2,$AF810<>"""",$AG810<>""""),""INVESTIGATE"",""BET""))))","=IF($AA810="""","""",IF(ABS($AA810)<SETTINGS!$B$33,"""",IF(ABS($AA810)<SETTINGS!$B$34,""LEAN"",IF(OR(SETTINGS!$B$11<>""Y"",$AI810<>""READY"",ABS($AA810)<SETTINGS!$B$26,$AF810<>"""",$AG810<>""""),""INVESTIGATE"",""BET""))))"
ENGINE,AB811,811,28,"=IF($AA811="""","""",IF(ABS($AA811)<SETTINGS!$B$8*2,"""",IF(ABS($AA811)<SETTINGS!$B$9*2,""LEAN"",IF(OR(SETTINGS!$B$11<>""Y"",$AI811<>""READY"",ABS($AA811)<SETTINGS!$B$10*2,$AF811<>"""",$AG811<>""""),""INVESTIGATE"",""BET""))))","=IF($AA811="""","""",IF(ABS($AA811)<SETTINGS!$B$33,"""",IF(ABS($AA811)<SETTINGS!$B$34,""LEAN"",IF(OR(SETTINGS!$B$11<>""Y"",$AI811<>""READY"",ABS($AA811)<SETTINGS!$B$26,$AF811<>"""",$AG811<>""""),""INVESTIGATE"",""BET""))))"
ENGINE,AB812,812,28,"=IF($AA812="""","""",IF(ABS($AA812)<SETTINGS!$B$8*2,"""",IF(ABS($AA812)<SETTINGS!$B$9*2,""LEAN"",IF(OR(SETTINGS!$B$11<>""Y"",$AI812<>""READY"",ABS($AA812)<SETTINGS!$B$10*2,$AF812<>"""",$AG812<>""""),""INVESTIGATE"",""BET""))))","=IF($AA812="""","""",IF(ABS($AA812)<SETTINGS!$B$33,"""",IF(ABS($AA812)<SETTINGS!$B$34,""LEAN"",IF(OR(SETTINGS!$B$11<>""Y"",$AI812<>""READY"",ABS($AA812)<SETTINGS!$B$26,$AF812<>"""",$AG812<>""""),""INVESTIGATE"",""BET""))))"
ENGINE,AB813,813,28,"=IF($AA813="""","""",IF(ABS($AA813)<SETTINGS!$B$8*2,"""",IF(ABS($AA813)<SETTINGS!$B$9*2,""LEAN"",IF(OR(SETTINGS!$B$11<>""Y"",$AI813<>""READY"",ABS($AA813)<SETTINGS!$B$10*2,$AF813<>"""",$AG813<>""""),""INVESTIGATE"",""BET""))))","=IF($AA813="""","""",IF(ABS($AA813)<SETTINGS!$B$33,"""",IF(ABS($AA813)<SETTINGS!$B$34,""LEAN"",IF(OR(SETTINGS!$B$11<>""Y"",$AI813<>""READY"",ABS($AA813)<SETTINGS!$B$26,$AF813<>"""",$AG813<>""""),""INVESTIGATE"",""BET""))))"
ENGINE,AB814,814,28,"=IF($AA814="""","""",IF(ABS($AA814)<SETTINGS!$B$8*2,"""",IF(ABS($AA814)<SETTINGS!$B$9*2,""LEAN"",IF(OR(SETTINGS!$B$11<>""Y"",$AI814<>""READY"",ABS($AA814)<SETTINGS!$B$10*2,$AF814<>"""",$AG814<>""""),""INVESTIGATE"",""BET""))))","=IF($AA814="""","""",IF(ABS($AA814)<SETTINGS!$B$33,"""",IF(ABS($AA814)<SETTINGS!$B$34,""LEAN"",IF(OR(SETTINGS!$B$11<>""Y"",$AI814<>""READY"",ABS($AA814)<SETTINGS!$B$26,$AF814<>"""",$AG814<>""""),""INVESTIGATE"",""BET""))))"
ENGINE,AB815,815,28,"=IF($AA815="""","""",IF(ABS($AA815)<SETTINGS!$B$8*2,"""",IF(ABS($AA815)<SETTINGS!$B$9*2,""LEAN"",IF(OR(SETTINGS!$B$11<>""Y"",$AI815<>""READY"",ABS($AA815)<SETTINGS!$B$10*2,$AF815<>"""",$AG815<>""""),""INVESTIGATE"",""BET""))))","=IF($AA815="""","""",IF(ABS($AA815)<SETTINGS!$B$33,"""",IF(ABS($AA815)<SETTINGS!$B$34,""LEAN"",IF(OR(SETTINGS!$B$11<>""Y"",$AI815<>""READY"",ABS($AA815)<SETTINGS!$B$26,$AF815<>"""",$AG815<>""""),""INVESTIGATE"",""BET""))))"
ENGINE,AB816,816,28,"=IF($AA816="""","""",IF(ABS($AA816)<SETTINGS!$B$8*2,"""",IF(ABS($AA816)<SETTINGS!$B$9*2,""LEAN"",IF(OR(SETTINGS!$B$11<>""Y"",$AI816<>""READY"",ABS($AA816)<SETTINGS!$B$10*2,$AF816<>"""",$AG816<>""""),""INVESTIGATE"",""BET""))))","=IF($AA816="""","""",IF(ABS($AA816)<SETTINGS!$B$33,"""",IF(ABS($AA816)<SETTINGS!$B$34,""LEAN"",IF(OR(SETTINGS!$B$11<>""Y"",$AI816<>""READY"",ABS($AA816)<SETTINGS!$B$26,$AF816<>"""",$AG816<>""""),""INVESTIGATE"",""BET""))))"
ENGINE,AB817,817,28,"=IF($AA817="""","""",IF(ABS($AA817)<SETTINGS!$B$8*2,"""",IF(ABS($AA817)<SETTINGS!$B$9*2,""LEAN"",IF(OR(SETTINGS!$B$11<>""Y"",$AI817<>""READY"",ABS($AA817)<SETTINGS!$B$10*2,$AF817<>"""",$AG817<>""""),""INVESTIGATE"",""BET""))))","=IF($AA817="""","""",IF(ABS($AA817)<SETTINGS!$B$33,"""",IF(ABS($AA817)<SETTINGS!$B$34,""LEAN"",IF(OR(SETTINGS!$B$11<>""Y"",$AI817<>""READY"",ABS($AA817)<SETTINGS!$B$26,$AF817<>"""",$AG817<>""""),""INVESTIGATE"",""BET""))))"
ENGINE,AB818,818,28,"=IF($AA818="""","""",IF(ABS($AA818)<SETTINGS!$B$8*2,"""",IF(ABS($AA818)<SETTINGS!$B$9*2,""LEAN"",IF(OR(SETTINGS!$B$11<>""Y"",$AI818<>""READY"",ABS($AA818)<SETTINGS!$B$10*2,$AF818<>"""",$AG818<>""""),""INVESTIGATE"",""BET""))))","=IF($AA818="""","""",IF(ABS($AA818)<SETTINGS!$B$33,"""",IF(ABS($AA818)<SETTINGS!$B$34,""LEAN"",IF(OR(SETTINGS!$B$11<>""Y"",$AI818<>""READY"",ABS($AA818)<SETTINGS!$B$26,$AF818<>"""",$AG818<>""""),""INVESTIGATE"",""BET""))))"
ENGINE,AB819,819,28,"=IF($AA819="""","""",IF(ABS($AA819)<SETTINGS!$B$8*2,"""",IF(ABS($AA819)<SETTINGS!$B$9*2,""LEAN"",IF(OR(SETTINGS!$B$11<>""Y"",$AI819<>""READY"",ABS($AA819)<SETTINGS!$B$10*2,$AF819<>"""",$AG819<>""""),""INVESTIGATE"",""BET""))))","=IF($AA819="""","""",IF(ABS($AA819)<SETTINGS!$B$33,"""",IF(ABS($AA819)<SETTINGS!$B$34,""LEAN"",IF(OR(SETTINGS!$B$11<>""Y"",$AI819<>""READY"",ABS($AA819)<SETTINGS!$B$26,$AF819<>"""",$AG819<>""""),""INVESTIGATE"",""BET""))))"
ENGINE,AB820,820,28,"=IF($AA820="""","""",IF(ABS($AA820)<SETTINGS!$B$8*2,"""",IF(ABS($AA820)<SETTINGS!$B$9*2,""LEAN"",IF(OR(SETTINGS!$B$11<>""Y"",$AI820<>""READY"",ABS($AA820)<SETTINGS!$B$10*2,$AF820<>"""",$AG820<>""""),""INVESTIGATE"",""BET""))))","=IF($AA820="""","""",IF(ABS($AA820)<SETTINGS!$B$33,"""",IF(ABS($AA820)<SETTINGS!$B$34,""LEAN"",IF(OR(SETTINGS!$B$11<>""Y"",$AI820<>""READY"",ABS($AA820)<SETTINGS!$B$26,$AF820<>"""",$AG820<>""""),""INVESTIGATE"",""BET""))))"
ENGINE,AB821,821,28,"=IF($AA821="""","""",IF(ABS($AA821)<SETTINGS!$B$8*2,"""",IF(ABS($AA821)<SETTINGS!$B$9*2,""LEAN"",IF(OR(SETTINGS!$B$11<>""Y"",$AI821<>""READY"",ABS($AA821)<SETTINGS!$B$10*2,$AF821<>"""",$AG821<>""""),""INVESTIGATE"",""BET""))))","=IF($AA821="""","""",IF(ABS($AA821)<SETTINGS!$B$33,"""",IF(ABS($AA821)<SETTINGS!$B$34,""LEAN"",IF(OR(SETTINGS!$B$11<>""Y"",$AI821<>""READY"",ABS($AA821)<SETTINGS!$B$26,$AF821<>"""",$AG821<>""""),""INVESTIGATE"",""BET""))))"
ENGINE,AB822,822,28,"=IF($AA822="""","""",IF(ABS($AA822)<SETTINGS!$B$8*2,"""",IF(ABS($AA822)<SETTINGS!$B$9*2,""LEAN"",IF(OR(SETTINGS!$B$11<>""Y"",$AI822<>""READY"",ABS($AA822)<SETTINGS!$B$10*2,$AF822<>"""",$AG822<>""""),""INVESTIGATE"",""BET""))))","=IF($AA822="""","""",IF(ABS($AA822)<SETTINGS!$B$33,"""",IF(ABS($AA822)<SETTINGS!$B$34,""LEAN"",IF(OR(SETTINGS!$B$11<>""Y"",$AI822<>""READY"",ABS($AA822)<SETTINGS!$B$26,$AF822<>"""",$AG822<>""""),""INVESTIGATE"",""BET""))))"
ENGINE,AB823,823,28,"=IF($AA823="""","""",IF(ABS($AA823)<SETTINGS!$B$8*2,"""",IF(ABS($AA823)<SETTINGS!$B$9*2,""LEAN"",IF(OR(SETTINGS!$B$11<>""Y"",$AI823<>""READY"",ABS($AA823)<SETTINGS!$B$10*2,$AF823<>"""",$AG823<>""""),""INVESTIGATE"",""BET""))))","=IF($AA823="""","""",IF(ABS($AA823)<SETTINGS!$B$33,"""",IF(ABS($AA823)<SETTINGS!$B$34,""LEAN"",IF(OR(SETTINGS!$B$11<>""Y"",$AI823<>""READY"",ABS($AA823)<SETTINGS!$B$26,$AF823<>"""",$AG823<>""""),""INVESTIGATE"",""BET""))))"
ENGINE,AB824,824,28,"=IF($AA824="""","""",IF(ABS($AA824)<SETTINGS!$B$8*2,"""",IF(ABS($AA824)<SETTINGS!$B$9*2,""LEAN"",IF(OR(SETTINGS!$B$11<>""Y"",$AI824<>""READY"",ABS($AA824)<SETTINGS!$B$10*2,$AF824<>"""",$AG824<>""""),""INVESTIGATE"",""BET""))))","=IF($AA824="""","""",IF(ABS($AA824)<SETTINGS!$B$33,"""",IF(ABS($AA824)<SETTINGS!$B$34,""LEAN"",IF(OR(SETTINGS!$B$11<>""Y"",$AI824<>""READY"",ABS($AA824)<SETTINGS!$B$26,$AF824<>"""",$AG824<>""""),""INVESTIGATE"",""BET""))))"
ENGINE,AB825,825,28,"=IF($AA825="""","""",IF(ABS($AA825)<SETTINGS!$B$8*2,"""",IF(ABS($AA825)<SETTINGS!$B$9*2,""LEAN"",IF(OR(SETTINGS!$B$11<>""Y"",$AI825<>""READY"",ABS($AA825)<SETTINGS!$B$10*2,$AF825<>"""",$AG825<>""""),""INVESTIGATE"",""BET""))))","=IF($AA825="""","""",IF(ABS($AA825)<SETTINGS!$B$33,"""",IF(ABS($AA825)<SETTINGS!$B$34,""LEAN"",IF(OR(SETTINGS!$B$11<>""Y"",$AI825<>""READY"",ABS($AA825)<SETTINGS!$B$26,$AF825<>"""",$AG825<>""""),""INVESTIGATE"",""BET""))))"
ENGINE,AB826,826,28,"=IF($AA826="""","""",IF(ABS($AA826)<SETTINGS!$B$8*2,"""",IF(ABS($AA826)<SETTINGS!$B$9*2,""LEAN"",IF(OR(SETTINGS!$B$11<>""Y"",$AI826<>""READY"",ABS($AA826)<SETTINGS!$B$10*2,$AF826<>"""",$AG826<>""""),""INVESTIGATE"",""BET""))))","=IF($AA826="""","""",IF(ABS($AA826)<SETTINGS!$B$33,"""",IF(ABS($AA826)<SETTINGS!$B$34,""LEAN"",IF(OR(SETTINGS!$B$11<>""Y"",$AI826<>""READY"",ABS($AA826)<SETTINGS!$B$26,$AF826<>"""",$AG826<>""""),""INVESTIGATE"",""BET""))))"
ENGINE,AB827,827,28,"=IF($AA827="""","""",IF(ABS($AA827)<SETTINGS!$B$8*2,"""",IF(ABS($AA827)<SETTINGS!$B$9*2,""LEAN"",IF(OR(SETTINGS!$B$11<>""Y"",$AI827<>""READY"",ABS($AA827)<SETTINGS!$B$10*2,$AF827<>"""",$AG827<>""""),""INVESTIGATE"",""BET""))))","=IF($AA827="""","""",IF(ABS($AA827)<SETTINGS!$B$33,"""",IF(ABS($AA827)<SETTINGS!$B$34,""LEAN"",IF(OR(SETTINGS!$B$11<>""Y"",$AI827<>""READY"",ABS($AA827)<SETTINGS!$B$26,$AF827<>"""",$AG827<>""""),""INVESTIGATE"",""BET""))))"
ENGINE,AB828,828,28,"=IF($AA828="""","""",IF(ABS($AA828)<SETTINGS!$B$8*2,"""",IF(ABS($AA828)<SETTINGS!$B$9*2,""LEAN"",IF(OR(SETTINGS!$B$11<>""Y"",$AI828<>""READY"",ABS($AA828)<SETTINGS!$B$10*2,$AF828<>"""",$AG828<>""""),""INVESTIGATE"",""BET""))))","=IF($AA828="""","""",IF(ABS($AA828)<SETTINGS!$B$33,"""",IF(ABS($AA828)<SETTINGS!$B$34,""LEAN"",IF(OR(SETTINGS!$B$11<>""Y"",$AI828<>""READY"",ABS($AA828)<SETTINGS!$B$26,$AF828<>"""",$AG828<>""""),""INVESTIGATE"",""BET""))))"
ENGINE,AB829,829,28,"=IF($AA829="""","""",IF(ABS($AA829)<SETTINGS!$B$8*2,"""",IF(ABS($AA829)<SETTINGS!$B$9*2,""LEAN"",IF(OR(SETTINGS!$B$11<>""Y"",$AI829<>""READY"",ABS($AA829)<SETTINGS!$B$10*2,$AF829<>"""",$AG829<>""""),""INVESTIGATE"",""BET""))))","=IF($AA829="""","""",IF(ABS($AA829)<SETTINGS!$B$33,"""",IF(ABS($AA829)<SETTINGS!$B$34,""LEAN"",IF(OR(SETTINGS!$B$11<>""Y"",$AI829<>""READY"",ABS($AA829)<SETTINGS!$B$26,$AF829<>"""",$AG829<>""""),""INVESTIGATE"",""BET""))))"
ENGINE,AB830,830,28,"=IF($AA830="""","""",IF(ABS($AA830)<SETTINGS!$B$8*2,"""",IF(ABS($AA830)<SETTINGS!$B$9*2,""LEAN"",IF(OR(SETTINGS!$B$11<>""Y"",$AI830<>""READY"",ABS($AA830)<SETTINGS!$B$10*2,$AF830<>"""",$AG830<>""""),""INVESTIGATE"",""BET""))))","=IF($AA830="""","""",IF(ABS($AA830)<SETTINGS!$B$33,"""",IF(ABS($AA830)<SETTINGS!$B$34,""LEAN"",IF(OR(SETTINGS!$B$11<>""Y"",$AI830<>""READY"",ABS($AA830)<SETTINGS!$B$26,$AF830<>"""",$AG830<>""""),""INVESTIGATE"",""BET""))))"
ENGINE,AB831,831,28,"=IF($AA831="""","""",IF(ABS($AA831)<SETTINGS!$B$8*2,"""",IF(ABS($AA831)<SETTINGS!$B$9*2,""LEAN"",IF(OR(SETTINGS!$B$11<>""Y"",$AI831<>""READY"",ABS($AA831)<SETTINGS!$B$10*2,$AF831<>"""",$AG831<>""""),""INVESTIGATE"",""BET""))))","=IF($AA831="""","""",IF(ABS($AA831)<SETTINGS!$B$33,"""",IF(ABS($AA831)<SETTINGS!$B$34,""LEAN"",IF(OR(SETTINGS!$B$11<>""Y"",$AI831<>""READY"",ABS($AA831)<SETTINGS!$B$26,$AF831<>"""",$AG831<>""""),""INVESTIGATE"",""BET""))))"
ENGINE,AB832,832,28,"=IF($AA832="""","""",IF(ABS($AA832)<SETTINGS!$B$8*2,"""",IF(ABS($AA832)<SETTINGS!$B$9*2,""LEAN"",IF(OR(SETTINGS!$B$11<>""Y"",$AI832<>""READY"",ABS($AA832)<SETTINGS!$B$10*2,$AF832<>"""",$AG832<>""""),""INVESTIGATE"",""BET""))))","=IF($AA832="""","""",IF(ABS($AA832)<SETTINGS!$B$33,"""",IF(ABS($AA832)<SETTINGS!$B$34,""LEAN"",IF(OR(SETTINGS!$B$11<>""Y"",$AI832<>""READY"",ABS($AA832)<SETTINGS!$B$26,$AF832<>"""",$AG832<>""""),""INVESTIGATE"",""BET""))))"
ENGINE,AB833,833,28,"=IF($AA833="""","""",IF(ABS($AA833)<SETTINGS!$B$8*2,"""",IF(ABS($AA833)<SETTINGS!$B$9*2,""LEAN"",IF(OR(SETTINGS!$B$11<>""Y"",$AI833<>""READY"",ABS($AA833)<SETTINGS!$B$10*2,$AF833<>"""",$AG833<>""""),""INVESTIGATE"",""BET""))))","=IF($AA833="""","""",IF(ABS($AA833)<SETTINGS!$B$33,"""",IF(ABS($AA833)<SETTINGS!$B$34,""LEAN"",IF(OR(SETTINGS!$B$11<>""Y"",$AI833<>""READY"",ABS($AA833)<SETTINGS!$B$26,$AF833<>"""",$AG833<>""""),""INVESTIGATE"",""BET""))))"
ENGINE,AB834,834,28,"=IF($AA834="""","""",IF(ABS($AA834)<SETTINGS!$B$8*2,"""",IF(ABS($AA834)<SETTINGS!$B$9*2,""LEAN"",IF(OR(SETTINGS!$B$11<>""Y"",$AI834<>""READY"",ABS($AA834)<SETTINGS!$B$10*2,$AF834<>"""",$AG834<>""""),""INVESTIGATE"",""BET""))))","=IF($AA834="""","""",IF(ABS($AA834)<SETTINGS!$B$33,"""",IF(ABS($AA834)<SETTINGS!$B$34,""LEAN"",IF(OR(SETTINGS!$B$11<>""Y"",$AI834<>""READY"",ABS($AA834)<SETTINGS!$B$26,$AF834<>"""",$AG834<>""""),""INVESTIGATE"",""BET""))))"
ENGINE,AB835,835,28,"=IF($AA835="""","""",IF(ABS($AA835)<SETTINGS!$B$8*2,"""",IF(ABS($AA835)<SETTINGS!$B$9*2,""LEAN"",IF(OR(SETTINGS!$B$11<>""Y"",$AI835<>""READY"",ABS($AA835)<SETTINGS!$B$10*2,$AF835<>"""",$AG835<>""""),""INVESTIGATE"",""BET""))))","=IF($AA835="""","""",IF(ABS($AA835)<SETTINGS!$B$33,"""",IF(ABS($AA835)<SETTINGS!$B$34,""LEAN"",IF(OR(SETTINGS!$B$11<>""Y"",$AI835<>""READY"",ABS($AA835)<SETTINGS!$B$26,$AF835<>"""",$AG835<>""""),""INVESTIGATE"",""BET""))))"
ENGINE,AB836,836,28,"=IF($AA836="""","""",IF(ABS($AA836)<SETTINGS!$B$8*2,"""",IF(ABS($AA836)<SETTINGS!$B$9*2,""LEAN"",IF(OR(SETTINGS!$B$11<>""Y"",$AI836<>""READY"",ABS($AA836)<SETTINGS!$B$10*2,$AF836<>"""",$AG836<>""""),""INVESTIGATE"",""BET""))))","=IF($AA836="""","""",IF(ABS($AA836)<SETTINGS!$B$33,"""",IF(ABS($AA836)<SETTINGS!$B$34,""LEAN"",IF(OR(SETTINGS!$B$11<>""Y"",$AI836<>""READY"",ABS($AA836)<SETTINGS!$B$26,$AF836<>"""",$AG836<>""""),""INVESTIGATE"",""BET""))))"
ENGINE,AB837,837,28,"=IF($AA837="""","""",IF(ABS($AA837)<SETTINGS!$B$8*2,"""",IF(ABS($AA837)<SETTINGS!$B$9*2,""LEAN"",IF(OR(SETTINGS!$B$11<>""Y"",$AI837<>""READY"",ABS($AA837)<SETTINGS!$B$10*2,$AF837<>"""",$AG837<>""""),""INVESTIGATE"",""BET""))))","=IF($AA837="""","""",IF(ABS($AA837)<SETTINGS!$B$33,"""",IF(ABS($AA837)<SETTINGS!$B$34,""LEAN"",IF(OR(SETTINGS!$B$11<>""Y"",$AI837<>""READY"",ABS($AA837)<SETTINGS!$B$26,$AF837<>"""",$AG837<>""""),""INVESTIGATE"",""BET""))))"
ENGINE,AB838,838,28,"=IF($AA838="""","""",IF(ABS($AA838)<SETTINGS!$B$8*2,"""",IF(ABS($AA838)<SETTINGS!$B$9*2,""LEAN"",IF(OR(SETTINGS!$B$11<>""Y"",$AI838<>""READY"",ABS($AA838)<SETTINGS!$B$10*2,$AF838<>"""",$AG838<>""""),""INVESTIGATE"",""BET""))))","=IF($AA838="""","""",IF(ABS($AA838)<SETTINGS!$B$33,"""",IF(ABS($AA838)<SETTINGS!$B$34,""LEAN"",IF(OR(SETTINGS!$B$11<>""Y"",$AI838<>""READY"",ABS($AA838)<SETTINGS!$B$26,$AF838<>"""",$AG838<>""""),""INVESTIGATE"",""BET""))))"
ENGINE,AB839,839,28,"=IF($AA839="""","""",IF(ABS($AA839)<SETTINGS!$B$8*2,"""",IF(ABS($AA839)<SETTINGS!$B$9*2,""LEAN"",IF(OR(SETTINGS!$B$11<>""Y"",$AI839<>""READY"",ABS($AA839)<SETTINGS!$B$10*2,$AF839<>"""",$AG839<>""""),""INVESTIGATE"",""BET""))))","=IF($AA839="""","""",IF(ABS($AA839)<SETTINGS!$B$33,"""",IF(ABS($AA839)<SETTINGS!$B$34,""LEAN"",IF(OR(SETTINGS!$B$11<>""Y"",$AI839<>""READY"",ABS($AA839)<SETTINGS!$B$26,$AF839<>"""",$AG839<>""""),""INVESTIGATE"",""BET""))))"
ENGINE,AB840,840,28,"=IF($AA840="""","""",IF(ABS($AA840)<SETTINGS!$B$8*2,"""",IF(ABS($AA840)<SETTINGS!$B$9*2,""LEAN"",IF(OR(SETTINGS!$B$11<>""Y"",$AI840<>""READY"",ABS($AA840)<SETTINGS!$B$10*2,$AF840<>"""",$AG840<>""""),""INVESTIGATE"",""BET""))))","=IF($AA840="""","""",IF(ABS($AA840)<SETTINGS!$B$33,"""",IF(ABS($AA840)<SETTINGS!$B$34,""LEAN"",IF(OR(SETTINGS!$B$11<>""Y"",$AI840<>""READY"",ABS($AA840)<SETTINGS!$B$26,$AF840<>"""",$AG840<>""""),""INVESTIGATE"",""BET""))))"
ENGINE,AB841,841,28,"=IF($AA841="""","""",IF(ABS($AA841)<SETTINGS!$B$8*2,"""",IF(ABS($AA841)<SETTINGS!$B$9*2,""LEAN"",IF(OR(SETTINGS!$B$11<>""Y"",$AI841<>""READY"",ABS($AA841)<SETTINGS!$B$10*2,$AF841<>"""",$AG841<>""""),""INVESTIGATE"",""BET""))))","=IF($AA841="""","""",IF(ABS($AA841)<SETTINGS!$B$33,"""",IF(ABS($AA841)<SETTINGS!$B$34,""LEAN"",IF(OR(SETTINGS!$B$11<>""Y"",$AI841<>""READY"",ABS($AA841)<SETTINGS!$B$26,$AF841<>"""",$AG841<>""""),""INVESTIGATE"",""BET""))))"
ENGINE,AB842,842,28,"=IF($AA842="""","""",IF(ABS($AA842)<SETTINGS!$B$8*2,"""",IF(ABS($AA842)<SETTINGS!$B$9*2,""LEAN"",IF(OR(SETTINGS!$B$11<>""Y"",$AI842<>""READY"",ABS($AA842)<SETTINGS!$B$10*2,$AF842<>"""",$AG842<>""""),""INVESTIGATE"",""BET""))))","=IF($AA842="""","""",IF(ABS($AA842)<SETTINGS!$B$33,"""",IF(ABS($AA842)<SETTINGS!$B$34,""LEAN"",IF(OR(SETTINGS!$B$11<>""Y"",$AI842<>""READY"",ABS($AA842)<SETTINGS!$B$26,$AF842<>"""",$AG842<>""""),""INVESTIGATE"",""BET""))))"
ENGINE,AB843,843,28,"=IF($AA843="""","""",IF(ABS($AA843)<SETTINGS!$B$8*2,"""",IF(ABS($AA843)<SETTINGS!$B$9*2,""LEAN"",IF(OR(SETTINGS!$B$11<>""Y"",$AI843<>""READY"",ABS($AA843)<SETTINGS!$B$10*2,$AF843<>"""",$AG843<>""""),""INVESTIGATE"",""BET""))))","=IF($AA843="""","""",IF(ABS($AA843)<SETTINGS!$B$33,"""",IF(ABS($AA843)<SETTINGS!$B$34,""LEAN"",IF(OR(SETTINGS!$B$11<>""Y"",$AI843<>""READY"",ABS($AA843)<SETTINGS!$B$26,$AF843<>"""",$AG843<>""""),""INVESTIGATE"",""BET""))))"
ENGINE,AB844,844,28,"=IF($AA844="""","""",IF(ABS($AA844)<SETTINGS!$B$8*2,"""",IF(ABS($AA844)<SETTINGS!$B$9*2,""LEAN"",IF(OR(SETTINGS!$B$11<>""Y"",$AI844<>""READY"",ABS($AA844)<SETTINGS!$B$10*2,$AF844<>"""",$AG844<>""""),""INVESTIGATE"",""BET""))))","=IF($AA844="""","""",IF(ABS($AA844)<SETTINGS!$B$33,"""",IF(ABS($AA844)<SETTINGS!$B$34,""LEAN"",IF(OR(SETTINGS!$B$11<>""Y"",$AI844<>""READY"",ABS($AA844)<SETTINGS!$B$26,$AF844<>"""",$AG844<>""""),""INVESTIGATE"",""BET""))))"
ENGINE,AB845,845,28,"=IF($AA845="""","""",IF(ABS($AA845)<SETTINGS!$B$8*2,"""",IF(ABS($AA845)<SETTINGS!$B$9*2,""LEAN"",IF(OR(SETTINGS!$B$11<>""Y"",$AI845<>""READY"",ABS($AA845)<SETTINGS!$B$10*2,$AF845<>"""",$AG845<>""""),""INVESTIGATE"",""BET""))))","=IF($AA845="""","""",IF(ABS($AA845)<SETTINGS!$B$33,"""",IF(ABS($AA845)<SETTINGS!$B$34,""LEAN"",IF(OR(SETTINGS!$B$11<>""Y"",$AI845<>""READY"",ABS($AA845)<SETTINGS!$B$26,$AF845<>"""",$AG845<>""""),""INVESTIGATE"",""BET""))))"
ENGINE,AB846,846,28,"=IF($AA846="""","""",IF(ABS($AA846)<SETTINGS!$B$8*2,"""",IF(ABS($AA846)<SETTINGS!$B$9*2,""LEAN"",IF(OR(SETTINGS!$B$11<>""Y"",$AI846<>""READY"",ABS($AA846)<SETTINGS!$B$10*2,$AF846<>"""",$AG846<>""""),""INVESTIGATE"",""BET""))))","=IF($AA846="""","""",IF(ABS($AA846)<SETTINGS!$B$33,"""",IF(ABS($AA846)<SETTINGS!$B$34,""LEAN"",IF(OR(SETTINGS!$B$11<>""Y"",$AI846<>""READY"",ABS($AA846)<SETTINGS!$B$26,$AF846<>"""",$AG846<>""""),""INVESTIGATE"",""BET""))))"
ENGINE,AB847,847,28,"=IF($AA847="""","""",IF(ABS($AA847)<SETTINGS!$B$8*2,"""",IF(ABS($AA847)<SETTINGS!$B$9*2,""LEAN"",IF(OR(SETTINGS!$B$11<>""Y"",$AI847<>""READY"",ABS($AA847)<SETTINGS!$B$10*2,$AF847<>"""",$AG847<>""""),""INVESTIGATE"",""BET""))))","=IF($AA847="""","""",IF(ABS($AA847)<SETTINGS!$B$33,"""",IF(ABS($AA847)<SETTINGS!$B$34,""LEAN"",IF(OR(SETTINGS!$B$11<>""Y"",$AI847<>""READY"",ABS($AA847)<SETTINGS!$B$26,$AF847<>"""",$AG847<>""""),""INVESTIGATE"",""BET""))))"
ENGINE,AB848,848,28,"=IF($AA848="""","""",IF(ABS($AA848)<SETTINGS!$B$8*2,"""",IF(ABS($AA848)<SETTINGS!$B$9*2,""LEAN"",IF(OR(SETTINGS!$B$11<>""Y"",$AI848<>""READY"",ABS($AA848)<SETTINGS!$B$10*2,$AF848<>"""",$AG848<>""""),""INVESTIGATE"",""BET""))))","=IF($AA848="""","""",IF(ABS($AA848)<SETTINGS!$B$33,"""",IF(ABS($AA848)<SETTINGS!$B$34,""LEAN"",IF(OR(SETTINGS!$B$11<>""Y"",$AI848<>""READY"",ABS($AA848)<SETTINGS!$B$26,$AF848<>"""",$AG848<>""""),""INVESTIGATE"",""BET""))))"
ENGINE,AB849,849,28,"=IF($AA849="""","""",IF(ABS($AA849)<SETTINGS!$B$8*2,"""",IF(ABS($AA849)<SETTINGS!$B$9*2,""LEAN"",IF(OR(SETTINGS!$B$11<>""Y"",$AI849<>""READY"",ABS($AA849)<SETTINGS!$B$10*2,$AF849<>"""",$AG849<>""""),""INVESTIGATE"",""BET""))))","=IF($AA849="""","""",IF(ABS($AA849)<SETTINGS!$B$33,"""",IF(ABS($AA849)<SETTINGS!$B$34,""LEAN"",IF(OR(SETTINGS!$B$11<>""Y"",$AI849<>""READY"",ABS($AA849)<SETTINGS!$B$26,$AF849<>"""",$AG849<>""""),""INVESTIGATE"",""BET""))))"
ENGINE,AB850,850,28,"=IF($AA850="""","""",IF(ABS($AA850)<SETTINGS!$B$8*2,"""",IF(ABS($AA850)<SETTINGS!$B$9*2,""LEAN"",IF(OR(SETTINGS!$B$11<>""Y"",$AI850<>""READY"",ABS($AA850)<SETTINGS!$B$10*2,$AF850<>"""",$AG850<>""""),""INVESTIGATE"",""BET""))))","=IF($AA850="""","""",IF(ABS($AA850)<SETTINGS!$B$33,"""",IF(ABS($AA850)<SETTINGS!$B$34,""LEAN"",IF(OR(SETTINGS!$B$11<>""Y"",$AI850<>""READY"",ABS($AA850)<SETTINGS!$B$26,$AF850<>"""",$AG850<>""""),""INVESTIGATE"",""BET""))))"
ENGINE,AB851,851,28,"=IF($AA851="""","""",IF(ABS($AA851)<SETTINGS!$B$8*2,"""",IF(ABS($AA851)<SETTINGS!$B$9*2,""LEAN"",IF(OR(SETTINGS!$B$11<>""Y"",$AI851<>""READY"",ABS($AA851)<SETTINGS!$B$10*2,$AF851<>"""",$AG851<>""""),""INVESTIGATE"",""BET""))))","=IF($AA851="""","""",IF(ABS($AA851)<SETTINGS!$B$33,"""",IF(ABS($AA851)<SETTINGS!$B$34,""LEAN"",IF(OR(SETTINGS!$B$11<>""Y"",$AI851<>""READY"",ABS($AA851)<SETTINGS!$B$26,$AF851<>"""",$AG851<>""""),""INVESTIGATE"",""BET""))))"
ENGINE,AB852,852,28,"=IF($AA852="""","""",IF(ABS($AA852)<SETTINGS!$B$8*2,"""",IF(ABS($AA852)<SETTINGS!$B$9*2,""LEAN"",IF(OR(SETTINGS!$B$11<>""Y"",$AI852<>""READY"",ABS($AA852)<SETTINGS!$B$10*2,$AF852<>"""",$AG852<>""""),""INVESTIGATE"",""BET""))))","=IF($AA852="""","""",IF(ABS($AA852)<SETTINGS!$B$33,"""",IF(ABS($AA852)<SETTINGS!$B$34,""LEAN"",IF(OR(SETTINGS!$B$11<>""Y"",$AI852<>""READY"",ABS($AA852)<SETTINGS!$B$26,$AF852<>"""",$AG852<>""""),""INVESTIGATE"",""BET""))))"
ENGINE,AB853,853,28,"=IF($AA853="""","""",IF(ABS($AA853)<SETTINGS!$B$8*2,"""",IF(ABS($AA853)<SETTINGS!$B$9*2,""LEAN"",IF(OR(SETTINGS!$B$11<>""Y"",$AI853<>""READY"",ABS($AA853)<SETTINGS!$B$10*2,$AF853<>"""",$AG853<>""""),""INVESTIGATE"",""BET""))))","=IF($AA853="""","""",IF(ABS($AA853)<SETTINGS!$B$33,"""",IF(ABS($AA853)<SETTINGS!$B$34,""LEAN"",IF(OR(SETTINGS!$B$11<>""Y"",$AI853<>""READY"",ABS($AA853)<SETTINGS!$B$26,$AF853<>"""",$AG853<>""""),""INVESTIGATE"",""BET""))))"
ENGINE,AB854,854,28,"=IF($AA854="""","""",IF(ABS($AA854)<SETTINGS!$B$8*2,"""",IF(ABS($AA854)<SETTINGS!$B$9*2,""LEAN"",IF(OR(SETTINGS!$B$11<>""Y"",$AI854<>""READY"",ABS($AA854)<SETTINGS!$B$10*2,$AF854<>"""",$AG854<>""""),""INVESTIGATE"",""BET""))))","=IF($AA854="""","""",IF(ABS($AA854)<SETTINGS!$B$33,"""",IF(ABS($AA854)<SETTINGS!$B$34,""LEAN"",IF(OR(SETTINGS!$B$11<>""Y"",$AI854<>""READY"",ABS($AA854)<SETTINGS!$B$26,$AF854<>"""",$AG854<>""""),""INVESTIGATE"",""BET""))))"
ENGINE,AB855,855,28,"=IF($AA855="""","""",IF(ABS($AA855)<SETTINGS!$B$8*2,"""",IF(ABS($AA855)<SETTINGS!$B$9*2,""LEAN"",IF(OR(SETTINGS!$B$11<>""Y"",$AI855<>""READY"",ABS($AA855)<SETTINGS!$B$10*2,$AF855<>"""",$AG855<>""""),""INVESTIGATE"",""BET""))))","=IF($AA855="""","""",IF(ABS($AA855)<SETTINGS!$B$33,"""",IF(ABS($AA855)<SETTINGS!$B$34,""LEAN"",IF(OR(SETTINGS!$B$11<>""Y"",$AI855<>""READY"",ABS($AA855)<SETTINGS!$B$26,$AF855<>"""",$AG855<>""""),""INVESTIGATE"",""BET""))))"
ENGINE,AB856,856,28,"=IF($AA856="""","""",IF(ABS($AA856)<SETTINGS!$B$8*2,"""",IF(ABS($AA856)<SETTINGS!$B$9*2,""LEAN"",IF(OR(SETTINGS!$B$11<>""Y"",$AI856<>""READY"",ABS($AA856)<SETTINGS!$B$10*2,$AF856<>"""",$AG856<>""""),""INVESTIGATE"",""BET""))))","=IF($AA856="""","""",IF(ABS($AA856)<SETTINGS!$B$33,"""",IF(ABS($AA856)<SETTINGS!$B$34,""LEAN"",IF(OR(SETTINGS!$B$11<>""Y"",$AI856<>""READY"",ABS($AA856)<SETTINGS!$B$26,$AF856<>"""",$AG856<>""""),""INVESTIGATE"",""BET""))))"
ENGINE,AB857,857,28,"=IF($AA857="""","""",IF(ABS($AA857)<SETTINGS!$B$8*2,"""",IF(ABS($AA857)<SETTINGS!$B$9*2,""LEAN"",IF(OR(SETTINGS!$B$11<>""Y"",$AI857<>""READY"",ABS($AA857)<SETTINGS!$B$10*2,$AF857<>"""",$AG857<>""""),""INVESTIGATE"",""BET""))))","=IF($AA857="""","""",IF(ABS($AA857)<SETTINGS!$B$33,"""",IF(ABS($AA857)<SETTINGS!$B$34,""LEAN"",IF(OR(SETTINGS!$B$11<>""Y"",$AI857<>""READY"",ABS($AA857)<SETTINGS!$B$26,$AF857<>"""",$AG857<>""""),""INVESTIGATE"",""BET""))))"
ENGINE,AB858,858,28,"=IF($AA858="""","""",IF(ABS($AA858)<SETTINGS!$B$8*2,"""",IF(ABS($AA858)<SETTINGS!$B$9*2,""LEAN"",IF(OR(SETTINGS!$B$11<>""Y"",$AI858<>""READY"",ABS($AA858)<SETTINGS!$B$10*2,$AF858<>"""",$AG858<>""""),""INVESTIGATE"",""BET""))))","=IF($AA858="""","""",IF(ABS($AA858)<SETTINGS!$B$33,"""",IF(ABS($AA858)<SETTINGS!$B$34,""LEAN"",IF(OR(SETTINGS!$B$11<>""Y"",$AI858<>""READY"",ABS($AA858)<SETTINGS!$B$26,$AF858<>"""",$AG858<>""""),""INVESTIGATE"",""BET""))))"
ENGINE,AB859,859,28,"=IF($AA859="""","""",IF(ABS($AA859)<SETTINGS!$B$8*2,"""",IF(ABS($AA859)<SETTINGS!$B$9*2,""LEAN"",IF(OR(SETTINGS!$B$11<>""Y"",$AI859<>""READY"",ABS($AA859)<SETTINGS!$B$10*2,$AF859<>"""",$AG859<>""""),""INVESTIGATE"",""BET""))))","=IF($AA859="""","""",IF(ABS($AA859)<SETTINGS!$B$33,"""",IF(ABS($AA859)<SETTINGS!$B$34,""LEAN"",IF(OR(SETTINGS!$B$11<>""Y"",$AI859<>""READY"",ABS($AA859)<SETTINGS!$B$26,$AF859<>"""",$AG859<>""""),""INVESTIGATE"",""BET""))))"
ENGINE,AB860,860,28,"=IF($AA860="""","""",IF(ABS($AA860)<SETTINGS!$B$8*2,"""",IF(ABS($AA860)<SETTINGS!$B$9*2,""LEAN"",IF(OR(SETTINGS!$B$11<>""Y"",$AI860<>""READY"",ABS($AA860)<SETTINGS!$B$10*2,$AF860<>"""",$AG860<>""""),""INVESTIGATE"",""BET""))))","=IF($AA860="""","""",IF(ABS($AA860)<SETTINGS!$B$33,"""",IF(ABS($AA860)<SETTINGS!$B$34,""LEAN"",IF(OR(SETTINGS!$B$11<>""Y"",$AI860<>""READY"",ABS($AA860)<SETTINGS!$B$26,$AF860<>"""",$AG860<>""""),""INVESTIGATE"",""BET""))))"
ENGINE,AB861,861,28,"=IF($AA861="""","""",IF(ABS($AA861)<SETTINGS!$B$8*2,"""",IF(ABS($AA861)<SETTINGS!$B$9*2,""LEAN"",IF(OR(SETTINGS!$B$11<>""Y"",$AI861<>""READY"",ABS($AA861)<SETTINGS!$B$10*2,$AF861<>"""",$AG861<>""""),""INVESTIGATE"",""BET""))))","=IF($AA861="""","""",IF(ABS($AA861)<SETTINGS!$B$33,"""",IF(ABS($AA861)<SETTINGS!$B$34,""LEAN"",IF(OR(SETTINGS!$B$11<>""Y"",$AI861<>""READY"",ABS($AA861)<SETTINGS!$B$26,$AF861<>"""",$AG861<>""""),""INVESTIGATE"",""BET""))))"
ENGINE,AB862,862,28,"=IF($AA862="""","""",IF(ABS($AA862)<SETTINGS!$B$8*2,"""",IF(ABS($AA862)<SETTINGS!$B$9*2,""LEAN"",IF(OR(SETTINGS!$B$11<>""Y"",$AI862<>""READY"",ABS($AA862)<SETTINGS!$B$10*2,$AF862<>"""",$AG862<>""""),""INVESTIGATE"",""BET""))))","=IF($AA862="""","""",IF(ABS($AA862)<SETTINGS!$B$33,"""",IF(ABS($AA862)<SETTINGS!$B$34,""LEAN"",IF(OR(SETTINGS!$B$11<>""Y"",$AI862<>""READY"",ABS($AA862)<SETTINGS!$B$26,$AF862<>"""",$AG862<>""""),""INVESTIGATE"",""BET""))))"
ENGINE,AB863,863,28,"=IF($AA863="""","""",IF(ABS($AA863)<SETTINGS!$B$8*2,"""",IF(ABS($AA863)<SETTINGS!$B$9*2,""LEAN"",IF(OR(SETTINGS!$B$11<>""Y"",$AI863<>""READY"",ABS($AA863)<SETTINGS!$B$10*2,$AF863<>"""",$AG863<>""""),""INVESTIGATE"",""BET""))))","=IF($AA863="""","""",IF(ABS($AA863)<SETTINGS!$B$33,"""",IF(ABS($AA863)<SETTINGS!$B$34,""LEAN"",IF(OR(SETTINGS!$B$11<>""Y"",$AI863<>""READY"",ABS($AA863)<SETTINGS!$B$26,$AF863<>"""",$AG863<>""""),""INVESTIGATE"",""BET""))))"
ENGINE,AB864,864,28,"=IF($AA864="""","""",IF(ABS($AA864)<SETTINGS!$B$8*2,"""",IF(ABS($AA864)<SETTINGS!$B$9*2,""LEAN"",IF(OR(SETTINGS!$B$11<>""Y"",$AI864<>""READY"",ABS($AA864)<SETTINGS!$B$10*2,$AF864<>"""",$AG864<>""""),""INVESTIGATE"",""BET""))))","=IF($AA864="""","""",IF(ABS($AA864)<SETTINGS!$B$33,"""",IF(ABS($AA864)<SETTINGS!$B$34,""LEAN"",IF(OR(SETTINGS!$B$11<>""Y"",$AI864<>""READY"",ABS($AA864)<SETTINGS!$B$26,$AF864<>"""",$AG864<>""""),""INVESTIGATE"",""BET""))))"
ENGINE,AB865,865,28,"=IF($AA865="""","""",IF(ABS($AA865)<SETTINGS!$B$8*2,"""",IF(ABS($AA865)<SETTINGS!$B$9*2,""LEAN"",IF(OR(SETTINGS!$B$11<>""Y"",$AI865<>""READY"",ABS($AA865)<SETTINGS!$B$10*2,$AF865<>"""",$AG865<>""""),""INVESTIGATE"",""BET""))))","=IF($AA865="""","""",IF(ABS($AA865)<SETTINGS!$B$33,"""",IF(ABS($AA865)<SETTINGS!$B$34,""LEAN"",IF(OR(SETTINGS!$B$11<>""Y"",$AI865<>""READY"",ABS($AA865)<SETTINGS!$B$26,$AF865<>"""",$AG865<>""""),""INVESTIGATE"",""BET""))))"
ENGINE,AB866,866,28,"=IF($AA866="""","""",IF(ABS($AA866)<SETTINGS!$B$8*2,"""",IF(ABS($AA866)<SETTINGS!$B$9*2,""LEAN"",IF(OR(SETTINGS!$B$11<>""Y"",$AI866<>""READY"",ABS($AA866)<SETTINGS!$B$10*2,$AF866<>"""",$AG866<>""""),""INVESTIGATE"",""BET""))))","=IF($AA866="""","""",IF(ABS($AA866)<SETTINGS!$B$33,"""",IF(ABS($AA866)<SETTINGS!$B$34,""LEAN"",IF(OR(SETTINGS!$B$11<>""Y"",$AI866<>""READY"",ABS($AA866)<SETTINGS!$B$26,$AF866<>"""",$AG866<>""""),""INVESTIGATE"",""BET""))))"
ENGINE,AB867,867,28,"=IF($AA867="""","""",IF(ABS($AA867)<SETTINGS!$B$8*2,"""",IF(ABS($AA867)<SETTINGS!$B$9*2,""LEAN"",IF(OR(SETTINGS!$B$11<>""Y"",$AI867<>""READY"",ABS($AA867)<SETTINGS!$B$10*2,$AF867<>"""",$AG867<>""""),""INVESTIGATE"",""BET""))))","=IF($AA867="""","""",IF(ABS($AA867)<SETTINGS!$B$33,"""",IF(ABS($AA867)<SETTINGS!$B$34,""LEAN"",IF(OR(SETTINGS!$B$11<>""Y"",$AI867<>""READY"",ABS($AA867)<SETTINGS!$B$26,$AF867<>"""",$AG867<>""""),""INVESTIGATE"",""BET""))))"
ENGINE,AB868,868,28,"=IF($AA868="""","""",IF(ABS($AA868)<SETTINGS!$B$8*2,"""",IF(ABS($AA868)<SETTINGS!$B$9*2,""LEAN"",IF(OR(SETTINGS!$B$11<>""Y"",$AI868<>""READY"",ABS($AA868)<SETTINGS!$B$10*2,$AF868<>"""",$AG868<>""""),""INVESTIGATE"",""BET""))))","=IF($AA868="""","""",IF(ABS($AA868)<SETTINGS!$B$33,"""",IF(ABS($AA868)<SETTINGS!$B$34,""LEAN"",IF(OR(SETTINGS!$B$11<>""Y"",$AI868<>""READY"",ABS($AA868)<SETTINGS!$B$26,$AF868<>"""",$AG868<>""""),""INVESTIGATE"",""BET""))))"
ENGINE,AB869,869,28,"=IF($AA869="""","""",IF(ABS($AA869)<SETTINGS!$B$8*2,"""",IF(ABS($AA869)<SETTINGS!$B$9*2,""LEAN"",IF(OR(SETTINGS!$B$11<>""Y"",$AI869<>""READY"",ABS($AA869)<SETTINGS!$B$10*2,$AF869<>"""",$AG869<>""""),""INVESTIGATE"",""BET""))))","=IF($AA869="""","""",IF(ABS($AA869)<SETTINGS!$B$33,"""",IF(ABS($AA869)<SETTINGS!$B$34,""LEAN"",IF(OR(SETTINGS!$B$11<>""Y"",$AI869<>""READY"",ABS($AA869)<SETTINGS!$B$26,$AF869<>"""",$AG869<>""""),""INVESTIGATE"",""BET""))))"
ENGINE,AB870,870,28,"=IF($AA870="""","""",IF(ABS($AA870)<SETTINGS!$B$8*2,"""",IF(ABS($AA870)<SETTINGS!$B$9*2,""LEAN"",IF(OR(SETTINGS!$B$11<>""Y"",$AI870<>""READY"",ABS($AA870)<SETTINGS!$B$10*2,$AF870<>"""",$AG870<>""""),""INVESTIGATE"",""BET""))))","=IF($AA870="""","""",IF(ABS($AA870)<SETTINGS!$B$33,"""",IF(ABS($AA870)<SETTINGS!$B$34,""LEAN"",IF(OR(SETTINGS!$B$11<>""Y"",$AI870<>""READY"",ABS($AA870)<SETTINGS!$B$26,$AF870<>"""",$AG870<>""""),""INVESTIGATE"",""BET""))))"
ENGINE,AB871,871,28,"=IF($AA871="""","""",IF(ABS($AA871)<SETTINGS!$B$8*2,"""",IF(ABS($AA871)<SETTINGS!$B$9*2,""LEAN"",IF(OR(SETTINGS!$B$11<>""Y"",$AI871<>""READY"",ABS($AA871)<SETTINGS!$B$10*2,$AF871<>"""",$AG871<>""""),""INVESTIGATE"",""BET""))))","=IF($AA871="""","""",IF(ABS($AA871)<SETTINGS!$B$33,"""",IF(ABS($AA871)<SETTINGS!$B$34,""LEAN"",IF(OR(SETTINGS!$B$11<>""Y"",$AI871<>""READY"",ABS($AA871)<SETTINGS!$B$26,$AF871<>"""",$AG871<>""""),""INVESTIGATE"",""BET""))))"
ENGINE,AB872,872,28,"=IF($AA872="""","""",IF(ABS($AA872)<SETTINGS!$B$8*2,"""",IF(ABS($AA872)<SETTINGS!$B$9*2,""LEAN"",IF(OR(SETTINGS!$B$11<>""Y"",$AI872<>""READY"",ABS($AA872)<SETTINGS!$B$10*2,$AF872<>"""",$AG872<>""""),""INVESTIGATE"",""BET""))))","=IF($AA872="""","""",IF(ABS($AA872)<SETTINGS!$B$33,"""",IF(ABS($AA872)<SETTINGS!$B$34,""LEAN"",IF(OR(SETTINGS!$B$11<>""Y"",$AI872<>""READY"",ABS($AA872)<SETTINGS!$B$26,$AF872<>"""",$AG872<>""""),""INVESTIGATE"",""BET""))))"
ENGINE,AB873,873,28,"=IF($AA873="""","""",IF(ABS($AA873)<SETTINGS!$B$8*2,"""",IF(ABS($AA873)<SETTINGS!$B$9*2,""LEAN"",IF(OR(SETTINGS!$B$11<>""Y"",$AI873<>""READY"",ABS($AA873)<SETTINGS!$B$10*2,$AF873<>"""",$AG873<>""""),""INVESTIGATE"",""BET""))))","=IF($AA873="""","""",IF(ABS($AA873)<SETTINGS!$B$33,"""",IF(ABS($AA873)<SETTINGS!$B$34,""LEAN"",IF(OR(SETTINGS!$B$11<>""Y"",$AI873<>""READY"",ABS($AA873)<SETTINGS!$B$26,$AF873<>"""",$AG873<>""""),""INVESTIGATE"",""BET""))))"
ENGINE,AB874,874,28,"=IF($AA874="""","""",IF(ABS($AA874)<SETTINGS!$B$8*2,"""",IF(ABS($AA874)<SETTINGS!$B$9*2,""LEAN"",IF(OR(SETTINGS!$B$11<>""Y"",$AI874<>""READY"",ABS($AA874)<SETTINGS!$B$10*2,$AF874<>"""",$AG874<>""""),""INVESTIGATE"",""BET""))))","=IF($AA874="""","""",IF(ABS($AA874)<SETTINGS!$B$33,"""",IF(ABS($AA874)<SETTINGS!$B$34,""LEAN"",IF(OR(SETTINGS!$B$11<>""Y"",$AI874<>""READY"",ABS($AA874)<SETTINGS!$B$26,$AF874<>"""",$AG874<>""""),""INVESTIGATE"",""BET""))))"
ENGINE,AB875,875,28,"=IF($AA875="""","""",IF(ABS($AA875)<SETTINGS!$B$8*2,"""",IF(ABS($AA875)<SETTINGS!$B$9*2,""LEAN"",IF(OR(SETTINGS!$B$11<>""Y"",$AI875<>""READY"",ABS($AA875)<SETTINGS!$B$10*2,$AF875<>"""",$AG875<>""""),""INVESTIGATE"",""BET""))))","=IF($AA875="""","""",IF(ABS($AA875)<SETTINGS!$B$33,"""",IF(ABS($AA875)<SETTINGS!$B$34,""LEAN"",IF(OR(SETTINGS!$B$11<>""Y"",$AI875<>""READY"",ABS($AA875)<SETTINGS!$B$26,$AF875<>"""",$AG875<>""""),""INVESTIGATE"",""BET""))))"
ENGINE,AB876,876,28,"=IF($AA876="""","""",IF(ABS($AA876)<SETTINGS!$B$8*2,"""",IF(ABS($AA876)<SETTINGS!$B$9*2,""LEAN"",IF(OR(SETTINGS!$B$11<>""Y"",$AI876<>""READY"",ABS($AA876)<SETTINGS!$B$10*2,$AF876<>"""",$AG876<>""""),""INVESTIGATE"",""BET""))))","=IF($AA876="""","""",IF(ABS($AA876)<SETTINGS!$B$33,"""",IF(ABS($AA876)<SETTINGS!$B$34,""LEAN"",IF(OR(SETTINGS!$B$11<>""Y"",$AI876<>""READY"",ABS($AA876)<SETTINGS!$B$26,$AF876<>"""",$AG876<>""""),""INVESTIGATE"",""BET""))))"
ENGINE,AB877,877,28,"=IF($AA877="""","""",IF(ABS($AA877)<SETTINGS!$B$8*2,"""",IF(ABS($AA877)<SETTINGS!$B$9*2,""LEAN"",IF(OR(SETTINGS!$B$11<>""Y"",$AI877<>""READY"",ABS($AA877)<SETTINGS!$B$10*2,$AF877<>"""",$AG877<>""""),""INVESTIGATE"",""BET""))))","=IF($AA877="""","""",IF(ABS($AA877)<SETTINGS!$B$33,"""",IF(ABS($AA877)<SETTINGS!$B$34,""LEAN"",IF(OR(SETTINGS!$B$11<>""Y"",$AI877<>""READY"",ABS($AA877)<SETTINGS!$B$26,$AF877<>"""",$AG877<>""""),""INVESTIGATE"",""BET""))))"
ENGINE,AB878,878,28,"=IF($AA878="""","""",IF(ABS($AA878)<SETTINGS!$B$8*2,"""",IF(ABS($AA878)<SETTINGS!$B$9*2,""LEAN"",IF(OR(SETTINGS!$B$11<>""Y"",$AI878<>""READY"",ABS($AA878)<SETTINGS!$B$10*2,$AF878<>"""",$AG878<>""""),""INVESTIGATE"",""BET""))))","=IF($AA878="""","""",IF(ABS($AA878)<SETTINGS!$B$33,"""",IF(ABS($AA878)<SETTINGS!$B$34,""LEAN"",IF(OR(SETTINGS!$B$11<>""Y"",$AI878<>""READY"",ABS($AA878)<SETTINGS!$B$26,$AF878<>"""",$AG878<>""""),""INVESTIGATE"",""BET""))))"
ENGINE,AB879,879,28,"=IF($AA879="""","""",IF(ABS($AA879)<SETTINGS!$B$8*2,"""",IF(ABS($AA879)<SETTINGS!$B$9*2,""LEAN"",IF(OR(SETTINGS!$B$11<>""Y"",$AI879<>""READY"",ABS($AA879)<SETTINGS!$B$10*2,$AF879<>"""",$AG879<>""""),""INVESTIGATE"",""BET""))))","=IF($AA879="""","""",IF(ABS($AA879)<SETTINGS!$B$33,"""",IF(ABS($AA879)<SETTINGS!$B$34,""LEAN"",IF(OR(SETTINGS!$B$11<>""Y"",$AI879<>""READY"",ABS($AA879)<SETTINGS!$B$26,$AF879<>"""",$AG879<>""""),""INVESTIGATE"",""BET""))))"
ENGINE,AB880,880,28,"=IF($AA880="""","""",IF(ABS($AA880)<SETTINGS!$B$8*2,"""",IF(ABS($AA880)<SETTINGS!$B$9*2,""LEAN"",IF(OR(SETTINGS!$B$11<>""Y"",$AI880<>""READY"",ABS($AA880)<SETTINGS!$B$10*2,$AF880<>"""",$AG880<>""""),""INVESTIGATE"",""BET""))))","=IF($AA880="""","""",IF(ABS($AA880)<SETTINGS!$B$33,"""",IF(ABS($AA880)<SETTINGS!$B$34,""LEAN"",IF(OR(SETTINGS!$B$11<>""Y"",$AI880<>""READY"",ABS($AA880)<SETTINGS!$B$26,$AF880<>"""",$AG880<>""""),""INVESTIGATE"",""BET""))))"
ENGINE,AB881,881,28,"=IF($AA881="""","""",IF(ABS($AA881)<SETTINGS!$B$8*2,"""",IF(ABS($AA881)<SETTINGS!$B$9*2,""LEAN"",IF(OR(SETTINGS!$B$11<>""Y"",$AI881<>""READY"",ABS($AA881)<SETTINGS!$B$10*2,$AF881<>"""",$AG881<>""""),""INVESTIGATE"",""BET""))))","=IF($AA881="""","""",IF(ABS($AA881)<SETTINGS!$B$33,"""",IF(ABS($AA881)<SETTINGS!$B$34,""LEAN"",IF(OR(SETTINGS!$B$11<>""Y"",$AI881<>""READY"",ABS($AA881)<SETTINGS!$B$26,$AF881<>"""",$AG881<>""""),""INVESTIGATE"",""BET""))))"
ENGINE,AB882,882,28,"=IF($AA882="""","""",IF(ABS($AA882)<SETTINGS!$B$8*2,"""",IF(ABS($AA882)<SETTINGS!$B$9*2,""LEAN"",IF(OR(SETTINGS!$B$11<>""Y"",$AI882<>""READY"",ABS($AA882)<SETTINGS!$B$10*2,$AF882<>"""",$AG882<>""""),""INVESTIGATE"",""BET""))))","=IF($AA882="""","""",IF(ABS($AA882)<SETTINGS!$B$33,"""",IF(ABS($AA882)<SETTINGS!$B$34,""LEAN"",IF(OR(SETTINGS!$B$11<>""Y"",$AI882<>""READY"",ABS($AA882)<SETTINGS!$B$26,$AF882<>"""",$AG882<>""""),""INVESTIGATE"",""BET""))))"
ENGINE,AB883,883,28,"=IF($AA883="""","""",IF(ABS($AA883)<SETTINGS!$B$8*2,"""",IF(ABS($AA883)<SETTINGS!$B$9*2,""LEAN"",IF(OR(SETTINGS!$B$11<>""Y"",$AI883<>""READY"",ABS($AA883)<SETTINGS!$B$10*2,$AF883<>"""",$AG883<>""""),""INVESTIGATE"",""BET""))))","=IF($AA883="""","""",IF(ABS($AA883)<SETTINGS!$B$33,"""",IF(ABS($AA883)<SETTINGS!$B$34,""LEAN"",IF(OR(SETTINGS!$B$11<>""Y"",$AI883<>""READY"",ABS($AA883)<SETTINGS!$B$26,$AF883<>"""",$AG883<>""""),""INVESTIGATE"",""BET""))))"
ENGINE,AB884,884,28,"=IF($AA884="""","""",IF(ABS($AA884)<SETTINGS!$B$8*2,"""",IF(ABS($AA884)<SETTINGS!$B$9*2,""LEAN"",IF(OR(SETTINGS!$B$11<>""Y"",$AI884<>""READY"",ABS($AA884)<SETTINGS!$B$10*2,$AF884<>"""",$AG884<>""""),""INVESTIGATE"",""BET""))))","=IF($AA884="""","""",IF(ABS($AA884)<SETTINGS!$B$33,"""",IF(ABS($AA884)<SETTINGS!$B$34,""LEAN"",IF(OR(SETTINGS!$B$11<>""Y"",$AI884<>""READY"",ABS($AA884)<SETTINGS!$B$26,$AF884<>"""",$AG884<>""""),""INVESTIGATE"",""BET""))))"
ENGINE,AB885,885,28,"=IF($AA885="""","""",IF(ABS($AA885)<SETTINGS!$B$8*2,"""",IF(ABS($AA885)<SETTINGS!$B$9*2,""LEAN"",IF(OR(SETTINGS!$B$11<>""Y"",$AI885<>""READY"",ABS($AA885)<SETTINGS!$B$10*2,$AF885<>"""",$AG885<>""""),""INVESTIGATE"",""BET""))))","=IF($AA885="""","""",IF(ABS($AA885)<SETTINGS!$B$33,"""",IF(ABS($AA885)<SETTINGS!$B$34,""LEAN"",IF(OR(SETTINGS!$B$11<>""Y"",$AI885<>""READY"",ABS($AA885)<SETTINGS!$B$26,$AF885<>"""",$AG885<>""""),""INVESTIGATE"",""BET""))))"
ENGINE,AB886,886,28,"=IF($AA886="""","""",IF(ABS($AA886)<SETTINGS!$B$8*2,"""",IF(ABS($AA886)<SETTINGS!$B$9*2,""LEAN"",IF(OR(SETTINGS!$B$11<>""Y"",$AI886<>""READY"",ABS($AA886)<SETTINGS!$B$10*2,$AF886<>"""",$AG886<>""""),""INVESTIGATE"",""BET""))))","=IF($AA886="""","""",IF(ABS($AA886)<SETTINGS!$B$33,"""",IF(ABS($AA886)<SETTINGS!$B$34,""LEAN"",IF(OR(SETTINGS!$B$11<>""Y"",$AI886<>""READY"",ABS($AA886)<SETTINGS!$B$26,$AF886<>"""",$AG886<>""""),""INVESTIGATE"",""BET""))))"
ENGINE,AB887,887,28,"=IF($AA887="""","""",IF(ABS($AA887)<SETTINGS!$B$8*2,"""",IF(ABS($AA887)<SETTINGS!$B$9*2,""LEAN"",IF(OR(SETTINGS!$B$11<>""Y"",$AI887<>""READY"",ABS($AA887)<SETTINGS!$B$10*2,$AF887<>"""",$AG887<>""""),""INVESTIGATE"",""BET""))))","=IF($AA887="""","""",IF(ABS($AA887)<SETTINGS!$B$33,"""",IF(ABS($AA887)<SETTINGS!$B$34,""LEAN"",IF(OR(SETTINGS!$B$11<>""Y"",$AI887<>""READY"",ABS($AA887)<SETTINGS!$B$26,$AF887<>"""",$AG887<>""""),""INVESTIGATE"",""BET""))))"
ENGINE,AB888,888,28,"=IF($AA888="""","""",IF(ABS($AA888)<SETTINGS!$B$8*2,"""",IF(ABS($AA888)<SETTINGS!$B$9*2,""LEAN"",IF(OR(SETTINGS!$B$11<>""Y"",$AI888<>""READY"",ABS($AA888)<SETTINGS!$B$10*2,$AF888<>"""",$AG888<>""""),""INVESTIGATE"",""BET""))))","=IF($AA888="""","""",IF(ABS($AA888)<SETTINGS!$B$33,"""",IF(ABS($AA888)<SETTINGS!$B$34,""LEAN"",IF(OR(SETTINGS!$B$11<>""Y"",$AI888<>""READY"",ABS($AA888)<SETTINGS!$B$26,$AF888<>"""",$AG888<>""""),""INVESTIGATE"",""BET""))))"
ENGINE,AB889,889,28,"=IF($AA889="""","""",IF(ABS($AA889)<SETTINGS!$B$8*2,"""",IF(ABS($AA889)<SETTINGS!$B$9*2,""LEAN"",IF(OR(SETTINGS!$B$11<>""Y"",$AI889<>""READY"",ABS($AA889)<SETTINGS!$B$10*2,$AF889<>"""",$AG889<>""""),""INVESTIGATE"",""BET""))))","=IF($AA889="""","""",IF(ABS($AA889)<SETTINGS!$B$33,"""",IF(ABS($AA889)<SETTINGS!$B$34,""LEAN"",IF(OR(SETTINGS!$B$11<>""Y"",$AI889<>""READY"",ABS($AA889)<SETTINGS!$B$26,$AF889<>"""",$AG889<>""""),""INVESTIGATE"",""BET""))))"
ENGINE,AB890,890,28,"=IF($AA890="""","""",IF(ABS($AA890)<SETTINGS!$B$8*2,"""",IF(ABS($AA890)<SETTINGS!$B$9*2,""LEAN"",IF(OR(SETTINGS!$B$11<>""Y"",$AI890<>""READY"",ABS($AA890)<SETTINGS!$B$10*2,$AF890<>"""",$AG890<>""""),""INVESTIGATE"",""BET""))))","=IF($AA890="""","""",IF(ABS($AA890)<SETTINGS!$B$33,"""",IF(ABS($AA890)<SETTINGS!$B$34,""LEAN"",IF(OR(SETTINGS!$B$11<>""Y"",$AI890<>""READY"",ABS($AA890)<SETTINGS!$B$26,$AF890<>"""",$AG890<>""""),""INVESTIGATE"",""BET""))))"
ENGINE,AB891,891,28,"=IF($AA891="""","""",IF(ABS($AA891)<SETTINGS!$B$8*2,"""",IF(ABS($AA891)<SETTINGS!$B$9*2,""LEAN"",IF(OR(SETTINGS!$B$11<>""Y"",$AI891<>""READY"",ABS($AA891)<SETTINGS!$B$10*2,$AF891<>"""",$AG891<>""""),""INVESTIGATE"",""BET""))))","=IF($AA891="""","""",IF(ABS($AA891)<SETTINGS!$B$33,"""",IF(ABS($AA891)<SETTINGS!$B$34,""LEAN"",IF(OR(SETTINGS!$B$11<>""Y"",$AI891<>""READY"",ABS($AA891)<SETTINGS!$B$26,$AF891<>"""",$AG891<>""""),""INVESTIGATE"",""BET""))))"
ENGINE,AB892,892,28,"=IF($AA892="""","""",IF(ABS($AA892)<SETTINGS!$B$8*2,"""",IF(ABS($AA892)<SETTINGS!$B$9*2,""LEAN"",IF(OR(SETTINGS!$B$11<>""Y"",$AI892<>""READY"",ABS($AA892)<SETTINGS!$B$10*2,$AF892<>"""",$AG892<>""""),""INVESTIGATE"",""BET""))))","=IF($AA892="""","""",IF(ABS($AA892)<SETTINGS!$B$33,"""",IF(ABS($AA892)<SETTINGS!$B$34,""LEAN"",IF(OR(SETTINGS!$B$11<>""Y"",$AI892<>""READY"",ABS($AA892)<SETTINGS!$B$26,$AF892<>"""",$AG892<>""""),""INVESTIGATE"",""BET""))))"
ENGINE,AB893,893,28,"=IF($AA893="""","""",IF(ABS($AA893)<SETTINGS!$B$8*2,"""",IF(ABS($AA893)<SETTINGS!$B$9*2,""LEAN"",IF(OR(SETTINGS!$B$11<>""Y"",$AI893<>""READY"",ABS($AA893)<SETTINGS!$B$10*2,$AF893<>"""",$AG893<>""""),""INVESTIGATE"",""BET""))))","=IF($AA893="""","""",IF(ABS($AA893)<SETTINGS!$B$33,"""",IF(ABS($AA893)<SETTINGS!$B$34,""LEAN"",IF(OR(SETTINGS!$B$11<>""Y"",$AI893<>""READY"",ABS($AA893)<SETTINGS!$B$26,$AF893<>"""",$AG893<>""""),""INVESTIGATE"",""BET""))))"
ENGINE,AB894,894,28,"=IF($AA894="""","""",IF(ABS($AA894)<SETTINGS!$B$8*2,"""",IF(ABS($AA894)<SETTINGS!$B$9*2,""LEAN"",IF(OR(SETTINGS!$B$11<>""Y"",$AI894<>""READY"",ABS($AA894)<SETTINGS!$B$10*2,$AF894<>"""",$AG894<>""""),""INVESTIGATE"",""BET""))))","=IF($AA894="""","""",IF(ABS($AA894)<SETTINGS!$B$33,"""",IF(ABS($AA894)<SETTINGS!$B$34,""LEAN"",IF(OR(SETTINGS!$B$11<>""Y"",$AI894<>""READY"",ABS($AA894)<SETTINGS!$B$26,$AF894<>"""",$AG894<>""""),""INVESTIGATE"",""BET""))))"
ENGINE,AB895,895,28,"=IF($AA895="""","""",IF(ABS($AA895)<SETTINGS!$B$8*2,"""",IF(ABS($AA895)<SETTINGS!$B$9*2,""LEAN"",IF(OR(SETTINGS!$B$11<>""Y"",$AI895<>""READY"",ABS($AA895)<SETTINGS!$B$10*2,$AF895<>"""",$AG895<>""""),""INVESTIGATE"",""BET""))))","=IF($AA895="""","""",IF(ABS($AA895)<SETTINGS!$B$33,"""",IF(ABS($AA895)<SETTINGS!$B$34,""LEAN"",IF(OR(SETTINGS!$B$11<>""Y"",$AI895<>""READY"",ABS($AA895)<SETTINGS!$B$26,$AF895<>"""",$AG895<>""""),""INVESTIGATE"",""BET""))))"
ENGINE,AB896,896,28,"=IF($AA896="""","""",IF(ABS($AA896)<SETTINGS!$B$8*2,"""",IF(ABS($AA896)<SETTINGS!$B$9*2,""LEAN"",IF(OR(SETTINGS!$B$11<>""Y"",$AI896<>""READY"",ABS($AA896)<SETTINGS!$B$10*2,$AF896<>"""",$AG896<>""""),""INVESTIGATE"",""BET""))))","=IF($AA896="""","""",IF(ABS($AA896)<SETTINGS!$B$33,"""",IF(ABS($AA896)<SETTINGS!$B$34,""LEAN"",IF(OR(SETTINGS!$B$11<>""Y"",$AI896<>""READY"",ABS($AA896)<SETTINGS!$B$26,$AF896<>"""",$AG896<>""""),""INVESTIGATE"",""BET""))))"
ENGINE,AB897,897,28,"=IF($AA897="""","""",IF(ABS($AA897)<SETTINGS!$B$8*2,"""",IF(ABS($AA897)<SETTINGS!$B$9*2,""LEAN"",IF(OR(SETTINGS!$B$11<>""Y"",$AI897<>""READY"",ABS($AA897)<SETTINGS!$B$10*2,$AF897<>"""",$AG897<>""""),""INVESTIGATE"",""BET""))))","=IF($AA897="""","""",IF(ABS($AA897)<SETTINGS!$B$33,"""",IF(ABS($AA897)<SETTINGS!$B$34,""LEAN"",IF(OR(SETTINGS!$B$11<>""Y"",$AI897<>""READY"",ABS($AA897)<SETTINGS!$B$26,$AF897<>"""",$AG897<>""""),""INVESTIGATE"",""BET""))))"
ENGINE,AB898,898,28,"=IF($AA898="""","""",IF(ABS($AA898)<SETTINGS!$B$8*2,"""",IF(ABS($AA898)<SETTINGS!$B$9*2,""LEAN"",IF(OR(SETTINGS!$B$11<>""Y"",$AI898<>""READY"",ABS($AA898)<SETTINGS!$B$10*2,$AF898<>"""",$AG898<>""""),""INVESTIGATE"",""BET""))))","=IF($AA898="""","""",IF(ABS($AA898)<SETTINGS!$B$33,"""",IF(ABS($AA898)<SETTINGS!$B$34,""LEAN"",IF(OR(SETTINGS!$B$11<>""Y"",$AI898<>""READY"",ABS($AA898)<SETTINGS!$B$26,$AF898<>"""",$AG898<>""""),""INVESTIGATE"",""BET""))))"
ENGINE,AB899,899,28,"=IF($AA899="""","""",IF(ABS($AA899)<SETTINGS!$B$8*2,"""",IF(ABS($AA899)<SETTINGS!$B$9*2,""LEAN"",IF(OR(SETTINGS!$B$11<>""Y"",$AI899<>""READY"",ABS($AA899)<SETTINGS!$B$10*2,$AF899<>"""",$AG899<>""""),""INVESTIGATE"",""BET""))))","=IF($AA899="""","""",IF(ABS($AA899)<SETTINGS!$B$33,"""",IF(ABS($AA899)<SETTINGS!$B$34,""LEAN"",IF(OR(SETTINGS!$B$11<>""Y"",$AI899<>""READY"",ABS($AA899)<SETTINGS!$B$26,$AF899<>"""",$AG899<>""""),""INVESTIGATE"",""BET""))))"
ENGINE,AB900,900,28,"=IF($AA900="""","""",IF(ABS($AA900)<SETTINGS!$B$8*2,"""",IF(ABS($AA900)<SETTINGS!$B$9*2,""LEAN"",IF(OR(SETTINGS!$B$11<>""Y"",$AI900<>""READY"",ABS($AA900)<SETTINGS!$B$10*2,$AF900<>"""",$AG900<>""""),""INVESTIGATE"",""BET""))))","=IF($AA900="""","""",IF(ABS($AA900)<SETTINGS!$B$33,"""",IF(ABS($AA900)<SETTINGS!$B$34,""LEAN"",IF(OR(SETTINGS!$B$11<>""Y"",$AI900<>""READY"",ABS($AA900)<SETTINGS!$B$26,$AF900<>"""",$AG900<>""""),""INVESTIGATE"",""BET""))))"
ENGINE,AB901,901,28,"=IF($AA901="""","""",IF(ABS($AA901)<SETTINGS!$B$8*2,"""",IF(ABS($AA901)<SETTINGS!$B$9*2,""LEAN"",IF(OR(SETTINGS!$B$11<>""Y"",$AI901<>""READY"",ABS($AA901)<SETTINGS!$B$10*2,$AF901<>"""",$AG901<>""""),""INVESTIGATE"",""BET""))))","=IF($AA901="""","""",IF(ABS($AA901)<SETTINGS!$B$33,"""",IF(ABS($AA901)<SETTINGS!$B$34,""LEAN"",IF(OR(SETTINGS!$B$11<>""Y"",$AI901<>""READY"",ABS($AA901)<SETTINGS!$B$26,$AF901<>"""",$AG901<>""""),""INVESTIGATE"",""BET""))))"
ENGINE,AB902,902,28,"=IF($AA902="""","""",IF(ABS($AA902)<SETTINGS!$B$8*2,"""",IF(ABS($AA902)<SETTINGS!$B$9*2,""LEAN"",IF(OR(SETTINGS!$B$11<>""Y"",$AI902<>""READY"",ABS($AA902)<SETTINGS!$B$10*2,$AF902<>"""",$AG902<>""""),""INVESTIGATE"",""BET""))))","=IF($AA902="""","""",IF(ABS($AA902)<SETTINGS!$B$33,"""",IF(ABS($AA902)<SETTINGS!$B$34,""LEAN"",IF(OR(SETTINGS!$B$11<>""Y"",$AI902<>""READY"",ABS($AA902)<SETTINGS!$B$26,$AF902<>"""",$AG902<>""""),""INVESTIGATE"",""BET""))))"
ENGINE,AB903,903,28,"=IF($AA903="""","""",IF(ABS($AA903)<SETTINGS!$B$8*2,"""",IF(ABS($AA903)<SETTINGS!$B$9*2,""LEAN"",IF(OR(SETTINGS!$B$11<>""Y"",$AI903<>""READY"",ABS($AA903)<SETTINGS!$B$10*2,$AF903<>"""",$AG903<>""""),""INVESTIGATE"",""BET""))))","=IF($AA903="""","""",IF(ABS($AA903)<SETTINGS!$B$33,"""",IF(ABS($AA903)<SETTINGS!$B$34,""LEAN"",IF(OR(SETTINGS!$B$11<>""Y"",$AI903<>""READY"",ABS($AA903)<SETTINGS!$B$26,$AF903<>"""",$AG903<>""""),""INVESTIGATE"",""BET""))))"
ENGINE,AB904,904,28,"=IF($AA904="""","""",IF(ABS($AA904)<SETTINGS!$B$8*2,"""",IF(ABS($AA904)<SETTINGS!$B$9*2,""LEAN"",IF(OR(SETTINGS!$B$11<>""Y"",$AI904<>""READY"",ABS($AA904)<SETTINGS!$B$10*2,$AF904<>"""",$AG904<>""""),""INVESTIGATE"",""BET""))))","=IF($AA904="""","""",IF(ABS($AA904)<SETTINGS!$B$33,"""",IF(ABS($AA904)<SETTINGS!$B$34,""LEAN"",IF(OR(SETTINGS!$B$11<>""Y"",$AI904<>""READY"",ABS($AA904)<SETTINGS!$B$26,$AF904<>"""",$AG904<>""""),""INVESTIGATE"",""BET""))))"
ENGINE,AB905,905,28,"=IF($AA905="""","""",IF(ABS($AA905)<SETTINGS!$B$8*2,"""",IF(ABS($AA905)<SETTINGS!$B$9*2,""LEAN"",IF(OR(SETTINGS!$B$11<>""Y"",$AI905<>""READY"",ABS($AA905)<SETTINGS!$B$10*2,$AF905<>"""",$AG905<>""""),""INVESTIGATE"",""BET""))))","=IF($AA905="""","""",IF(ABS($AA905)<SETTINGS!$B$33,"""",IF(ABS($AA905)<SETTINGS!$B$34,""LEAN"",IF(OR(SETTINGS!$B$11<>""Y"",$AI905<>""READY"",ABS($AA905)<SETTINGS!$B$26,$AF905<>"""",$AG905<>""""),""INVESTIGATE"",""BET""))))"
ENGINE,AB906,906,28,"=IF($AA906="""","""",IF(ABS($AA906)<SETTINGS!$B$8*2,"""",IF(ABS($AA906)<SETTINGS!$B$9*2,""LEAN"",IF(OR(SETTINGS!$B$11<>""Y"",$AI906<>""READY"",ABS($AA906)<SETTINGS!$B$10*2,$AF906<>"""",$AG906<>""""),""INVESTIGATE"",""BET""))))","=IF($AA906="""","""",IF(ABS($AA906)<SETTINGS!$B$33,"""",IF(ABS($AA906)<SETTINGS!$B$34,""LEAN"",IF(OR(SETTINGS!$B$11<>""Y"",$AI906<>""READY"",ABS($AA906)<SETTINGS!$B$26,$AF906<>"""",$AG906<>""""),""INVESTIGATE"",""BET""))))"
ENGINE,AB907,907,28,"=IF($AA907="""","""",IF(ABS($AA907)<SETTINGS!$B$8*2,"""",IF(ABS($AA907)<SETTINGS!$B$9*2,""LEAN"",IF(OR(SETTINGS!$B$11<>""Y"",$AI907<>""READY"",ABS($AA907)<SETTINGS!$B$10*2,$AF907<>"""",$AG907<>""""),""INVESTIGATE"",""BET""))))","=IF($AA907="""","""",IF(ABS($AA907)<SETTINGS!$B$33,"""",IF(ABS($AA907)<SETTINGS!$B$34,""LEAN"",IF(OR(SETTINGS!$B$11<>""Y"",$AI907<>""READY"",ABS($AA907)<SETTINGS!$B$26,$AF907<>"""",$AG907<>""""),""INVESTIGATE"",""BET""))))"
ENGINE,AB908,908,28,"=IF($AA908="""","""",IF(ABS($AA908)<SETTINGS!$B$8*2,"""",IF(ABS($AA908)<SETTINGS!$B$9*2,""LEAN"",IF(OR(SETTINGS!$B$11<>""Y"",$AI908<>""READY"",ABS($AA908)<SETTINGS!$B$10*2,$AF908<>"""",$AG908<>""""),""INVESTIGATE"",""BET""))))","=IF($AA908="""","""",IF(ABS($AA908)<SETTINGS!$B$33,"""",IF(ABS($AA908)<SETTINGS!$B$34,""LEAN"",IF(OR(SETTINGS!$B$11<>""Y"",$AI908<>""READY"",ABS($AA908)<SETTINGS!$B$26,$AF908<>"""",$AG908<>""""),""INVESTIGATE"",""BET""))))"
ENGINE,AB909,909,28,"=IF($AA909="""","""",IF(ABS($AA909)<SETTINGS!$B$8*2,"""",IF(ABS($AA909)<SETTINGS!$B$9*2,""LEAN"",IF(OR(SETTINGS!$B$11<>""Y"",$AI909<>""READY"",ABS($AA909)<SETTINGS!$B$10*2,$AF909<>"""",$AG909<>""""),""INVESTIGATE"",""BET""))))","=IF($AA909="""","""",IF(ABS($AA909)<SETTINGS!$B$33,"""",IF(ABS($AA909)<SETTINGS!$B$34,""LEAN"",IF(OR(SETTINGS!$B$11<>""Y"",$AI909<>""READY"",ABS($AA909)<SETTINGS!$B$26,$AF909<>"""",$AG909<>""""),""INVESTIGATE"",""BET""))))"
ENGINE,AB910,910,28,"=IF($AA910="""","""",IF(ABS($AA910)<SETTINGS!$B$8*2,"""",IF(ABS($AA910)<SETTINGS!$B$9*2,""LEAN"",IF(OR(SETTINGS!$B$11<>""Y"",$AI910<>""READY"",ABS($AA910)<SETTINGS!$B$10*2,$AF910<>"""",$AG910<>""""),""INVESTIGATE"",""BET""))))","=IF($AA910="""","""",IF(ABS($AA910)<SETTINGS!$B$33,"""",IF(ABS($AA910)<SETTINGS!$B$34,""LEAN"",IF(OR(SETTINGS!$B$11<>""Y"",$AI910<>""READY"",ABS($AA910)<SETTINGS!$B$26,$AF910<>"""",$AG910<>""""),""INVESTIGATE"",""BET""))))"
ENGINE,AB911,911,28,"=IF($AA911="""","""",IF(ABS($AA911)<SETTINGS!$B$8*2,"""",IF(ABS($AA911)<SETTINGS!$B$9*2,""LEAN"",IF(OR(SETTINGS!$B$11<>""Y"",$AI911<>""READY"",ABS($AA911)<SETTINGS!$B$10*2,$AF911<>"""",$AG911<>""""),""INVESTIGATE"",""BET""))))","=IF($AA911="""","""",IF(ABS($AA911)<SETTINGS!$B$33,"""",IF(ABS($AA911)<SETTINGS!$B$34,""LEAN"",IF(OR(SETTINGS!$B$11<>""Y"",$AI911<>""READY"",ABS($AA911)<SETTINGS!$B$26,$AF911<>"""",$AG911<>""""),""INVESTIGATE"",""BET""))))"
ENGINE,AB912,912,28,"=IF($AA912="""","""",IF(ABS($AA912)<SETTINGS!$B$8*2,"""",IF(ABS($AA912)<SETTINGS!$B$9*2,""LEAN"",IF(OR(SETTINGS!$B$11<>""Y"",$AI912<>""READY"",ABS($AA912)<SETTINGS!$B$10*2,$AF912<>"""",$AG912<>""""),""INVESTIGATE"",""BET""))))","=IF($AA912="""","""",IF(ABS($AA912)<SETTINGS!$B$33,"""",IF(ABS($AA912)<SETTINGS!$B$34,""LEAN"",IF(OR(SETTINGS!$B$11<>""Y"",$AI912<>""READY"",ABS($AA912)<SETTINGS!$B$26,$AF912<>"""",$AG912<>""""),""INVESTIGATE"",""BET""))))"
ENGINE,AB913,913,28,"=IF($AA913="""","""",IF(ABS($AA913)<SETTINGS!$B$8*2,"""",IF(ABS($AA913)<SETTINGS!$B$9*2,""LEAN"",IF(OR(SETTINGS!$B$11<>""Y"",$AI913<>""READY"",ABS($AA913)<SETTINGS!$B$10*2,$AF913<>"""",$AG913<>""""),""INVESTIGATE"",""BET""))))","=IF($AA913="""","""",IF(ABS($AA913)<SETTINGS!$B$33,"""",IF(ABS($AA913)<SETTINGS!$B$34,""LEAN"",IF(OR(SETTINGS!$B$11<>""Y"",$AI913<>""READY"",ABS($AA913)<SETTINGS!$B$26,$AF913<>"""",$AG913<>""""),""INVESTIGATE"",""BET""))))"
ENGINE,AB914,914,28,"=IF($AA914="""","""",IF(ABS($AA914)<SETTINGS!$B$8*2,"""",IF(ABS($AA914)<SETTINGS!$B$9*2,""LEAN"",IF(OR(SETTINGS!$B$11<>""Y"",$AI914<>""READY"",ABS($AA914)<SETTINGS!$B$10*2,$AF914<>"""",$AG914<>""""),""INVESTIGATE"",""BET""))))","=IF($AA914="""","""",IF(ABS($AA914)<SETTINGS!$B$33,"""",IF(ABS($AA914)<SETTINGS!$B$34,""LEAN"",IF(OR(SETTINGS!$B$11<>""Y"",$AI914<>""READY"",ABS($AA914)<SETTINGS!$B$26,$AF914<>"""",$AG914<>""""),""INVESTIGATE"",""BET""))))"
ENGINE,AB915,915,28,"=IF($AA915="""","""",IF(ABS($AA915)<SETTINGS!$B$8*2,"""",IF(ABS($AA915)<SETTINGS!$B$9*2,""LEAN"",IF(OR(SETTINGS!$B$11<>""Y"",$AI915<>""READY"",ABS($AA915)<SETTINGS!$B$10*2,$AF915<>"""",$AG915<>""""),""INVESTIGATE"",""BET""))))","=IF($AA915="""","""",IF(ABS($AA915)<SETTINGS!$B$33,"""",IF(ABS($AA915)<SETTINGS!$B$34,""LEAN"",IF(OR(SETTINGS!$B$11<>""Y"",$AI915<>""READY"",ABS($AA915)<SETTINGS!$B$26,$AF915<>"""",$AG915<>""""),""INVESTIGATE"",""BET""))))"
ENGINE,AB916,916,28,"=IF($AA916="""","""",IF(ABS($AA916)<SETTINGS!$B$8*2,"""",IF(ABS($AA916)<SETTINGS!$B$9*2,""LEAN"",IF(OR(SETTINGS!$B$11<>""Y"",$AI916<>""READY"",ABS($AA916)<SETTINGS!$B$10*2,$AF916<>"""",$AG916<>""""),""INVESTIGATE"",""BET""))))","=IF($AA916="""","""",IF(ABS($AA916)<SETTINGS!$B$33,"""",IF(ABS($AA916)<SETTINGS!$B$34,""LEAN"",IF(OR(SETTINGS!$B$11<>""Y"",$AI916<>""READY"",ABS($AA916)<SETTINGS!$B$26,$AF916<>"""",$AG916<>""""),""INVESTIGATE"",""BET""))))"
ENGINE,AB917,917,28,"=IF($AA917="""","""",IF(ABS($AA917)<SETTINGS!$B$8*2,"""",IF(ABS($AA917)<SETTINGS!$B$9*2,""LEAN"",IF(OR(SETTINGS!$B$11<>""Y"",$AI917<>""READY"",ABS($AA917)<SETTINGS!$B$10*2,$AF917<>"""",$AG917<>""""),""INVESTIGATE"",""BET""))))","=IF($AA917="""","""",IF(ABS($AA917)<SETTINGS!$B$33,"""",IF(ABS($AA917)<SETTINGS!$B$34,""LEAN"",IF(OR(SETTINGS!$B$11<>""Y"",$AI917<>""READY"",ABS($AA917)<SETTINGS!$B$26,$AF917<>"""",$AG917<>""""),""INVESTIGATE"",""BET""))))"
ENGINE,AB918,918,28,"=IF($AA918="""","""",IF(ABS($AA918)<SETTINGS!$B$8*2,"""",IF(ABS($AA918)<SETTINGS!$B$9*2,""LEAN"",IF(OR(SETTINGS!$B$11<>""Y"",$AI918<>""READY"",ABS($AA918)<SETTINGS!$B$10*2,$AF918<>"""",$AG918<>""""),""INVESTIGATE"",""BET""))))","=IF($AA918="""","""",IF(ABS($AA918)<SETTINGS!$B$33,"""",IF(ABS($AA918)<SETTINGS!$B$34,""LEAN"",IF(OR(SETTINGS!$B$11<>""Y"",$AI918<>""READY"",ABS($AA918)<SETTINGS!$B$26,$AF918<>"""",$AG918<>""""),""INVESTIGATE"",""BET""))))"
ENGINE,AB919,919,28,"=IF($AA919="""","""",IF(ABS($AA919)<SETTINGS!$B$8*2,"""",IF(ABS($AA919)<SETTINGS!$B$9*2,""LEAN"",IF(OR(SETTINGS!$B$11<>""Y"",$AI919<>""READY"",ABS($AA919)<SETTINGS!$B$10*2,$AF919<>"""",$AG919<>""""),""INVESTIGATE"",""BET""))))","=IF($AA919="""","""",IF(ABS($AA919)<SETTINGS!$B$33,"""",IF(ABS($AA919)<SETTINGS!$B$34,""LEAN"",IF(OR(SETTINGS!$B$11<>""Y"",$AI919<>""READY"",ABS($AA919)<SETTINGS!$B$26,$AF919<>"""",$AG919<>""""),""INVESTIGATE"",""BET""))))"
ENGINE,AB920,920,28,"=IF($AA920="""","""",IF(ABS($AA920)<SETTINGS!$B$8*2,"""",IF(ABS($AA920)<SETTINGS!$B$9*2,""LEAN"",IF(OR(SETTINGS!$B$11<>""Y"",$AI920<>""READY"",ABS($AA920)<SETTINGS!$B$10*2,$AF920<>"""",$AG920<>""""),""INVESTIGATE"",""BET""))))","=IF($AA920="""","""",IF(ABS($AA920)<SETTINGS!$B$33,"""",IF(ABS($AA920)<SETTINGS!$B$34,""LEAN"",IF(OR(SETTINGS!$B$11<>""Y"",$AI920<>""READY"",ABS($AA920)<SETTINGS!$B$26,$AF920<>"""",$AG920<>""""),""INVESTIGATE"",""BET""))))"
ENGINE,AB921,921,28,"=IF($AA921="""","""",IF(ABS($AA921)<SETTINGS!$B$8*2,"""",IF(ABS($AA921)<SETTINGS!$B$9*2,""LEAN"",IF(OR(SETTINGS!$B$11<>""Y"",$AI921<>""READY"",ABS($AA921)<SETTINGS!$B$10*2,$AF921<>"""",$AG921<>""""),""INVESTIGATE"",""BET""))))","=IF($AA921="""","""",IF(ABS($AA921)<SETTINGS!$B$33,"""",IF(ABS($AA921)<SETTINGS!$B$34,""LEAN"",IF(OR(SETTINGS!$B$11<>""Y"",$AI921<>""READY"",ABS($AA921)<SETTINGS!$B$26,$AF921<>"""",$AG921<>""""),""INVESTIGATE"",""BET""))))"
ENGINE,AB922,922,28,"=IF($AA922="""","""",IF(ABS($AA922)<SETTINGS!$B$8*2,"""",IF(ABS($AA922)<SETTINGS!$B$9*2,""LEAN"",IF(OR(SETTINGS!$B$11<>""Y"",$AI922<>""READY"",ABS($AA922)<SETTINGS!$B$10*2,$AF922<>"""",$AG922<>""""),""INVESTIGATE"",""BET""))))","=IF($AA922="""","""",IF(ABS($AA922)<SETTINGS!$B$33,"""",IF(ABS($AA922)<SETTINGS!$B$34,""LEAN"",IF(OR(SETTINGS!$B$11<>""Y"",$AI922<>""READY"",ABS($AA922)<SETTINGS!$B$26,$AF922<>"""",$AG922<>""""),""INVESTIGATE"",""BET""))))"
ENGINE,AB923,923,28,"=IF($AA923="""","""",IF(ABS($AA923)<SETTINGS!$B$8*2,"""",IF(ABS($AA923)<SETTINGS!$B$9*2,""LEAN"",IF(OR(SETTINGS!$B$11<>""Y"",$AI923<>""READY"",ABS($AA923)<SETTINGS!$B$10*2,$AF923<>"""",$AG923<>""""),""INVESTIGATE"",""BET""))))","=IF($AA923="""","""",IF(ABS($AA923)<SETTINGS!$B$33,"""",IF(ABS($AA923)<SETTINGS!$B$34,""LEAN"",IF(OR(SETTINGS!$B$11<>""Y"",$AI923<>""READY"",ABS($AA923)<SETTINGS!$B$26,$AF923<>"""",$AG923<>""""),""INVESTIGATE"",""BET""))))"
ENGINE,AB924,924,28,"=IF($AA924="""","""",IF(ABS($AA924)<SETTINGS!$B$8*2,"""",IF(ABS($AA924)<SETTINGS!$B$9*2,""LEAN"",IF(OR(SETTINGS!$B$11<>""Y"",$AI924<>""READY"",ABS($AA924)<SETTINGS!$B$10*2,$AF924<>"""",$AG924<>""""),""INVESTIGATE"",""BET""))))","=IF($AA924="""","""",IF(ABS($AA924)<SETTINGS!$B$33,"""",IF(ABS($AA924)<SETTINGS!$B$34,""LEAN"",IF(OR(SETTINGS!$B$11<>""Y"",$AI924<>""READY"",ABS($AA924)<SETTINGS!$B$26,$AF924<>"""",$AG924<>""""),""INVESTIGATE"",""BET""))))"
ENGINE,AB925,925,28,"=IF($AA925="""","""",IF(ABS($AA925)<SETTINGS!$B$8*2,"""",IF(ABS($AA925)<SETTINGS!$B$9*2,""LEAN"",IF(OR(SETTINGS!$B$11<>""Y"",$AI925<>""READY"",ABS($AA925)<SETTINGS!$B$10*2,$AF925<>"""",$AG925<>""""),""INVESTIGATE"",""BET""))))","=IF($AA925="""","""",IF(ABS($AA925)<SETTINGS!$B$33,"""",IF(ABS($AA925)<SETTINGS!$B$34,""LEAN"",IF(OR(SETTINGS!$B$11<>""Y"",$AI925<>""READY"",ABS($AA925)<SETTINGS!$B$26,$AF925<>"""",$AG925<>""""),""INVESTIGATE"",""BET""))))"
ENGINE,AB926,926,28,"=IF($AA926="""","""",IF(ABS($AA926)<SETTINGS!$B$8*2,"""",IF(ABS($AA926)<SETTINGS!$B$9*2,""LEAN"",IF(OR(SETTINGS!$B$11<>""Y"",$AI926<>""READY"",ABS($AA926)<SETTINGS!$B$10*2,$AF926<>"""",$AG926<>""""),""INVESTIGATE"",""BET""))))","=IF($AA926="""","""",IF(ABS($AA926)<SETTINGS!$B$33,"""",IF(ABS($AA926)<SETTINGS!$B$34,""LEAN"",IF(OR(SETTINGS!$B$11<>""Y"",$AI926<>""READY"",ABS($AA926)<SETTINGS!$B$26,$AF926<>"""",$AG926<>""""),""INVESTIGATE"",""BET""))))"
ENGINE,AB927,927,28,"=IF($AA927="""","""",IF(ABS($AA927)<SETTINGS!$B$8*2,"""",IF(ABS($AA927)<SETTINGS!$B$9*2,""LEAN"",IF(OR(SETTINGS!$B$11<>""Y"",$AI927<>""READY"",ABS($AA927)<SETTINGS!$B$10*2,$AF927<>"""",$AG927<>""""),""INVESTIGATE"",""BET""))))","=IF($AA927="""","""",IF(ABS($AA927)<SETTINGS!$B$33,"""",IF(ABS($AA927)<SETTINGS!$B$34,""LEAN"",IF(OR(SETTINGS!$B$11<>""Y"",$AI927<>""READY"",ABS($AA927)<SETTINGS!$B$26,$AF927<>"""",$AG927<>""""),""INVESTIGATE"",""BET""))))"
ENGINE,AB928,928,28,"=IF($AA928="""","""",IF(ABS($AA928)<SETTINGS!$B$8*2,"""",IF(ABS($AA928)<SETTINGS!$B$9*2,""LEAN"",IF(OR(SETTINGS!$B$11<>""Y"",$AI928<>""READY"",ABS($AA928)<SETTINGS!$B$10*2,$AF928<>"""",$AG928<>""""),""INVESTIGATE"",""BET""))))","=IF($AA928="""","""",IF(ABS($AA928)<SETTINGS!$B$33,"""",IF(ABS($AA928)<SETTINGS!$B$34,""LEAN"",IF(OR(SETTINGS!$B$11<>""Y"",$AI928<>""READY"",ABS($AA928)<SETTINGS!$B$26,$AF928<>"""",$AG928<>""""),""INVESTIGATE"",""BET""))))"
ENGINE,AB929,929,28,"=IF($AA929="""","""",IF(ABS($AA929)<SETTINGS!$B$8*2,"""",IF(ABS($AA929)<SETTINGS!$B$9*2,""LEAN"",IF(OR(SETTINGS!$B$11<>""Y"",$AI929<>""READY"",ABS($AA929)<SETTINGS!$B$10*2,$AF929<>"""",$AG929<>""""),""INVESTIGATE"",""BET""))))","=IF($AA929="""","""",IF(ABS($AA929)<SETTINGS!$B$33,"""",IF(ABS($AA929)<SETTINGS!$B$34,""LEAN"",IF(OR(SETTINGS!$B$11<>""Y"",$AI929<>""READY"",ABS($AA929)<SETTINGS!$B$26,$AF929<>"""",$AG929<>""""),""INVESTIGATE"",""BET""))))"
ENGINE,AB930,930,28,"=IF($AA930="""","""",IF(ABS($AA930)<SETTINGS!$B$8*2,"""",IF(ABS($AA930)<SETTINGS!$B$9*2,""LEAN"",IF(OR(SETTINGS!$B$11<>""Y"",$AI930<>""READY"",ABS($AA930)<SETTINGS!$B$10*2,$AF930<>"""",$AG930<>""""),""INVESTIGATE"",""BET""))))","=IF($AA930="""","""",IF(ABS($AA930)<SETTINGS!$B$33,"""",IF(ABS($AA930)<SETTINGS!$B$34,""LEAN"",IF(OR(SETTINGS!$B$11<>""Y"",$AI930<>""READY"",ABS($AA930)<SETTINGS!$B$26,$AF930<>"""",$AG930<>""""),""INVESTIGATE"",""BET""))))"
ENGINE,AB931,931,28,"=IF($AA931="""","""",IF(ABS($AA931)<SETTINGS!$B$8*2,"""",IF(ABS($AA931)<SETTINGS!$B$9*2,""LEAN"",IF(OR(SETTINGS!$B$11<>""Y"",$AI931<>""READY"",ABS($AA931)<SETTINGS!$B$10*2,$AF931<>"""",$AG931<>""""),""INVESTIGATE"",""BET""))))","=IF($AA931="""","""",IF(ABS($AA931)<SETTINGS!$B$33,"""",IF(ABS($AA931)<SETTINGS!$B$34,""LEAN"",IF(OR(SETTINGS!$B$11<>""Y"",$AI931<>""READY"",ABS($AA931)<SETTINGS!$B$26,$AF931<>"""",$AG931<>""""),""INVESTIGATE"",""BET""))))"
ENGINE,AB932,932,28,"=IF($AA932="""","""",IF(ABS($AA932)<SETTINGS!$B$8*2,"""",IF(ABS($AA932)<SETTINGS!$B$9*2,""LEAN"",IF(OR(SETTINGS!$B$11<>""Y"",$AI932<>""READY"",ABS($AA932)<SETTINGS!$B$10*2,$AF932<>"""",$AG932<>""""),""INVESTIGATE"",""BET""))))","=IF($AA932="""","""",IF(ABS($AA932)<SETTINGS!$B$33,"""",IF(ABS($AA932)<SETTINGS!$B$34,""LEAN"",IF(OR(SETTINGS!$B$11<>""Y"",$AI932<>""READY"",ABS($AA932)<SETTINGS!$B$26,$AF932<>"""",$AG932<>""""),""INVESTIGATE"",""BET""))))"
ENGINE,AB933,933,28,"=IF($AA933="""","""",IF(ABS($AA933)<SETTINGS!$B$8*2,"""",IF(ABS($AA933)<SETTINGS!$B$9*2,""LEAN"",IF(OR(SETTINGS!$B$11<>""Y"",$AI933<>""READY"",ABS($AA933)<SETTINGS!$B$10*2,$AF933<>"""",$AG933<>""""),""INVESTIGATE"",""BET""))))","=IF($AA933="""","""",IF(ABS($AA933)<SETTINGS!$B$33,"""",IF(ABS($AA933)<SETTINGS!$B$34,""LEAN"",IF(OR(SETTINGS!$B$11<>""Y"",$AI933<>""READY"",ABS($AA933)<SETTINGS!$B$26,$AF933<>"""",$AG933<>""""),""INVESTIGATE"",""BET""))))"
ENGINE,AB934,934,28,"=IF($AA934="""","""",IF(ABS($AA934)<SETTINGS!$B$8*2,"""",IF(ABS($AA934)<SETTINGS!$B$9*2,""LEAN"",IF(OR(SETTINGS!$B$11<>""Y"",$AI934<>""READY"",ABS($AA934)<SETTINGS!$B$10*2,$AF934<>"""",$AG934<>""""),""INVESTIGATE"",""BET""))))","=IF($AA934="""","""",IF(ABS($AA934)<SETTINGS!$B$33,"""",IF(ABS($AA934)<SETTINGS!$B$34,""LEAN"",IF(OR(SETTINGS!$B$11<>""Y"",$AI934<>""READY"",ABS($AA934)<SETTINGS!$B$26,$AF934<>"""",$AG934<>""""),""INVESTIGATE"",""BET""))))"
ENGINE,AB935,935,28,"=IF($AA935="""","""",IF(ABS($AA935)<SETTINGS!$B$8*2,"""",IF(ABS($AA935)<SETTINGS!$B$9*2,""LEAN"",IF(OR(SETTINGS!$B$11<>""Y"",$AI935<>""READY"",ABS($AA935)<SETTINGS!$B$10*2,$AF935<>"""",$AG935<>""""),""INVESTIGATE"",""BET""))))","=IF($AA935="""","""",IF(ABS($AA935)<SETTINGS!$B$33,"""",IF(ABS($AA935)<SETTINGS!$B$34,""LEAN"",IF(OR(SETTINGS!$B$11<>""Y"",$AI935<>""READY"",ABS($AA935)<SETTINGS!$B$26,$AF935<>"""",$AG935<>""""),""INVESTIGATE"",""BET""))))"
ENGINE,AB936,936,28,"=IF($AA936="""","""",IF(ABS($AA936)<SETTINGS!$B$8*2,"""",IF(ABS($AA936)<SETTINGS!$B$9*2,""LEAN"",IF(OR(SETTINGS!$B$11<>""Y"",$AI936<>""READY"",ABS($AA936)<SETTINGS!$B$10*2,$AF936<>"""",$AG936<>""""),""INVESTIGATE"",""BET""))))","=IF($AA936="""","""",IF(ABS($AA936)<SETTINGS!$B$33,"""",IF(ABS($AA936)<SETTINGS!$B$34,""LEAN"",IF(OR(SETTINGS!$B$11<>""Y"",$AI936<>""READY"",ABS($AA936)<SETTINGS!$B$26,$AF936<>"""",$AG936<>""""),""INVESTIGATE"",""BET""))))"
ENGINE,AB937,937,28,"=IF($AA937="""","""",IF(ABS($AA937)<SETTINGS!$B$8*2,"""",IF(ABS($AA937)<SETTINGS!$B$9*2,""LEAN"",IF(OR(SETTINGS!$B$11<>""Y"",$AI937<>""READY"",ABS($AA937)<SETTINGS!$B$10*2,$AF937<>"""",$AG937<>""""),""INVESTIGATE"",""BET""))))","=IF($AA937="""","""",IF(ABS($AA937)<SETTINGS!$B$33,"""",IF(ABS($AA937)<SETTINGS!$B$34,""LEAN"",IF(OR(SETTINGS!$B$11<>""Y"",$AI937<>""READY"",ABS($AA937)<SETTINGS!$B$26,$AF937<>"""",$AG937<>""""),""INVESTIGATE"",""BET""))))"
ENGINE,AB938,938,28,"=IF($AA938="""","""",IF(ABS($AA938)<SETTINGS!$B$8*2,"""",IF(ABS($AA938)<SETTINGS!$B$9*2,""LEAN"",IF(OR(SETTINGS!$B$11<>""Y"",$AI938<>""READY"",ABS($AA938)<SETTINGS!$B$10*2,$AF938<>"""",$AG938<>""""),""INVESTIGATE"",""BET""))))","=IF($AA938="""","""",IF(ABS($AA938)<SETTINGS!$B$33,"""",IF(ABS($AA938)<SETTINGS!$B$34,""LEAN"",IF(OR(SETTINGS!$B$11<>""Y"",$AI938<>""READY"",ABS($AA938)<SETTINGS!$B$26,$AF938<>"""",$AG938<>""""),""INVESTIGATE"",""BET""))))"
ENGINE,AB939,939,28,"=IF($AA939="""","""",IF(ABS($AA939)<SETTINGS!$B$8*2,"""",IF(ABS($AA939)<SETTINGS!$B$9*2,""LEAN"",IF(OR(SETTINGS!$B$11<>""Y"",$AI939<>""READY"",ABS($AA939)<SETTINGS!$B$10*2,$AF939<>"""",$AG939<>""""),""INVESTIGATE"",""BET""))))","=IF($AA939="""","""",IF(ABS($AA939)<SETTINGS!$B$33,"""",IF(ABS($AA939)<SETTINGS!$B$34,""LEAN"",IF(OR(SETTINGS!$B$11<>""Y"",$AI939<>""READY"",ABS($AA939)<SETTINGS!$B$26,$AF939<>"""",$AG939<>""""),""INVESTIGATE"",""BET""))))"
ENGINE,AB940,940,28,"=IF($AA940="""","""",IF(ABS($AA940)<SETTINGS!$B$8*2,"""",IF(ABS($AA940)<SETTINGS!$B$9*2,""LEAN"",IF(OR(SETTINGS!$B$11<>""Y"",$AI940<>""READY"",ABS($AA940)<SETTINGS!$B$10*2,$AF940<>"""",$AG940<>""""),""INVESTIGATE"",""BET""))))","=IF($AA940="""","""",IF(ABS($AA940)<SETTINGS!$B$33,"""",IF(ABS($AA940)<SETTINGS!$B$34,""LEAN"",IF(OR(SETTINGS!$B$11<>""Y"",$AI940<>""READY"",ABS($AA940)<SETTINGS!$B$26,$AF940<>"""",$AG940<>""""),""INVESTIGATE"",""BET""))))"
ENGINE,AB941,941,28,"=IF($AA941="""","""",IF(ABS($AA941)<SETTINGS!$B$8*2,"""",IF(ABS($AA941)<SETTINGS!$B$9*2,""LEAN"",IF(OR(SETTINGS!$B$11<>""Y"",$AI941<>""READY"",ABS($AA941)<SETTINGS!$B$10*2,$AF941<>"""",$AG941<>""""),""INVESTIGATE"",""BET""))))","=IF($AA941="""","""",IF(ABS($AA941)<SETTINGS!$B$33,"""",IF(ABS($AA941)<SETTINGS!$B$34,""LEAN"",IF(OR(SETTINGS!$B$11<>""Y"",$AI941<>""READY"",ABS($AA941)<SETTINGS!$B$26,$AF941<>"""",$AG941<>""""),""INVESTIGATE"",""BET""))))"
ENGINE,AB942,942,28,"=IF($AA942="""","""",IF(ABS($AA942)<SETTINGS!$B$8*2,"""",IF(ABS($AA942)<SETTINGS!$B$9*2,""LEAN"",IF(OR(SETTINGS!$B$11<>""Y"",$AI942<>""READY"",ABS($AA942)<SETTINGS!$B$10*2,$AF942<>"""",$AG942<>""""),""INVESTIGATE"",""BET""))))","=IF($AA942="""","""",IF(ABS($AA942)<SETTINGS!$B$33,"""",IF(ABS($AA942)<SETTINGS!$B$34,""LEAN"",IF(OR(SETTINGS!$B$11<>""Y"",$AI942<>""READY"",ABS($AA942)<SETTINGS!$B$26,$AF942<>"""",$AG942<>""""),""INVESTIGATE"",""BET""))))"
ENGINE,AB943,943,28,"=IF($AA943="""","""",IF(ABS($AA943)<SETTINGS!$B$8*2,"""",IF(ABS($AA943)<SETTINGS!$B$9*2,""LEAN"",IF(OR(SETTINGS!$B$11<>""Y"",$AI943<>""READY"",ABS($AA943)<SETTINGS!$B$10*2,$AF943<>"""",$AG943<>""""),""INVESTIGATE"",""BET""))))","=IF($AA943="""","""",IF(ABS($AA943)<SETTINGS!$B$33,"""",IF(ABS($AA943)<SETTINGS!$B$34,""LEAN"",IF(OR(SETTINGS!$B$11<>""Y"",$AI943<>""READY"",ABS($AA943)<SETTINGS!$B$26,$AF943<>"""",$AG943<>""""),""INVESTIGATE"",""BET""))))"
ENGINE,AB944,944,28,"=IF($AA944="""","""",IF(ABS($AA944)<SETTINGS!$B$8*2,"""",IF(ABS($AA944)<SETTINGS!$B$9*2,""LEAN"",IF(OR(SETTINGS!$B$11<>""Y"",$AI944<>""READY"",ABS($AA944)<SETTINGS!$B$10*2,$AF944<>"""",$AG944<>""""),""INVESTIGATE"",""BET""))))","=IF($AA944="""","""",IF(ABS($AA944)<SETTINGS!$B$33,"""",IF(ABS($AA944)<SETTINGS!$B$34,""LEAN"",IF(OR(SETTINGS!$B$11<>""Y"",$AI944<>""READY"",ABS($AA944)<SETTINGS!$B$26,$AF944<>"""",$AG944<>""""),""INVESTIGATE"",""BET""))))"
ENGINE,AB945,945,28,"=IF($AA945="""","""",IF(ABS($AA945)<SETTINGS!$B$8*2,"""",IF(ABS($AA945)<SETTINGS!$B$9*2,""LEAN"",IF(OR(SETTINGS!$B$11<>""Y"",$AI945<>""READY"",ABS($AA945)<SETTINGS!$B$10*2,$AF945<>"""",$AG945<>""""),""INVESTIGATE"",""BET""))))","=IF($AA945="""","""",IF(ABS($AA945)<SETTINGS!$B$33,"""",IF(ABS($AA945)<SETTINGS!$B$34,""LEAN"",IF(OR(SETTINGS!$B$11<>""Y"",$AI945<>""READY"",ABS($AA945)<SETTINGS!$B$26,$AF945<>"""",$AG945<>""""),""INVESTIGATE"",""BET""))))"
ENGINE,AB946,946,28,"=IF($AA946="""","""",IF(ABS($AA946)<SETTINGS!$B$8*2,"""",IF(ABS($AA946)<SETTINGS!$B$9*2,""LEAN"",IF(OR(SETTINGS!$B$11<>""Y"",$AI946<>""READY"",ABS($AA946)<SETTINGS!$B$10*2,$AF946<>"""",$AG946<>""""),""INVESTIGATE"",""BET""))))","=IF($AA946="""","""",IF(ABS($AA946)<SETTINGS!$B$33,"""",IF(ABS($AA946)<SETTINGS!$B$34,""LEAN"",IF(OR(SETTINGS!$B$11<>""Y"",$AI946<>""READY"",ABS($AA946)<SETTINGS!$B$26,$AF946<>"""",$AG946<>""""),""INVESTIGATE"",""BET""))))"
ENGINE,AB947,947,28,"=IF($AA947="""","""",IF(ABS($AA947)<SETTINGS!$B$8*2,"""",IF(ABS($AA947)<SETTINGS!$B$9*2,""LEAN"",IF(OR(SETTINGS!$B$11<>""Y"",$AI947<>""READY"",ABS($AA947)<SETTINGS!$B$10*2,$AF947<>"""",$AG947<>""""),""INVESTIGATE"",""BET""))))","=IF($AA947="""","""",IF(ABS($AA947)<SETTINGS!$B$33,"""",IF(ABS($AA947)<SETTINGS!$B$34,""LEAN"",IF(OR(SETTINGS!$B$11<>""Y"",$AI947<>""READY"",ABS($AA947)<SETTINGS!$B$26,$AF947<>"""",$AG947<>""""),""INVESTIGATE"",""BET""))))"
ENGINE,AB948,948,28,"=IF($AA948="""","""",IF(ABS($AA948)<SETTINGS!$B$8*2,"""",IF(ABS($AA948)<SETTINGS!$B$9*2,""LEAN"",IF(OR(SETTINGS!$B$11<>""Y"",$AI948<>""READY"",ABS($AA948)<SETTINGS!$B$10*2,$AF948<>"""",$AG948<>""""),""INVESTIGATE"",""BET""))))","=IF($AA948="""","""",IF(ABS($AA948)<SETTINGS!$B$33,"""",IF(ABS($AA948)<SETTINGS!$B$34,""LEAN"",IF(OR(SETTINGS!$B$11<>""Y"",$AI948<>""READY"",ABS($AA948)<SETTINGS!$B$26,$AF948<>"""",$AG948<>""""),""INVESTIGATE"",""BET""))))"
ENGINE,AB949,949,28,"=IF($AA949="""","""",IF(ABS($AA949)<SETTINGS!$B$8*2,"""",IF(ABS($AA949)<SETTINGS!$B$9*2,""LEAN"",IF(OR(SETTINGS!$B$11<>""Y"",$AI949<>""READY"",ABS($AA949)<SETTINGS!$B$10*2,$AF949<>"""",$AG949<>""""),""INVESTIGATE"",""BET""))))","=IF($AA949="""","""",IF(ABS($AA949)<SETTINGS!$B$33,"""",IF(ABS($AA949)<SETTINGS!$B$34,""LEAN"",IF(OR(SETTINGS!$B$11<>""Y"",$AI949<>""READY"",ABS($AA949)<SETTINGS!$B$26,$AF949<>"""",$AG949<>""""),""INVESTIGATE"",""BET""))))"
ENGINE,AB950,950,28,"=IF($AA950="""","""",IF(ABS($AA950)<SETTINGS!$B$8*2,"""",IF(ABS($AA950)<SETTINGS!$B$9*2,""LEAN"",IF(OR(SETTINGS!$B$11<>""Y"",$AI950<>""READY"",ABS($AA950)<SETTINGS!$B$10*2,$AF950<>"""",$AG950<>""""),""INVESTIGATE"",""BET""))))","=IF($AA950="""","""",IF(ABS($AA950)<SETTINGS!$B$33,"""",IF(ABS($AA950)<SETTINGS!$B$34,""LEAN"",IF(OR(SETTINGS!$B$11<>""Y"",$AI950<>""READY"",ABS($AA950)<SETTINGS!$B$26,$AF950<>"""",$AG950<>""""),""INVESTIGATE"",""BET""))))"
ENGINE,AB951,951,28,"=IF($AA951="""","""",IF(ABS($AA951)<SETTINGS!$B$8*2,"""",IF(ABS($AA951)<SETTINGS!$B$9*2,""LEAN"",IF(OR(SETTINGS!$B$11<>""Y"",$AI951<>""READY"",ABS($AA951)<SETTINGS!$B$10*2,$AF951<>"""",$AG951<>""""),""INVESTIGATE"",""BET""))))","=IF($AA951="""","""",IF(ABS($AA951)<SETTINGS!$B$33,"""",IF(ABS($AA951)<SETTINGS!$B$34,""LEAN"",IF(OR(SETTINGS!$B$11<>""Y"",$AI951<>""READY"",ABS($AA951)<SETTINGS!$B$26,$AF951<>"""",$AG951<>""""),""INVESTIGATE"",""BET""))))"
ENGINE,AB952,952,28,"=IF($AA952="""","""",IF(ABS($AA952)<SETTINGS!$B$8*2,"""",IF(ABS($AA952)<SETTINGS!$B$9*2,""LEAN"",IF(OR(SETTINGS!$B$11<>""Y"",$AI952<>""READY"",ABS($AA952)<SETTINGS!$B$10*2,$AF952<>"""",$AG952<>""""),""INVESTIGATE"",""BET""))))","=IF($AA952="""","""",IF(ABS($AA952)<SETTINGS!$B$33,"""",IF(ABS($AA952)<SETTINGS!$B$34,""LEAN"",IF(OR(SETTINGS!$B$11<>""Y"",$AI952<>""READY"",ABS($AA952)<SETTINGS!$B$26,$AF952<>"""",$AG952<>""""),""INVESTIGATE"",""BET""))))"
ENGINE,AB953,953,28,"=IF($AA953="""","""",IF(ABS($AA953)<SETTINGS!$B$8*2,"""",IF(ABS($AA953)<SETTINGS!$B$9*2,""LEAN"",IF(OR(SETTINGS!$B$11<>""Y"",$AI953<>""READY"",ABS($AA953)<SETTINGS!$B$10*2,$AF953<>"""",$AG953<>""""),""INVESTIGATE"",""BET""))))","=IF($AA953="""","""",IF(ABS($AA953)<SETTINGS!$B$33,"""",IF(ABS($AA953)<SETTINGS!$B$34,""LEAN"",IF(OR(SETTINGS!$B$11<>""Y"",$AI953<>""READY"",ABS($AA953)<SETTINGS!$B$26,$AF953<>"""",$AG953<>""""),""INVESTIGATE"",""BET""))))"
ENGINE,AB954,954,28,"=IF($AA954="""","""",IF(ABS($AA954)<SETTINGS!$B$8*2,"""",IF(ABS($AA954)<SETTINGS!$B$9*2,""LEAN"",IF(OR(SETTINGS!$B$11<>""Y"",$AI954<>""READY"",ABS($AA954)<SETTINGS!$B$10*2,$AF954<>"""",$AG954<>""""),""INVESTIGATE"",""BET""))))","=IF($AA954="""","""",IF(ABS($AA954)<SETTINGS!$B$33,"""",IF(ABS($AA954)<SETTINGS!$B$34,""LEAN"",IF(OR(SETTINGS!$B$11<>""Y"",$AI954<>""READY"",ABS($AA954)<SETTINGS!$B$26,$AF954<>"""",$AG954<>""""),""INVESTIGATE"",""BET""))))"
ENGINE,AB955,955,28,"=IF($AA955="""","""",IF(ABS($AA955)<SETTINGS!$B$8*2,"""",IF(ABS($AA955)<SETTINGS!$B$9*2,""LEAN"",IF(OR(SETTINGS!$B$11<>""Y"",$AI955<>""READY"",ABS($AA955)<SETTINGS!$B$10*2,$AF955<>"""",$AG955<>""""),""INVESTIGATE"",""BET""))))","=IF($AA955="""","""",IF(ABS($AA955)<SETTINGS!$B$33,"""",IF(ABS($AA955)<SETTINGS!$B$34,""LEAN"",IF(OR(SETTINGS!$B$11<>""Y"",$AI955<>""READY"",ABS($AA955)<SETTINGS!$B$26,$AF955<>"""",$AG955<>""""),""INVESTIGATE"",""BET""))))"
ENGINE,AB956,956,28,"=IF($AA956="""","""",IF(ABS($AA956)<SETTINGS!$B$8*2,"""",IF(ABS($AA956)<SETTINGS!$B$9*2,""LEAN"",IF(OR(SETTINGS!$B$11<>""Y"",$AI956<>""READY"",ABS($AA956)<SETTINGS!$B$10*2,$AF956<>"""",$AG956<>""""),""INVESTIGATE"",""BET""))))","=IF($AA956="""","""",IF(ABS($AA956)<SETTINGS!$B$33,"""",IF(ABS($AA956)<SETTINGS!$B$34,""LEAN"",IF(OR(SETTINGS!$B$11<>""Y"",$AI956<>""READY"",ABS($AA956)<SETTINGS!$B$26,$AF956<>"""",$AG956<>""""),""INVESTIGATE"",""BET""))))"
ENGINE,AB957,957,28,"=IF($AA957="""","""",IF(ABS($AA957)<SETTINGS!$B$8*2,"""",IF(ABS($AA957)<SETTINGS!$B$9*2,""LEAN"",IF(OR(SETTINGS!$B$11<>""Y"",$AI957<>""READY"",ABS($AA957)<SETTINGS!$B$10*2,$AF957<>"""",$AG957<>""""),""INVESTIGATE"",""BET""))))","=IF($AA957="""","""",IF(ABS($AA957)<SETTINGS!$B$33,"""",IF(ABS($AA957)<SETTINGS!$B$34,""LEAN"",IF(OR(SETTINGS!$B$11<>""Y"",$AI957<>""READY"",ABS($AA957)<SETTINGS!$B$26,$AF957<>"""",$AG957<>""""),""INVESTIGATE"",""BET""))))"
ENGINE,AB958,958,28,"=IF($AA958="""","""",IF(ABS($AA958)<SETTINGS!$B$8*2,"""",IF(ABS($AA958)<SETTINGS!$B$9*2,""LEAN"",IF(OR(SETTINGS!$B$11<>""Y"",$AI958<>""READY"",ABS($AA958)<SETTINGS!$B$10*2,$AF958<>"""",$AG958<>""""),""INVESTIGATE"",""BET""))))","=IF($AA958="""","""",IF(ABS($AA958)<SETTINGS!$B$33,"""",IF(ABS($AA958)<SETTINGS!$B$34,""LEAN"",IF(OR(SETTINGS!$B$11<>""Y"",$AI958<>""READY"",ABS($AA958)<SETTINGS!$B$26,$AF958<>"""",$AG958<>""""),""INVESTIGATE"",""BET""))))"
ENGINE,AB959,959,28,"=IF($AA959="""","""",IF(ABS($AA959)<SETTINGS!$B$8*2,"""",IF(ABS($AA959)<SETTINGS!$B$9*2,""LEAN"",IF(OR(SETTINGS!$B$11<>""Y"",$AI959<>""READY"",ABS($AA959)<SETTINGS!$B$10*2,$AF959<>"""",$AG959<>""""),""INVESTIGATE"",""BET""))))","=IF($AA959="""","""",IF(ABS($AA959)<SETTINGS!$B$33,"""",IF(ABS($AA959)<SETTINGS!$B$34,""LEAN"",IF(OR(SETTINGS!$B$11<>""Y"",$AI959<>""READY"",ABS($AA959)<SETTINGS!$B$26,$AF959<>"""",$AG959<>""""),""INVESTIGATE"",""BET""))))"
ENGINE,AB960,960,28,"=IF($AA960="""","""",IF(ABS($AA960)<SETTINGS!$B$8*2,"""",IF(ABS($AA960)<SETTINGS!$B$9*2,""LEAN"",IF(OR(SETTINGS!$B$11<>""Y"",$AI960<>""READY"",ABS($AA960)<SETTINGS!$B$10*2,$AF960<>"""",$AG960<>""""),""INVESTIGATE"",""BET""))))","=IF($AA960="""","""",IF(ABS($AA960)<SETTINGS!$B$33,"""",IF(ABS($AA960)<SETTINGS!$B$34,""LEAN"",IF(OR(SETTINGS!$B$11<>""Y"",$AI960<>""READY"",ABS($AA960)<SETTINGS!$B$26,$AF960<>"""",$AG960<>""""),""INVESTIGATE"",""BET""))))"
ENGINE,AB961,961,28,"=IF($AA961="""","""",IF(ABS($AA961)<SETTINGS!$B$8*2,"""",IF(ABS($AA961)<SETTINGS!$B$9*2,""LEAN"",IF(OR(SETTINGS!$B$11<>""Y"",$AI961<>""READY"",ABS($AA961)<SETTINGS!$B$10*2,$AF961<>"""",$AG961<>""""),""INVESTIGATE"",""BET""))))","=IF($AA961="""","""",IF(ABS($AA961)<SETTINGS!$B$33,"""",IF(ABS($AA961)<SETTINGS!$B$34,""LEAN"",IF(OR(SETTINGS!$B$11<>""Y"",$AI961<>""READY"",ABS($AA961)<SETTINGS!$B$26,$AF961<>"""",$AG961<>""""),""INVESTIGATE"",""BET""))))"
ENGINE,AB962,962,28,"=IF($AA962="""","""",IF(ABS($AA962)<SETTINGS!$B$8*2,"""",IF(ABS($AA962)<SETTINGS!$B$9*2,""LEAN"",IF(OR(SETTINGS!$B$11<>""Y"",$AI962<>""READY"",ABS($AA962)<SETTINGS!$B$10*2,$AF962<>"""",$AG962<>""""),""INVESTIGATE"",""BET""))))","=IF($AA962="""","""",IF(ABS($AA962)<SETTINGS!$B$33,"""",IF(ABS($AA962)<SETTINGS!$B$34,""LEAN"",IF(OR(SETTINGS!$B$11<>""Y"",$AI962<>""READY"",ABS($AA962)<SETTINGS!$B$26,$AF962<>"""",$AG962<>""""),""INVESTIGATE"",""BET""))))"
ENGINE,AB963,963,28,"=IF($AA963="""","""",IF(ABS($AA963)<SETTINGS!$B$8*2,"""",IF(ABS($AA963)<SETTINGS!$B$9*2,""LEAN"",IF(OR(SETTINGS!$B$11<>""Y"",$AI963<>""READY"",ABS($AA963)<SETTINGS!$B$10*2,$AF963<>"""",$AG963<>""""),""INVESTIGATE"",""BET""))))","=IF($AA963="""","""",IF(ABS($AA963)<SETTINGS!$B$33,"""",IF(ABS($AA963)<SETTINGS!$B$34,""LEAN"",IF(OR(SETTINGS!$B$11<>""Y"",$AI963<>""READY"",ABS($AA963)<SETTINGS!$B$26,$AF963<>"""",$AG963<>""""),""INVESTIGATE"",""BET""))))"
ENGINE,AB964,964,28,"=IF($AA964="""","""",IF(ABS($AA964)<SETTINGS!$B$8*2,"""",IF(ABS($AA964)<SETTINGS!$B$9*2,""LEAN"",IF(OR(SETTINGS!$B$11<>""Y"",$AI964<>""READY"",ABS($AA964)<SETTINGS!$B$10*2,$AF964<>"""",$AG964<>""""),""INVESTIGATE"",""BET""))))","=IF($AA964="""","""",IF(ABS($AA964)<SETTINGS!$B$33,"""",IF(ABS($AA964)<SETTINGS!$B$34,""LEAN"",IF(OR(SETTINGS!$B$11<>""Y"",$AI964<>""READY"",ABS($AA964)<SETTINGS!$B$26,$AF964<>"""",$AG964<>""""),""INVESTIGATE"",""BET""))))"
ENGINE,AB965,965,28,"=IF($AA965="""","""",IF(ABS($AA965)<SETTINGS!$B$8*2,"""",IF(ABS($AA965)<SETTINGS!$B$9*2,""LEAN"",IF(OR(SETTINGS!$B$11<>""Y"",$AI965<>""READY"",ABS($AA965)<SETTINGS!$B$10*2,$AF965<>"""",$AG965<>""""),""INVESTIGATE"",""BET""))))","=IF($AA965="""","""",IF(ABS($AA965)<SETTINGS!$B$33,"""",IF(ABS($AA965)<SETTINGS!$B$34,""LEAN"",IF(OR(SETTINGS!$B$11<>""Y"",$AI965<>""READY"",ABS($AA965)<SETTINGS!$B$26,$AF965<>"""",$AG965<>""""),""INVESTIGATE"",""BET""))))"
ENGINE,AB966,966,28,"=IF($AA966="""","""",IF(ABS($AA966)<SETTINGS!$B$8*2,"""",IF(ABS($AA966)<SETTINGS!$B$9*2,""LEAN"",IF(OR(SETTINGS!$B$11<>""Y"",$AI966<>""READY"",ABS($AA966)<SETTINGS!$B$10*2,$AF966<>"""",$AG966<>""""),""INVESTIGATE"",""BET""))))","=IF($AA966="""","""",IF(ABS($AA966)<SETTINGS!$B$33,"""",IF(ABS($AA966)<SETTINGS!$B$34,""LEAN"",IF(OR(SETTINGS!$B$11<>""Y"",$AI966<>""READY"",ABS($AA966)<SETTINGS!$B$26,$AF966<>"""",$AG966<>""""),""INVESTIGATE"",""BET""))))"
ENGINE,AB967,967,28,"=IF($AA967="""","""",IF(ABS($AA967)<SETTINGS!$B$8*2,"""",IF(ABS($AA967)<SETTINGS!$B$9*2,""LEAN"",IF(OR(SETTINGS!$B$11<>""Y"",$AI967<>""READY"",ABS($AA967)<SETTINGS!$B$10*2,$AF967<>"""",$AG967<>""""),""INVESTIGATE"",""BET""))))","=IF($AA967="""","""",IF(ABS($AA967)<SETTINGS!$B$33,"""",IF(ABS($AA967)<SETTINGS!$B$34,""LEAN"",IF(OR(SETTINGS!$B$11<>""Y"",$AI967<>""READY"",ABS($AA967)<SETTINGS!$B$26,$AF967<>"""",$AG967<>""""),""INVESTIGATE"",""BET""))))"
ENGINE,AB968,968,28,"=IF($AA968="""","""",IF(ABS($AA968)<SETTINGS!$B$8*2,"""",IF(ABS($AA968)<SETTINGS!$B$9*2,""LEAN"",IF(OR(SETTINGS!$B$11<>""Y"",$AI968<>""READY"",ABS($AA968)<SETTINGS!$B$10*2,$AF968<>"""",$AG968<>""""),""INVESTIGATE"",""BET""))))","=IF($AA968="""","""",IF(ABS($AA968)<SETTINGS!$B$33,"""",IF(ABS($AA968)<SETTINGS!$B$34,""LEAN"",IF(OR(SETTINGS!$B$11<>""Y"",$AI968<>""READY"",ABS($AA968)<SETTINGS!$B$26,$AF968<>"""",$AG968<>""""),""INVESTIGATE"",""BET""))))"
ENGINE,AB969,969,28,"=IF($AA969="""","""",IF(ABS($AA969)<SETTINGS!$B$8*2,"""",IF(ABS($AA969)<SETTINGS!$B$9*2,""LEAN"",IF(OR(SETTINGS!$B$11<>""Y"",$AI969<>""READY"",ABS($AA969)<SETTINGS!$B$10*2,$AF969<>"""",$AG969<>""""),""INVESTIGATE"",""BET""))))","=IF($AA969="""","""",IF(ABS($AA969)<SETTINGS!$B$33,"""",IF(ABS($AA969)<SETTINGS!$B$34,""LEAN"",IF(OR(SETTINGS!$B$11<>""Y"",$AI969<>""READY"",ABS($AA969)<SETTINGS!$B$26,$AF969<>"""",$AG969<>""""),""INVESTIGATE"",""BET""))))"
ENGINE,AB970,970,28,"=IF($AA970="""","""",IF(ABS($AA970)<SETTINGS!$B$8*2,"""",IF(ABS($AA970)<SETTINGS!$B$9*2,""LEAN"",IF(OR(SETTINGS!$B$11<>""Y"",$AI970<>""READY"",ABS($AA970)<SETTINGS!$B$10*2,$AF970<>"""",$AG970<>""""),""INVESTIGATE"",""BET""))))","=IF($AA970="""","""",IF(ABS($AA970)<SETTINGS!$B$33,"""",IF(ABS($AA970)<SETTINGS!$B$34,""LEAN"",IF(OR(SETTINGS!$B$11<>""Y"",$AI970<>""READY"",ABS($AA970)<SETTINGS!$B$26,$AF970<>"""",$AG970<>""""),""INVESTIGATE"",""BET""))))"
ENGINE,AB971,971,28,"=IF($AA971="""","""",IF(ABS($AA971)<SETTINGS!$B$8*2,"""",IF(ABS($AA971)<SETTINGS!$B$9*2,""LEAN"",IF(OR(SETTINGS!$B$11<>""Y"",$AI971<>""READY"",ABS($AA971)<SETTINGS!$B$10*2,$AF971<>"""",$AG971<>""""),""INVESTIGATE"",""BET""))))","=IF($AA971="""","""",IF(ABS($AA971)<SETTINGS!$B$33,"""",IF(ABS($AA971)<SETTINGS!$B$34,""LEAN"",IF(OR(SETTINGS!$B$11<>""Y"",$AI971<>""READY"",ABS($AA971)<SETTINGS!$B$26,$AF971<>"""",$AG971<>""""),""INVESTIGATE"",""BET""))))"
ENGINE,AB972,972,28,"=IF($AA972="""","""",IF(ABS($AA972)<SETTINGS!$B$8*2,"""",IF(ABS($AA972)<SETTINGS!$B$9*2,""LEAN"",IF(OR(SETTINGS!$B$11<>""Y"",$AI972<>""READY"",ABS($AA972)<SETTINGS!$B$10*2,$AF972<>"""",$AG972<>""""),""INVESTIGATE"",""BET""))))","=IF($AA972="""","""",IF(ABS($AA972)<SETTINGS!$B$33,"""",IF(ABS($AA972)<SETTINGS!$B$34,""LEAN"",IF(OR(SETTINGS!$B$11<>""Y"",$AI972<>""READY"",ABS($AA972)<SETTINGS!$B$26,$AF972<>"""",$AG972<>""""),""INVESTIGATE"",""BET""))))"
ENGINE,AB973,973,28,"=IF($AA973="""","""",IF(ABS($AA973)<SETTINGS!$B$8*2,"""",IF(ABS($AA973)<SETTINGS!$B$9*2,""LEAN"",IF(OR(SETTINGS!$B$11<>""Y"",$AI973<>""READY"",ABS($AA973)<SETTINGS!$B$10*2,$AF973<>"""",$AG973<>""""),""INVESTIGATE"",""BET""))))","=IF($AA973="""","""",IF(ABS($AA973)<SETTINGS!$B$33,"""",IF(ABS($AA973)<SETTINGS!$B$34,""LEAN"",IF(OR(SETTINGS!$B$11<>""Y"",$AI973<>""READY"",ABS($AA973)<SETTINGS!$B$26,$AF973<>"""",$AG973<>""""),""INVESTIGATE"",""BET""))))"
ENGINE,AB974,974,28,"=IF($AA974="""","""",IF(ABS($AA974)<SETTINGS!$B$8*2,"""",IF(ABS($AA974)<SETTINGS!$B$9*2,""LEAN"",IF(OR(SETTINGS!$B$11<>""Y"",$AI974<>""READY"",ABS($AA974)<SETTINGS!$B$10*2,$AF974<>"""",$AG974<>""""),""INVESTIGATE"",""BET""))))","=IF($AA974="""","""",IF(ABS($AA974)<SETTINGS!$B$33,"""",IF(ABS($AA974)<SETTINGS!$B$34,""LEAN"",IF(OR(SETTINGS!$B$11<>""Y"",$AI974<>""READY"",ABS($AA974)<SETTINGS!$B$26,$AF974<>"""",$AG974<>""""),""INVESTIGATE"",""BET""))))"
ENGINE,AB975,975,28,"=IF($AA975="""","""",IF(ABS($AA975)<SETTINGS!$B$8*2,"""",IF(ABS($AA975)<SETTINGS!$B$9*2,""LEAN"",IF(OR(SETTINGS!$B$11<>""Y"",$AI975<>""READY"",ABS($AA975)<SETTINGS!$B$10*2,$AF975<>"""",$AG975<>""""),""INVESTIGATE"",""BET""))))","=IF($AA975="""","""",IF(ABS($AA975)<SETTINGS!$B$33,"""",IF(ABS($AA975)<SETTINGS!$B$34,""LEAN"",IF(OR(SETTINGS!$B$11<>""Y"",$AI975<>""READY"",ABS($AA975)<SETTINGS!$B$26,$AF975<>"""",$AG975<>""""),""INVESTIGATE"",""BET""))))"
ENGINE,AB976,976,28,"=IF($AA976="""","""",IF(ABS($AA976)<SETTINGS!$B$8*2,"""",IF(ABS($AA976)<SETTINGS!$B$9*2,""LEAN"",IF(OR(SETTINGS!$B$11<>""Y"",$AI976<>""READY"",ABS($AA976)<SETTINGS!$B$10*2,$AF976<>"""",$AG976<>""""),""INVESTIGATE"",""BET""))))","=IF($AA976="""","""",IF(ABS($AA976)<SETTINGS!$B$33,"""",IF(ABS($AA976)<SETTINGS!$B$34,""LEAN"",IF(OR(SETTINGS!$B$11<>""Y"",$AI976<>""READY"",ABS($AA976)<SETTINGS!$B$26,$AF976<>"""",$AG976<>""""),""INVESTIGATE"",""BET""))))"
ENGINE,AB977,977,28,"=IF($AA977="""","""",IF(ABS($AA977)<SETTINGS!$B$8*2,"""",IF(ABS($AA977)<SETTINGS!$B$9*2,""LEAN"",IF(OR(SETTINGS!$B$11<>""Y"",$AI977<>""READY"",ABS($AA977)<SETTINGS!$B$10*2,$AF977<>"""",$AG977<>""""),""INVESTIGATE"",""BET""))))","=IF($AA977="""","""",IF(ABS($AA977)<SETTINGS!$B$33,"""",IF(ABS($AA977)<SETTINGS!$B$34,""LEAN"",IF(OR(SETTINGS!$B$11<>""Y"",$AI977<>""READY"",ABS($AA977)<SETTINGS!$B$26,$AF977<>"""",$AG977<>""""),""INVESTIGATE"",""BET""))))"
ENGINE,AB978,978,28,"=IF($AA978="""","""",IF(ABS($AA978)<SETTINGS!$B$8*2,"""",IF(ABS($AA978)<SETTINGS!$B$9*2,""LEAN"",IF(OR(SETTINGS!$B$11<>""Y"",$AI978<>""READY"",ABS($AA978)<SETTINGS!$B$10*2,$AF978<>"""",$AG978<>""""),""INVESTIGATE"",""BET""))))","=IF($AA978="""","""",IF(ABS($AA978)<SETTINGS!$B$33,"""",IF(ABS($AA978)<SETTINGS!$B$34,""LEAN"",IF(OR(SETTINGS!$B$11<>""Y"",$AI978<>""READY"",ABS($AA978)<SETTINGS!$B$26,$AF978<>"""",$AG978<>""""),""INVESTIGATE"",""BET""))))"
ENGINE,AB979,979,28,"=IF($AA979="""","""",IF(ABS($AA979)<SETTINGS!$B$8*2,"""",IF(ABS($AA979)<SETTINGS!$B$9*2,""LEAN"",IF(OR(SETTINGS!$B$11<>""Y"",$AI979<>""READY"",ABS($AA979)<SETTINGS!$B$10*2,$AF979<>"""",$AG979<>""""),""INVESTIGATE"",""BET""))))","=IF($AA979="""","""",IF(ABS($AA979)<SETTINGS!$B$33,"""",IF(ABS($AA979)<SETTINGS!$B$34,""LEAN"",IF(OR(SETTINGS!$B$11<>""Y"",$AI979<>""READY"",ABS($AA979)<SETTINGS!$B$26,$AF979<>"""",$AG979<>""""),""INVESTIGATE"",""BET""))))"
ENGINE,AB980,980,28,"=IF($AA980="""","""",IF(ABS($AA980)<SETTINGS!$B$8*2,"""",IF(ABS($AA980)<SETTINGS!$B$9*2,""LEAN"",IF(OR(SETTINGS!$B$11<>""Y"",$AI980<>""READY"",ABS($AA980)<SETTINGS!$B$10*2,$AF980<>"""",$AG980<>""""),""INVESTIGATE"",""BET""))))","=IF($AA980="""","""",IF(ABS($AA980)<SETTINGS!$B$33,"""",IF(ABS($AA980)<SETTINGS!$B$34,""LEAN"",IF(OR(SETTINGS!$B$11<>""Y"",$AI980<>""READY"",ABS($AA980)<SETTINGS!$B$26,$AF980<>"""",$AG980<>""""),""INVESTIGATE"",""BET""))))"
ENGINE,AB981,981,28,"=IF($AA981="""","""",IF(ABS($AA981)<SETTINGS!$B$8*2,"""",IF(ABS($AA981)<SETTINGS!$B$9*2,""LEAN"",IF(OR(SETTINGS!$B$11<>""Y"",$AI981<>""READY"",ABS($AA981)<SETTINGS!$B$10*2,$AF981<>"""",$AG981<>""""),""INVESTIGATE"",""BET""))))","=IF($AA981="""","""",IF(ABS($AA981)<SETTINGS!$B$33,"""",IF(ABS($AA981)<SETTINGS!$B$34,""LEAN"",IF(OR(SETTINGS!$B$11<>""Y"",$AI981<>""READY"",ABS($AA981)<SETTINGS!$B$26,$AF981<>"""",$AG981<>""""),""INVESTIGATE"",""BET""))))"
ENGINE,AB982,982,28,"=IF($AA982="""","""",IF(ABS($AA982)<SETTINGS!$B$8*2,"""",IF(ABS($AA982)<SETTINGS!$B$9*2,""LEAN"",IF(OR(SETTINGS!$B$11<>""Y"",$AI982<>""READY"",ABS($AA982)<SETTINGS!$B$10*2,$AF982<>"""",$AG982<>""""),""INVESTIGATE"",""BET""))))","=IF($AA982="""","""",IF(ABS($AA982)<SETTINGS!$B$33,"""",IF(ABS($AA982)<SETTINGS!$B$34,""LEAN"",IF(OR(SETTINGS!$B$11<>""Y"",$AI982<>""READY"",ABS($AA982)<SETTINGS!$B$26,$AF982<>"""",$AG982<>""""),""INVESTIGATE"",""BET""))))"
ENGINE,AB983,983,28,"=IF($AA983="""","""",IF(ABS($AA983)<SETTINGS!$B$8*2,"""",IF(ABS($AA983)<SETTINGS!$B$9*2,""LEAN"",IF(OR(SETTINGS!$B$11<>""Y"",$AI983<>""READY"",ABS($AA983)<SETTINGS!$B$10*2,$AF983<>"""",$AG983<>""""),""INVESTIGATE"",""BET""))))","=IF($AA983="""","""",IF(ABS($AA983)<SETTINGS!$B$33,"""",IF(ABS($AA983)<SETTINGS!$B$34,""LEAN"",IF(OR(SETTINGS!$B$11<>""Y"",$AI983<>""READY"",ABS($AA983)<SETTINGS!$B$26,$AF983<>"""",$AG983<>""""),""INVESTIGATE"",""BET""))))"
ENGINE,AB984,984,28,"=IF($AA984="""","""",IF(ABS($AA984)<SETTINGS!$B$8*2,"""",IF(ABS($AA984)<SETTINGS!$B$9*2,""LEAN"",IF(OR(SETTINGS!$B$11<>""Y"",$AI984<>""READY"",ABS($AA984)<SETTINGS!$B$10*2,$AF984<>"""",$AG984<>""""),""INVESTIGATE"",""BET""))))","=IF($AA984="""","""",IF(ABS($AA984)<SETTINGS!$B$33,"""",IF(ABS($AA984)<SETTINGS!$B$34,""LEAN"",IF(OR(SETTINGS!$B$11<>""Y"",$AI984<>""READY"",ABS($AA984)<SETTINGS!$B$26,$AF984<>"""",$AG984<>""""),""INVESTIGATE"",""BET""))))"
ENGINE,AB985,985,28,"=IF($AA985="""","""",IF(ABS($AA985)<SETTINGS!$B$8*2,"""",IF(ABS($AA985)<SETTINGS!$B$9*2,""LEAN"",IF(OR(SETTINGS!$B$11<>""Y"",$AI985<>""READY"",ABS($AA985)<SETTINGS!$B$10*2,$AF985<>"""",$AG985<>""""),""INVESTIGATE"",""BET""))))","=IF($AA985="""","""",IF(ABS($AA985)<SETTINGS!$B$33,"""",IF(ABS($AA985)<SETTINGS!$B$34,""LEAN"",IF(OR(SETTINGS!$B$11<>""Y"",$AI985<>""READY"",ABS($AA985)<SETTINGS!$B$26,$AF985<>"""",$AG985<>""""),""INVESTIGATE"",""BET""))))"
ENGINE,AB986,986,28,"=IF($AA986="""","""",IF(ABS($AA986)<SETTINGS!$B$8*2,"""",IF(ABS($AA986)<SETTINGS!$B$9*2,""LEAN"",IF(OR(SETTINGS!$B$11<>""Y"",$AI986<>""READY"",ABS($AA986)<SETTINGS!$B$10*2,$AF986<>"""",$AG986<>""""),""INVESTIGATE"",""BET""))))","=IF($AA986="""","""",IF(ABS($AA986)<SETTINGS!$B$33,"""",IF(ABS($AA986)<SETTINGS!$B$34,""LEAN"",IF(OR(SETTINGS!$B$11<>""Y"",$AI986<>""READY"",ABS($AA986)<SETTINGS!$B$26,$AF986<>"""",$AG986<>""""),""INVESTIGATE"",""BET""))))"
ENGINE,AB987,987,28,"=IF($AA987="""","""",IF(ABS($AA987)<SETTINGS!$B$8*2,"""",IF(ABS($AA987)<SETTINGS!$B$9*2,""LEAN"",IF(OR(SETTINGS!$B$11<>""Y"",$AI987<>""READY"",ABS($AA987)<SETTINGS!$B$10*2,$AF987<>"""",$AG987<>""""),""INVESTIGATE"",""BET""))))","=IF($AA987="""","""",IF(ABS($AA987)<SETTINGS!$B$33,"""",IF(ABS($AA987)<SETTINGS!$B$34,""LEAN"",IF(OR(SETTINGS!$B$11<>""Y"",$AI987<>""READY"",ABS($AA987)<SETTINGS!$B$26,$AF987<>"""",$AG987<>""""),""INVESTIGATE"",""BET""))))"
ENGINE,AB988,988,28,"=IF($AA988="""","""",IF(ABS($AA988)<SETTINGS!$B$8*2,"""",IF(ABS($AA988)<SETTINGS!$B$9*2,""LEAN"",IF(OR(SETTINGS!$B$11<>""Y"",$AI988<>""READY"",ABS($AA988)<SETTINGS!$B$10*2,$AF988<>"""",$AG988<>""""),""INVESTIGATE"",""BET""))))","=IF($AA988="""","""",IF(ABS($AA988)<SETTINGS!$B$33,"""",IF(ABS($AA988)<SETTINGS!$B$34,""LEAN"",IF(OR(SETTINGS!$B$11<>""Y"",$AI988<>""READY"",ABS($AA988)<SETTINGS!$B$26,$AF988<>"""",$AG988<>""""),""INVESTIGATE"",""BET""))))"
ENGINE,AB989,989,28,"=IF($AA989="""","""",IF(ABS($AA989)<SETTINGS!$B$8*2,"""",IF(ABS($AA989)<SETTINGS!$B$9*2,""LEAN"",IF(OR(SETTINGS!$B$11<>""Y"",$AI989<>""READY"",ABS($AA989)<SETTINGS!$B$10*2,$AF989<>"""",$AG989<>""""),""INVESTIGATE"",""BET""))))","=IF($AA989="""","""",IF(ABS($AA989)<SETTINGS!$B$33,"""",IF(ABS($AA989)<SETTINGS!$B$34,""LEAN"",IF(OR(SETTINGS!$B$11<>""Y"",$AI989<>""READY"",ABS($AA989)<SETTINGS!$B$26,$AF989<>"""",$AG989<>""""),""INVESTIGATE"",""BET""))))"
ENGINE,AB990,990,28,"=IF($AA990="""","""",IF(ABS($AA990)<SETTINGS!$B$8*2,"""",IF(ABS($AA990)<SETTINGS!$B$9*2,""LEAN"",IF(OR(SETTINGS!$B$11<>""Y"",$AI990<>""READY"",ABS($AA990)<SETTINGS!$B$10*2,$AF990<>"""",$AG990<>""""),""INVESTIGATE"",""BET""))))","=IF($AA990="""","""",IF(ABS($AA990)<SETTINGS!$B$33,"""",IF(ABS($AA990)<SETTINGS!$B$34,""LEAN"",IF(OR(SETTINGS!$B$11<>""Y"",$AI990<>""READY"",ABS($AA990)<SETTINGS!$B$26,$AF990<>"""",$AG990<>""""),""INVESTIGATE"",""BET""))))"
ENGINE,AB991,991,28,"=IF($AA991="""","""",IF(ABS($AA991)<SETTINGS!$B$8*2,"""",IF(ABS($AA991)<SETTINGS!$B$9*2,""LEAN"",IF(OR(SETTINGS!$B$11<>""Y"",$AI991<>""READY"",ABS($AA991)<SETTINGS!$B$10*2,$AF991<>"""",$AG991<>""""),""INVESTIGATE"",""BET""))))","=IF($AA991="""","""",IF(ABS($AA991)<SETTINGS!$B$33,"""",IF(ABS($AA991)<SETTINGS!$B$34,""LEAN"",IF(OR(SETTINGS!$B$11<>""Y"",$AI991<>""READY"",ABS($AA991)<SETTINGS!$B$26,$AF991<>"""",$AG991<>""""),""INVESTIGATE"",""BET""))))"
ENGINE,AB992,992,28,"=IF($AA992="""","""",IF(ABS($AA992)<SETTINGS!$B$8*2,"""",IF(ABS($AA992)<SETTINGS!$B$9*2,""LEAN"",IF(OR(SETTINGS!$B$11<>""Y"",$AI992<>""READY"",ABS($AA992)<SETTINGS!$B$10*2,$AF992<>"""",$AG992<>""""),""INVESTIGATE"",""BET""))))","=IF($AA992="""","""",IF(ABS($AA992)<SETTINGS!$B$33,"""",IF(ABS($AA992)<SETTINGS!$B$34,""LEAN"",IF(OR(SETTINGS!$B$11<>""Y"",$AI992<>""READY"",ABS($AA992)<SETTINGS!$B$26,$AF992<>"""",$AG992<>""""),""INVESTIGATE"",""BET""))))"
ENGINE,AB993,993,28,"=IF($AA993="""","""",IF(ABS($AA993)<SETTINGS!$B$8*2,"""",IF(ABS($AA993)<SETTINGS!$B$9*2,""LEAN"",IF(OR(SETTINGS!$B$11<>""Y"",$AI993<>""READY"",ABS($AA993)<SETTINGS!$B$10*2,$AF993<>"""",$AG993<>""""),""INVESTIGATE"",""BET""))))","=IF($AA993="""","""",IF(ABS($AA993)<SETTINGS!$B$33,"""",IF(ABS($AA993)<SETTINGS!$B$34,""LEAN"",IF(OR(SETTINGS!$B$11<>""Y"",$AI993<>""READY"",ABS($AA993)<SETTINGS!$B$26,$AF993<>"""",$AG993<>""""),""INVESTIGATE"",""BET""))))"
ENGINE,AB994,994,28,"=IF($AA994="""","""",IF(ABS($AA994)<SETTINGS!$B$8*2,"""",IF(ABS($AA994)<SETTINGS!$B$9*2,""LEAN"",IF(OR(SETTINGS!$B$11<>""Y"",$AI994<>""READY"",ABS($AA994)<SETTINGS!$B$10*2,$AF994<>"""",$AG994<>""""),""INVESTIGATE"",""BET""))))","=IF($AA994="""","""",IF(ABS($AA994)<SETTINGS!$B$33,"""",IF(ABS($AA994)<SETTINGS!$B$34,""LEAN"",IF(OR(SETTINGS!$B$11<>""Y"",$AI994<>""READY"",ABS($AA994)<SETTINGS!$B$26,$AF994<>"""",$AG994<>""""),""INVESTIGATE"",""BET""))))"
ENGINE,AB995,995,28,"=IF($AA995="""","""",IF(ABS($AA995)<SETTINGS!$B$8*2,"""",IF(ABS($AA995)<SETTINGS!$B$9*2,""LEAN"",IF(OR(SETTINGS!$B$11<>""Y"",$AI995<>""READY"",ABS($AA995)<SETTINGS!$B$10*2,$AF995<>"""",$AG995<>""""),""INVESTIGATE"",""BET""))))","=IF($AA995="""","""",IF(ABS($AA995)<SETTINGS!$B$33,"""",IF(ABS($AA995)<SETTINGS!$B$34,""LEAN"",IF(OR(SETTINGS!$B$11<>""Y"",$AI995<>""READY"",ABS($AA995)<SETTINGS!$B$26,$AF995<>"""",$AG995<>""""),""INVESTIGATE"",""BET""))))"
ENGINE,AB996,996,28,"=IF($AA996="""","""",IF(ABS($AA996)<SETTINGS!$B$8*2,"""",IF(ABS($AA996)<SETTINGS!$B$9*2,""LEAN"",IF(OR(SETTINGS!$B$11<>""Y"",$AI996<>""READY"",ABS($AA996)<SETTINGS!$B$10*2,$AF996<>"""",$AG996<>""""),""INVESTIGATE"",""BET""))))","=IF($AA996="""","""",IF(ABS($AA996)<SETTINGS!$B$33,"""",IF(ABS($AA996)<SETTINGS!$B$34,""LEAN"",IF(OR(SETTINGS!$B$11<>""Y"",$AI996<>""READY"",ABS($AA996)<SETTINGS!$B$26,$AF996<>"""",$AG996<>""""),""INVESTIGATE"",""BET""))))"
ENGINE,AB997,997,28,"=IF($AA997="""","""",IF(ABS($AA997)<SETTINGS!$B$8*2,"""",IF(ABS($AA997)<SETTINGS!$B$9*2,""LEAN"",IF(OR(SETTINGS!$B$11<>""Y"",$AI997<>""READY"",ABS($AA997)<SETTINGS!$B$10*2,$AF997<>"""",$AG997<>""""),""INVESTIGATE"",""BET""))))","=IF($AA997="""","""",IF(ABS($AA997)<SETTINGS!$B$33,"""",IF(ABS($AA997)<SETTINGS!$B$34,""LEAN"",IF(OR(SETTINGS!$B$11<>""Y"",$AI997<>""READY"",ABS($AA997)<SETTINGS!$B$26,$AF997<>"""",$AG997<>""""),""INVESTIGATE"",""BET""))))"
ENGINE,AB998,998,28,"=IF($AA998="""","""",IF(ABS($AA998)<SETTINGS!$B$8*2,"""",IF(ABS($AA998)<SETTINGS!$B$9*2,""LEAN"",IF(OR(SETTINGS!$B$11<>""Y"",$AI998<>""READY"",ABS($AA998)<SETTINGS!$B$10*2,$AF998<>"""",$AG998<>""""),""INVESTIGATE"",""BET""))))","=IF($AA998="""","""",IF(ABS($AA998)<SETTINGS!$B$33,"""",IF(ABS($AA998)<SETTINGS!$B$34,""LEAN"",IF(OR(SETTINGS!$B$11<>""Y"",$AI998<>""READY"",ABS($AA998)<SETTINGS!$B$26,$AF998<>"""",$AG998<>""""),""INVESTIGATE"",""BET""))))"
ENGINE,AB999,999,28,"=IF($AA999="""","""",IF(ABS($AA999)<SETTINGS!$B$8*2,"""",IF(ABS($AA999)<SETTINGS!$B$9*2,""LEAN"",IF(OR(SETTINGS!$B$11<>""Y"",$AI999<>""READY"",ABS($AA999)<SETTINGS!$B$10*2,$AF999<>"""",$AG999<>""""),""INVESTIGATE"",""BET""))))","=IF($AA999="""","""",IF(ABS($AA999)<SETTINGS!$B$33,"""",IF(ABS($AA999)<SETTINGS!$B$34,""LEAN"",IF(OR(SETTINGS!$B$11<>""Y"",$AI999<>""READY"",ABS($AA999)<SETTINGS!$B$26,$AF999<>"""",$AG999<>""""),""INVESTIGATE"",""BET""))))"
ENGINE,AB1000,1000,28,"=IF($AA1000="""","""",IF(ABS($AA1000)<SETTINGS!$B$8*2,"""",IF(ABS($AA1000)<SETTINGS!$B$9*2,""LEAN"",IF(OR(SETTINGS!$B$11<>""Y"",$AI1000<>""READY"",ABS($AA1000)<SETTINGS!$B$10*2,$AF1000<>"""",$AG1000<>""""),""INVESTIGATE"",""BET""))))","=IF($AA1000="""","""",IF(ABS($AA1000)<SETTINGS!$B$33,"""",IF(ABS($AA1000)<SETTINGS!$B$34,""LEAN"",IF(OR(SETTINGS!$B$11<>""Y"",$AI1000<>""READY"",ABS($AA1000)<SETTINGS!$B$26,$AF1000<>"""",$AG1000<>""""),""INVESTIGATE"",""BET""))))"
ENGINE,AB1001,1001,28,"=IF($AA1001="""","""",IF(ABS($AA1001)<SETTINGS!$B$8*2,"""",IF(ABS($AA1001)<SETTINGS!$B$9*2,""LEAN"",IF(OR(SETTINGS!$B$11<>""Y"",$AI1001<>""READY"",ABS($AA1001)<SETTINGS!$B$10*2,$AF1001<>"""",$AG1001<>""""),""INVESTIGATE"",""BET""))))","=IF($AA1001="""","""",IF(ABS($AA1001)<SETTINGS!$B$33,"""",IF(ABS($AA1001)<SETTINGS!$B$34,""LEAN"",IF(OR(SETTINGS!$B$11<>""Y"",$AI1001<>""READY"",ABS($AA1001)<SETTINGS!$B$26,$AF1001<>"""",$AG1001<>""""),""INVESTIGATE"",""BET""))))"
ENGINE,AB1002,1002,28,"=IF($AA1002="""","""",IF(ABS($AA1002)<SETTINGS!$B$8*2,"""",IF(ABS($AA1002)<SETTINGS!$B$9*2,""LEAN"",IF(OR(SETTINGS!$B$11<>""Y"",$AI1002<>""READY"",ABS($AA1002)<SETTINGS!$B$10*2,$AF1002<>"""",$AG1002<>""""),""INVESTIGATE"",""BET""))))","=IF($AA1002="""","""",IF(ABS($AA1002)<SETTINGS!$B$33,"""",IF(ABS($AA1002)<SETTINGS!$B$34,""LEAN"",IF(OR(SETTINGS!$B$11<>""Y"",$AI1002<>""READY"",ABS($AA1002)<SETTINGS!$B$26,$AF1002<>"""",$AG1002<>""""),""INVESTIGATE"",""BET""))))"
ENGINE,AB1003,1003,28,"=IF($AA1003="""","""",IF(ABS($AA1003)<SETTINGS!$B$8*2,"""",IF(ABS($AA1003)<SETTINGS!$B$9*2,""LEAN"",IF(OR(SETTINGS!$B$11<>""Y"",$AI1003<>""READY"",ABS($AA1003)<SETTINGS!$B$10*2,$AF1003<>"""",$AG1003<>""""),""INVESTIGATE"",""BET""))))","=IF($AA1003="""","""",IF(ABS($AA1003)<SETTINGS!$B$33,"""",IF(ABS($AA1003)<SETTINGS!$B$34,""LEAN"",IF(OR(SETTINGS!$B$11<>""Y"",$AI1003<>""READY"",ABS($AA1003)<SETTINGS!$B$26,$AF1003<>"""",$AG1003<>""""),""INVESTIGATE"",""BET""))))"
ENGINE,AB1004,1004,28,"=IF($AA1004="""","""",IF(ABS($AA1004)<SETTINGS!$B$8*2,"""",IF(ABS($AA1004)<SETTINGS!$B$9*2,""LEAN"",IF(OR(SETTINGS!$B$11<>""Y"",$AI1004<>""READY"",ABS($AA1004)<SETTINGS!$B$10*2,$AF1004<>"""",$AG1004<>""""),""INVESTIGATE"",""BET""))))","=IF($AA1004="""","""",IF(ABS($AA1004)<SETTINGS!$B$33,"""",IF(ABS($AA1004)<SETTINGS!$B$34,""LEAN"",IF(OR(SETTINGS!$B$11<>""Y"",$AI1004<>""READY"",ABS($AA1004)<SETTINGS!$B$26,$AF1004<>"""",$AG1004<>""""),""INVESTIGATE"",""BET""))))"
ENGINE,AB1005,1005,28,"=IF($AA1005="""","""",IF(ABS($AA1005)<SETTINGS!$B$8*2,"""",IF(ABS($AA1005)<SETTINGS!$B$9*2,""LEAN"",IF(OR(SETTINGS!$B$11<>""Y"",$AI1005<>""READY"",ABS($AA1005)<SETTINGS!$B$10*2,$AF1005<>"""",$AG1005<>""""),""INVESTIGATE"",""BET""))))","=IF($AA1005="""","""",IF(ABS($AA1005)<SETTINGS!$B$33,"""",IF(ABS($AA1005)<SETTINGS!$B$34,""LEAN"",IF(OR(SETTINGS!$B$11<>""Y"",$AI1005<>""READY"",ABS($AA1005)<SETTINGS!$B$26,$AF1005<>"""",$AG1005<>""""),""INVESTIGATE"",""BET""))))"
SETTINGS,B10,10,2,3,1.5
SETTINGS,B11,11,2,N,Y
SETTINGS,A26,26,1,,TOTALS thresholds (abs edge) — BET here; LEAN B33 / INVESTIGATE B34
SETTINGS,B26,26,2,,6
SETTINGS,B33,33,2,,2
SETTINGS,B34,34,2,,3
