sheet,cell,classification,old,new
START HERE,A1,CUMULATIVE,TO THE WINDOW — NCAAF POWER RATINGS 2026 (v0.6.2 PHASE 6.2 DATA-INCOMPLETE PATHWAY REPAIR — PENDING APPROVAL),"TO THE WINDOW — NCAAF POWER RATINGS 2026 (v0.7.9 FINAL QB-VERIFICATION CANDIDATE — backlog 0, audit-trail gap 0; all 74 Tier-1 records verified and stamped; Missouri M->H, North Carolina and UNLV M->L; NOT AUTHORITATIVE, NOT PROMOTED — awaiting owner approval)"
QB VALUES,E6,CUMULATIVE,,Keelon Russell
QB VALUES,H6,CUMULATIVE,,L
QB VALUES,I6,CUMULATIVE,,Sports Illustrated (https://www.si.com/college-football/projecting-every-sec-starting-quarterback-2026-college-football-season)
QB VALUES,J6,CUMULATIVE,,2026
QB VALUES,K6,CUMULATIVE,,2026-08-04 00:00:00
QB VALUES,L6,CUMULATIVE,,"VERIFIED 7D.5 2026-08-04: CBS Sports fall-camp QB intel (2026-08-04) confirms the entry - Keelon Russell (2nd-year freshman, former No. 2 overall recruit) vs Austin Mack (RS junior, system experience). Russell only SLIGHTLY favored (characterized as 55-45 to 60-40); status UNDECIDED with the competition ongoing into fall camp; 'Russell will have to improve his consistency' to secure the job. Genuine competition, no leader established by the staff -> L retained; values blank; UNCERTAIN."
QB VALUES,C7,CUMULATIVE,,KJ Jackson
QB VALUES,E7,CUMULATIVE,,Open (KJ Jackson / AJ Hill)
QB VALUES,H7,CUMULATIVE,,L
QB VALUES,I7,CUMULATIVE,,Sports Illustrated (https://www.si.com/college-football/projecting-every-sec-starting-quarterback-2026-college-football-season)
QB VALUES,J7,CUMULATIVE,,2026
QB VALUES,K7,CUMULATIVE,,2026-08-03 00:00:00
QB VALUES,L7,CUMULATIVE,,"DEFECT CORRECTED 2026-08-03: prior entry asserted KJ Jackson as likely starter (M). HC Ryan Silverfield (Whole Hog Sports, 2026-08-03) says the KJ Jackson vs AJ Hill battle 'could last until the Sept. 5 opener vs North Alabama'; he and OC Tim Cramsey called it 'wide open' in February. Jackson: RS-So, 4-star 2024, 33/54 441yds 3TD 0INT in 2025. Hill: RS-Fr, Memphis transfer (followed Silverfield), 4-star 2025, two years in Cramsey's system. Genuine open competition -> L. Numerical zeros CLEARED to blank per the approved Akron consistency methodology."
QB VALUES,C8,CUMULATIVE,,Byrum Brown
QB VALUES,D8,CUMULATIVE,,0
QB VALUES,E8,CUMULATIVE,,Byrum Brown (USF transfer)
QB VALUES,F8,CUMULATIVE,,0
QB VALUES,H8,CUMULATIVE,,M
QB VALUES,I8,CUMULATIVE,,Sports Illustrated (https://www.si.com/college-football/projecting-every-sec-starting-quarterback-2026-college-football-season)
QB VALUES,J8,CUMULATIVE,,2026
QB VALUES,K8,CUMULATIVE,,2026-08-04 00:00:00
QB VALUES,L8,CUMULATIVE,,"VERIFIED 7D.5 2026-08-04: Byrum Brown CONFIRMED as Auburn's quarterback - a USF transfer who followed HC Alex Golesh from Tampa and was among the most sought-after players in the portal. 2025 at USF: 3,158 pass yds, 28 TD, 7 INT, leading the Bulls to 9-3. No competition reported and no formal naming located -> M retained (not H). Entry corroborated; zeros retained; status OK. RECHECK: official Auburn depth chart."
QB VALUES,E9,CUMULATIVE,,Aaron Philo
QB VALUES,H9,CUMULATIVE,,L
QB VALUES,I9,CUMULATIVE,,Sports Illustrated (https://www.si.com/college-football/projecting-every-sec-starting-quarterback-2026-college-football-season)
QB VALUES,J9,CUMULATIVE,,2026
QB VALUES,K9,CUMULATIVE,,2026-08-04 00:00:00
QB VALUES,L9,CUMULATIVE,,"VERIFIED 7D.5 2026-08-04: CBS Sports fall-camp intel (2026-08-04) confirms an open competition - Aaron Philo (Georgia Tech transfer, reunited with OC Buster Faulkner) vs Tramell Jones (RS freshman). Philo is FAVORED and 'holds the edge entering fall camp' on the strength of a more consistent spring, but NO starter has been named and the competition is live. Under the 7D.5 rule that a starter must not be inferred from a preseason projection, a media 'edge' characterization without a staff naming does not clear the M bar -> L retained (consistent with the Colorado State treatment); values blank; UNCERTAIN. RECHECK: Florida depth chart."
QB VALUES,C10,CUMULATIVE,,Gunner Stockton
QB VALUES,D10,CUMULATIVE,,0
QB VALUES,E10,CUMULATIVE,,Gunner Stockton
QB VALUES,F10,CUMULATIVE,,0
QB VALUES,H10,CUMULATIVE,,H
QB VALUES,I10,CUMULATIVE,,Sports Illustrated (https://www.si.com/college-football/projecting-every-sec-starting-quarterback-2026-college-football-season)
QB VALUES,J10,CUMULATIVE,,2026
QB VALUES,K10,CUMULATIVE,,2026-07-21 00:00:00
QB VALUES,L10,CUMULATIVE,,"returning starter | 2025: 2025: 69.7% comp, 24 pass TD, 5 INT | established returning starter, no competition | VALUE PENDING RUBRIC APPROVAL"
QB VALUES,C11,CUMULATIVE,,Kenny Minchey
QB VALUES,D11,CUMULATIVE,,0
QB VALUES,E11,CUMULATIVE,,Kenny Minchey (Notre Dame transfer)
QB VALUES,F11,CUMULATIVE,,0
QB VALUES,H11,CUMULATIVE,,M
QB VALUES,I11,CUMULATIVE,,Sports Illustrated (https://www.si.com/college-football/projecting-every-sec-starting-quarterback-2026-college-football-season)
QB VALUES,J11,CUMULATIVE,,2026
QB VALUES,K11,CUMULATIVE,,2026-08-04 00:00:00
QB VALUES,L11,CUMULATIVE,,"VERIFIED 7D.5 2026-08-04: Kenny Minchey CONFIRMED as Kentucky's quarterback - a Notre Dame transfer after three seasons there (29 career pass attempts; lost the 2025 Notre Dame battle to CJ Carr), now running the offense for NEW HC WILL STEIN. Transfer brought in to start with no competition reported; no formal naming located -> M retained. Zeros retained; status OK. RECHECK: Kentucky depth chart."
QB VALUES,C12,CUMULATIVE,,Sam Leavitt
QB VALUES,D12,CUMULATIVE,,0
QB VALUES,E12,CUMULATIVE,,Sam Leavitt
QB VALUES,F12,CUMULATIVE,,0
QB VALUES,H12,CUMULATIVE,,H
QB VALUES,I12,CUMULATIVE,,Sports Illustrated (https://www.si.com/college-football/projecting-every-sec-starting-quarterback-2026-college-football-season)
QB VALUES,J12,CUMULATIVE,,2026
QB VALUES,K12,CUMULATIVE,,2026-07-21 00:00:00
QB VALUES,L12,CUMULATIVE,,"transfer | prev: Arizona State | 2025: ASU 2025: 10 pass TD, 3 INT (injury-shortened) | NOTE: Dealt with injury in 2025 | strong projected/expected QB1 (marquee transfer) | VALUE PENDING RUBRIC APPROVAL"
QB VALUES,C13,CUMULATIVE,,Kamario Taylor
QB VALUES,D13,CUMULATIVE,,0
QB VALUES,E13,CUMULATIVE,,Kamario Taylor
QB VALUES,F13,CUMULATIVE,,0
QB VALUES,H13,CUMULATIVE,,H
QB VALUES,I13,CUMULATIVE,,Sports Illustrated (https://www.si.com/college-football/projecting-every-sec-starting-quarterback-2026-college-football-season)
QB VALUES,J13,CUMULATIVE,,2026
QB VALUES,K13,CUMULATIVE,,2026-08-03 00:00:00
QB VALUES,L13,CUMULATIVE,,"VERIFIED 2026-08-03: Kamario Taylor arrived at SEC Media Days as Mississippi State's 'unquestioned starter - no competition, no committee, no asterisk'; described as ENTRENCHED, with only the No.2 job open in fall camp. Confirmed on the official hailstate.com roster and in official MSU releases; new QB coach Kevin Johns calls him 'very, very special.' Production as a true freshman: 629 pass yds, 458 rush yds, 173 rush vs Ole Miss in his first career start. Settled starter -> H. Zero initialization RETAINED; status remains OK."
QB VALUES,C14,CUMULATIVE,,Austin Simmons
QB VALUES,D14,CUMULATIVE,,0
QB VALUES,E14,CUMULATIVE,,Austin Simmons (OFFICIALLY NAMED 2026-03-19)
QB VALUES,F14,CUMULATIVE,,0
QB VALUES,H14,CUMULATIVE,,H
QB VALUES,I14,CUMULATIVE,,Sports Illustrated (https://www.si.com/college-football/projecting-every-sec-starting-quarterback-2026-college-football-season)
QB VALUES,J14,CUMULATIVE,,2026
QB VALUES,K14,CUMULATIVE,,2026-08-04 00:00:00
QB VALUES,L14,CUMULATIVE,,"VERIFIED 7D.5 2026-08-04 - OFFICIAL NAMING: HC Eli Drinkwitz NAMED Austin Simmons (Ole Miss transfer) Missouri's 2026 starting quarterback on 2026-03-19, right after spring camp and nearly six months before the 2026-09-03 opener vs Arkansas-Pine Bluff. Simmons beat out returning sophomore Matt Zollers and UConn transfer Nick Evers. Drinkwitz's stated reasoning: Simmons 'was better in managing the team in two-minute drills and end-of-game situations', and naming him early would 'allow him to develop relationships with our wide receivers, timing with the wide receivers and tight ends, and allow him to really establish himself as a leader.' Reaffirmed at SEC Media Days in July 2026. Prior entry read 'projected leader, some competition' - STALE, the competition had already been formally settled. An official naming with the competition closed meets the H standard -> M upgraded to H (same basis as UTEP). Zeros RETAINED (correct for H); status remains OK."
QB VALUES,C15,CUMULATIVE,,John Mateer
QB VALUES,D15,CUMULATIVE,,0
QB VALUES,E15,CUMULATIVE,,John Mateer
QB VALUES,F15,CUMULATIVE,,0
QB VALUES,H15,CUMULATIVE,,H
QB VALUES,I15,CUMULATIVE,,Sports Illustrated (https://www.si.com/college-football/projecting-every-sec-starting-quarterback-2026-college-football-season)
QB VALUES,J15,CUMULATIVE,,2026
QB VALUES,K15,CUMULATIVE,,2026-07-21 00:00:00
QB VALUES,L15,CUMULATIVE,,"returning starter | 2025: 2025: 14 pass TD, 11 INT, dual-threat; took 13 sacks in losses | established returning starter | VALUE PENDING RUBRIC APPROVAL"
QB VALUES,C16,CUMULATIVE,,Trinidad Chambliss
QB VALUES,D16,CUMULATIVE,,0
QB VALUES,E16,CUMULATIVE,,Trinidad Chambliss
QB VALUES,F16,CUMULATIVE,,0
QB VALUES,H16,CUMULATIVE,,H
QB VALUES,I16,CUMULATIVE,,Sports Illustrated (https://www.si.com/college-football/projecting-every-sec-starting-quarterback-2026-college-football-season)
QB VALUES,J16,CUMULATIVE,,2026
QB VALUES,K16,CUMULATIVE,,2026-07-21 00:00:00
QB VALUES,L16,CUMULATIVE,,"returning starter | 2025: 2025: 22 pass TD, 3 INT (SEC passing leader) | NOTE: Received injunction/court ruling granting additional season of eligibility | established returning starter (eligibility secured) | VALUE PENDING RUBRIC APPROVAL"
QB VALUES,C17,CUMULATIVE,,LaNorris Sellers
QB VALUES,D17,CUMULATIVE,,0
QB VALUES,E17,CUMULATIVE,,LaNorris Sellers
QB VALUES,F17,CUMULATIVE,,0
QB VALUES,H17,CUMULATIVE,,H
QB VALUES,I17,CUMULATIVE,,Sports Illustrated (https://www.si.com/college-football/projecting-every-sec-starting-quarterback-2026-college-football-season)
QB VALUES,J17,CUMULATIVE,,2026
QB VALUES,K17,CUMULATIVE,,2026-07-21 00:00:00
QB VALUES,L17,CUMULATIVE,,"returning starter | 2025: 2025: 13 pass TD, 8 INT; OL allowed 42 sacks | established returning starter | VALUE PENDING RUBRIC APPROVAL"
QB VALUES,E18,CUMULATIVE,,Faizon Brandon
QB VALUES,H18,CUMULATIVE,,L
QB VALUES,I18,CUMULATIVE,,Sports Illustrated (https://www.si.com/college-football/projecting-every-sec-starting-quarterback-2026-college-football-season)
QB VALUES,J18,CUMULATIVE,,2026
QB VALUES,K18,CUMULATIVE,,2026-08-04 00:00:00
QB VALUES,L18,CUMULATIVE,,"VERIFIED 7D.5 2026-08-04: CBS Sports fall-camp intel (2026-08-04) confirms the entry - Faizon Brandon (five-star true freshman) vs George MacIntyre (RS, most system time). Brandon is FAVORED and impressed evaluators ('This kid's got moxie... confidence'), but the competition is UNDECIDED entering fall camp. Genuine competition -> L retained; values blank; UNCERTAIN."
QB VALUES,C19,CUMULATIVE,,Arch Manning
QB VALUES,D19,CUMULATIVE,,0
QB VALUES,E19,CUMULATIVE,,Arch Manning
QB VALUES,F19,CUMULATIVE,,0
QB VALUES,H19,CUMULATIVE,,H
QB VALUES,I19,CUMULATIVE,,Sports Illustrated (https://www.si.com/college-football/projecting-every-sec-starting-quarterback-2026-college-football-season)
QB VALUES,J19,CUMULATIVE,,2026
QB VALUES,K19,CUMULATIVE,,2026-07-21 00:00:00
QB VALUES,L19,CUMULATIVE,,"returning starter | 2025: 2025: 26 pass TD, 7 INT (improved mid-season) | established returning starter, no competition | VALUE PENDING RUBRIC APPROVAL"
QB VALUES,C20,CUMULATIVE,,Marcel Reed
QB VALUES,D20,CUMULATIVE,,0
QB VALUES,E20,CUMULATIVE,,Marcel Reed
QB VALUES,F20,CUMULATIVE,,0
QB VALUES,H20,CUMULATIVE,,H
QB VALUES,I20,CUMULATIVE,,Sports Illustrated (https://www.si.com/college-football/projecting-every-sec-starting-quarterback-2026-college-football-season)
QB VALUES,J20,CUMULATIVE,,2026
QB VALUES,K20,CUMULATIVE,,2026-07-21 00:00:00
QB VALUES,L20,CUMULATIVE,,"returning starter | 2025: 2025: 25 pass TD, 12 INT (half INTs in last 4 games) | established returning starter | VALUE PENDING RUBRIC APPROVAL"
QB VALUES,E21,CUMULATIVE,,Jared Curtis
QB VALUES,H21,CUMULATIVE,,L
QB VALUES,I21,CUMULATIVE,,Sports Illustrated (https://www.si.com/college-football/projecting-every-sec-starting-quarterback-2026-college-football-season)
QB VALUES,J21,CUMULATIVE,,2026
QB VALUES,K21,CUMULATIVE,,2026-08-04 00:00:00
QB VALUES,L21,CUMULATIVE,,"VERIFIED 7D.5 2026-08-04 - CLOSES THE PHASE 8.3 FAILED RE-VERIFICATION: CBS Sports fall-camp intel (2026-08-04) confirms the entry - Jared Curtis (No. 2 overall recruit, true freshman) vs Blaze Berlowitz (veteran who backed up Diego Pavia in 2025). Curtis is FAVORED, with staff saying 'He's as good as we hoped he'd be', but the competition REMAINS OPEN and undecided entering fall camp. Genuine competition -> L retained; values blank; UNCERTAIN. Vanderbilt's record is now substantiated in-workbook for the first time."
QB VALUES,C22,CUMULATIVE,,Katin Houser
QB VALUES,D22,CUMULATIVE,,0
QB VALUES,E22,CUMULATIVE,,Katin Houser
QB VALUES,F22,CUMULATIVE,,0
QB VALUES,H22,CUMULATIVE,,H
QB VALUES,I22,CUMULATIVE,,Sports Illustrated (Big Ten QB projections) (https://www.si.com/college-football/projecting-every-big-ten-starting-quarterback-ahead-of-2026-season)
QB VALUES,J22,CUMULATIVE,,2026
QB VALUES,K22,CUMULATIVE,,2026-07-21 00:00:00
QB VALUES,L22,CUMULATIVE,,"transfer | prev: East Carolina | 2025: ECU 2025: 65.9% comp, 3,300 yds, 19 TD, 6 INT, 146.3 rating | uncontested transfer QB1 | VALUE PENDING RUBRIC APPROVAL"
QB VALUES,C23,CUMULATIVE,,Josh Hoover
QB VALUES,D23,CUMULATIVE,,0
QB VALUES,E23,CUMULATIVE,,Josh Hoover
QB VALUES,F23,CUMULATIVE,,0
QB VALUES,H23,CUMULATIVE,,H
QB VALUES,I23,CUMULATIVE,,Sports Illustrated (Big Ten QB projections) (https://www.si.com/college-football/projecting-every-big-ten-starting-quarterback-ahead-of-2026-season)
QB VALUES,J23,CUMULATIVE,,2026
QB VALUES,K23,CUMULATIVE,,2026-07-21 00:00:00
QB VALUES,L23,CUMULATIVE,,"transfer | prev: TCU | 2025: TCU 2025: 65.9% comp, 3,472 yds, 29 TD, 13 INT, 153.4 rating | uncontested transfer QB1 | VALUE PENDING RUBRIC APPROVAL"
QB VALUES,E24,CUMULATIVE,,Open (Jeremy Hecklinski / Hank Brown)
QB VALUES,H24,CUMULATIVE,,L
QB VALUES,I24,CUMULATIVE,,Sports Illustrated (Big Ten QB projections) (https://www.si.com/college-football/projecting-every-big-ten-starting-quarterback-ahead-of-2026-season)
QB VALUES,J24,CUMULATIVE,,2026
QB VALUES,K24,CUMULATIVE,,2026-08-03 00:00:00
QB VALUES,L24,CUMULATIVE,,VERIFIED 2026-08-03: HC Kirk Ferentz has NOT decided between Jeremy Hecklinski and Hank Brown entering fall camp; coaches have consistently SPLIT first-team reps with 'little separation'; Ferentz says a decision may not come until August and 'may be in-season.' Both spent 2025 learning OC Tim Lester's system behind Mark Gronowski. Genuine open competition -> L retained; entry refined from a single name to the actual two-man race. Values remain blank; UNCERTAIN.
QB VALUES,C25,CUMULATIVE,,Malik Washington
QB VALUES,D25,CUMULATIVE,,0
QB VALUES,E25,CUMULATIVE,,Malik Washington
QB VALUES,F25,CUMULATIVE,,0
QB VALUES,H25,CUMULATIVE,,H
QB VALUES,I25,CUMULATIVE,,Sports Illustrated (Big Ten QB projections) (https://www.si.com/college-football/projecting-every-big-ten-starting-quarterback-ahead-of-2026-season)
QB VALUES,J25,CUMULATIVE,,2026
QB VALUES,K25,CUMULATIVE,,2026-07-21 00:00:00
QB VALUES,L25,CUMULATIVE,,"returning starter | 2025: 2025: 57.7% comp, 2,963 yds, 17 TD, 9 INT, 118.4 rating | returning starter | VALUE PENDING RUBRIC APPROVAL"
QB VALUES,C26,CUMULATIVE,,Bryce Underwood
QB VALUES,D26,CUMULATIVE,,0
QB VALUES,E26,CUMULATIVE,,Bryce Underwood
QB VALUES,F26,CUMULATIVE,,0
QB VALUES,H26,CUMULATIVE,,H
QB VALUES,I26,CUMULATIVE,,Sports Illustrated (Big Ten QB projections) (https://www.si.com/college-football/projecting-every-big-ten-starting-quarterback-ahead-of-2026-season)
QB VALUES,J26,CUMULATIVE,,2026
QB VALUES,K26,CUMULATIVE,,2026-07-21 00:00:00
QB VALUES,L26,CUMULATIVE,,"returning starter | 2025: 2025: 60.3% comp, 2,428 yds, 11 TD, 9 INT, 126.6 rating | returning starter | VALUE PENDING RUBRIC APPROVAL"
QB VALUES,C27,CUMULATIVE,,Alessio Milivojevic
QB VALUES,D27,CUMULATIVE,,0
QB VALUES,E27,CUMULATIVE,,Alessio Milivojevic
QB VALUES,F27,CUMULATIVE,,0
QB VALUES,H27,CUMULATIVE,,M
QB VALUES,I27,CUMULATIVE,,Sports Illustrated (Big Ten QB projections) (https://www.si.com/college-football/projecting-every-big-ten-starting-quarterback-ahead-of-2026-season)
QB VALUES,J27,CUMULATIVE,,2026
QB VALUES,K27,CUMULATIVE,,2026-08-03 00:00:00
QB VALUES,L27,CUMULATIVE,,"VERIFIED 2026-08-03: Alessio Milivojevic returns, having taken over from Aidan Chiles in 2025. Returning starter; M retained."
QB VALUES,C28,CUMULATIVE,,Drake Lindsey
QB VALUES,D28,CUMULATIVE,,0
QB VALUES,E28,CUMULATIVE,,Drake Lindsey
QB VALUES,F28,CUMULATIVE,,0
QB VALUES,H28,CUMULATIVE,,M
QB VALUES,I28,CUMULATIVE,,Sports Illustrated (Big Ten QB projections) (https://www.si.com/college-football/projecting-every-big-ten-starting-quarterback-ahead-of-2026-season)
QB VALUES,J28,CUMULATIVE,,2026
QB VALUES,K28,CUMULATIVE,,2026-08-03 00:00:00
QB VALUES,L28,CUMULATIVE,,"VERIFIED 2026-08-03: Drake Lindsey returns as sophomore starter after a record-setting freshman year (62.8% comp, 18 pass TD, 6 INT, 4 rush TD). Returning starter, no credible competition reported; M retained pending formal confirmation."
QB VALUES,E29,CUMULATIVE,,Anthony Colandrea
QB VALUES,H29,CUMULATIVE,,L
QB VALUES,I29,CUMULATIVE,,Sports Illustrated (Big Ten QB projections) (https://www.si.com/college-football/projecting-every-big-ten-starting-quarterback-ahead-of-2026-season)
QB VALUES,J29,CUMULATIVE,,2026
QB VALUES,K29,CUMULATIVE,,2026-08-04 00:00:00
QB VALUES,L29,CUMULATIVE,,"VERIFIED 7D.5 2026-08-04: Nebraska added ANTHONY COLANDREA from the portal - the 2025 MOUNTAIN WEST PLAYER OF THE YEAR at UNLV (3,459 pass yds, 23 TD) - joining returner TJ Lateef. This confirms the entry's candidate list. No starter has been named and no staff statement establishing a leader was located; a high-profile transfer arriving is not by itself evidence of a settled job. -> L retained; values blank; UNCERTAIN. EVIDENCE NOTE: this is the thinnest of the 7D.5 confirmations - the transfer is documented, the competition's state is inferred from the absence of a naming. RECHECK: Nebraska depth chart."
QB VALUES,C30,CUMULATIVE,,Aidan Chiles
QB VALUES,D30,CUMULATIVE,,0
QB VALUES,E30,CUMULATIVE,,Aidan Chiles
QB VALUES,F30,CUMULATIVE,,0
QB VALUES,H30,CUMULATIVE,,H
QB VALUES,I30,CUMULATIVE,,Sports Illustrated (Big Ten QB projections) (https://www.si.com/college-football/projecting-every-big-ten-starting-quarterback-ahead-of-2026-season)
QB VALUES,J30,CUMULATIVE,,2026
QB VALUES,K30,CUMULATIVE,,2026-07-21 00:00:00
QB VALUES,L30,CUMULATIVE,,transfer | prev: Michigan State | 2025: MSU 2025 starter (dual-threat); turnovers to clean up | uncontested transfer QB1 (verified) | VALUE PENDING RUBRIC APPROVAL
QB VALUES,C31,CUMULATIVE,,Julian Sayin
QB VALUES,D31,CUMULATIVE,,0
QB VALUES,E31,CUMULATIVE,,Julian Sayin
QB VALUES,F31,CUMULATIVE,,0
QB VALUES,H31,CUMULATIVE,,H
QB VALUES,I31,CUMULATIVE,,Sports Illustrated (Big Ten QB projections) (https://www.si.com/college-football/projecting-every-big-ten-starting-quarterback-ahead-of-2026-season)
QB VALUES,J31,CUMULATIVE,,2026
QB VALUES,K31,CUMULATIVE,,2026-07-21 00:00:00
QB VALUES,L31,CUMULATIVE,,"returning starter | 2025: 2025: 77.0% comp, 3,610 yds, 32 TD, 8 INT, 177.5 rating | established returning starter | VALUE PENDING RUBRIC APPROVAL"
QB VALUES,C32,CUMULATIVE,,Dante Moore
QB VALUES,D32,CUMULATIVE,,0
QB VALUES,E32,CUMULATIVE,,Dante Moore
QB VALUES,F32,CUMULATIVE,,0
QB VALUES,H32,CUMULATIVE,,H
QB VALUES,I32,CUMULATIVE,,Sports Illustrated (Big Ten QB projections) (https://www.si.com/college-football/projecting-every-big-ten-starting-quarterback-ahead-of-2026-season)
QB VALUES,J32,CUMULATIVE,,2026
QB VALUES,K32,CUMULATIVE,,2026-07-21 00:00:00
QB VALUES,L32,CUMULATIVE,,"returning starter | 2025: 2025: 71.8% comp, 3,565 yds, 30 TD, 10 INT, 163.7 rating | established returning starter | VALUE PENDING RUBRIC APPROVAL"
QB VALUES,C33,CUMULATIVE,,Rocco Becht
QB VALUES,D33,CUMULATIVE,,0
QB VALUES,E33,CUMULATIVE,,Rocco Becht
QB VALUES,F33,CUMULATIVE,,0
QB VALUES,H33,CUMULATIVE,,H
QB VALUES,I33,CUMULATIVE,,Sports Illustrated (Big Ten QB projections) (https://www.si.com/college-football/projecting-every-big-ten-starting-quarterback-ahead-of-2026-season)
QB VALUES,J33,CUMULATIVE,,2026
QB VALUES,K33,CUMULATIVE,,2026-07-21 00:00:00
QB VALUES,L33,CUMULATIVE,,"transfer | prev: Iowa State | 2025: ISU 2025: 60.5% comp, 2,584 yds, 16 TD, 9 INT, 134.8 rating; 21 sacks | uncontested transfer QB1 | VALUE PENDING RUBRIC APPROVAL"
QB VALUES,C34,CUMULATIVE,,Ryan Browne
QB VALUES,D34,CUMULATIVE,,0
QB VALUES,E34,CUMULATIVE,,Ryan Browne
QB VALUES,F34,CUMULATIVE,,0
QB VALUES,H34,CUMULATIVE,,M
QB VALUES,I34,CUMULATIVE,,Sports Illustrated (Big Ten QB projections) (https://www.si.com/college-football/projecting-every-big-ten-starting-quarterback-ahead-of-2026-season)
QB VALUES,J34,CUMULATIVE,,2026
QB VALUES,K34,CUMULATIVE,,2026-08-03 00:00:00
QB VALUES,L34,CUMULATIVE,,"VERIFIED 2026-08-03: Ryan Browne returns at QB; production tied to his rushing usage. Returning starter, unproven as a full-season answer; M retained."
QB VALUES,E35,CUMULATIVE,,Dylan Lonergan (likely starter; AJ Surace competing)
QB VALUES,H35,CUMULATIVE,,M
QB VALUES,I35,CUMULATIVE,,Sports Illustrated (Big Ten QB projections) (https://www.si.com/college-football/projecting-every-big-ten-starting-quarterback-ahead-of-2026-season)
QB VALUES,J35,CUMULATIVE,,2026
QB VALUES,K35,CUMULATIVE,,2026-08-03 00:00:00
QB VALUES,L35,CUMULATIVE,,"VERIFIED 2026-08-03: Dylan Lonergan (Boston College transfer, replacing Athan Kaliakmanis) is described as 'the likely starter, but Rutgers likes AJ Surace, too' - a clear leader with real competition -> M. Mixed 2025 record (upside vs Michigan State/Stanford/Georgia Tech; benched twice, 1 pass TD and 6 turnovers in six other FBS games) supports M rather than H. Per 7D.3 methodology, numerical values REMAIN BLANK on an L->M change (valuation unresolved), so status correctly stays UNCERTAIN."
QB VALUES,C36,CUMULATIVE,,Nico Iamaleava
QB VALUES,D36,CUMULATIVE,,0
QB VALUES,E36,CUMULATIVE,,Nico Iamaleava
QB VALUES,F36,CUMULATIVE,,0
QB VALUES,H36,CUMULATIVE,,H
QB VALUES,I36,CUMULATIVE,,Sports Illustrated (Big Ten QB projections) (https://www.si.com/college-football/projecting-every-big-ten-starting-quarterback-ahead-of-2026-season)
QB VALUES,J36,CUMULATIVE,,2026
QB VALUES,K36,CUMULATIVE,,2026-07-21 00:00:00
QB VALUES,L36,CUMULATIVE,,"returning starter | 2025: 2025: 64.4% comp, 1,928 yds, 13 TD, 7 INT, 123.5 rating | established returning starter | VALUE PENDING RUBRIC APPROVAL"
QB VALUES,C37,CUMULATIVE,,Jayden Maiava
QB VALUES,D37,CUMULATIVE,,0
QB VALUES,E37,CUMULATIVE,,Jayden Maiava
QB VALUES,F37,CUMULATIVE,,0
QB VALUES,H37,CUMULATIVE,,H
QB VALUES,I37,CUMULATIVE,,Sports Illustrated (Big Ten QB projections) (https://www.si.com/college-football/projecting-every-big-ten-starting-quarterback-ahead-of-2026-season)
QB VALUES,J37,CUMULATIVE,,2026
QB VALUES,K37,CUMULATIVE,,2026-07-21 00:00:00
QB VALUES,L37,CUMULATIVE,,"returning starter | 2025: 2025: 65.8% comp, 3,711 yds, 24 TD, 10 INT, 157.8 rating | returning starter | VALUE PENDING RUBRIC APPROVAL"
QB VALUES,C38,CUMULATIVE,,Demond Williams Jr.
QB VALUES,D38,CUMULATIVE,,0
QB VALUES,E38,CUMULATIVE,,Demond Williams Jr.
QB VALUES,F38,CUMULATIVE,,0
QB VALUES,H38,CUMULATIVE,,H
QB VALUES,I38,CUMULATIVE,,Sports Illustrated (Big Ten QB projections) (https://www.si.com/college-football/projecting-every-big-ten-starting-quarterback-ahead-of-2026-season)
QB VALUES,J38,CUMULATIVE,,2026
QB VALUES,K38,CUMULATIVE,,2026-07-21 00:00:00
QB VALUES,L38,CUMULATIVE,,"returning starter | 2025: 2025: 69.5% comp, 3,065 yds, 25 TD, 8 INT, 161.0 rating; 31 sacks in 13 g | returning starter | VALUE PENDING RUBRIC APPROVAL"
QB VALUES,C39,CUMULATIVE,,Colton Joseph
QB VALUES,D39,CUMULATIVE,,0
QB VALUES,E39,CUMULATIVE,,Colton Joseph
QB VALUES,F39,CUMULATIVE,,0
QB VALUES,H39,CUMULATIVE,,M
QB VALUES,I39,CUMULATIVE,,Sports Illustrated (Big Ten QB projections) (https://www.si.com/college-football/projecting-every-big-ten-starting-quarterback-ahead-of-2026-season)
QB VALUES,J39,CUMULATIVE,,2026
QB VALUES,K39,CUMULATIVE,,2026-08-03 00:00:00
QB VALUES,L39,CUMULATIVE,,VERIFIED 2026-08-03: Colton Joseph listed as Wisconsin's starting quarterback; M retained pending formal announcement.
QB VALUES,C40,CUMULATIVE,,Noah Fifita
QB VALUES,D40,CUMULATIVE,,0
QB VALUES,E40,CUMULATIVE,,Noah Fifita
QB VALUES,F40,CUMULATIVE,,0
QB VALUES,H40,CUMULATIVE,,H
QB VALUES,I40,CUMULATIVE,,Sports Illustrated (Big 12 QB projections) (https://www.si.com/college-football/projecting-every-big-12-starting-quarterback-2026-college-football-season)
QB VALUES,J40,CUMULATIVE,,2026
QB VALUES,K40,CUMULATIVE,,2026-07-21 00:00:00
QB VALUES,L40,CUMULATIVE,,"returning starter | 2025: 2025: 64.3% comp, 3,228 yds, 29 TD, 6 INT | established returning starter (SI High) | VALUE PENDING RUBRIC APPROVAL"
QB VALUES,C41,CUMULATIVE,,Cutter Boley
QB VALUES,D41,CUMULATIVE,,0
QB VALUES,E41,CUMULATIVE,,Cutter Boley
QB VALUES,F41,CUMULATIVE,,0
QB VALUES,H41,CUMULATIVE,,M
QB VALUES,I41,CUMULATIVE,,Sports Illustrated (Big 12 QB projections) (https://www.si.com/college-football/projecting-every-big-12-starting-quarterback-2026-college-football-season)
QB VALUES,J41,CUMULATIVE,,2026
QB VALUES,K41,CUMULATIVE,,2026-08-03 00:00:00
QB VALUES,L41,CUMULATIVE,,VERIFIED 2026-08-03: Cutter Boley confirmed as Arizona State's projected starter in current Big 12 starter rankings; M retained (no official naming located).
QB VALUES,C42,CUMULATIVE,,DJ Lagway
QB VALUES,D42,CUMULATIVE,,0
QB VALUES,E42,CUMULATIVE,,DJ Lagway
QB VALUES,F42,CUMULATIVE,,0
QB VALUES,H42,CUMULATIVE,,H
QB VALUES,I42,CUMULATIVE,,Sports Illustrated (Big 12 QB projections) (https://www.si.com/college-football/projecting-every-big-12-starting-quarterback-2026-college-football-season)
QB VALUES,J42,CUMULATIVE,,2026
QB VALUES,K42,CUMULATIVE,,2026-07-21 00:00:00
QB VALUES,L42,CUMULATIVE,,"transfer | prev: Florida | 2025: Florida 2025: 63.2% comp, 2,264 yds, 16 TD, 14 INT (started all 12) | projected transfer QB1 (SI High); affiliation verified | VALUE PENDING RUBRIC APPROVAL"
QB VALUES,C43,CUMULATIVE,,Bear Bachmeier
QB VALUES,D43,CUMULATIVE,,0
QB VALUES,E43,CUMULATIVE,,Bear Bachmeier
QB VALUES,F43,CUMULATIVE,,0
QB VALUES,H43,CUMULATIVE,,H
QB VALUES,I43,CUMULATIVE,,Sports Illustrated (Big 12 QB projections) (https://www.si.com/college-football/projecting-every-big-12-starting-quarterback-2026-college-football-season)
QB VALUES,J43,CUMULATIVE,,2026
QB VALUES,K43,CUMULATIVE,,2026-07-21 00:00:00
QB VALUES,L43,CUMULATIVE,,"returning starter | 2025: 2025: 64.9% comp, 3,033 yds, 15 TD, 7 INT | returning starter (SI High) | VALUE PENDING RUBRIC APPROVAL"
QB VALUES,C44,CUMULATIVE,,JC French IV
QB VALUES,D44,CUMULATIVE,,0
QB VALUES,E44,CUMULATIVE,,JC French IV
QB VALUES,F44,CUMULATIVE,,0
QB VALUES,H44,CUMULATIVE,,H
QB VALUES,I44,CUMULATIVE,,Sports Illustrated (Big 12 QB projections) (https://www.si.com/college-football/projecting-every-big-12-starting-quarterback-2026-college-football-season)
QB VALUES,J44,CUMULATIVE,,2026
QB VALUES,K44,CUMULATIVE,,2026-07-21 00:00:00
QB VALUES,L44,CUMULATIVE,,"transfer | prev: Georgia Southern | 2025: GSU 2025: 63.8% comp, 2,929 yds, 20 TD, 8 INT; 29 sacks | projected transfer QB1 (SI High) | VALUE PENDING RUBRIC APPROVAL"
QB VALUES,C45,CUMULATIVE,,Julian Lewis
QB VALUES,D45,CUMULATIVE,,0
QB VALUES,E45,CUMULATIVE,,Julian Lewis
QB VALUES,F45,CUMULATIVE,,0
QB VALUES,H45,CUMULATIVE,,H
QB VALUES,I45,CUMULATIVE,,Sports Illustrated (Big 12 QB projections) (https://www.si.com/college-football/projecting-every-big-12-starting-quarterback-2026-college-football-season)
QB VALUES,J45,CUMULATIVE,,2026
QB VALUES,K45,CUMULATIVE,,2026-07-21 00:00:00
QB VALUES,L45,CUMULATIVE,,"backup promotion | 2025: 2025: 55.3% comp, 589 yds, 4 TD, 0 INT (limited) | named starter, no competition (SI High); inexperienced | VALUE PENDING RUBRIC APPROVAL"
QB VALUES,C46,CUMULATIVE,,Conner Weigman
QB VALUES,D46,CUMULATIVE,,0
QB VALUES,E46,CUMULATIVE,,Conner Weigman
QB VALUES,F46,CUMULATIVE,,0
QB VALUES,H46,CUMULATIVE,,H
QB VALUES,I46,CUMULATIVE,,Sports Illustrated (Big 12 QB projections) (https://www.si.com/college-football/projecting-every-big-12-starting-quarterback-2026-college-football-season)
QB VALUES,J46,CUMULATIVE,,2026
QB VALUES,K46,CUMULATIVE,,2026-08-03 00:00:00
QB VALUES,L46,CUMULATIVE,,VERIFIED 2026-08-03: Conner Weigman is Houston's RETURNING starter entering his second season as the signal-caller; confirmed on the official University of Houston roster; publicly announced his return for 2026; coach praise reported for his offseason bounce-back; NO competition reported in any located source. Established healthy returning starter with no credible competition -> H (not a media projection). Zero initialization RETAINED (correct for H under the preseason baseline-delta method); status remains OK.
QB VALUES,C47,CUMULATIVE,,Jaylen Raynor
QB VALUES,D47,CUMULATIVE,,0
QB VALUES,E47,CUMULATIVE,,Jaylen Raynor
QB VALUES,F47,CUMULATIVE,,0
QB VALUES,H47,CUMULATIVE,,H
QB VALUES,I47,CUMULATIVE,,Sports Illustrated (Big 12 QB projections) (https://www.si.com/college-football/projecting-every-big-12-starting-quarterback-2026-college-football-season)
QB VALUES,J47,CUMULATIVE,,2026
QB VALUES,K47,CUMULATIVE,,2026-07-21 00:00:00
QB VALUES,L47,CUMULATIVE,,"transfer | prev: Arkansas State | 2025: ASU 2025: 66.5% comp, 3,361 yds, 19 TD, 11 INT | projected transfer QB1 (SI High) | VALUE PENDING RUBRIC APPROVAL"
QB VALUES,E48,CUMULATIVE,,Cole Ballard (leader; Isaiah Marshall competing)
QB VALUES,H48,CUMULATIVE,,L
QB VALUES,I48,CUMULATIVE,,Sports Illustrated (Big 12 QB projections) (https://www.si.com/college-football/projecting-every-big-12-starting-quarterback-2026-college-football-season)
QB VALUES,J48,CUMULATIVE,,2026
QB VALUES,K48,CUMULATIVE,,2026-08-03 00:00:00
QB VALUES,L48,CUMULATIVE,,"VERIFIED 2026-08-03: Cole Ballard 'MAY BE' Kansas's QB1 (SI headline wording) replacing Jalon Daniels, with real competition from Isaiah Marshall - Ballard the better thrower, Marshall the better runner; Kansas QBs described as 'totally fine with competition heading into camp.' Ballard confirmed on the official kuathletics.com roster. No naming by Lance Leipold located -> L retained. This confirms the Phase 7D.3 decision NOT to upgrade on a national projected-starter list alone. Values remain blank; UNCERTAIN."
QB VALUES,C49,CUMULATIVE,,Avery Johnson
QB VALUES,D49,CUMULATIVE,,0
QB VALUES,E49,CUMULATIVE,,Avery Johnson
QB VALUES,F49,CUMULATIVE,,0
QB VALUES,H49,CUMULATIVE,,H
QB VALUES,I49,CUMULATIVE,,Sports Illustrated (Big 12 QB projections) (https://www.si.com/college-football/projecting-every-big-12-starting-quarterback-2026-college-football-season)
QB VALUES,J49,CUMULATIVE,,2026
QB VALUES,K49,CUMULATIVE,,2026-07-21 00:00:00
QB VALUES,L49,CUMULATIVE,,"returning starter | 2025: 2025: 59.8% comp, 2,385 yds, 18 TD, 6 INT | returning starter (SI High) | VALUE PENDING RUBRIC APPROVAL"
QB VALUES,C50,CUMULATIVE,,Drew Mestemaker
QB VALUES,D50,CUMULATIVE,,0
QB VALUES,E50,CUMULATIVE,,Drew Mestemaker
QB VALUES,F50,CUMULATIVE,,0
QB VALUES,H50,CUMULATIVE,,H
QB VALUES,I50,CUMULATIVE,,Sports Illustrated (Big 12 QB projections) (https://www.si.com/college-football/projecting-every-big-12-starting-quarterback-2026-college-football-season)
QB VALUES,J50,CUMULATIVE,,2026
QB VALUES,K50,CUMULATIVE,,2026-07-21 00:00:00
QB VALUES,L50,CUMULATIVE,,"transfer | prev: North Texas | 2025: UNT 2025: 68.9% comp, 4,379 yds, 34 TD, 9 INT | projected transfer QB1 (SI High) | VALUE PENDING RUBRIC APPROVAL"
QB VALUES,C51,CUMULATIVE,,Jaden Craig
QB VALUES,D51,CUMULATIVE,,0
QB VALUES,E51,CUMULATIVE,,Jaden Craig
QB VALUES,F51,CUMULATIVE,,0
QB VALUES,H51,CUMULATIVE,,H
QB VALUES,I51,CUMULATIVE,,Sports Illustrated (Big 12 QB projections) (https://www.si.com/college-football/projecting-every-big-12-starting-quarterback-2026-college-football-season)
QB VALUES,J51,CUMULATIVE,,2026
QB VALUES,K51,CUMULATIVE,,2026-07-21 00:00:00
QB VALUES,L51,CUMULATIVE,,"transfer | prev: Harvard | 2025: Harvard 2025: 61.5% comp, 2,869 yds, 25 TD, 7 INT | projected transfer QB1 (SI High) | VALUE PENDING RUBRIC APPROVAL"
QB VALUES,E52,CUMULATIVE,,Will Hammond
QB VALUES,H52,CUMULATIVE,,M
QB VALUES,I52,CUMULATIVE,,Sports Illustrated (Big 12 QB projections) (https://www.si.com/college-football/projecting-every-big-12-starting-quarterback-2026-college-football-season)
QB VALUES,J52,CUMULATIVE,,2026
QB VALUES,K52,CUMULATIVE,,2026-08-03 00:00:00
QB VALUES,L52,CUMULATIVE,,"Surgeon clearance reported (late July 2026); projected Week 1 starter per ESPN/On3. FINAL TEAM MEDICAL CLEARANCE STILL PENDING - training staff retains the decision (~Aug 21 nine-month ACL mark). Classification is LIKELY (M), NOT KNOWN (H): no official naming has occurred. Numerical QB delta remains GATED - Baseline/Active values stay blank until final clearance, so QB status correctly remains UNCERTAIN."
QB VALUES,C53,CUMULATIVE,,Alonza Barnett III
QB VALUES,D53,CUMULATIVE,,0
QB VALUES,E53,CUMULATIVE,,Alonza Barnett III
QB VALUES,F53,CUMULATIVE,,0
QB VALUES,H53,CUMULATIVE,,H
QB VALUES,I53,CUMULATIVE,,Sports Illustrated (Big 12 QB projections) (https://www.si.com/college-football/projecting-every-big-12-starting-quarterback-2026-college-football-season)
QB VALUES,J53,CUMULATIVE,,2026
QB VALUES,K53,CUMULATIVE,,2026-07-21 00:00:00
QB VALUES,L53,CUMULATIVE,,"transfer | prev: James Madison | 2025: JMU 2025: 58.4% comp, 2,806 yds, 23 TD, 8 INT | projected transfer QB1 (SI High) | VALUE PENDING RUBRIC APPROVAL"
QB VALUES,C54,CUMULATIVE,,Devon Dampier
QB VALUES,D54,CUMULATIVE,,0
QB VALUES,E54,CUMULATIVE,,Devon Dampier
QB VALUES,F54,CUMULATIVE,,0
QB VALUES,H54,CUMULATIVE,,H
QB VALUES,I54,CUMULATIVE,,Sports Illustrated (Big 12 QB projections) (https://www.si.com/college-football/projecting-every-big-12-starting-quarterback-2026-college-football-season)
QB VALUES,J54,CUMULATIVE,,2026
QB VALUES,K54,CUMULATIVE,,2026-07-21 00:00:00
QB VALUES,L54,CUMULATIVE,,"returning starter | 2025: 2025: 63.5% comp, 2,490 yds, 24 TD, 5 INT | returning starter (SI High) | VALUE PENDING RUBRIC APPROVAL"
QB VALUES,C55,CUMULATIVE,,Michael Hawkins Jr.
QB VALUES,D55,CUMULATIVE,,0
QB VALUES,E55,CUMULATIVE,,Michael Hawkins Jr.
QB VALUES,F55,CUMULATIVE,,0
QB VALUES,H55,CUMULATIVE,,M
QB VALUES,I55,CUMULATIVE,,Sports Illustrated (Big 12 QB projections) (https://www.si.com/college-football/projecting-every-big-12-starting-quarterback-2026-college-football-season)
QB VALUES,J55,CUMULATIVE,,2026
QB VALUES,K55,CUMULATIVE,,2026-08-03 00:00:00
QB VALUES,L55,CUMULATIVE,,VERIFIED 2026-08-03: Michael Hawkins Jr. confirmed as West Virginia's projected starter; M retained (no official naming located).
QB VALUES,C56,CUMULATIVE,,Mason McKenzie
QB VALUES,D56,CUMULATIVE,,0
QB VALUES,E56,CUMULATIVE,,Mason McKenzie
QB VALUES,F56,CUMULATIVE,,0
QB VALUES,H56,CUMULATIVE,,H
QB VALUES,I56,CUMULATIVE,,"Sports Illustrated (ACC QB projections, May 14 2026) (https://www.si.com/college-football/projecting-every-acc-starting-quarterback-2026-college-football-season)"
QB VALUES,J56,CUMULATIVE,,2026
QB VALUES,K56,CUMULATIVE,,2026-07-21 00:00:00
QB VALUES,L56,CUMULATIVE,,"transfer | prev: Saginaw Valley State (D-II) | 2025: D-II 2025: 59.8% comp, 2,086 yds, 17 TD, 11 INT (+7 fumbles) | uncontested transfer QB1 (SI High) | VALUE PENDING RUBRIC APPROVAL"
QB VALUES,C57,CUMULATIVE,,Jaron-Keawe Sagapolutele
QB VALUES,D57,CUMULATIVE,,0
QB VALUES,E57,CUMULATIVE,,Jaron-Keawe Sagapolutele
QB VALUES,F57,CUMULATIVE,,0
QB VALUES,H57,CUMULATIVE,,H
QB VALUES,I57,CUMULATIVE,,"Sports Illustrated (ACC QB projections, May 14 2026) (https://www.si.com/college-football/projecting-every-acc-starting-quarterback-2026-college-football-season)"
QB VALUES,J57,CUMULATIVE,,2026
QB VALUES,K57,CUMULATIVE,,2026-07-21 00:00:00
QB VALUES,L57,CUMULATIVE,,"returning starter | 2025: 2025: 64.2% comp, 3,454 yds, 18 TD, 9 INT (as true Fr) | returning starter (SI High) | VALUE PENDING RUBRIC APPROVAL"
QB VALUES,C58,CUMULATIVE,,Christopher Vizzina
QB VALUES,D58,CUMULATIVE,,0
QB VALUES,E58,CUMULATIVE,,Christopher Vizzina
QB VALUES,F58,CUMULATIVE,,0
QB VALUES,H58,CUMULATIVE,,H
QB VALUES,I58,CUMULATIVE,,"Sports Illustrated (ACC QB projections, May 14 2026) (https://www.si.com/college-football/projecting-every-acc-starting-quarterback-2026-college-football-season)"
QB VALUES,J58,CUMULATIVE,,2026
QB VALUES,K58,CUMULATIVE,,2026-07-21 00:00:00
QB VALUES,L58,CUMULATIVE,,"backup promotion | 2025: 2025: 63.4% comp (71 att), 406 yds, 4 TD, 1 INT; 1 start | promoted QB1, no competition (SI High); big-game inexperience | VALUE PENDING RUBRIC APPROVAL"
QB VALUES,C59,CUMULATIVE,,Walker Eget
QB VALUES,D59,CUMULATIVE,,0
QB VALUES,E59,CUMULATIVE,,Walker Eget (expected Week 1 starter; 5-way competition)
QB VALUES,F59,CUMULATIVE,,0
QB VALUES,H59,CUMULATIVE,,M
QB VALUES,I59,CUMULATIVE,,"Sports Illustrated (ACC QB projections, May 14 2026) (https://www.si.com/college-football/projecting-every-acc-starting-quarterback-2026-college-football-season)"
QB VALUES,J59,CUMULATIVE,,2026
QB VALUES,K59,CUMULATIVE,,2026-08-03 00:00:00
QB VALUES,L59,CUMULATIVE,,"VERIFIED 2026-08-03 - 7D.3 CONFLICT RESOLVED, candidate entry CONFIRMED: Walker Eget is on the official Duke roster (goduke.com), a San Jose State transfer who committed in Jan 2026 (Duke Chronicle), and is expected to be Duke's Week 1 starter after Darian Mensah left for Miami. Manny Diaz expects him to be a full participant in fall camp. He competes with transfers Blaine Hipa and Ari Patu plus returners Terry Walker III and Dan Mahan. Career at SJSU: 5,555 yds, 30 TD, 19 INT over two seasons starting. Clear leader with real competition -> M retained (not H)."
QB VALUES,C60,CUMULATIVE,,Ashton Daniels
QB VALUES,D60,CUMULATIVE,,0
QB VALUES,E60,CUMULATIVE,,Ashton Daniels
QB VALUES,F60,CUMULATIVE,,0
QB VALUES,H60,CUMULATIVE,,H
QB VALUES,I60,CUMULATIVE,,"Sports Illustrated (ACC QB projections, May 14 2026) (https://www.si.com/college-football/projecting-every-acc-starting-quarterback-2026-college-football-season)"
QB VALUES,J60,CUMULATIVE,,2026
QB VALUES,K60,CUMULATIVE,,2026-07-21 00:00:00
QB VALUES,L60,CUMULATIVE,,"transfer | prev: Auburn | 2025: 2025: 57.1% comp, 797 yds, 3 TD, 2 INT | projected transfer QB1 (SI High) | VALUE PENDING RUBRIC APPROVAL"
QB VALUES,C61,CUMULATIVE,,Alberto Mendoza
QB VALUES,D61,CUMULATIVE,,0
QB VALUES,E61,CUMULATIVE,,Alberto Mendoza
QB VALUES,F61,CUMULATIVE,,0
QB VALUES,H61,CUMULATIVE,,H
QB VALUES,I61,CUMULATIVE,,"Sports Illustrated (ACC QB projections, May 14 2026) (https://www.si.com/college-football/projecting-every-acc-starting-quarterback-2026-college-football-season)"
QB VALUES,J61,CUMULATIVE,,2026
QB VALUES,K61,CUMULATIVE,,2026-07-21 00:00:00
QB VALUES,L61,CUMULATIVE,,"transfer | prev: Indiana | 2025: Indiana 2025: 18/24, 286 yds, 5 TD, 1 INT (limited) | projected transfer QB1 (SI High) | VALUE PENDING RUBRIC APPROVAL"
QB VALUES,C62,CUMULATIVE,,Lincoln Kienholz
QB VALUES,D62,CUMULATIVE,,0
QB VALUES,E62,CUMULATIVE,,Lincoln Kienholz
QB VALUES,F62,CUMULATIVE,,0
QB VALUES,H62,CUMULATIVE,,H
QB VALUES,I62,CUMULATIVE,,"Sports Illustrated (ACC QB projections, May 14 2026) (https://www.si.com/college-football/projecting-every-acc-starting-quarterback-2026-college-football-season)"
QB VALUES,J62,CUMULATIVE,,2026
QB VALUES,K62,CUMULATIVE,,2026-07-21 00:00:00
QB VALUES,L62,CUMULATIVE,,"transfer | prev: Ohio State | 2025: OSU 2025: 11/14, 139 yds, 1 TD (backup) | projected transfer QB1 (SI High); little volume experience | VALUE PENDING RUBRIC APPROVAL"
QB VALUES,C63,CUMULATIVE,,Darian Mensah
QB VALUES,D63,CUMULATIVE,,0
QB VALUES,E63,CUMULATIVE,,Darian Mensah
QB VALUES,F63,CUMULATIVE,,0
QB VALUES,H63,CUMULATIVE,,H
QB VALUES,I63,CUMULATIVE,,"Sports Illustrated (ACC QB projections, May 14 2026) (https://www.si.com/college-football/projecting-every-acc-starting-quarterback-2026-college-football-season)"
QB VALUES,J63,CUMULATIVE,,2026
QB VALUES,K63,CUMULATIVE,,2026-07-21 00:00:00
QB VALUES,L63,CUMULATIVE,,"transfer | prev: Duke | 2025: Duke 2025: 66.8% comp, 3,973 yds, 34 TD, 6 INT; 27 sacks | projected transfer QB1 (SI High) | VALUE PENDING RUBRIC APPROVAL"
QB VALUES,C64,CUMULATIVE,,CJ Bailey
QB VALUES,D64,CUMULATIVE,,0
QB VALUES,E64,CUMULATIVE,,CJ Bailey
QB VALUES,F64,CUMULATIVE,,0
QB VALUES,H64,CUMULATIVE,,H
QB VALUES,I64,CUMULATIVE,,"Sports Illustrated (ACC QB projections, May 14 2026) (https://www.si.com/college-football/projecting-every-acc-starting-quarterback-2026-college-football-season)"
QB VALUES,J64,CUMULATIVE,,2026
QB VALUES,K64,CUMULATIVE,,2026-07-21 00:00:00
QB VALUES,L64,CUMULATIVE,,"returning starter | 2025: 2025: 68.8% comp, 3,105 yds, 25 TD, 9 INT | returning starter (SI High) | VALUE PENDING RUBRIC APPROVAL"
QB VALUES,C65,CUMULATIVE,,Billy Edwards Jr.
QB VALUES,E65,CUMULATIVE,,Open (Billy Edwards Jr. / Miles O'Neill / Au'Tori Newkirk / Travis Burgess)
QB VALUES,H65,CUMULATIVE,,L
QB VALUES,I65,CUMULATIVE,,"Sports Illustrated (ACC QB projections, May 14 2026) (https://www.si.com/college-football/projecting-every-acc-starting-quarterback-2026-college-football-season)"
QB VALUES,J65,CUMULATIVE,,2026
QB VALUES,K65,CUMULATIVE,,2026-08-04 00:00:00
QB VALUES,L65,CUMULATIVE,,"DEFECT CORRECTED 7D.5 2026-08-04: prior entry asserted the Wisconsin transfer as North Carolina's 'projected transfer QB1' (M). Current team-specific coverage contradicts it - headline 2026-07-18: 'UNC QUARTERBACK BATTLE REMAINS WIDE OPEN as Tar Heels head into fall camp.' NO starter named. HC Bill Belichick left the competition open: 'This year our quarterbacks after spring ball are still here, are out in player-run practices,' and described the room as 'significantly deeper and more stable' than 2025 - depth, not a decision. FOUR candidates: Billy Edwards Jr. (most experienced), Miles O'Neill (Texas A&M transfer, 'cannon of an arm'), Au'Tori Newkirk, and Travis Burgess (senior, recovering from injury). No leader identified -> M downgraded to L. NUMERICAL CELLS WERE ALREADY BLANK - this record was never zero-initialized (one of seven M-coded rows carrying blank inputs), so no consistency repair was required and the status was ALREADY UNCERTAIN; the L code now makes that gate explicit rather than incidental. RECHECK: UNC depth chart or a Belichick naming."
QB VALUES,C66,CUMULATIVE,,Mason Heintschel
QB VALUES,D66,CUMULATIVE,,0
QB VALUES,E66,CUMULATIVE,,Mason Heintschel
QB VALUES,F66,CUMULATIVE,,0
QB VALUES,H66,CUMULATIVE,,H
QB VALUES,I66,CUMULATIVE,,"Sports Illustrated (ACC QB projections, May 14 2026) (https://www.si.com/college-football/projecting-every-acc-starting-quarterback-2026-college-football-season)"
QB VALUES,J66,CUMULATIVE,,2026
QB VALUES,K66,CUMULATIVE,,2026-07-21 00:00:00
QB VALUES,L66,CUMULATIVE,,"backup promotion | 2025: 2025: 63.6% comp, 2,354 yds, 16 TD, 8 INT | incumbent starter (SI High) | VALUE PENDING RUBRIC APPROVAL"
QB VALUES,C67,CUMULATIVE,,Kevin Jennings
QB VALUES,D67,CUMULATIVE,,0
QB VALUES,E67,CUMULATIVE,,Kevin Jennings
QB VALUES,F67,CUMULATIVE,,0
QB VALUES,H67,CUMULATIVE,,H
QB VALUES,I67,CUMULATIVE,,"Sports Illustrated (ACC QB projections, May 14 2026) (https://www.si.com/college-football/projecting-every-acc-starting-quarterback-2026-college-football-season)"
QB VALUES,J67,CUMULATIVE,,2026
QB VALUES,K67,CUMULATIVE,,2026-07-21 00:00:00
QB VALUES,L67,CUMULATIVE,,"returning starter | 2025: 2025: 66.1% comp, 3,641 yds, 26 TD, 13 INT | established returning starter (SI High) | VALUE PENDING RUBRIC APPROVAL"
QB VALUES,E68,CUMULATIVE,,Davis Warren
QB VALUES,H68,CUMULATIVE,,L
QB VALUES,I68,CUMULATIVE,,"Sports Illustrated (ACC QB projections, May 14 2026) (https://www.si.com/college-football/projecting-every-acc-starting-quarterback-2026-college-football-season)"
QB VALUES,J68,CUMULATIVE,,2026
QB VALUES,K68,CUMULATIVE,,2026-08-04 00:00:00
QB VALUES,L68,CUMULATIVE,,"VERIFIED 7D.5 2026-08-04: quarterback remains one of Stanford's named key fall-camp position battles. Davis Warren (Michigan grad transfer with starting experience) is described as being in a strong position, with true freshman early enrollee Michael Mitchell Jr. able to compete. NO staff naming located, and 'strong position' is a projection rather than a decision -> L retained under the 7D.5 rule; values blank; UNCERTAIN. RECHECK: Stanford depth chart."
QB VALUES,E69,CUMULATIVE,,Steve Angeli
QB VALUES,H69,CUMULATIVE,,L
QB VALUES,I69,CUMULATIVE,,"Sports Illustrated (ACC QB projections, May 14 2026) (https://www.si.com/college-football/projecting-every-acc-starting-quarterback-2026-college-football-season)"
QB VALUES,J69,CUMULATIVE,,2026
QB VALUES,K69,CUMULATIVE,,2026-08-04 00:00:00
QB VALUES,L69,CUMULATIVE,,"VERIFIED 7D.5 2026-08-04: Steve Angeli (Notre Dame transfer) says he is 'FULL GO' with 'no restrictions' ahead of training camp after the 2025 ACHILLES injury that ended his season - but the same reporting frames it as 'ANOTHER QB BATTLE', and Syracuse overhauled the room in the offseason (incl. Kennesaw State transfer Amari Odom). A quarterback returning from an Achilles tear into an acknowledged battle is not a settled job -> L retained; values blank; UNCERTAIN. RECHECK: Syracuse depth chart or a Fran Brown naming."
QB VALUES,C70,CUMULATIVE,,Beau Pribula
QB VALUES,D70,CUMULATIVE,,0
QB VALUES,E70,CUMULATIVE,,Beau Pribula
QB VALUES,F70,CUMULATIVE,,0
QB VALUES,H70,CUMULATIVE,,M
QB VALUES,I70,CUMULATIVE,,"Sports Illustrated (ACC QB projections, May 14 2026) (https://www.si.com/college-football/projecting-every-acc-starting-quarterback-2026-college-football-season)"
QB VALUES,J70,CUMULATIVE,,2026
QB VALUES,K70,CUMULATIVE,,2026-08-03 00:00:00
QB VALUES,L70,CUMULATIVE,,VERIFIED 2026-08-03: Beau Pribula confirmed to 'get the nod' at Virginia per PFF ACC QB projections (76.1 PFF grade). M retained pending official announcement.
QB VALUES,C71,CUMULATIVE,,Ethan Grunkemeyer
QB VALUES,D71,CUMULATIVE,,0
QB VALUES,E71,CUMULATIVE,,Ethan Grunkemeyer
QB VALUES,F71,CUMULATIVE,,0
QB VALUES,H71,CUMULATIVE,,H
QB VALUES,I71,CUMULATIVE,,"Sports Illustrated (ACC QB projections, May 14 2026) (https://www.si.com/college-football/projecting-every-acc-starting-quarterback-2026-college-football-season)"
QB VALUES,J71,CUMULATIVE,,2026
QB VALUES,K71,CUMULATIVE,,2026-07-21 00:00:00
QB VALUES,L71,CUMULATIVE,,"transfer | prev: Penn State | 2025: PSU 2025: 69.1% comp, 1,339 yds, 8 TD, 4 INT; final 4 games 4-0, 73.8%, 6 TD 0 INT | projected transfer QB1 (SI High) | VALUE PENDING RUBRIC APPROVAL"
QB VALUES,C72,CUMULATIVE,,Gio Lopez
QB VALUES,D72,CUMULATIVE,,0
QB VALUES,E72,CUMULATIVE,,Gio Lopez
QB VALUES,F72,CUMULATIVE,,0
QB VALUES,H72,CUMULATIVE,,M
QB VALUES,I72,CUMULATIVE,,"Sports Illustrated (ACC QB projections, May 14 2026) (https://www.si.com/college-football/projecting-every-acc-starting-quarterback-2026-college-football-season)"
QB VALUES,J72,CUMULATIVE,,2026
QB VALUES,K72,CUMULATIVE,,2026-08-03 00:00:00
QB VALUES,L72,CUMULATIVE,,"VERIFIED 2026-08-03: Gio Lopez confirmed transferring to Wake Forest after 11 starts at North Carolina (73.1 PFF grade, 74.1% adjusted completion). Transfer expected to start; M retained."
QB VALUES,C73,CUMULATIVE,,Maddux Madsen
QB VALUES,D73,CUMULATIVE,,0
QB VALUES,E73,CUMULATIVE,,Maddux Madsen
QB VALUES,F73,CUMULATIVE,,0
QB VALUES,H73,CUMULATIVE,,H
QB VALUES,I73,CUMULATIVE,,Athlon/ESPN/CBS Pac-12 2026 previews (https://www.espn.com/college-football/story/_/id/48892618/2026-college-football-pac-12-conference-preview-predictions-transfers-more)
QB VALUES,J73,CUMULATIVE,,2026
QB VALUES,K73,CUMULATIVE,,2026-07-21 00:00:00
QB VALUES,L73,CUMULATIVE,,returning starter | 2025: Boise State 2025 starter | established returning starter | VALUE PENDING RUBRIC APPROVAL
QB VALUES,E74,CUMULATIVE,,Hauss Hejny (K'saan Farrar competing)
QB VALUES,H74,CUMULATIVE,,L
QB VALUES,I74,CUMULATIVE,,Athlon/ESPN/CBS Pac-12 2026 previews (https://www.espn.com/college-football/story/_/id/48892618/2026-college-football-pac-12-conference-preview-predictions-transfers-more)
QB VALUES,J74,CUMULATIVE,,2026
QB VALUES,K74,CUMULATIVE,,2026-08-03 00:00:00
QB VALUES,L74,CUMULATIVE,,"VERIFIED 2026-08-03: Hauss Hejny is Colorado State's projected starter but is LOCKED IN A BATTLE with UConn transfer K'saan Farrar that is expected to LAST INTO FALL CAMP. Genuine unresolved competition -> L retained; entry refined. (Context: CSU's 2026 HC is Jim Mora, who left UConn - see the 7D.3A UConn finding.)"
QB VALUES,E75,CUMULATIVE,,Open (three-way battle into August)
QB VALUES,H75,CUMULATIVE,,L
QB VALUES,I75,CUMULATIVE,,Athlon/ESPN/CBS Pac-12 2026 previews (https://www.espn.com/college-football/story/_/id/48892618/2026-college-football-pac-12-conference-preview-predictions-transfers-more)
QB VALUES,J75,CUMULATIVE,,2026
QB VALUES,K75,CUMULATIVE,,2026-08-03 00:00:00
QB VALUES,L75,CUMULATIVE,,"VERIFIED 2026-08-03: Fresno State has a THREE-WAY quarterback battle 'likely to run deep into August' involving a Western Michigan transfer and Mercer transfer Braden Atkinson (2025 Jerry Rice Award winner, FCS freshman of the year). Prior single-name entry could not be corroborated. L retained; entry generalized; values blank; UNCERTAIN."
QB VALUES,E76,CUMULATIVE,,Maalik Murphy (leader; Braden Atkinson pushing)
QB VALUES,H76,CUMULATIVE,,M
QB VALUES,I76,CUMULATIVE,,Athlon/ESPN/CBS Pac-12 2026 previews (https://www.espn.com/college-football/story/_/id/48892618/2026-college-football-pac-12-conference-preview-predictions-transfers-more)
QB VALUES,J76,CUMULATIVE,,2026
QB VALUES,K76,CUMULATIVE,,2026-08-03 00:00:00
QB VALUES,L76,CUMULATIVE,,"VERIFIED 2026-08-03 (with documented tension): SI headline reports ex-Texas QB Maalik Murphy NAMED STARTER at Oregon State, while SI's Pac-12 QB tiers describe Murphy with 'a slight upper hand' and a young FCS transfer 'right on his tail in fall camp.' Both agree Murphy LEADS. Clear leader -> L upgraded to M (NOT H, because the naming claim is contradicted by active-competition language). Per the L->M rule values REMAIN BLANK; status stays UNCERTAIN. RECHECK: official Oregon State depth chart."
QB VALUES,C77,CUMULATIVE,,Jayden Denegal
QB VALUES,D77,CUMULATIVE,,0
QB VALUES,E77,CUMULATIVE,,Jayden Denegal
QB VALUES,F77,CUMULATIVE,,0
QB VALUES,H77,CUMULATIVE,,H
QB VALUES,I77,CUMULATIVE,,Athlon/ESPN/CBS Pac-12 2026 previews (https://www.espn.com/college-football/story/_/id/48892618/2026-college-football-pac-12-conference-preview-predictions-transfers-more)
QB VALUES,J77,CUMULATIVE,,2026
QB VALUES,K77,CUMULATIVE,,2026-07-21 00:00:00
QB VALUES,L77,CUMULATIVE,,returning starter | 2025: SDSU 2025 starter | returning starter | VALUE PENDING RUBRIC APPROVAL
QB VALUES,C78,CUMULATIVE,,Brad Jackson
QB VALUES,D78,CUMULATIVE,,0
QB VALUES,E78,CUMULATIVE,,Brad Jackson (returning starter)
QB VALUES,F78,CUMULATIVE,,0
QB VALUES,H78,CUMULATIVE,,M
QB VALUES,I78,CUMULATIVE,,CBS Sports Pac-12 relaunch / Athlon (https://www.cbssports.com/college-football/news/pac-12-relaunch-2026-contenders-teams-to-watch/)
QB VALUES,J78,CUMULATIVE,,2026
QB VALUES,K78,CUMULATIVE,,2026-08-04 00:00:00
QB VALUES,L78,CUMULATIVE,,"VERIFIED 7D.4A, RE-VERIFIED 7D.5 2026-08-04 against official/primary sources. Brad Jackson is Texas State's returning starter: 2025 - 3,050 pass yds, 18 TD, 7 INT, 71.5% comp; 16-17 rush TD (school single-season record for a QB); 3,968 total yds, 7th nationally; third-team all-conference; and MVP OF THE 2026 ARMED FORCES BOWL (173 yds, 3 pass TD plus a rushing score in a 41-10 win over Rice). Announced his return 2025-12-06; coverage states Texas State 'returns a starting quarterback for the first time under Kinne'; The Athletic ranked him the top Group of Five quarterback. NEW IN 7D.5: Boston College transfer SHAKER REISIG arrived and is reported as the PRIMARY BACKUP to Jackson, not a challenger (3 games at BC in 2025: 141 yds, 1 TD, 2 INT); QBs Keldric Luster (Ball State) and Holden Geriner (Pittsburgh) transferred out. No competition reported. H considered and declined - no official 2026 naming. -> M retained; zeros retained; status OK. RECHECK: official Texas State depth chart."
QB VALUES,C79,CUMULATIVE,,McCae Hillstead
QB VALUES,D79,CUMULATIVE,,0
QB VALUES,E79,CUMULATIVE,,McCae Hillstead
QB VALUES,F79,CUMULATIVE,,0
QB VALUES,H79,CUMULATIVE,,M
QB VALUES,I79,CUMULATIVE,,Athlon/ESPN/CBS Pac-12 2026 previews (https://www.espn.com/college-football/story/_/id/48892618/2026-college-football-pac-12-conference-preview-predictions-transfers-more)
QB VALUES,J79,CUMULATIVE,,2026
QB VALUES,K79,CUMULATIVE,,2026-08-03 00:00:00
QB VALUES,L79,CUMULATIVE,,VERIFIED 2026-08-03: Utah State reunites former Virginia OC Robert Anae with RETURNING quarterback McCae Hillstead. Returning starter with a new coordinator -> M retained; no formal naming located.
QB VALUES,C80,CUMULATIVE,,Caden Pinnick
QB VALUES,E80,CUMULATIVE,,Open (Caden Pinnick / Owen Eshelman / Julian Dugger)
QB VALUES,H80,CUMULATIVE,,L
QB VALUES,I80,CUMULATIVE,,Athlon/ESPN Pac-12 (https://athlonsports.com/college-football/pac-12-football-2026-predictions)
QB VALUES,J80,CUMULATIVE,,2026
QB VALUES,K80,CUMULATIVE,,2026-08-04 00:00:00
QB VALUES,L80,CUMULATIVE,,"DEFECT CORRECTED 7D.4A, RE-VERIFIED 7D.5 2026-08-04: prior entry asserted Caden Pinnick as projected QB1 (M). HeraldNet 2026-07-30: WSU 'set to open fall camp with WIDE-OPEN QB competition'; The Columbian 2026-08-01: quarterback situation 'UNRESOLVED'; first-year HC Kirby Moore declined to commit - 'That's gonna continue through the summer'; the Spokesman-Review beat reports Pinnick 'WASN'T ABLE TO CREATE MEANINGFUL SEPARATION FROM ESHELMAN' in spring, and staff may keep the decision in-house until kickoff. CORROBORATED IN 7D.5 by the official transfer ledger: Pinnick IN from UC Davis; Jaxon Potter OUT to Old Dominion and Ajani Sheppard OUT to Temple (both appear as competitors in those teams' records); new OC Matt Miller. Three-way with Owen Eshelman and Julian Dugger, no leader -> L; zeros CLEARED to blank; UNCERTAIN. Camp opened 2026-08-06."
QB VALUES,C81,CUMULATIVE,,Cale Hellums
QB VALUES,D81,CUMULATIVE,,0
QB VALUES,E81,CUMULATIVE,,Cale Hellums
QB VALUES,F81,CUMULATIVE,,0
QB VALUES,H81,CUMULATIVE,,H
QB VALUES,I81,CUMULATIVE,,Underdog Dynasty/Yahoo (American 2026 QB projections) (https://sports.yahoo.com/articles/projecting-14-american-starting-qbs-150000080.html)
QB VALUES,J81,CUMULATIVE,,2026
QB VALUES,K81,CUMULATIVE,,2026-07-21 00:00:00
QB VALUES,L81,CUMULATIVE,,returning starter | 2025: Started 10 games 2025 (option offense); won Fenway Bowl | returning starter | VALUE PENDING RUBRIC APPROVAL
QB VALUES,C82,CUMULATIVE,,Grayson Loftis
QB VALUES,D82,CUMULATIVE,,0
QB VALUES,E82,CUMULATIVE,,Grayson Loftis
QB VALUES,F82,CUMULATIVE,,0
QB VALUES,H82,CUMULATIVE,,H
QB VALUES,I82,CUMULATIVE,,Underdog Dynasty/Yahoo (American 2026 QB projections) (https://sports.yahoo.com/articles/projecting-14-american-starting-qbs-150000080.html)
QB VALUES,J82,CUMULATIVE,,2026
QB VALUES,K82,CUMULATIVE,,2026-07-21 00:00:00
QB VALUES,L82,CUMULATIVE,,"returning starter | 2025: 2025: 1,415 yds, 8 TD, 8 INT (ex-Duke) | returning starter | VALUE PENDING RUBRIC APPROVAL"
QB VALUES,C83,CUMULATIVE,,Chaston Ditta
QB VALUES,D83,CUMULATIVE,,0
QB VALUES,E83,CUMULATIVE,,Chaston Ditta
QB VALUES,F83,CUMULATIVE,,0
QB VALUES,H83,CUMULATIVE,,M
QB VALUES,I83,CUMULATIVE,,Underdog Dynasty/Yahoo (American 2026 QB projections) (https://sports.yahoo.com/articles/projecting-14-american-starting-qbs-150000080.html)
QB VALUES,J83,CUMULATIVE,,2026
QB VALUES,K83,CUMULATIVE,,2026-08-03 00:00:00
QB VALUES,L83,CUMULATIVE,,VERIFIED 2026-08-03: Chaston Ditta likely takes the reins for East Carolina after starting the 2025 Military Bowl. Projected starter awaiting formal announcement -> M retained.
QB VALUES,C84,CUMULATIVE,,Caden Veltkamp
QB VALUES,D84,CUMULATIVE,,0
QB VALUES,E84,CUMULATIVE,,Caden Veltkamp (returning starter)
QB VALUES,F84,CUMULATIVE,,0
QB VALUES,H84,CUMULATIVE,,M
QB VALUES,I84,CUMULATIVE,,Underdog Dynasty/Yahoo (American 2026 QB projections) (https://sports.yahoo.com/articles/projecting-14-american-starting-qbs-150000080.html)
QB VALUES,J84,CUMULATIVE,,2026
QB VALUES,K84,CUMULATIVE,,2026-08-04 00:00:00
QB VALUES,L84,CUMULATIVE,,"VERIFIED 7D.5 2026-08-04: Caden Veltkamp CONFIRMED returning as FAU's starter for a second straight year in Zach Kittley's air raid - 2025: 3,641 pass yds (8th in FBS), 24 TD, 67.0% comp; 2024 CUSA Offensive Player of the Year at Western Kentucky. Coverage states FAU enters 2026 'with zero questions about their starter.' HC Kittley described a '5-man battle' at the position, but that concerns the BACKUP order behind Veltkamp - Drew Devillier (Rice transfer), Jordan Magwood, Michael Valentino and Jeremiah Daoud. Established returning starter, no formal 2026 naming -> M retained (not H), consistent with the Texas State / WMU / Toledo precedent. Zeros retained; status OK."
QB VALUES,E85,CUMULATIVE,,Marcus Stokes
QB VALUES,H85,CUMULATIVE,,L
QB VALUES,I85,CUMULATIVE,,Underdog Dynasty/Yahoo (American 2026 QB projections) (https://sports.yahoo.com/articles/projecting-14-american-starting-qbs-150000080.html)
QB VALUES,J85,CUMULATIVE,,2026
QB VALUES,K85,CUMULATIVE,,2026-08-04 00:00:00
QB VALUES,L85,CUMULATIVE,,VERIFIED 7D.5 2026-08-04: Memphis's quarterback battle is 'CLOSE and will likely be one of the LATER ONES SETTLED in the American.' FIRST-YEAR HC CHARLES HUFF must choose between two transfers with contrasting backgrounds - Marcus Stokes and Air Noland. No starter named -> L retained; values blank; UNCERTAIN. Entry corroborated.
QB VALUES,C86,CUMULATIVE,,Braxton Woodson
QB VALUES,D86,CUMULATIVE,,0
QB VALUES,E86,CUMULATIVE,,Braxton Woodson
QB VALUES,F86,CUMULATIVE,,0
QB VALUES,H86,CUMULATIVE,,M
QB VALUES,I86,CUMULATIVE,,Underdog Dynasty/Yahoo (American 2026 QB projections) (https://sports.yahoo.com/articles/projecting-14-american-starting-qbs-150000080.html)
QB VALUES,J86,CUMULATIVE,,2026
QB VALUES,K86,CUMULATIVE,,2026-08-03 00:00:00
QB VALUES,L86,CUMULATIVE,,VERIFIED 2026-08-03: Braxton Woodson confirmed as Navy's projected starter in current American QB coverage. M retained; no official naming located.
QB VALUES,C87,CUMULATIVE,,Tayven Jackson
QB VALUES,D87,CUMULATIVE,,0
QB VALUES,E87,CUMULATIVE,,Tayven Jackson (slight lead; Ditta / Jimerson competing)
QB VALUES,F87,CUMULATIVE,,0
QB VALUES,H87,CUMULATIVE,,M
QB VALUES,I87,CUMULATIVE,,Wikipedia/247/ESPN roster (Tayven Jackson to UNT) (https://en.wikipedia.org/wiki/Tayven_Jackson)
QB VALUES,J87,CUMULATIVE,,2026
QB VALUES,K87,CUMULATIVE,,2026-08-04 00:00:00
QB VALUES,L87,CUMULATIVE,,"VERIFIED 7D.4A, RE-VERIFIED 7D.5 2026-08-04: entry CONFIRMED NOT STALE. HC NEAL BROWN said on the American Kickoff broadcast (2026-07-29) that senior UCF transfer Tayven Jackson 'NOW HAS A SLIGHT LEAD' in an ongoing THREE-MAN race over East Carolina transfer Chaston Ditta and returner Chris Jimerson Jr.; Brown did NOT declare a starter. Jackson's 2025 at UCF: 2,151 pass yds, 10 TD, 8 INT. COACHING CHANGE VERIFIED: Eric Morris left for Oklahoma State; Neal Brown rebuilt the roster with 75-90+ new players. CONTEXT ADDED IN 7D.5: North Texas must replace Drew Mestemaker, who LED THE NATION IN PASSING YARDS in 2025 - the race is a genuine full replacement, not a succession. Clear leader stated by the head coach, no naming -> M retained; zeros retained; status OK."
QB VALUES,C88,CUMULATIVE,,Jacurri Brown
QB VALUES,D88,CUMULATIVE,,0
QB VALUES,E88,CUMULATIVE,,Jacurri Brown
QB VALUES,F88,CUMULATIVE,,0
QB VALUES,H88,CUMULATIVE,,M
QB VALUES,I88,CUMULATIVE,,Underdog Dynasty/Yahoo (American 2026 QB projections) (https://sports.yahoo.com/articles/projecting-14-american-starting-qbs-150000080.html)
QB VALUES,J88,CUMULATIVE,,2026
QB VALUES,K88,CUMULATIVE,,2026-08-03 00:00:00
QB VALUES,L88,CUMULATIVE,,VERIFIED 2026-08-03: Jacurri Brown confirmed as Rice's quarterback in current American QB coverage. M retained; no official naming located.
QB VALUES,E89,CUMULATIVE,,OPEN (Kromenhoek / Van Buren Jr. / Cooper)
QB VALUES,H89,CUMULATIVE,,L
QB VALUES,I89,CUMULATIVE,,Yahoo (USF lands portal QB) / Green Gold & Bold (https://sports.yahoo.com/articles/usf-lands-quarterback-transfer-portal-132621762.html)
QB VALUES,J89,CUMULATIVE,,2026
QB VALUES,K89,CUMULATIVE,,2026-08-04 00:00:00
QB VALUES,L89,CUMULATIVE,,"VERIFIED 7D.5 2026-08-04: USF's competition is between LSU transfer MICHAEL VAN BUREN JR. and Mississippi State transfer LUKE KROMENHOEK, both named in the entry. Van Buren 'seems to have the edge' on slightly more game experience, but that is a preseason projection, not a staff decision, and no naming was located -> L retained under the 7D.5 rule; values blank; UNCERTAIN. USF training camp opened 2026-08-05. RECHECK: USF depth chart."
QB VALUES,C90,CUMULATIVE,,Jaxon Smolik
QB VALUES,D90,CUMULATIVE,,0
QB VALUES,E90,CUMULATIVE,,Jaxon Smolik (inside track; Ajani Sheppard competing)
QB VALUES,F90,CUMULATIVE,,0
QB VALUES,H90,CUMULATIVE,,M
QB VALUES,I90,CUMULATIVE,,Underdog Dynasty/Yahoo (American 2026 QB projections) (https://sports.yahoo.com/articles/projecting-14-american-starting-qbs-150000080.html)
QB VALUES,J90,CUMULATIVE,,2026
QB VALUES,K90,CUMULATIVE,,2026-08-03 00:00:00
QB VALUES,L90,CUMULATIVE,,"VERIFIED 2026-08-03: Temple's spring battle was between transfers Jaxon Smolik (Penn State) and Ajani Sheppard (Washington State), with SMOLIK OWNING THE INSIDE TRACK. Clear leader with competition -> M retained; entry refined."
QB VALUES,E91,CUMULATIVE,,Kadin Semonza
QB VALUES,H91,CUMULATIVE,,L
QB VALUES,I91,CUMULATIVE,,Underdog Dynasty/Yahoo (American 2026 QB projections) (https://sports.yahoo.com/articles/projecting-14-american-starting-qbs-150000080.html)
QB VALUES,J91,CUMULATIVE,,2026
QB VALUES,K91,CUMULATIVE,,2026-08-04 00:00:00
QB VALUES,L91,CUMULATIVE,,"VERIFIED 7D.5 2026-08-04: 'The competition CONTINUES as the Green Wave enter fall practice.' Kadin Semonza (Ball State transfer; a big 2024 at Ball State, did NOT play in 2025) 'will likely be the main man - but he HAS TO HOLD OFF' Houston transfer Zeon Chriss-Gremillion, sophomore Dagan Bruno and freshman Trace Johnson. A leader who must hold off three challengers with no naming -> L retained; values blank; UNCERTAIN. Entry corroborated."
QB VALUES,C92,CUMULATIVE,,Baylor Hayes
QB VALUES,D92,CUMULATIVE,,0
QB VALUES,E92,CUMULATIVE,,Baylor Hayes
QB VALUES,F92,CUMULATIVE,,0
QB VALUES,H92,CUMULATIVE,,M
QB VALUES,I92,CUMULATIVE,,Underdog Dynasty/Yahoo (American 2026 QB projections) (https://sports.yahoo.com/articles/projecting-14-american-starting-qbs-150000080.html)
QB VALUES,J92,CUMULATIVE,,2026
QB VALUES,K92,CUMULATIVE,,2026-08-03 00:00:00
QB VALUES,L92,CUMULATIVE,,VERIFIED 2026-08-03: Baylor Hayes confirmed as Tulsa's quarterback in current American QB coverage. M retained; no official naming located.
QB VALUES,C93,CUMULATIVE,,Ryder Burton
QB VALUES,D93,CUMULATIVE,,0
QB VALUES,E93,CUMULATIVE,,Ryder Burton
QB VALUES,F93,CUMULATIVE,,0
QB VALUES,H93,CUMULATIVE,,H
QB VALUES,I93,CUMULATIVE,,Underdog Dynasty/Yahoo (American 2026 QB projections) (https://sports.yahoo.com/articles/projecting-14-american-starting-qbs-150000080.html)
QB VALUES,J93,CUMULATIVE,,2026
QB VALUES,K93,CUMULATIVE,,2026-07-21 00:00:00
QB VALUES,L93,CUMULATIVE,,returning starter | 2025: Quality mid-2025 reps; beat ranked Memphis | returning starter | VALUE PENDING RUBRIC APPROVAL
QB VALUES,C94,CUMULATIVE,,Owen McCown
QB VALUES,D94,CUMULATIVE,,0
QB VALUES,E94,CUMULATIVE,,Owen McCown
QB VALUES,F94,CUMULATIVE,,0
QB VALUES,H94,CUMULATIVE,,H
QB VALUES,I94,CUMULATIVE,,Underdog Dynasty/Yahoo (American 2026 QB projections) (https://sports.yahoo.com/articles/projecting-14-american-starting-qbs-150000080.html)
QB VALUES,J94,CUMULATIVE,,2026
QB VALUES,K94,CUMULATIVE,,2026-07-21 00:00:00
QB VALUES,L94,CUMULATIVE,,returning starter | 2025: Multi-year starter; 3 program bowl wins | established returning starter | VALUE PENDING RUBRIC APPROVAL
QB VALUES,C95,CUMULATIVE,,Nick Minicucci
QB VALUES,D95,CUMULATIVE,,0
QB VALUES,E95,CUMULATIVE,,Nick Minicucci
QB VALUES,F95,CUMULATIVE,,0
QB VALUES,H95,CUMULATIVE,,H
QB VALUES,I95,CUMULATIVE,,Underdog Dynasty (C-USA 2026 QB projections) (https://www.underdogdynasty.com/conference-usa/43406/projecting-cusa-conference-usa-starting-qb-quarterbacks-2026-football)
QB VALUES,J95,CUMULATIVE,,2026
QB VALUES,K95,CUMULATIVE,,2026-07-21 00:00:00
QB VALUES,L95,CUMULATIVE,,returning starter | 2025: Returning conference-level starter | returning starter | VALUE PENDING RUBRIC APPROVAL
QB VALUES,C96,CUMULATIVE,,JJ Kohl
QB VALUES,D96,CUMULATIVE,,0
QB VALUES,E96,CUMULATIVE,,JJ Kohl
QB VALUES,F96,CUMULATIVE,,0
QB VALUES,H96,CUMULATIVE,,M
QB VALUES,I96,CUMULATIVE,,Underdog Dynasty (C-USA 2026 QB projections) (https://www.underdogdynasty.com/conference-usa/43406/projecting-cusa-conference-usa-starting-qb-quarterbacks-2026-football)
QB VALUES,J96,CUMULATIVE,,2026
QB VALUES,K96,CUMULATIVE,,2026-08-03 00:00:00
QB VALUES,L96,CUMULATIVE,,VERIFIED 2026-08-03: JJ Kohl (Appalachian State transfer) confirmed as FIU's new starting quarterback in current CUSA QB coverage. Transfer expected to start -> M retained; no official naming located.
QB VALUES,C97,CUMULATIVE,,Caden Creel
QB VALUES,D97,CUMULATIVE,,0
QB VALUES,E97,CUMULATIVE,,Caden Creel
QB VALUES,F97,CUMULATIVE,,0
QB VALUES,H97,CUMULATIVE,,H
QB VALUES,I97,CUMULATIVE,,Underdog Dynasty (C-USA 2026 QB projections) (https://www.underdogdynasty.com/conference-usa/43406/projecting-cusa-conference-usa-starting-qb-quarterbacks-2026-football)
QB VALUES,J97,CUMULATIVE,,2026
QB VALUES,K97,CUMULATIVE,,2026-07-21 00:00:00
QB VALUES,L97,CUMULATIVE,,returning starter | 2025: Returning conference star | returning starter | VALUE PENDING RUBRIC APPROVAL
QB VALUES,C98,CUMULATIVE,,Rickie Collins
QB VALUES,D98,CUMULATIVE,,0
QB VALUES,E98,CUMULATIVE,,Rickie Collins (leader; Landon Varnes competing)
QB VALUES,F98,CUMULATIVE,,0
QB VALUES,H98,CUMULATIVE,,M
QB VALUES,I98,CUMULATIVE,,Underdog Dynasty (C-USA 2026 QB projections) (https://www.underdogdynasty.com/conference-usa/43406/projecting-cusa-conference-usa-starting-qb-quarterbacks-2026-football)
QB VALUES,J98,CUMULATIVE,,2026
QB VALUES,K98,CUMULATIVE,,2026-08-03 00:00:00
QB VALUES,L98,CUMULATIVE,,"VERIFIED 2026-08-03: Rickie Collins (Syracuse transfer) is Kennesaw State's new QB, but must HOLD OFF juco transfer Landon Varnes in fall practice. Clear leader with real competition -> M retained (not H); entry refined to name the competitor."
QB VALUES,E99,CUMULATIVE,,Open (Purdie / Jaylen Henderson / Ethan Vasko)
QB VALUES,H99,CUMULATIVE,,L
QB VALUES,I99,CUMULATIVE,,Underdog Dynasty (C-USA 2026 QB projections) (https://www.underdogdynasty.com/conference-usa/43406/projecting-cusa-conference-usa-starting-qb-quarterbacks-2026-football)
QB VALUES,J99,CUMULATIVE,,2026
QB VALUES,K99,CUMULATIVE,,2026-08-03 00:00:00
QB VALUES,L99,CUMULATIVE,,VERIFIED 2026-08-03: genuine three-way transfer competition (Purdie / Jaylen Henderson / Ethan Vasko); Chadwell expected to get quality play but no starter named. Record accurate; L retained.
QB VALUES,C100,CUMULATIVE,,Roman Gagliano
QB VALUES,D100,CUMULATIVE,,0
QB VALUES,E100,CUMULATIVE,,Roman Gagliano
QB VALUES,F100,CUMULATIVE,,0
QB VALUES,H100,CUMULATIVE,,M
QB VALUES,I100,CUMULATIVE,,Underdog Dynasty (C-USA 2026 QB projections) (https://www.underdogdynasty.com/conference-usa/43406/projecting-cusa-conference-usa-starting-qb-quarterbacks-2026-football)
QB VALUES,J100,CUMULATIVE,,2026
QB VALUES,K100,CUMULATIVE,,2026-08-03 00:00:00
QB VALUES,L100,CUMULATIVE,,"VERIFIED 2026-08-03: Roman Gagliano confirmed as MTSU's signal-caller, cited as a breakout candidate. Record accurate; M retained."
QB VALUES,E101,CUMULATIVE,,Open competition (new HC Casey Woods)
QB VALUES,H101,CUMULATIVE,,L
QB VALUES,I101,CUMULATIVE,,Underdog Dynasty (C-USA 2026 QB projections) (https://www.underdogdynasty.com/conference-usa/43406/projecting-cusa-conference-usa-starting-qb-quarterbacks-2026-football)
QB VALUES,J101,CUMULATIVE,,2026
QB VALUES,K101,CUMULATIVE,,2026-08-03 00:00:00
QB VALUES,L101,CUMULATIVE,,VERIFIED 2026-08-03: Missouri State welcomes new head coach Casey Woods and has a quarterback battle; NO starting quarterback has been definitively named. Genuine open competition -> L retained; values blank; UNCERTAIN.
QB VALUES,E102,CUMULATIVE,,Open competition
QB VALUES,H102,CUMULATIVE,,L
QB VALUES,I102,CUMULATIVE,,Underdog Dynasty (C-USA 2026 QB projections) (https://www.underdogdynasty.com/conference-usa/43406/projecting-cusa-conference-usa-starting-qb-quarterbacks-2026-football)
QB VALUES,J102,CUMULATIVE,,2026
QB VALUES,K102,CUMULATIVE,,2026-08-03 00:00:00
QB VALUES,L102,CUMULATIVE,,VERIFIED 2026-08-03: New Mexico State remains in a rebuild with a likely quarterback competition; NO starter named. L retained; values blank; UNCERTAIN.
QB VALUES,C103,CUMULATIVE,,Landyn Locke
QB VALUES,D103,CUMULATIVE,,0
QB VALUES,E103,CUMULATIVE,,Landyn Locke
QB VALUES,F103,CUMULATIVE,,0
QB VALUES,H103,CUMULATIVE,,M
QB VALUES,I103,CUMULATIVE,,Underdog Dynasty (C-USA 2026 QB projections) (https://www.underdogdynasty.com/conference-usa/43406/projecting-cusa-conference-usa-starting-qb-quarterbacks-2026-football)
QB VALUES,J103,CUMULATIVE,,2026
QB VALUES,K103,CUMULATIVE,,2026-08-03 00:00:00
QB VALUES,L103,CUMULATIVE,,"VERIFIED 2026-08-03: Landyn Locke confirmed as Sam Houston's signal-caller, cited as a breakout candidate. Record accurate; M retained."
QB VALUES,C104,CUMULATIVE,,Rodney Tisdale Jr.
QB VALUES,D104,CUMULATIVE,,0
QB VALUES,E104,CUMULATIVE,,Rodney Tisdale Jr.
QB VALUES,F104,CUMULATIVE,,0
QB VALUES,H104,CUMULATIVE,,M
QB VALUES,I104,CUMULATIVE,,Underdog Dynasty (C-USA 2026 QB projections) (https://www.underdogdynasty.com/conference-usa/43406/projecting-cusa-conference-usa-starting-qb-quarterbacks-2026-football)
QB VALUES,J104,CUMULATIVE,,2026
QB VALUES,K104,CUMULATIVE,,2026-08-03 00:00:00
QB VALUES,L104,CUMULATIVE,,"VERIFIED 2026-08-03: Rodney Tisdale Jr. confirmed as returning starter, BUT Brock Glenn (7 career starts at Florida State) transferred in to challenge. Clear leader with real competition -> M retained (not H)."
QB VALUES,C105,CUMULATIVE,,Ben Finley
QB VALUES,E105,CUMULATIVE,,Open (Reese Poffenbarger / Brayden Roggow)
QB VALUES,H105,CUMULATIVE,,L
QB VALUES,I105,CUMULATIVE,,ESPN/247 Ben Finley (Akron) (https://www.espn.com/college-football/player/_/id/4431091/ben-finley)
QB VALUES,J105,CUMULATIVE,,2026
QB VALUES,K105,CUMULATIVE,,2026-08-03 00:00:00
QB VALUES,L105,CUMULATIVE,,"CORRECTION 2026-08-03 (7D.1): prior entry listed Ben Finley, who GRADUATED after a two-year Akron starting run - stale record. Poffenbarger (North Texas transfer) entered spring as projected starter but Akron has no clear QB1; open fall-camp competition. METHODOLOGY REPAIR 2026-08-03 (7D.2): Baseline/Active values CLEARED to blank. Zero would assert an affirmative evaluation of both starter and replacement; blank correctly represents an unresolved numerical assessment. Status remains UNCERTAIN."
QB VALUES,E106,CUMULATIVE,,Keldric Luster
QB VALUES,H106,CUMULATIVE,,L
QB VALUES,I106,CUMULATIVE,,College Football News / Hustle Belt (https://collegefootballnews.com/college-football/ball-state-football-preview-2026)
QB VALUES,J106,CUMULATIVE,,2026
QB VALUES,K106,CUMULATIVE,,2026-08-04 00:00:00
QB VALUES,L106,CUMULATIVE,,"VERIFIED 7D.1 (2026-08-03), STAMPED 7D.5 2026-08-04: Ball State's room is unsettled - Keldric Luster (Texas State transfer, dual-threat) and Tyler Mizzell both may see action; no starter named. Corroborated this phase: Texas State's outgoing-transfer ledger confirms Luster left for Ball State. -> L retained; values blank; UNCERTAIN. EVIDENCE NOTE: the 7D.1 live check stands; no fresh contradicting evidence surfaced in 7D.5, but no new confirmation either. This record's date was never stamped until now - that gap is what finding F-7 flagged."
QB VALUES,C107,CUMULATIVE,,Austin Novosad
QB VALUES,D107,CUMULATIVE,,0
QB VALUES,E107,CUMULATIVE,,Austin Novosad
QB VALUES,F107,CUMULATIVE,,0
QB VALUES,H107,CUMULATIVE,,M
QB VALUES,I107,CUMULATIVE,,Hustle Belt / Toledo Blade (https://www.hustlebelt.com/bgsu-falcons/44436/who-is-bowling-greens-new-qb-from-oregon-three-fast-facts-about-austin-novosad)
QB VALUES,J107,CUMULATIVE,,2026
QB VALUES,K107,CUMULATIVE,,2026-08-03 00:00:00
QB VALUES,L107,CUMULATIVE,,"VERIFIED 2026-08-03: Austin Novosad (Oregon transfer, former 4-star, No.13 QB 2023 class) confirmed as BGSU's projected starter; portal QB was a stated program priority. Record accurate; M retained."
QB VALUES,E108,CUMULATIVE,,Open (Jason Wright / Mason Cumbie / Elijah Holmes)
QB VALUES,H108,CUMULATIVE,,L
QB VALUES,I108,CUMULATIVE,,Black Shoe Diaries / ESPN roster (https://www.blackshoediaries.com/penn-state-football/87803/2026-opponent-snapshot-buffalo-bulls)
QB VALUES,J108,CUMULATIVE,,2026
QB VALUES,K108,CUMULATIVE,,2026-08-03 00:00:00
QB VALUES,L108,CUMULATIVE,,"DEFECT CORRECTED 2026-08-03: prior entry listed CJ Ogbonna, who was Buffalo's 2024 SENIOR starter (13 starts, 2,381 yds, 19 TD) and is no longer on the roster - a stale record. HC Pete Lembo's current room is Jason Wright, Mason Cumbie and Elijah Holmes (Wingate transfer, three seasons there). Buffalo News reported UB 'still searching for a starting quarterback' after the spring game. L retained; values blank; UNCERTAIN."
QB VALUES,E109,CUMULATIVE,,Open (Flores / Beamon / Glasser)
QB VALUES,H109,CUMULATIVE,,L
QB VALUES,I109,CUMULATIVE,,Mitten Football (https://mitten-football.ghost.io/the-good-problem-for-central-michigan-at-qb-and-what-to-expect-come-fall/)
QB VALUES,J109,CUMULATIVE,,2026
QB VALUES,K109,CUMULATIVE,,2026-08-04 00:00:00
QB VALUES,L109,CUMULATIVE,,"VERIFIED 7D.1 (2026-08-03), STAMPED 7D.5 2026-08-04: Central Michigan's quarterback job is unsettled, with Angel Flores among the contenders alongside Marcus Beamon and Jadyn Glasser; no starter named. -> L retained; values blank; UNCERTAIN. EVIDENCE NOTE: the 7D.1 live check stands; no fresh contradicting evidence surfaced in 7D.5, but no new confirmation either. This record's date was never stamped until now - the F-7 gap."
QB VALUES,C110,CUMULATIVE,,Noah Kim
QB VALUES,D110,CUMULATIVE,,0
QB VALUES,E110,CUMULATIVE,,Noah Kim
QB VALUES,F110,CUMULATIVE,,0
QB VALUES,H110,CUMULATIVE,,H
QB VALUES,I110,CUMULATIVE,,EMU Athletics / Detroit News (https://emueagles.com/news/2026/1/7/football-kim-granted-extra-year-of-eligibility-set-to-return-for-2026-season)
QB VALUES,J110,CUMULATIVE,,2026
QB VALUES,K110,CUMULATIVE,,2026-07-21 00:00:00
QB VALUES,L110,CUMULATIVE,,"returning starter | 2025: 2025: MAC-leading 2,817 pass yds, 18 TD; started all 12 | NOTE: NCAA granted extra (6th) year of eligibility for 2026 | established returning starter | VALUE PENDING RUBRIC APPROVAL"
QB VALUES,C111,CUMULATIVE,,Dru DeShields
QB VALUES,D111,CUMULATIVE,,0
QB VALUES,E111,CUMULATIVE,,Dru DeShields
QB VALUES,F111,CUMULATIVE,,0
QB VALUES,H111,CUMULATIVE,,H
QB VALUES,I111,CUMULATIVE,,Wikipedia 2026 Kent State / 247 (https://en.wikipedia.org/wiki/2026_Kent_State_Golden_Flashes_football_team)
QB VALUES,J111,CUMULATIVE,,2026
QB VALUES,K111,CUMULATIVE,,2026-07-21 00:00:00
QB VALUES,L111,CUMULATIVE,,"returning starter | 2025: 2025: 2,030 yds, 18 TD, 3 INT (first year as starter) | returning starter | VALUE PENDING RUBRIC APPROVAL"
QB VALUES,E112,CUMULATIVE,,Open (David McComb / Thomas Gotkowski / Caleb Heavner)
QB VALUES,H112,CUMULATIVE,,L
QB VALUES,I112,CUMULATIVE,,The Miami Student (https://www.miamistudent.net/article/2025/12/this-will-be-another-game-for-him-gotkowski-stepped-up-as-miami-s-starting-quarterback-to-send-redhawks-to-mac-championship)
QB VALUES,J112,CUMULATIVE,,2026
QB VALUES,K112,CUMULATIVE,,2026-08-03 00:00:00
QB VALUES,L112,CUMULATIVE,,"7D.2 CONFLICT RESOLVED 2026-08-03: both prior claims reconciled. Thomas Gotkowski IS on the official Miami roster (RS-So; 5 games, 3 starts in 2025 incl. the MAC title-clinching win). The 'Kansas transfer' is DAVID McCOMB (RS-Fr), NOT Isaiah Marshall - Marshall remains on Kansas's roster. Three-way spring competition: Gotkowski, McComb, and senior transfer Caleb Heavner; entering MAC Media Days the Kansas transfer appeared to hold the projected starting role. Genuine open competition -> L retained; values blank; UNCERTAIN. RECHECK: official depth chart / staff naming."
QB VALUES,E113,CUMULATIVE,,Nick Poulos (leader; not yet named)
QB VALUES,H113,CUMULATIVE,,M
QB VALUES,I113,CUMULATIVE,,RotoWire MAC spring / Ohio Athletics (https://www.rotowire.com/cfootball/article/spring-practice-storylines-mid-american-conference-106501)
QB VALUES,J113,CUMULATIVE,,2026
QB VALUES,K113,CUMULATIVE,,2026-08-03 00:00:00
QB VALUES,L113,CUMULATIVE,,"VERIFIED 2026-08-03: HC John Hauser says Nick Poulos 'is still in the lead' for the starting job, but Ohio has no Week 1 starter named. Coach-described leader awaiting formal announcement -> M. Numerical values remain BLANK (no new value populated this phase), so status stays UNCERTAIN."
QB VALUES,C114,CUMULATIVE,,Carson Conklin
QB VALUES,D114,CUMULATIVE,,0
QB VALUES,E114,CUMULATIVE,,Carson Conklin
QB VALUES,F114,CUMULATIVE,,0
QB VALUES,H114,CUMULATIVE,,M
QB VALUES,I114,CUMULATIVE,,The State Hornet / CFN Sac State preview (https://statehornet.com/2026/04/sac-state-football-mid-american-conference-fbs-alonzo-carter/)
QB VALUES,J114,CUMULATIVE,,2026
QB VALUES,K114,CUMULATIVE,,2026-08-03 00:00:00
QB VALUES,L114,CUMULATIVE,,"VERIFIED 2026-08-03: Carson Conklin CONFIRMED returning to Sacramento State for 2026 - listed on the official hornetsports.com 2026 roster and announced by Sac State Football ('HE'S BACK') after playing 2025 at Fresno State. He was the Hornets' 2024 starter and was named Fresno State's starter for the stretch run in Oct 2025. Experienced returning-to-program starter, no competition reported -> M retained (no formal 2026 naming located). NOTE: Sacramento State is a transitional program; workbook transitional rules apply separately."
QB VALUES,C115,CUMULATIVE,,John Alan Richter
QB VALUES,D115,CUMULATIVE,,0
QB VALUES,E115,CUMULATIVE,,John Alan Richter (returning)
QB VALUES,F115,CUMULATIVE,,0
QB VALUES,H115,CUMULATIVE,,M
QB VALUES,I115,CUMULATIVE,,Athlon/ESPN/RotoWire MAC 2026 previews (https://athlonsports.com/college-football/mac-football-2026-predictions)
QB VALUES,J115,CUMULATIVE,,2026
QB VALUES,K115,CUMULATIVE,,2026-08-04 00:00:00
QB VALUES,L115,CUMULATIVE,,"VERIFIED 7D.1 (2026-08-03), RE-CONFIRMED 7D.5 2026-08-04: John Alan Richter returns as Toledo's quarterback - 699 pass yds and 7 TD across the past two seasons, one start last year, after sitting behind Dequan Finn and Tucker Gleason for three seasons; coverage calls his holdover 'the biggest testament to the buy-in Coach Mike Jacobs has from the Toledo roster' and says he 'finally gets the keys in 2026.' Toledo was picked THIRD in the 2026 MAC preseason coaches poll. Clear presumptive starter, no formal naming -> M retained; zeros retained; status OK."
QB VALUES,C116,CUMULATIVE,,William 'Pop' Watson
QB VALUES,D116,CUMULATIVE,,0
QB VALUES,E116,CUMULATIVE,,William 'Pop' Watson
QB VALUES,F116,CUMULATIVE,,0
QB VALUES,H116,CUMULATIVE,,M
QB VALUES,I116,CUMULATIVE,,Daily Hampshire Gazette (https://gazettenet.com/2026/01/12/umass-football-snag-virginia-tech-qb-pop-watson-in-transfer-portal/)
QB VALUES,J116,CUMULATIVE,,2026
QB VALUES,K116,CUMULATIVE,,2026-08-03 00:00:00
QB VALUES,L116,CUMULATIVE,,VERIFIED 2026-08-03: William 'Pop' Watson (Virginia Tech transfer) confirmed arriving to lead the program. Record accurate; M retained.
QB VALUES,C117,CUMULATIVE,,Broc Lowry
QB VALUES,D117,CUMULATIVE,,0
QB VALUES,E117,CUMULATIVE,,Broc Lowry (returning starter)
QB VALUES,F117,CUMULATIVE,,0
QB VALUES,H117,CUMULATIVE,,M
QB VALUES,I117,CUMULATIVE,,Athlon/ESPN/RotoWire MAC 2026 previews (https://athlonsports.com/college-football/mac-football-2026-predictions)
QB VALUES,J117,CUMULATIVE,,2026
QB VALUES,K117,CUMULATIVE,,2026-08-04 00:00:00
QB VALUES,L117,CUMULATIVE,,"VERIFIED 7D.1 (2026-08-03), RE-CONFIRMED 7D.5 2026-08-04: Broc Lowry is RETURNING to Western Michigan for 2026 as the starting quarterback, entering his SECOND season as the primary starter with two years of eligibility left. He won MAC OFFENSIVE PLAYER OF THE YEAR in his first year as a starter (1,803 pass / 963 rush / 23 total TD) on the MAC-champion team. Established returning starter, no formal 2026 naming -> M retained (not H), consistent with the Texas State / Toledo / FAU precedent. Zeros retained; status OK."
QB VALUES,C118,CUMULATIVE,,Liam Szarka
QB VALUES,D118,CUMULATIVE,,0
QB VALUES,E118,CUMULATIVE,,Liam Szarka
QB VALUES,F118,CUMULATIVE,,0
QB VALUES,H118,CUMULATIVE,,H
QB VALUES,I118,CUMULATIVE,,Athlon/ESPN/Nevada Sports Net MW 2026 previews (https://www.espn.com/college-football/story/_/id/48873639/2026-college-football-mountain-west-conference-preview-predictions)
QB VALUES,J118,CUMULATIVE,,2026
QB VALUES,K118,CUMULATIVE,,2026-07-21 00:00:00
QB VALUES,L118,CUMULATIVE,,returning starter | 2025: Air Force 2025 | returning starter (option offense) | VALUE PENDING RUBRIC APPROVAL
QB VALUES,C119,CUMULATIVE,,Micah Alejado
QB VALUES,D119,CUMULATIVE,,0
QB VALUES,E119,CUMULATIVE,,Micah Alejado
QB VALUES,F119,CUMULATIVE,,0
QB VALUES,H119,CUMULATIVE,,H
QB VALUES,I119,CUMULATIVE,,Athlon/ESPN/Nevada Sports Net MW 2026 previews (https://www.espn.com/college-football/story/_/id/48873639/2026-college-football-mountain-west-conference-preview-predictions)
QB VALUES,J119,CUMULATIVE,,2026
QB VALUES,K119,CUMULATIVE,,2026-07-21 00:00:00
QB VALUES,L119,CUMULATIVE,,returning starter | 2025: Hawaii 2025 starter | returning starter | VALUE PENDING RUBRIC APPROVAL
QB VALUES,E120,CUMULATIVE,,Open competition (fall camp)
QB VALUES,H120,CUMULATIVE,,L
QB VALUES,I120,CUMULATIVE,,Athlon/ESPN/Nevada Sports Net MW 2026 previews (https://www.espn.com/college-football/story/_/id/48873639/2026-college-football-mountain-west-conference-preview-predictions)
QB VALUES,J120,CUMULATIVE,,2026
QB VALUES,K120,CUMULATIVE,,2026-08-03 00:00:00
QB VALUES,L120,CUMULATIVE,,VERIFIED 2026-08-03: Nevada is going through a quarterback COMPETITION in fall camp; no leader established in current coverage. L retained; entry generalized from a single name; values blank; UNCERTAIN.
QB VALUES,C121,CUMULATIVE,,Jack Layne
QB VALUES,D121,CUMULATIVE,,0
QB VALUES,E121,CUMULATIVE,,Jack Layne
QB VALUES,F121,CUMULATIVE,,0
QB VALUES,H121,CUMULATIVE,,H
QB VALUES,I121,CUMULATIVE,,Athlon/ESPN/Nevada Sports Net MW 2026 previews (https://www.espn.com/college-football/story/_/id/48873639/2026-college-football-mountain-west-conference-preview-predictions)
QB VALUES,J121,CUMULATIVE,,2026
QB VALUES,K121,CUMULATIVE,,2026-07-21 00:00:00
QB VALUES,L121,CUMULATIVE,,returning starter | 2025: New Mexico 2025 starter | returning starter | VALUE PENDING RUBRIC APPROVAL
QB VALUES,C122,CUMULATIVE,,Nathan Hayes
QB VALUES,D122,CUMULATIVE,,0
QB VALUES,E122,CUMULATIVE,,Nathan Hayes
QB VALUES,F122,CUMULATIVE,,0
QB VALUES,H122,CUMULATIVE,,M
QB VALUES,I122,CUMULATIVE,,Shaw Local / CFN NDSU preview (https://www.shawlocal.com/friday-night-drive/2026/07/20/after-5-years-of-waiting-north-dakota-state-quarterback-st-charles-east-grad-nathan-hayes-gets-his-moment/)
QB VALUES,J122,CUMULATIVE,,2026
QB VALUES,K122,CUMULATIVE,,2026-08-03 00:00:00
QB VALUES,L122,CUMULATIVE,,"VERIFIED 2026-08-03: Nathan Hayes is North Dakota State's projected starter and a FIRST-TIME starter (senior); optimism cited given NDSU's QB-development record. Projected starter, unproven -> M retained. NOTE: NDSU is transitional; workbook transitional rules apply separately."
QB VALUES,E123,CUMULATIVE,,Taron Dickens (Western Carolina transfer)
QB VALUES,H123,CUMULATIVE,,M
QB VALUES,I123,CUMULATIVE,,Athlon/ESPN/Nevada Sports Net MW 2026 previews (https://www.espn.com/college-football/story/_/id/48873639/2026-college-football-mountain-west-conference-preview-predictions)
QB VALUES,J123,CUMULATIVE,,2026
QB VALUES,K123,CUMULATIVE,,2026-08-03 00:00:00
QB VALUES,L123,CUMULATIVE,,"DEFECT CORRECTED 2026-08-03: prior entry listed 'Open (Davidson / Macon / Hamric)' - none appear in current NIU coverage. Verified: TARON DICKENS, Western Carolina transfer and FCS WALTER PAYTON AWARD RUNNER-UP in 2025, is NIU's quarterback, paired with new OC Tony Petersen (ex-Illinois State, hired March 2026). High-profile transfer widely expected to start -> L upgraded to M. Per the L->M rule numerical values REMAIN BLANK (valuation unresolved), so status correctly stays UNCERTAIN."
QB VALUES,E124,CUMULATIVE,,Open (three-way; starter not selected)
QB VALUES,H124,CUMULATIVE,,L
QB VALUES,I124,CUMULATIVE,,Spartan Media Group / Duke Chronicle (https://spartanmediagroup.net/9716/sports/three-spartans-battle-for-starting-quarterback/)
QB VALUES,J124,CUMULATIVE,,2026
QB VALUES,K124,CUMULATIVE,,2026-08-03 00:00:00
QB VALUES,L124,CUMULATIVE,,VERIFIED 2026-08-03: HC Ken Niumatalolo enters year three with a TOTAL RESET and must pick a quarterback among THREE separate candidates. Genuine open competition -> L retained; entry generalized from a single name; values blank; UNCERTAIN.
QB VALUES,C125,CUMULATIVE,,Jackson Arnold
QB VALUES,E125,CUMULATIVE,,Open (Jackson Arnold / Alex Orji)
QB VALUES,H125,CUMULATIVE,,L
QB VALUES,I125,CUMULATIVE,,ESPN (Arnold to UNLV) (https://www.espn.com/college-football/story/_/id/47539823/qb-jackson-arnold-headed-unlv-third-team-three-seasons)
QB VALUES,J125,CUMULATIVE,,2026
QB VALUES,K125,CUMULATIVE,,2026-08-04 00:00:00
QB VALUES,L125,CUMULATIVE,,"DEFECT CORRECTED 7D.5 2026-08-04: prior entry read 'projected transfer QB1 (verified)' (M) for the Oklahoma/Auburn transfer. The Las Vegas Review-Journal's training-camp preview (2026-07-28) reports a genuine unresolved battle: 'even if coaches won't name a front-runner throughout training camp, there is definitely a battle between returner ALEX ORJI and Auburn transfer JACKSON ARNOLD.' HC Dan Mullen has NOT named a starter, and Fox5 Vegas (2026-07-17) ran a segment on the still-open competition. Arnold brings 18 career starts, 3,293 pass yds and 871 rush yds across Oklahoma and Auburn; Orji must prove a Grade 3 LCL sprain and severe hamstring tear from the 2025 UCLA game have healed. The word 'verified' in the prior note was not supported by any naming. -> M downgraded to L; zeros CLEARED to blank; status becomes UNCERTAIN. Someone must start vs Memphis on 2026-08-29. RECHECK: UNLV depth chart."
QB VALUES,C126,CUMULATIVE,,EJ Colson
QB VALUES,D126,CUMULATIVE,,0
QB VALUES,E126,CUMULATIVE,,EJ Colson
QB VALUES,F126,CUMULATIVE,,0
QB VALUES,H126,CUMULATIVE,,H
QB VALUES,I126,CUMULATIVE,,Wikipedia 2026 UTEP / Athlon (https://en.wikipedia.org/wiki/2026_UTEP_Miners_football_team)
QB VALUES,J126,CUMULATIVE,,2026
QB VALUES,K126,CUMULATIVE,,2026-08-03 00:00:00
QB VALUES,L126,CUMULATIVE,,VERIFIED 2026-08-03: EJ Colson (Incarnate Word transfer) was NAMED UTEP's starting quarterback in the SPRING. An official naming with no competition reported meets the H standard -> M upgraded to H. Zero initialization RETAINED (correct for H under the preseason baseline-delta method); status remains OK. RECHECK: any camp change to the spring depth chart.
QB VALUES,C127,CUMULATIVE,,Tyler Hughes
QB VALUES,D127,CUMULATIVE,,0
QB VALUES,E127,CUMULATIVE,,Tyler Hughes
QB VALUES,F127,CUMULATIVE,,0
QB VALUES,H127,CUMULATIVE,,M
QB VALUES,I127,CUMULATIVE,,Athlon/ESPN/Nevada Sports Net MW 2026 previews (https://www.espn.com/college-football/story/_/id/48873639/2026-college-football-mountain-west-conference-preview-predictions)
QB VALUES,J127,CUMULATIVE,,2026
QB VALUES,K127,CUMULATIVE,,2026-08-03 00:00:00
QB VALUES,L127,CUMULATIVE,,"VERIFIED 2026-08-03: Tyler Hughes (William & Mary transfer) confirmed as Wyoming's incoming QB - 2,330 pass yds, 20 TD, 670 rush yds, 11 rush TD in 2025; previously worked with the Wyoming staff at W&M in 2022-23. Transfer widely expected to start -> M retained."
QB VALUES,C128,CUMULATIVE,,Malachi Singleton
QB VALUES,E128,CUMULATIVE,,Open (Malachi Singleton / Hasselbeck)
QB VALUES,H128,CUMULATIVE,,L
QB VALUES,I128,CUMULATIVE,,ESPN/Athlon Sun Belt 2026 previews (https://www.espn.com/college-football/story/_/id/48759931/2026-sun-belt-conference-college-football-preview-predictions-every-team)
QB VALUES,J128,CUMULATIVE,,2026
QB VALUES,K128,CUMULATIVE,,2026-08-03 00:00:00
QB VALUES,L128,CUMULATIVE,,"DEFECT CORRECTED 2026-08-03: prior entry asserted Malachi Singleton as the likely starter (M). Current coverage describes Singleton AND Hasselbeck as 'the main competitors for the starting gig' with NO leader identified. Per the standard, M requires a clear likely starter and must not be assigned merely because one player is the most recognizable name - Singleton is an Arkansas/Purdue transfer, which is name recognition, not evidence of a lead. -> M downgraded to L. Numerical zeros CLEARED to blank per the approved Akron consistency methodology; status becomes UNCERTAIN."
QB VALUES,E129,CUMULATIVE,,Open (Owens / Dickey / St. Hilare / Haly)
QB VALUES,H129,CUMULATIVE,,L
QB VALUES,I129,CUMULATIVE,,College Football News Arkansas State preview (https://collegefootballnews.com/college-football/arkansas-state-football-preview-2026)
QB VALUES,J129,CUMULATIVE,,2026
QB VALUES,K129,CUMULATIVE,,2026-08-03 00:00:00
QB VALUES,L129,CUMULATIVE,,VERIFIED 2026-08-03: HC Butch Jones at Sun Belt Media Days said the starting quarterback race CONTINUES with 'four real capable players' at the position. Genuine open competition -> L retained; values blank; UNCERTAIN.
QB VALUES,E130,CUMULATIVE,,Open (Deuce Bailey among candidates)
QB VALUES,H130,CUMULATIVE,,L
QB VALUES,I130,CUMULATIVE,,Coastal Carolina Athletics / Yahoo (https://goccusports.com/news/2026/7/9/ryan-beard-previews-fall-camp-coastal-carolina-football-2026)
QB VALUES,J130,CUMULATIVE,,2026
QB VALUES,K130,CUMULATIVE,,2026-08-03 00:00:00
QB VALUES,L130,CUMULATIVE,,"VERIFIED 2026-08-03: Coastal Carolina's incoming transfers include POTENTIAL starting quarterback Deuce Bailey, who followed HC Beard from Missouri State. 'Potential' starter, room unsettled -> L retained; entry refined."
QB VALUES,E131,CUMULATIVE,,Max Johnson (leader; Turner Helton competing)
QB VALUES,H131,CUMULATIVE,,M
QB VALUES,I131,CUMULATIVE,,ESPN/Athlon Sun Belt 2026 previews (https://www.espn.com/college-football/story/_/id/48759931/2026-sun-belt-conference-college-football-preview-predictions-every-team)
QB VALUES,J131,CUMULATIVE,,2026
QB VALUES,K131,CUMULATIVE,,2026-08-04 00:00:00
QB VALUES,L131,CUMULATIVE,,"STALE ENTRY CORRECTED 7D.4A, RE-VERIFIED 7D.5 2026-08-04: prior entry read 'Open (Weston Bryan / Turner Helton)' and OMITTED MAX JOHNSON ENTIRELY. Johnson signed from North Carolina on 2026-01-11 (previously LSU 2020-21, Texas A&M 2022-23), and at SUN BELT MEDIA DAYS (2026-07-15) HC CLAY HELTON SAID 'Max Johnson is expected to be the starter if the season began today,' citing experience and high-level production. Turner Helton (WKU transfer, the head coach's son; 14/26, 74 yds, 1 TD in 3 appearances in 2025) is the other player with a shot at the 2026-09-05 opener; both took first-team reps in the spring game. Documented leader by direct head-coach statement, no official naming -> M (not H). Per the L->M rule values REMAIN BLANK, so status correctly stays UNCERTAIN. OPEN RISK: Johnson's durability - season-ending injuries at Texas A&M in 2022 and 2023 and a broken leg in UNC's 2024 opener."
QB VALUES,C132,CUMULATIVE,,Cameran Brown
QB VALUES,D132,CUMULATIVE,,0
QB VALUES,E132,CUMULATIVE,,Cameran Brown
QB VALUES,F132,CUMULATIVE,,0
QB VALUES,H132,CUMULATIVE,,H
QB VALUES,I132,CUMULATIVE,,Georgia State Athletics / 247 (https://georgiastatesports.com/sports/football/roster/cameran-brown/8387)
QB VALUES,J132,CUMULATIVE,,2026
QB VALUES,K132,CUMULATIVE,,2026-07-21 00:00:00
QB VALUES,L132,CUMULATIVE,,"returning starter | 2025: 2025: 1,296 yds, 13 TD (120 comp) | returning starter | VALUE PENDING RUBRIC APPROVAL"
QB VALUES,C133,CUMULATIVE,,Arrington Maiden
QB VALUES,D133,CUMULATIVE,,0
QB VALUES,E133,CUMULATIVE,,Arrington Maiden
QB VALUES,F133,CUMULATIVE,,0
QB VALUES,H133,CUMULATIVE,,M
QB VALUES,I133,CUMULATIVE,,Underdog Dynasty JMU (https://www.underdogdynasty.com/sun-belt-conference/42407/james-madison-reloads-at-qb-with-memphis-transfer-arrington-maiden)
QB VALUES,J133,CUMULATIVE,,2026
QB VALUES,K133,CUMULATIVE,,2026-08-03 00:00:00
QB VALUES,L133,CUMULATIVE,,"VERIFIED 2026-08-03 (with tension): James Madison 'reloads at QB' with Memphis transfer Arrington Maiden, though the same coverage says he is 'expected to COMPETE for the starting role.' Transfer expected to start but not confirmed as the settled leader -> M retained (not H). RECHECK: JMU depth chart or staff naming."
QB VALUES,C134,CUMULATIVE,,Lunch Winfield
QB VALUES,D134,CUMULATIVE,,0
QB VALUES,E134,CUMULATIVE,,Lunch Winfield
QB VALUES,F134,CUMULATIVE,,0
QB VALUES,H134,CUMULATIVE,,H
QB VALUES,I134,CUMULATIVE,,Louisiana Athletics / ESPN (https://ragincajuns.com/sports/football/roster/walker-howard/10140)
QB VALUES,J134,CUMULATIVE,,2026
QB VALUES,K134,CUMULATIVE,,2026-07-21 00:00:00
QB VALUES,L134,CUMULATIVE,,returning starter | 2025: Strong sophomore season | returning starter (locked in) | VALUE PENDING RUBRIC APPROVAL
QB VALUES,C135,CUMULATIVE,,Blake Baker
QB VALUES,D135,CUMULATIVE,,0
QB VALUES,E135,CUMULATIVE,,Blake Baker
QB VALUES,F135,CUMULATIVE,,0
QB VALUES,H135,CUMULATIVE,,H
QB VALUES,I135,CUMULATIVE,,Ruston Daily Leader (https://www.rustonleader.com/sports/baker-enters-2026-season-techs-starting-qb)
QB VALUES,J135,CUMULATIVE,,2026
QB VALUES,K135,CUMULATIVE,,2026-07-21 00:00:00
QB VALUES,L135,CUMULATIVE,,returning starter | 2025: LA Tech 2025 | HC-named starter | VALUE PENDING RUBRIC APPROVAL
QB VALUES,C136,CUMULATIVE,,Carlos Del Rio-Wilson
QB VALUES,D136,CUMULATIVE,,0
QB VALUES,E136,CUMULATIVE,,Carlos Del Rio-Wilson
QB VALUES,F136,CUMULATIVE,,0
QB VALUES,H136,CUMULATIVE,,H
QB VALUES,I136,CUMULATIVE,,ESPN/Athlon Sun Belt 2026 previews (https://www.espn.com/college-football/story/_/id/48759931/2026-sun-belt-conference-college-football-preview-predictions-every-team)
QB VALUES,J136,CUMULATIVE,,2026
QB VALUES,K136,CUMULATIVE,,2026-07-21 00:00:00
QB VALUES,L136,CUMULATIVE,,"returning starter | 2025: 2025: 2,043 pass yds, 714 non-sack rush yds, 10 starts | returning starter | VALUE PENDING RUBRIC APPROVAL"
QB VALUES,C137,CUMULATIVE,,Quinn Henicle
QB VALUES,D137,CUMULATIVE,,0
QB VALUES,E137,CUMULATIVE,,Quinn Henicle (leader; Potter / Huff competing)
QB VALUES,F137,CUMULATIVE,,0
QB VALUES,H137,CUMULATIVE,,M
QB VALUES,I137,CUMULATIVE,,ESPN/Athlon Sun Belt 2026 previews (https://www.espn.com/college-football/story/_/id/48759931/2026-sun-belt-conference-college-football-preview-predictions-every-team)
QB VALUES,J137,CUMULATIVE,,2026
QB VALUES,K137,CUMULATIVE,,2026-08-04 00:00:00
QB VALUES,L137,CUMULATIVE,,"VERIFIED 7D.4A, RE-VERIFIED 7D.5 2026-08-04: the job opened when 2025 starter Colton Joseph transferred to Wisconsin. Quinn Henicle (RS-So) started the 2025 Cure Bowl in his place and was GAME MVP in a 24-10 win over South Florida (11/25, 127 yds; 24 carries, 107 yds, 2 rush TD incl. a 51-yd TD run); he is 2-0 as a starter. Beat coverage says Henicle 'HAS A LEG UP' and is 'the front runner to land the QB1 role', while reporting he 'remains enmeshed in a three-way battle' with RS-Jr JAXON POTTER (Washington State transfer, announced 2026-01-13) and RS-Fr Ryan Huff. Henicle 2026-04-03: 'I'm competing like I'm trying to earn this job.' HC Ricky Rahne (7th season, off 10-3) has NOT named a starter. Leader backed by on-field production rather than name recognition -> M retained (not H); zeros retained; status OK. RECHECK: official Old Dominion depth chart."
QB VALUES,C138,CUMULATIVE,,Bishop Davenport
QB VALUES,D138,CUMULATIVE,,0
QB VALUES,E138,CUMULATIVE,,Bishop Davenport
QB VALUES,F138,CUMULATIVE,,0
QB VALUES,H138,CUMULATIVE,,H
QB VALUES,I138,CUMULATIVE,,South Alabama Athletics / ESPN (https://usajaguars.com/sports/football/roster/bishop-davenport/13011)
QB VALUES,J138,CUMULATIVE,,2026
QB VALUES,K138,CUMULATIVE,,2026-07-21 00:00:00
QB VALUES,L138,CUMULATIVE,,"returning starter | 2025: 2025: 68% comp, 2,072 yds, 12 TD, 6 INT; 326 rush, 9 rush TD | returning starter | VALUE PENDING RUBRIC APPROVAL"
QB VALUES,E139,CUMULATIVE,,Open (White / Hampton / Lyddy)
QB VALUES,H139,CUMULATIVE,,L
QB VALUES,I139,CUMULATIVE,,SI Southern Miss (https://www.si.com/college/southernmiss/from-fourth-string-to-qb1-john-white-turning-heads-at-southern-miss-spring-practice)
QB VALUES,J139,CUMULATIVE,,2026
QB VALUES,K139,CUMULATIVE,,2026-08-04 00:00:00
QB VALUES,L139,CUMULATIVE,,"VERIFIED 7D.5 2026-08-04: HC BLAKE ANDERSON says Landry Lyddy is 'VERY MUCH IN THE RACE' to be Southern Miss's opening-night starter as fall camp nears, alongside John White and Illinois transfer Ethan Hampton. NO single starter named. Genuine open competition -> L retained; values blank; UNCERTAIN. Entry corroborated. (Southern Miss's staff was corrected by the owner in Phase 7C.1: Blake Anderson is the 24th HC, announced 2025-12-11.)"
QB VALUES,C140,CUMULATIVE,,Goose Crowder
QB VALUES,D140,CUMULATIVE,,0
QB VALUES,E140,CUMULATIVE,,Goose Crowder
QB VALUES,F140,CUMULATIVE,,0
QB VALUES,H140,CUMULATIVE,,H
QB VALUES,I140,CUMULATIVE,,ESPN Goose Crowder / Athlon (https://www.espn.com/college-football/player/_/id/4431633/goose-crowder)
QB VALUES,J140,CUMULATIVE,,2026
QB VALUES,K140,CUMULATIVE,,2026-07-21 00:00:00
QB VALUES,L140,CUMULATIVE,,returning starter | 2025: Troy 2025 starter | returning starter | VALUE PENDING RUBRIC APPROVAL
QB VALUES,C141,CUMULATIVE,,Aidan Armenta
QB VALUES,D141,CUMULATIVE,,0
QB VALUES,E141,CUMULATIVE,,Aidan Armenta
QB VALUES,F141,CUMULATIVE,,0
QB VALUES,H141,CUMULATIVE,,H
QB VALUES,I141,CUMULATIVE,,ESPN/Athlon Sun Belt 2026 previews (https://www.espn.com/college-football/story/_/id/48759931/2026-sun-belt-conference-college-football-preview-predictions-every-team)
QB VALUES,J141,CUMULATIVE,,2026
QB VALUES,K141,CUMULATIVE,,2026-07-21 00:00:00
QB VALUES,L141,CUMULATIVE,,returning starter | 2025: ULM 2025 starter | returning starter | VALUE PENDING RUBRIC APPROVAL
QB VALUES,C142,CUMULATIVE,,CJ Carr
QB VALUES,D142,CUMULATIVE,,0
QB VALUES,E142,CUMULATIVE,,CJ Carr
QB VALUES,F142,CUMULATIVE,,0
QB VALUES,H142,CUMULATIVE,,H
QB VALUES,I142,CUMULATIVE,,SI / ESPN (CJ Carr Notre Dame) (https://www.si.com/fannation/college/cfb-hq/news/college-football-top-25-most-important-players-2026-no-13-qb-cj-carr-notre-dame)
QB VALUES,J142,CUMULATIVE,,2026
QB VALUES,K142,CUMULATIVE,,2026-07-21 00:00:00
QB VALUES,L142,CUMULATIVE,,returning starter | 2025: Won job as 2025 opener starter; strong first year | established returning starter | VALUE PENDING RUBRIC APPROVAL
QB VALUES,C143,CUMULATIVE,,Tucker McDonald
QB VALUES,E143,CUMULATIVE,,Unverified (room in flux after HC departure)
QB VALUES,H143,CUMULATIVE,,L
QB VALUES,I143,CUMULATIVE,,SI UConn (Tucker McDonald returns) (https://www.si.com/college/uconn/football/uconn-huskies-tucker-mcdonald-confirms-return-another-season)
QB VALUES,J143,CUMULATIVE,,2026
QB VALUES,K143,CUMULATIVE,,2026-08-03 00:00:00
QB VALUES,L143,CUMULATIVE,,"DEFECT CORRECTED 2026-08-03: prior entry named Tucker McDonald (M) - NOT corroborated by any located source. Verified instead: Jim Mora LEFT UConn for the Colorado State head job; UConn's 2026 QB commit departed after Mora's exit; 2025 starter Joe Fagnano (2,529 yds, 22 TD through nine games) was a senior and is gone. Projected starter CANNOT BE VERIFIED -> L per the standard. Numerical zeros CLEARED to blank per the Akron methodology. RECHECK: UConn athletics depth chart or new-HC presser naming QB1."
CHANGELOG,A58,CUMULATIVE,,v0.7.0
CHANGELOG,B58,CUMULATIVE,,2026-07-21
CHANGELOG,C58,CUMULATIVE,,"Phase 8 (WORKING FILE ONLY — not authoritative): automated 2026 QB research for all 138 FBS teams from current sourced reporting (official athletics, beat writers, ESPN, SI, Athlon, On3/247, Underdog Dynasty, etc.). Populated QB VALUES columns E (Active QB = projected 2026 starter), C (Baseline QB = projected starter for H/M teams; blank for open competitions), H (Confidence H/M/L = certainty of starter identification), I (Source), J (Reviewed for season = 2026), K (Last update), L (Notes)."
CHANGELOG,D58,CUMULATIVE,,Phase 8 - QB research populated (non-numeric)
CHANGELOG,A59,CUMULATIVE,,v0.7.0
CHANGELOG,B59,CUMULATIVE,,2026-07-21
CHANGELOG,C59,CUMULATIVE,,Baseline value (D) and Active value (F) left BLANK: no approved numerical QB-value rubric exists in project architecture docs (confirmed v0.4/v0.5.1 findings). A proposed valuation rubric accompanies this build for approval BEFORE any numbers are entered. QB delta (G) therefore stays blank and all 138 teams remain QB UNCERTAIN by design (status column M unchanged).
CHANGELOG,D59,CUMULATIVE,,Phase 8 - values deferred pending rubric
CHANGELOG,A60,CUMULATIVE,,v0.7.0
CHANGELOG,B60,CUMULATIVE,,2026-07-21
CHANGELOG,C60,CUMULATIVE,,"Confidence distribution: 61 High, 45 Medium, 32 Low (32 unresolved competitions documented, none forced). Authoritative v0.6.2 XLSX and both native Google Sheets (v0.6.2 1H4XBJ..., v0.6.1 1EITbP...) untouched. No market lines, adjustments, ratings, HFA, thresholds, formulas, formatting, or tab structure changed."
CHANGELOG,D60,CUMULATIVE,,Phase 8 - summary + scope confirmation
CHANGELOG,A61,CUMULATIVE,,v0.7.1
CHANGELOG,B61,CUMULATIVE,,2026-07-21
CHANGELOG,C61,CUMULATIVE,,"Phase 8.1 (WORKING FILE ONLY): deviation-only QB zero-initialization (Option A approved). Baseline-identity audit found preseason snapshots load at SP+ = 2026-03-27, FPI = 2026-07-19, TeamRankings = 2026-07-19 (PRESEASON cols E/I/R). All winter-portal transfers and returning starters were priced into all three; Active QB = projected starter for the 105 initialized teams."
CHANGELOG,D61,CUMULATIVE,,Phase 8.1 - baseline-identity audit
CHANGELOG,A62,CUMULATIVE,,v0.7.1
CHANGELOG,B62,CUMULATIVE,,2026-07-21
CHANGELOG,C62,CUMULATIVE,,"Initialized Baseline value (D)=0 and Active value (F)=0 for 105 settled H/M teams -> QB delta (G)=0, status (M)=OK (verified). This sets the preseason QB as the neutral reference (no double-count of QB quality already in TEAM RATINGS). 33 teams left BLANK and QB UNCERTAIN (exceptions): 27 open competitions, 4 injury/availability (Stanford, Syracuse, Texas Tech, North Carolina), 2 conflicting sourcing (Tennessee, Nebraska). No nonzero value entered anywhere."
CHANGELOG,D62,CUMULATIVE,,"Phase 8.1 - zero-init 105, 33 exceptions"
CHANGELOG,A63,CUMULATIVE,,v0.7.1
CHANGELOG,B63,CUMULATIVE,,2026-07-21
CHANGELOG,C63,CUMULATIVE,,"Baseline value & Active value contain only 0 or blank; no nonzero QB adjustment exists. Future nonzero-adjustment rubric proposed (valuation_methodology_report) but NOT approved/applied. Authoritative v0.6.2 XLSX and both native Google Sheets untouched; v0.7.0 research checkpoint preserved. Only QB VALUES D/F (210 cells), banner, and CHANGELOG changed."
CHANGELOG,D63,CUMULATIVE,,Phase 8.1 - scope + future rubric proposed
CHANGELOG,A64,CUMULATIVE,,v0.7.2
CHANGELOG,B64,CUMULATIVE,,2026-07-22
CHANGELOG,C64,CUMULATIVE,,"Phase 8.3 (CANDIDATE — not authoritative): re-verified Vanderbilt's 2026 QB situation. Clark Lea at SEC Media Days (2026-07-21) confirmed a genuine, undecided Jared Curtis vs Blaze Berlowitz competition (Berlowitz a credible veteran with two years in OC Tim Beck's system, Pavia's backup — not a mere backup); Lea declined to name a starter and the battle may run to the opener. Re-verification FAILED: Vanderbilt NOT reclassified L->M and NOT initialized. QB status counts remain 105 OK / 33 UNCERTAIN (not 106/32)."
CHANGELOG,D64,CUMULATIVE,,Phase 8.3 re-verification gate
CHANGELOG,A65,CUMULATIVE,,v0.7.2
CHANGELOG,B65,CUMULATIVE,,2026-07-22
CHANGELOG,C65,CUMULATIVE,,"No QB VALUES data changed vs v0.7.1: Baseline value (D) and Active value (F) still contain only 0 or blank; no nonzero QB deviation exists; formula count unchanged (123,011). The only cells that differ from v0.7.1 are this version banner (START HERE!A1) and these CHANGELOG rows."
CHANGELOG,D65,CUMULATIVE,,Phase 8.3 (null result — no data change)
CHANGELOG,A66,CUMULATIVE,,v0.7.2
CHANGELOG,B66,CUMULATIVE,,2026-07-22
CHANGELOG,C66,CUMULATIVE,,"Methodology cleanup (documentation only): future deviation bands replaced with discrete, non-overlapping quarter-point values (-4.00..+2.00; no backdoor QB value via ADJUSTMENTS); the review trail was moved to a SEPARATE qb_deviation_review_log (CSV/JSON) since the exception tracker has no review-log columns; the exception tracker gained ISO date fields (last_checked/most_recent_source/next_research/resolution)."
CHANGELOG,D66,CUMULATIVE,,Phase 8.3 methodology correction
CHANGELOG,A67,CUMULATIVE,,v0.7.3
CHANGELOG,B67,CUMULATIVE,,2026-08-03
CHANGELOG,C67,CUMULATIVE,,"Phase 7D.1 (CANDIDATE - not authoritative): APPROVED REPAIR. Texas Tech QB confidence L -> M (LIKELY). Basis: surgeon clearance reported; projected Week 1 starter; final TEAM medical clearance still pending (~Aug 21 nine-month ACL mark). Not H - no official naming. Baseline/Active values deliberately left BLANK, so QB delta stays gated and QB status correctly remains UNCERTAIN. No numerical QB value entered."
CHANGELOG,D67,CUMULATIVE,,Owner-approved Option B repair (Phase 7D)
CHANGELOG,A68,CUMULATIVE,,v0.7.3
CHANGELOG,B68,CUMULATIVE,,2026-08-03
CHANGELOG,C68,CUMULATIVE,,Phase 7D.1 FACTUAL CORRECTION: Akron Active QB was 'Ben Finley' (noted as 'returning starter') - Finley GRADUATED after a two-year starting run and is not on the 2026 roster. Corrected to 'Open (Reese Poffenbarger / Brayden Roggow)'; confidence M -> L (no clear QB1; open fall-camp competition). Numerical values left unchanged pending owner review of the L-coded-but-zero-initialized state (open item OI-1).
CHANGELOG,D68,CUMULATIVE,,Live verification 2026-08-03
CHANGELOG,A69,CUMULATIVE,,v0.7.3
CHANGELOG,B69,CUMULATIVE,,2026-08-03
CHANGELOG,C69,CUMULATIVE,,"Tier 1 live verification INCOMPLETE: exactly 59 M/L-coded teams remained unverified entering this phase (not the ~47 estimated in Phase 7D); 6 were freshly verified here (Akron, Ball State, Central Michigan, Toledo, Western Michigan, plus Texas Tech). 53 remain unverified and their last-verified dates were deliberately NOT refreshed. Promotion recommendation: DEFER."
CHANGELOG,D69,CUMULATIVE,,Phase 7D.1 scope disclosure
CHANGELOG,A70,CUMULATIVE,,v0.7.4
CHANGELOG,B70,CUMULATIVE,,2026-08-03
CHANGELOG,C70,CUMULATIVE,,"Phase 7D.2 APPROVED CONSISTENCY REPAIR: Akron (row 105) Baseline/Active numerical values CLEARED from 0 to blank. Akron has a genuine unresolved QB competition; zero would imply both starter and replacement were affirmatively evaluated at zero, whereas blank correctly represents an unresolved numerical assessment. Confidence stays L; QB delta stays blank; status stays UNCERTAIN. No rating or spread effect."
CHANGELOG,D70,CUMULATIVE,,Owner-approved 7D.2 repair
CHANGELOG,A71,CUMULATIVE,,v0.7.4
CHANGELOG,B71,CUMULATIVE,,2026-08-03
CHANGELOG,C71,CUMULATIVE,,"Phase 7D.2 BATCH 1 (MAC + Conference USA) live verification: 14 teams in scope. 7 records CONFIRMED accurate (Bowling Green, UMass, Liberty, Middle Tennessee, Sam Houston, Western Kentucky, plus Ohio re-coded). ONE classification change: Ohio L -> M (HC John Hauser describes Nick Poulos as the leader; no Week 1 starter named). Liberty active-QB entry refined to the verified three-way transfer race. No new numerical QB value populated."
CHANGELOG,D71,CUMULATIVE,,Batch 1 verification
CHANGELOG,A72,CUMULATIVE,,v0.7.4
CHANGELOG,B72,CUMULATIVE,,2026-08-03
CHANGELOG,C72,CUMULATIVE,,"Phase 7D.2 SCOPE DISCLOSURE: exact backlog re-derived as 54 (Phase 7D.1 reported 53 - it double-counted Texas Tech, which was already verified in Phase 7B). Of 14 Batch 1 teams, 7 verified, 1 unresolved source conflict (Miami OH: candidate lists Thomas Gotkowski while one outlet references a Kansas transfer as projected starter), and 6 not verified (Buffalo, Sacramento State, FIU, Kennesaw State, Missouri State, New Mexico State). Dates for unverified teams deliberately NOT refreshed. Backlog remaining: 47. Promotion: DEFER."
CHANGELOG,D72,CUMULATIVE,,Batch 1 scope disclosure
CHANGELOG,A73,CUMULATIVE,,v0.7.5
CHANGELOG,B73,CUMULATIVE,,2026-08-03
CHANGELOG,C73,CUMULATIVE,,"Phase 7D.3 BATCH 2 (Power conferences + Independent): 16 teams in scope (Big Ten 6, Big 12 4, ACC 3, SEC 2, Independent 1). 9 verified - 8 records CONFIRMED accurate (Minnesota, Michigan State, Purdue, Wisconsin, Arizona State, West Virginia, Virginia, Wake Forest) and 1 RECLASSIFIED: Rutgers L -> M (Dylan Lonergan described as the likely starter with AJ Surace competing = clear leader with competition). No new numerical QB value populated; Rutgers values remain BLANK per the L->M rule, so its status stays UNCERTAIN."
CHANGELOG,D73,CUMULATIVE,,Batch 2 verification
CHANGELOG,A74,CUMULATIVE,,v0.7.5
CHANGELOG,B74,CUMULATIVE,,2026-08-03
CHANGELOG,C74,CUMULATIVE,,"Phase 7D.3 SCOPE DISCLOSURE: 7 of the 16 Batch 2 teams could NOT be verified - Iowa, Kansas, Houston, Duke, Arkansas, Mississippi State, UConn. Their last-verified dates were deliberately NOT refreshed (still 2026-07-21). Duke is a specific gap: reporting confirms Darian Mensah left for Miami and that Duke was 'in a pinch' at QB, but no source located names Walker Eget (the candidate entry) as the replacement. Backlog: 47 -> 38 (7 P4/Independent + 31 Group of Five). Promotion: DEFER."
CHANGELOG,D74,CUMULATIVE,,Batch 2 scope disclosure
CHANGELOG,A75,CUMULATIVE,,v0.7.6
CHANGELOG,B75,CUMULATIVE,,2026-08-03
CHANGELOG,C75,CUMULATIVE,,"Phase 7D.3A BATCH 2 STRAGGLER RESOLUTION: all SEVEN remaining Power-conference/Independent records resolved. TWO DEFECTS FOUND: Arkansas M->L (HC Silverfield says the KJ Jackson vs AJ Hill battle could last to the Sept 5 opener; 'wide open' since February) and UConn M->L (named starter Tucker McDonald uncorroborated; Jim Mora left for Colorado State, the 2026 QB commit departed, and 2025 starter Joe Fagnano graduated - projected starter cannot be verified). Both had zero numerical inputs CLEARED to blank per the approved Akron consistency methodology."
CHANGELOG,D75,CUMULATIVE,,Batch 2 straggler resolution
CHANGELOG,A76,CUMULATIVE,,v0.7.6
CHANGELOG,B76,CUMULATIVE,,2026-08-03
CHANGELOG,C76,CUMULATIVE,,"Phase 7D.3A UPGRADES AND CONFIRMATIONS: Houston M->H (Conner Weigman, returning starter entering his second season, official roster, announced return, no competition reported) and Mississippi State M->H (Kamario Taylor, 'unquestioned starter - no competition, no committee, no asterisk' at SEC Media Days; only the No.2 job is open). Both RETAIN zero initialization, correct for H. Duke CONFIRMED at M and the 7D.3 conflict RESOLVED - Walker Eget is on the official roster and is the expected Week 1 starter within a five-way competition. Iowa and Kansas CONFIRMED at L with entries refined to their actual competitions."
CHANGELOG,D76,CUMULATIVE,,Batch 2 straggler resolution
CHANGELOG,A77,CUMULATIVE,,v0.7.6
CHANGELOG,B77,CUMULATIVE,,2026-08-03
CHANGELOG,C77,CUMULATIVE,,"Phase 7D.3A RESULT: Batch 2 is now COMPLETE - all 16 Power-conference/Independent teams verified. Backlog 38 -> 31, consisting ONLY of Group of Five teams (Pac-12 6, American 6, Mountain West 6, Sun Belt 6, CUSA 4, MAC 3). Counts: 63 H / 43 M / 32 L; status 102 OK / 36 UNCERTAIN; 0 nonzero deltas. Promotion remains DEFERRED."
CHANGELOG,D77,CUMULATIVE,,Batch 2 completion
CHANGELOG,A78,CUMULATIVE,,v0.7.7
CHANGELOG,B78,CUMULATIVE,,2026-08-03
CHANGELOG,C78,CUMULATIVE,,"Phase 7D.4 FINAL G5 BATCH: 31 teams in scope; 26 VERIFIED, 5 not verified (North Texas, Texas State, Washington State, Georgia Southern, Old Dominion - dates NOT refreshed). TWO STALE-ENTRY DEFECTS: Buffalo listed CJ Ogbonna, its 2024 SENIOR starter no longer on the roster (corrected to the Wright/Cumbie/Holmes room), and Northern Illinois listed 'Davidson/Macon/Hamric' none of whom appear in current coverage (corrected to Taron Dickens, Western Carolina transfer and FCS Walter Payton Award runner-up; L->M). ONE CLASSIFICATION DEFECT: Appalachian State M->L - Singleton and Hasselbeck are 'main competitors' with no leader; M was resting on name recognition. Zeros CLEARED to blank."
CHANGELOG,D78,CUMULATIVE,,Final G5 verification batch
CHANGELOG,A79,CUMULATIVE,,v0.7.7
CHANGELOG,B79,CUMULATIVE,,2026-08-03
CHANGELOG,C79,CUMULATIVE,,"Phase 7D.4 MIAMI (OH) CONFLICT RESOLVED: both 7D.2 claims reconciled. Thomas Gotkowski IS on the official roster (3 starts in 2025 incl. the MAC title-clinching win); the 'Kansas transfer' is DAVID McCOMB, not Isaiah Marshall (who remains at Kansas). Three-way race with senior transfer Caleb Heavner; L retained. OTHER CODE CHANGES: UTEP M->H (EJ Colson officially NAMED starter in spring; zeros retained) and Oregon State L->M (Maalik Murphy leads; a 'named starter' headline is in tension with active-competition language, so M not H; values stay blank)."
CHANGELOG,D79,CUMULATIVE,,Final G5 verification batch
CHANGELOG,A80,CUMULATIVE,,v0.7.7
CHANGELOG,B80,CUMULATIVE,,2026-08-03
CHANGELOG,C80,CUMULATIVE,,"Phase 7D.4 RESULT: backlog 31 -> 5. Counts 64 H / 43 M / 31 L; status 101 OK / 37 UNCERTAIN; 0 nonzero QB values; blank 37 / zero 101. Five teams remain unverified and are NOT date-refreshed. Promotion recommendation: OPTION B - DEFER AND REPAIR, because the backlog has not reached zero."
CHANGELOG,D80,CUMULATIVE,,Final G5 batch result
CHANGELOG,A81,CUMULATIVE,,v0.7.8
CHANGELOG,B81,CUMULATIVE,,2026-08-04
CHANGELOG,C81,CUMULATIVE,,"Phase 7D.4A FINAL FIVE QB RESOLUTION: Texas State, Washington State, North Texas, Georgia Southern and Old Dominion resolved by team-specific sourcing. BACKLOG 5 -> 0. THREE CONFIRMED at M with refined entries: Texas State (Brad Jackson, returning 2025 starter, 3,050 pass yds / 18 TD / 71.5%, top-G5 QB per The Athletic, no competition), North Texas (HC Neal Brown on the 2026-07-29 American Kickoff broadcast: Tayven Jackson 'now has a slight lead' in a three-man race with Chaston Ditta and Chris Jimerson Jr.; coaching change from Eric Morris to Neal Brown verified) and Old Dominion (Quinn Henicle, Cure Bowl MVP and 2-0 as a starter, 'has a leg up' in a three-way battle with Jaxon Potter and Ryan Huff)."
CHANGELOG,D81,CUMULATIVE,,Final five QB resolution
CHANGELOG,A82,CUMULATIVE,,v0.7.8
CHANGELOG,B82,CUMULATIVE,,2026-08-04
CHANGELOG,C82,CUMULATIVE,,"Phase 7D.4A DEFECTS: (1) WASHINGTON STATE M -> L - prior entry asserted Caden Pinnick as projected QB1, but HeraldNet (2026-07-30) reports a 'wide-open QB competition', The Columbian (2026-08-01) calls the situation 'unresolved', HC Kirby Moore declined to name a preference, and the Spokesman-Review beat reports Pinnick 'wasn't able to create meaningful separation from Eshelman'. Numerical zeros CLEARED to blank. (2) GEORGIA SOUTHERN stale entry L -> M - prior entry read 'Open (Weston Bryan / Turner Helton)' and omitted Max Johnson entirely; HC Clay Helton at Sun Belt Media Days (2026-07-15) said Johnson 'is expected to be the starter if the season began today'. Values remain blank per the L->M rule."
CHANGELOG,D82,CUMULATIVE,,Final five QB resolution
CHANGELOG,A83,CUMULATIVE,,v0.7.8
CHANGELOG,B83,CUMULATIVE,,2026-08-04
CHANGELOG,C83,CUMULATIVE,,"Phase 7D.4A RESULT: QB verification backlog = 0. Counts 64 H / 43 M / 31 L (net unchanged - the WSU M->L and GASO L->M changes offset); status 100 OK / 38 UNCERTAIN; blank 38 / zero 100; 0 nonzero QB values; 0 formula changes. Cumulative defect pattern holds: every classification defect found in this project (Akron, Arkansas, UConn, Buffalo, Northern Illinois, Appalachian State, Washington State) was an unsupported M or a named starter the evidence did not support - never a team rated too uncertain."
CHANGELOG,D83,CUMULATIVE,,Final five batch result
CHANGELOG,A84,CUMULATIVE,,v0.7.9
CHANGELOG,B84,CUMULATIVE,,2026-08-04
CHANGELOG,C84,CUMULATIVE,,"Phase 7D.5 FINAL QB-VERIFICATION CANDIDATE. Closes finding F-7 from Phase 7D.4A: 21 Tier-1 (M/L) records were credited as verified in the phase ledger but still carried their original 2026-07-21 build stamp and build note, so the workbook could not substantiate its own verification claim. All 21 received a fresh team-specific pass and are now stamped. Every Tier-1 record in the dataset now carries an in-workbook verification date and evidence note. The five 7D.4A teams were also re-verified against official/primary sources and their notes refreshed."
CHANGELOG,D84,CUMULATIVE,,F-7 closeout
CHANGELOG,A85,CUMULATIVE,,v0.7.9
CHANGELOG,B85,CUMULATIVE,,2026-08-04
CHANGELOG,C85,CUMULATIVE,,"Phase 7D.5 CORRECTIONS (3): (1) MISSOURI M -> H - HC Eli Drinkwitz OFFICIALLY NAMED Austin Simmons the 2026 starter on 2026-03-19 over Matt Zollers and Nick Evers; the prior entry read 'projected leader, some competition', which was stale. Zeros retained. (2) NORTH CAROLINA M -> L - no starter named; 'UNC quarterback battle remains WIDE OPEN' (2026-07-18) with four candidates (Billy Edwards Jr., Miles O'Neill, Au'Tori Newkirk, Travis Burgess) and Belichick leaving it open. Zeros CLEARED. (3) UNLV M -> L - the Las Vegas Review-Journal (2026-07-28) reports 'coaches won't name a front-runner throughout training camp' in a genuine Jackson Arnold vs Alex Orji battle; the prior note's word 'verified' was unsupported. Zeros CLEARED. Also corrected: NEW FACTS on Texas State (Boston College transfer Shaker Reisig is the primary BACKUP, not a challenger; Jackson was 2026 Armed Forces Bowl MVP) and North Texas (replacing Drew Mestemaker, the 2025 national passing-yards leader)."
CHANGELOG,D85,CUMULATIVE,,F-7 closeout
CHANGELOG,A86,CUMULATIVE,,v0.7.9
CHANGELOG,B86,CUMULATIVE,,2026-08-04
CHANGELOG,C86,CUMULATIVE,,"Phase 7D.5 RESULT: QB verification backlog = 0 AND audit-trail gap = 0. Counts 65 H / 40 M / 33 L; status 98 OK / 40 UNCERTAIN; blank 39 / zero 99; 0 nonzero QB values; 0 formula changes. Vanderbilt's Phase 8.3 FAILED re-verification is now closed at L. DEFECT PATTERN - AND ITS FIRST EXCEPTION: 11 defects across 80 team-specific passes (about 1 in 7). Ten were over-confident: an unsupported M or a stale named starter (Akron, Arkansas, UConn, Buffalo, Northern Illinois, Appalachian State, Washington State, Georgia Southern, North Carolina, UNLV). MISSOURI IS THE FIRST DEFECT IN THE OPPOSITE DIRECTION - a record rated TOO UNCERTAIN (M) when the starter had been officially named five months earlier. The prior claim that no team was ever rated too uncertain no longer holds and is corrected here."
CHANGELOG,D86,CUMULATIVE,,Final QB verification result
