id,season,week,start_date,neutral_site,away_team,away_conference,home_team,home_conference,away_points,home_points,completed,venue,notes
401856766,2026,0,2026-08-29,TRUE,North Carolina Tar Heels,Atlantic Coast Conference,TCU Horned Frogs,Big 12 Conference,,,FALSE,Aviva Stadium,"ESPN event note: Aer Lingus College Football Classic | ESPN source: season_type=2 (regular-season), week=1. Normalized to project Week 0 (opening slate before the 2026-09-03 Week 1 kickoff)."
401858201,2026,0,2026-08-29,FALSE,Hawai'i Rainbow Warriors,Mountain West Conference,Stanford Cardinal,Atlantic Coast Conference,,,FALSE,Stanford Stadium,"ESPN source: season_type=2 (regular-season), week=1. Normalized to project Week 0 (opening slate before the 2026-09-03 Week 1 kickoff)."
401858202,2026,0,2026-08-29,FALSE,NC State Wolfpack,Atlantic Coast Conference,Virginia Cavaliers,Atlantic Coast Conference,,,FALSE,Scott Stadium,"ESPN source: season_type=2 (regular-season), week=1. Normalized to project Week 0 (opening slate before the 2026-09-03 Week 1 kickoff)."
401864494,2026,0,2026-08-29,FALSE,San José State Spartans,Mountain West Conference,USC Trojans,Big Ten Conference,,,FALSE,Los Angeles Memorial Coliseum,"ESPN source: season_type=2 (regular-season), week=1. Normalized to project Week 0 (opening slate before the 2026-09-03 Week 1 kickoff)."
401864570,2026,0,2026-08-29,FALSE,New Mexico State Aggies,Conference USA,Florida State Seminoles,Atlantic Coast Conference,,,FALSE,Doak Campbell Stadium,"ESPN source: season_type=2 (regular-season), week=1. Normalized to project Week 0 (opening slate before the 2026-09-03 Week 1 kickoff)."
401864577,2026,0,2026-08-29,FALSE,Jacksonville State Gamecocks,Conference USA,North Dakota State Bison,Mountain West Conference,,,FALSE,Fargodome,"North Dakota State: ESPN structured conferenceId already matches approved 2026 assignment (Mountain West Conference). | ESPN source: season_type=2 (regular-season), week=1. Normalized to project Week 0 (opening slate before the 2026-09-03 Week 1 kickoff)."
401866408,2026,0,2026-08-29,FALSE,Sacramento State Hornets,Mid-American Conference,Eastern Michigan Eagles,Mid-American Conference,,,FALSE,Rynearson Stadium,"Sacramento State: ESPN structured conferenceId already matches approved 2026 assignment (Mid-American Conference). | ESPN source: season_type=2 (regular-season), week=1. Normalized to project Week 0 (opening slate before the 2026-09-03 Week 1 kickoff)."
401862693,2026,0,2026-08-29,FALSE,Memphis Tigers,American Conference,UNLV Rebels,Mountain West Conference,,,FALSE,Allegiant Stadium,"ESPN source: season_type=2 (regular-season), week=1. Normalized to project Week 0 (opening slate before the 2026-09-03 Week 1 kickoff)."
401856767,2026,1,2026-09-03,FALSE,Bethune-Cookman Wildcats,Southwestern Athletic Conference,UCF Knights,Big 12 Conference,,,FALSE,Acrisure Bounce House,
401858204,2026,1,2026-09-03,FALSE,Akron Zips,Mid-American Conference,Wake Forest Demon Deacons,Atlantic Coast Conference,,,FALSE,Allegacy Federal Credit Union Stadium,
401858423,2026,1,2026-09-03,FALSE,Massachusetts Minutemen,Mid-American Conference,Rutgers Scarlet Knights,Big Ten Conference,,,FALSE,SHI Stadium,
401864424,2026,1,2026-09-03,FALSE,Merrimack Warriors,FCS Independents,Delaware Blue Hens,Conference USA,,,FALSE,Delaware Stadium,
401864425,2026,1,2026-09-03,FALSE,West Georgia Wolves,United Athletic Conference,Kennesaw State Owls,Conference USA,,,FALSE,Walens Family Field at Fifth Third Stadium,
401866409,2026,1,2026-09-03,FALSE,UAlbany Great Danes,Coastal Athletic Association,Buffalo Bulls,Mid-American Conference,,,FALSE,Broadview Stadium,
401856663,2026,1,2026-09-03,FALSE,Arkansas-Pine Bluff Golden Lions,Southwestern Athletic Conference,Missouri Tigers,Southeastern Conference,,,FALSE,Memorial Stadium,
401856768,2026,1,2026-09-03,FALSE,Idaho Vandals,Big Sky Conference,Utah Utes,Big 12 Conference,,,FALSE,Rice-Eccles Stadium,
401856776,2026,1,2026-09-03,FALSE,Colorado Buffaloes,Big 12 Conference,Georgia Tech Yellow Jackets,Atlantic Coast Conference,,,FALSE,Bobby Dodd Stadium,
401858422,2026,1,2026-09-03,FALSE,Eastern Illinois Panthers,OVC-Big South Association,Minnesota Golden Gophers,Big Ten Conference,,,FALSE,Huntington Bank Stadium,
401858424,2026,1,2026-09-03,FALSE,UAB Blazers,American Conference,Illinois Fighting Illini,Big Ten Conference,,,FALSE,Gies Memorial Stadium,
401858435,2026,1,2026-09-04,FALSE,Indiana State Sycamores,Missouri Valley Football Conference,Purdue Boilermakers,Big Ten Conference,,,FALSE,Ross-Ade Stadium,
401864495,2026,1,2026-09-04,FALSE,San José State Spartans,Mountain West Conference,Eastern Michigan Eagles,Mid-American Conference,,,FALSE,Rynearson Stadium,
401866623,2026,1,2026-09-04,FALSE,North Carolina A&T Aggies,Coastal Athletic Association,Georgia State Panthers,Sun Belt Conference,,,FALSE,Center Parc Stadium,
401856634,2026,1,2026-09-05,FALSE,East Carolina Pirates,American Conference,Alabama Crimson Tide,Southeastern Conference,,,FALSE,Bryant-Denny Stadium,
401856635,2026,1,2026-09-05,FALSE,North Alabama Lions,United Athletic Conference,Arkansas Razorbacks,Southeastern Conference,,,FALSE,Donald W. Reynolds Razorback Stadium,
401856636,2026,1,2026-09-05,TRUE,Baylor Bears,Big 12 Conference,Auburn Tigers,Southeastern Conference,,,FALSE,Mercedes-Benz Stadium,ESPN event note: Aflac Kickoff
401856637,2026,1,2026-09-05,FALSE,Florida Atlantic Owls,American Conference,Florida Gators,Southeastern Conference,,,FALSE,Ben Hill Griffin Stadium,
401856658,2026,1,2026-09-05,FALSE,Tennessee State Tigers,OVC-Big South Association,Georgia Bulldogs,Southeastern Conference,,,FALSE,Sanford Stadium,
401856659,2026,1,2026-09-05,FALSE,Youngstown State Penguins,Missouri Valley Football Conference,Kentucky Wildcats,Southeastern Conference,,,FALSE,Kroger Field,
401856660,2026,1,2026-09-05,FALSE,Clemson Tigers,Atlantic Coast Conference,LSU Tigers,Southeastern Conference,,,FALSE,Tiger Stadium (LA),
401856662,2026,1,2026-09-05,FALSE,UL Monroe Warhawks,Sun Belt Conference,Mississippi State Bulldogs,Southeastern Conference,,,FALSE,Davis Wade Stadium,
401856664,2026,1,2026-09-04,FALSE,UTEP Miners,Mountain West Conference,Oklahoma Sooners,Southeastern Conference,,,FALSE,"Memorial Stadium (Norman, OK)",
401856665,2026,1,2026-09-05,FALSE,Kent State Golden Flashes,Mid-American Conference,South Carolina Gamecocks,Southeastern Conference,,,FALSE,Williams-Brice Stadium,
401856666,2026,1,2026-09-05,FALSE,Furman Paladins,Southern Conference,Tennessee Volunteers,Southeastern Conference,,,FALSE,Neyland Stadium,
401856667,2026,1,2026-09-05,FALSE,Texas State Bobcats,Pac-12 Conference,Texas Longhorns,Southeastern Conference,,,FALSE,DKR-Texas Memorial Stadium,
401856668,2026,1,2026-09-05,FALSE,Missouri State Bears,Conference USA,Texas A&M Aggies,Southeastern Conference,,,FALSE,Kyle Field,
401856669,2026,1,2026-09-05,FALSE,Austin Peay Governors,United Athletic Conference,Vanderbilt Commodores,Southeastern Conference,,,FALSE,FirstBank Stadium,
401856769,2026,1,2026-09-04,FALSE,Long Island University Sharks,Northeast Conference,Kansas Jayhawks,Big 12 Conference,,,FALSE,David Booth Kansas Memorial Stadium,
401856770,2026,1,2026-09-05,FALSE,Abilene Christian Wildcats,United Athletic Conference,Texas Tech Red Raiders,Big 12 Conference,,,FALSE,Galaxy Stadium,
401856771,2026,1,2026-09-05,FALSE,Nicholls Colonels,Southland Conference,Kansas State Wildcats,Big 12 Conference,,,FALSE,Bill Snyder Family Stadium,
401856772,2026,1,2026-09-05,FALSE,Oklahoma State Cowboys,Big 12 Conference,Tulsa Golden Hurricane,American Conference,,,FALSE,H. A. Chapman Stadium,
401856777,2026,1,2026-09-05,FALSE,Boston College Eagles,Atlantic Coast Conference,Cincinnati Bearcats,Big 12 Conference,,,FALSE,Nippert Stadium,
401856778,2026,1,2026-09-05,FALSE,Oregon State Beavers,Pac-12 Conference,Houston Cougars,Big 12 Conference,,,FALSE,TDECU Stadium,
401856779,2026,1,2026-09-05,FALSE,Southeast Missouri State Redhawks,OVC-Big South Association,Iowa State Cyclones,Big 12 Conference,,,FALSE,Jack Trice Stadium,
401856780,2026,1,2026-09-05,FALSE,Coastal Carolina Chanticleers,Sun Belt Conference,West Virginia Mountaineers,Big 12 Conference,,,FALSE,Milan Puskar Stadium,
401858206,2026,1,2026-09-04,FALSE,Miami Hurricanes,Atlantic Coast Conference,Stanford Cardinal,Atlantic Coast Conference,,,FALSE,Stanford Stadium,
401858207,2026,1,2026-09-05,FALSE,Miami (OH) RedHawks,Mid-American Conference,Pittsburgh Panthers,Atlantic Coast Conference,,,FALSE,Acrisure Stadium,
401858208,2026,1,2026-09-05,FALSE,New Hampshire Wildcats,Coastal Athletic Association,Syracuse Orange,Atlantic Coast Conference,,,FALSE,JMA Wireless Dome,
401858209,2026,1,2026-09-05,FALSE,Tulane Green Wave,American Conference,Duke Blue Devils,Atlantic Coast Conference,,,FALSE,Wallace Wade Stadium,
401858211,2026,1,2026-09-05,FALSE,VMI Keydets,Southern Conference,Virginia Tech Hokies,Atlantic Coast Conference,,,FALSE,Lane Stadium,
401858425,2026,1,2026-09-05,FALSE,North Texas Mean Green,American Conference,Indiana Hoosiers,Big Ten Conference,,,FALSE,"Memorial Stadium (Bloomington, IN)",
401858426,2026,1,2026-09-05,FALSE,Northern Illinois Huskies,Mountain West Conference,Iowa Hawkeyes,Big Ten Conference,,,FALSE,Kinnick Stadium,
401858428,2026,1,2026-09-05,FALSE,Western Michigan Broncos,Mid-American Conference,Michigan Wolverines,Big Ten Conference,,,FALSE,Michigan Stadium,
401858429,2026,1,2026-09-04,FALSE,Toledo Rockets,Mid-American Conference,Michigan State Spartans,Big Ten Conference,,,FALSE,Spartan Stadium,
401858430,2026,1,2026-09-05,FALSE,Ohio Bobcats,Mid-American Conference,Nebraska Cornhuskers,Big Ten Conference,,,FALSE,"Memorial Stadium (Lincoln, NE)",
401858432,2026,1,2026-09-05,FALSE,Ball State Cardinals,Mid-American Conference,Ohio State Buckeyes,Big Ten Conference,,,FALSE,Ohio Stadium,
401858433,2026,1,2026-09-05,FALSE,Boise State Broncos,Pac-12 Conference,Oregon Ducks,Big Ten Conference,,,FALSE,Autzen Stadium,
401858434,2026,1,2026-09-05,FALSE,Marshall Thundering Herd,Sun Belt Conference,Penn State Nittany Lions,Big Ten Conference,,,FALSE,Beaver Stadium,
401858436,2026,1,2026-09-04,FALSE,Fresno State Bulldogs,Pac-12 Conference,USC Trojans,Big Ten Conference,,,FALSE,Los Angeles Memorial Coliseum,
401860878,2026,1,2026-09-05,FALSE,Wyoming Cowboys,Mountain West Conference,Colorado State Rams,Pac-12 Conference,,,FALSE,Canvas Stadium,
401860880,2026,1,2026-09-05,FALSE,Idaho State Bengals,Big Sky Conference,Utah State Aggies,Pac-12 Conference,,,FALSE,Maverik Stadium,
401861962,2026,1,2026-09-05,FALSE,Lafayette Leopards,Patriot League,UConn Huskies,FBS Independents,,,FALSE,Pratt & Whitney Stadium,
401862694,2026,1,2026-09-05,FALSE,The Citadel Bulldogs,Southern Conference,Charlotte 49ers,American Conference,,,FALSE,Jerry Richardson Stadium,
401862695,2026,1,2026-09-05,FALSE,Arkansas State Red Wolves,Sun Belt Conference,Memphis Tigers,American Conference,,,FALSE,Simmons Bank Liberty Stadium,
401862696,2026,1,2026-09-05,FALSE,Towson Tigers,Coastal Athletic Association,Navy Midshipmen,American Conference,,,FALSE,Navy-Marine Corps Memorial Stadium,
401862697,2026,1,2026-09-05,FALSE,Houston Christian Huskies,Southland Conference,Rice Owls,American Conference,,,FALSE,Rice Stadium,
401862698,2026,1,2026-09-05,FALSE,Rhode Island Rams,Coastal Athletic Association,Temple Owls,American Conference,,,FALSE,Lincoln Financial Field,
401862699,2026,1,2026-09-05,FALSE,Florida International Panthers,Conference USA,South Florida Bulls,American Conference,,,FALSE,Raymond James Stadium,
401862700,2026,1,2026-09-05,FALSE,UT Rio Grande Valley Vaqueros,Southland Conference,UTSA Roadrunners,American Conference,,,FALSE,Alamodome,
401862701,2026,1,2026-09-05,FALSE,Bryant Bulldogs,Coastal Athletic Association,Army Black Knights,American Conference,,,FALSE,Michie Stadium,
401864496,2026,1,2026-09-05,FALSE,Duquesne Dukes,Northeast Conference,Air Force Falcons,Mountain West Conference,,,FALSE,Falcon Stadium,
401864499,2026,1,2026-09-05,FALSE,Fordham Rams,Patriot League,North Dakota State Bison,Mountain West Conference,,,FALSE,Fargodome,North Dakota State: ESPN structured conferenceId already matches approved 2026 assignment (Mountain West Conference).
401866410,2026,1,2026-09-05,FALSE,Tarleton State Texans,United Athletic Conference,Bowling Green Falcons,Mid-American Conference,,,FALSE,Doyt L. Perry Stadium,
401866627,2026,1,2026-09-05,FALSE,Maine Black Bears,Coastal Athletic Association,App State Mountaineers,Sun Belt Conference,,,FALSE,Kidd Brewer Stadium,
401867866,2026,1,2026-09-05,FALSE,Murray State Racers,Missouri Valley Football Conference,Middle Tennessee Blue Raiders,Conference USA,,,FALSE,"Johnny ""Red"" Floyd Stadium",
401867973,2026,1,2026-09-05,FALSE,Norfolk State Spartans,Mid-Eastern Athletic Conference,Old Dominion Monarchs,Sun Belt Conference,,,FALSE,S.B. Ballard Stadium,
401868140,2026,1,2026-09-05,FALSE,Eastern Kentucky Colonels,United Athletic Conference,Jacksonville State Gamecocks,Conference USA,,,FALSE,AmFirst Stadium,
401868170,2026,1,2026-09-05,FALSE,Charleston Southern Buccaneers,OVC-Big South Association,Georgia Southern Eagles,Sun Belt Conference,,,FALSE,Allen E. Paulson Stadium,
401868316,2026,1,2026-09-05,FALSE,SE Louisiana Lions,Southland Conference,South Alabama Jaguars,Sun Belt Conference,,,FALSE,Hancock Whitney Stadium,
401868356,2026,1,2026-09-05,FALSE,Alcorn State Braves,Southwestern Athletic Conference,Southern Miss Golden Eagles,Sun Belt Conference,,,FALSE,M. M. Roberts Stadium,
401869129,2026,1,2026-09-05,FALSE,Northwestern State Demons,Southland Conference,Louisiana Tech Bulldogs,Sun Belt Conference,,,FALSE,Joe Aillet Stadium,
401869960,2026,1,2026-09-05,FALSE,Liberty Flames,Conference USA,James Madison Dukes,Sun Belt Conference,,,FALSE,Bridgeforth Stadium,
401870763,2026,1,2026-09-05,FALSE,Sam Houston Bearkats,Conference USA,Troy Trojans,Sun Belt Conference,,,FALSE,Veterans Memorial Stadium (AL),
401856661,2026,1,2026-09-06,TRUE,Louisville Cardinals,Atlantic Coast Conference,Ole Miss Rebels,Southeastern Conference,,,FALSE,Nissan Stadium,ESPN event note: Liberty Mutual Music City Kickoff
401856773,2026,1,2026-09-05,FALSE,Northern Arizona Lumberjacks,Big Sky Conference,Arizona Wildcats,Big 12 Conference,,,FALSE,Casino Del Sol Stadium,
401856774,2026,1,2026-09-05,FALSE,Morgan State Bears,Mid-Eastern Athletic Conference,Arizona State Sun Devils,Big 12 Conference,,,FALSE,Mountain America Stadium,
401856775,2026,1,2026-09-05,FALSE,Utah Tech Trailblazers,Big Sky Conference,BYU Cougars,Big 12 Conference,,,FALSE,LaVell Edwards Stadium,
401858210,2026,1,2026-09-05,FALSE,UCLA Bruins,Big Ten Conference,California Golden Bears,Atlantic Coast Conference,,,FALSE,California Memorial Stadium,
401858427,2026,1,2026-09-05,FALSE,Hampton Pirates,Coastal Athletic Association,Maryland Terrapins,Big Ten Conference,,,FALSE,SECU Stadium,
401858431,2026,1,2026-09-05,FALSE,South Dakota State Jackrabbits,Missouri Valley Football Conference,Northwestern Wildcats,Big Ten Conference,,,FALSE,Northwestern Medicine Field at Martin Stadium,
401858437,2026,1,2026-09-06,FALSE,Washington State Cougars,Pac-12 Conference,Washington Huskies,Big Ten Conference,,,FALSE,Husky Stadium,
401858438,2026,1,2026-09-06,TRUE,Wisconsin Badgers,Big Ten Conference,Notre Dame Fighting Irish,FBS Independents,,,FALSE,Lambeau Field,
401860879,2026,1,2026-09-05,FALSE,Portland State Vikings,Big Sky Conference,San Diego State Aztecs,Pac-12 Conference,,,FALSE,Snapdragon Stadium,
401864432,2026,1,2026-09-05,FALSE,Western Kentucky Hilltoppers,Conference USA,Nevada Wolf Pack,Mountain West Conference,,,FALSE,Mackay Stadium,
401864497,2026,1,2026-09-05,FALSE,UNLV Rebels,Mountain West Conference,Hawai'i Rainbow Warriors,Mountain West Conference,,,FALSE,Clarence T.C. Ching Athletics Complex,
401864498,2026,1,2026-09-05,FALSE,Central Michigan Chippewas,Mid-American Conference,New Mexico Lobos,Mountain West Conference,,,FALSE,University Stadium (NM),
401866411,2026,1,2026-09-05,FALSE,Mississippi Valley State Delta Devils,Southwestern Athletic Conference,Sacramento State Hornets,Mid-American Conference,,,FALSE,Hornet Stadium,Sacramento State: ESPN structured conferenceId already matches approved 2026 assignment (Mid-American Conference).
401869142,2026,1,2026-09-05,FALSE,Lamar Cardinals,Southland Conference,Louisiana Ragin' Cajuns,Sun Belt Conference,,,FALSE,Our Lady of Lourdes Stadium,
401870790,2026,1,2026-09-05,FALSE,Mercyhurst Lakers,Northeast Conference,New Mexico State Aggies,Conference USA,,,FALSE,Aggie Memorial Stadium,
401858212,2026,1,2026-09-07,FALSE,SMU Mustangs,Atlantic Coast Conference,Florida State Seminoles,Atlantic Coast Conference,,,FALSE,Doak Campbell Stadium,
401858213,2026,2,2026-09-10,FALSE,Florida A&M Rattlers,Southwestern Athletic Conference,Miami Hurricanes,Atlantic Coast Conference,,,FALSE,Hard Rock Stadium,
401858214,2026,2,2026-09-11,FALSE,Rutgers Scarlet Knights,Big Ten Conference,Boston College Eagles,Atlantic Coast Conference,,,FALSE,"Alumni Stadium (Chestnut Hill, MA)",
401858215,2026,2,2026-09-11,FALSE,Villanova Wildcats,Patriot League,Louisville Cardinals,Atlantic Coast Conference,,,FALSE,L&N Federal Credit Union Stadium,
401858220,2026,2,2026-09-11,FALSE,Norfolk State Spartans,Mid-Eastern Athletic Conference,Virginia Cavaliers,Atlantic Coast Conference,,,FALSE,Scott Stadium,
401858222,2026,2,2026-09-11,FALSE,Richmond Spiders,Patriot League,NC State Wolfpack,Atlantic Coast Conference,,,FALSE,Carter-Finley Stadium,
401856671,2026,2,2026-09-12,FALSE,Southern Miss Golden Eagles,Sun Belt Conference,Auburn Tigers,Southeastern Conference,,,FALSE,Jordan-Hare Stadium,
401856672,2026,2,2026-09-12,FALSE,Campbell Fighting Camels,Coastal Athletic Association,Florida Gators,Southeastern Conference,,,FALSE,Ben Hill Griffin Stadium,
401856673,2026,2,2026-09-12,FALSE,Western Kentucky Hilltoppers,Conference USA,Georgia Bulldogs,Southeastern Conference,,,FALSE,Sanford Stadium,
401856674,2026,2,2026-09-12,FALSE,Alabama Crimson Tide,Southeastern Conference,Kentucky Wildcats,Southeastern Conference,,,FALSE,Kroger Field,
401856676,2026,2,2026-09-12,FALSE,Charlotte 49ers,American Conference,Ole Miss Rebels,Southeastern Conference,,,FALSE,Vaught-Hemingway Stadium,
401856677,2026,2,2026-09-12,FALSE,Mississippi State Bulldogs,Southeastern Conference,Minnesota Golden Gophers,Big Ten Conference,,,FALSE,Huntington Bank Stadium,
401856678,2026,2,2026-09-11,FALSE,Missouri Tigers,Southeastern Conference,Kansas Jayhawks,Big 12 Conference,,,FALSE,David Booth Kansas Memorial Stadium,
401856679,2026,2,2026-09-12,FALSE,Oklahoma Sooners,Southeastern Conference,Michigan Wolverines,Big Ten Conference,,,FALSE,Michigan Stadium,
401856680,2026,2,2026-09-12,FALSE,Towson Tigers,Coastal Athletic Association,South Carolina Gamecocks,Southeastern Conference,,,FALSE,Williams-Brice Stadium,
401856681,2026,2,2026-09-12,FALSE,Tennessee Volunteers,Southeastern Conference,Georgia Tech Yellow Jackets,Atlantic Coast Conference,,,FALSE,Bobby Dodd Stadium,
401856682,2026,2,2026-09-12,FALSE,Ohio State Buckeyes,Big Ten Conference,Texas Longhorns,Southeastern Conference,,,FALSE,DKR-Texas Memorial Stadium,
401856683,2026,2,2026-09-12,FALSE,Arizona State Sun Devils,Big 12 Conference,Texas A&M Aggies,Southeastern Conference,,,FALSE,Kyle Field,
401856684,2026,2,2026-09-12,FALSE,Delaware Blue Hens,Conference USA,Vanderbilt Commodores,Southeastern Conference,,,FALSE,FirstBank Stadium,
401856781,2026,2,2026-09-12,FALSE,Washington State Cougars,Pac-12 Conference,Kansas State Wildcats,Big 12 Conference,,,FALSE,Bill Snyder Family Stadium,
401856782,2026,2,2026-09-12,FALSE,Oregon Ducks,Big Ten Conference,Oklahoma State Cowboys,Big 12 Conference,,,FALSE,Boone Pickens Stadium,
401856783,2026,2,2026-09-12,FALSE,Texas Tech Red Raiders,Big 12 Conference,Oregon State Beavers,Pac-12 Conference,,,FALSE,Reser Stadium,
401856785,2026,2,2026-09-12,FALSE,Weber State Wildcats,Big Sky Conference,Colorado Buffaloes,Big 12 Conference,,,FALSE,Folsom Field,
401856786,2026,2,2026-09-12,FALSE,Western Carolina Catamounts,Southern Conference,Cincinnati Bearcats,Big 12 Conference,,,FALSE,Nippert Stadium,
401856787,2026,2,2026-09-12,FALSE,Southern Jaguars,Southwestern Athletic Conference,Houston Cougars,Big 12 Conference,,,FALSE,TDECU Stadium,
401856788,2026,2,2026-09-12,FALSE,Iowa State Cyclones,Big 12 Conference,Iowa Hawkeyes,Big Ten Conference,,,FALSE,Kinnick Stadium,
401856790,2026,2,2026-09-12,FALSE,UCF Knights,Big 12 Conference,Pittsburgh Panthers,Atlantic Coast Conference,,,FALSE,Acrisure Stadium,
401856791,2026,2,2026-09-12,FALSE,UT Martin Skyhawks,OVC-Big South Association,West Virginia Mountaineers,Big 12 Conference,,,FALSE,Milan Puskar Stadium,
401856810,2026,2,2026-09-12,FALSE,Arizona Wildcats,Big 12 Conference,BYU Cougars,Big 12 Conference,,,FALSE,LaVell Edwards Stadium,
401858216,2026,2,2026-09-12,FALSE,California Golden Bears,Atlantic Coast Conference,Syracuse Orange,Atlantic Coast Conference,,,FALSE,JMA Wireless Dome,
401858217,2026,2,2026-09-12,FALSE,Duke Blue Devils,Atlantic Coast Conference,Illinois Fighting Illini,Big Ten Conference,,,FALSE,Gies Memorial Stadium,
401858218,2026,2,2026-09-12,FALSE,East Tennessee State Buccaneers,Southern Conference,North Carolina Tar Heels,Atlantic Coast Conference,,,FALSE,Kenan Stadium,
401858219,2026,2,2026-09-12,FALSE,Georgia Southern Eagles,Sun Belt Conference,Clemson Tigers,Atlantic Coast Conference,,,FALSE,"Memorial Stadium (Clemson, SC)",
401858221,2026,2,2026-09-12,FALSE,Old Dominion Monarchs,Sun Belt Conference,Virginia Tech Hokies,Atlantic Coast Conference,,,FALSE,Lane Stadium,
401858223,2026,2,2026-09-12,FALSE,UC Davis Aggies,Big Sky Conference,SMU Mustangs,Atlantic Coast Conference,,,FALSE,Gerald J. Ford Stadium,
401858224,2026,2,2026-09-12,FALSE,Wake Forest Demon Deacons,Atlantic Coast Conference,Purdue Boilermakers,Big Ten Conference,,,FALSE,Ross-Ade Stadium,
401858439,2026,2,2026-09-12,FALSE,Howard Bison,Mid-Eastern Athletic Conference,Indiana Hoosiers,Big Ten Conference,,,FALSE,"Memorial Stadium (Bloomington, IN)",
401858440,2026,2,2026-09-12,FALSE,Eastern Michigan Eagles,Mid-American Conference,Michigan State Spartans,Big Ten Conference,,,FALSE,Spartan Stadium,
401858441,2026,2,2026-09-12,FALSE,Bowling Green Falcons,Mid-American Conference,Nebraska Cornhuskers,Big Ten Conference,,,FALSE,"Memorial Stadium (Lincoln, NE)",
401858442,2026,2,2026-09-12,FALSE,Penn State Nittany Lions,Big Ten Conference,Temple Owls,American Conference,,,FALSE,Lincoln Financial Field,
401858443,2026,2,2026-09-12,FALSE,San Diego State Aztecs,Pac-12 Conference,UCLA Bruins,Big Ten Conference,,,FALSE,Rose Bowl,
401858444,2026,2,2026-09-12,FALSE,Maryland Terrapins,Big Ten Conference,UConn Huskies,FBS Independents,,,FALSE,Pratt & Whitney Stadium,
401858446,2026,2,2026-09-12,FALSE,Utah State Aggies,Pac-12 Conference,Washington Huskies,Big Ten Conference,,,FALSE,Husky Stadium,
401858447,2026,2,2026-09-12,FALSE,Western Illinois Leathernecks,OVC-Big South Association,Wisconsin Badgers,Big Ten Conference,,,FALSE,Camp Randall Stadium,
401859184,2026,2,2026-09-12,FALSE,Rice Owls,American Conference,Notre Dame Fighting Irish,FBS Independents,,,FALSE,Notre Dame Stadium,
401860881,2026,2,2026-09-12,FALSE,Memphis Tigers,American Conference,Boise State Broncos,Pac-12 Conference,,,FALSE,Albertsons Stadium,
401860882,2026,2,2026-09-12,FALSE,Southern Utah Thunderbirds,Big Sky Conference,Colorado State Rams,Pac-12 Conference,,,FALSE,Canvas Stadium,
401860884,2026,2,2026-09-12,FALSE,UTSA Roadrunners,American Conference,Texas State Bobcats,Pac-12 Conference,,,FALSE,UFCU Stadium,
401862702,2026,2,2026-09-12,FALSE,South Florida Bulls,American Conference,Army Black Knights,American Conference,,,FALSE,Michie Stadium,
401862703,2026,2,2026-09-12,FALSE,Navy Midshipmen,American Conference,Florida Atlantic Owls,American Conference,,,FALSE,Flagler Credit Union Stadium,
401862705,2026,2,2026-09-12,FALSE,UNLV Rebels,Mountain West Conference,North Texas Mean Green,American Conference,,,FALSE,DATCU Stadium,
401862707,2026,2,2026-09-12,FALSE,Tulsa Golden Hurricane,American Conference,Sam Houston Bearkats,Conference USA,,,FALSE,Elliott T. Bowers Stadium,
401862708,2026,2,2026-09-12,FALSE,UL Monroe Warhawks,Sun Belt Conference,UAB Blazers,American Conference,,,FALSE,Protective Stadium,
401864503,2026,2,2026-09-12,FALSE,Illinois State Redbirds,Missouri Valley Football Conference,Northern Illinois Huskies,Mountain West Conference,,,FALSE,Huskie Stadium,
401864504,2026,2,2026-09-12,FALSE,Cal Poly Mustangs,Big Sky Conference,San José State Spartans,Mountain West Conference,,,FALSE,CEFCU Stadium,
401864506,2026,2,2026-09-12,FALSE,Northern Colorado Bears,Big Sky Conference,Wyoming Cowboys,Mountain West Conference,,,FALSE,War Memorial Stadium,
401864571,2026,2,2026-09-12,FALSE,App State Mountaineers,Sun Belt Conference,East Carolina Pirates,American Conference,,,FALSE,Dowdy-Ficklen Stadium,
401864575,2026,2,2026-09-12,FALSE,South Alabama Jaguars,Sun Belt Conference,Tulane Green Wave,American Conference,,,FALSE,Yulman Stadium,
401865252,2026,2,2026-09-12,FALSE,Mercyhurst Lakers,Northeast Conference,New Mexico Lobos,Mountain West Conference,,,FALSE,University Stadium (NM),
401866412,2026,2,2026-09-12,FALSE,Robert Morris Colonials,Northeast Conference,Akron Zips,Mid-American Conference,,,FALSE,InfoCision Stadium,
401866413,2026,2,2026-09-12,FALSE,Stony Brook Seawolves,Coastal Athletic Association,Ball State Cardinals,Mid-American Conference,,,FALSE,Scheumann Stadium,
401866414,2026,2,2026-09-12,FALSE,Buffalo Bulls,Mid-American Conference,Florida International Panthers,Conference USA,,,FALSE,Pitbull Stadium,
401866415,2026,2,2026-09-12,FALSE,Colgate Raiders,Patriot League,Central Michigan Chippewas,Mid-American Conference,,,FALSE,Kelly/Shorts Stadium,
401866416,2026,2,2026-09-12,FALSE,Wofford Terriers,Southern Conference,Kent State Golden Flashes,Mid-American Conference,,,FALSE,Zoeller Field at Dix Stadium,
401866417,2026,2,2026-09-12,FALSE,Holy Cross Crusaders,Patriot League,Miami (OH) RedHawks,Mid-American Conference,,,FALSE,Yager Stadium,
401866418,2026,2,2026-09-12,FALSE,Jacksonville State Gamecocks,Conference USA,Ohio Bobcats,Mid-American Conference,,,FALSE,Peden Stadium,
401866419,2026,2,2026-09-12,FALSE,Central Connecticut Blue Devils,Northeast Conference,Toledo Rockets,Mid-American Conference,,,FALSE,Glass Bowl,
401866420,2026,2,2026-09-12,FALSE,Sacred Heart Pioneers,Coastal Athletic Association,Massachusetts Minutemen,Mid-American Conference,,,FALSE,Warren McGuirk Alumni Stadium,
401866421,2026,2,2026-09-12,FALSE,Monmouth Hawks,Coastal Athletic Association,Western Michigan Broncos,Mid-American Conference,,,FALSE,Waldo Stadium,
401867796,2026,2,2026-09-12,FALSE,Louisiana Tech Bulldogs,Sun Belt Conference,LSU Tigers,Southeastern Conference,,,FALSE,Tiger Stadium (LA),
401867929,2026,2,2026-09-12,FALSE,Wagner Seahawks,Northeast Conference,James Madison Dukes,Sun Belt Conference,,,FALSE,Bridgeforth Stadium,
401868008,2026,2,2026-09-12,FALSE,Fordham Rams,Patriot League,Coastal Carolina Chanticleers,Sun Belt Conference,,,FALSE,Brooks Stadium (SC),
401868187,2026,2,2026-09-12,FALSE,Gardner-Webb Runnin' Bulldogs,OVC-Big South Association,Liberty Flames,Conference USA,,,FALSE,Williams Stadium (VA),
401868241,2026,2,2026-09-12,FALSE,West Georgia Wolves,United Athletic Conference,Arkansas State Red Wolves,Sun Belt Conference,,,FALSE,Centennial Bank Stadium,
401868326,2026,2,2026-09-12,FALSE,Alabama State Hornets,Southwestern Athletic Conference,Troy Trojans,Sun Belt Conference,,,FALSE,Veterans Memorial Stadium (AL),
401869955,2026,2,2026-09-12,FALSE,Georgia State Panthers,Sun Belt Conference,Kennesaw State Owls,Conference USA,,,FALSE,Walens Family Field at Fifth Third Stadium,
401871045,2026,2,2026-09-12,FALSE,Middle Tennessee Blue Raiders,Conference USA,Marshall Thundering Herd,Sun Belt Conference,,,FALSE,Joan C. Edwards Stadium,
401871046,2026,2,2026-09-12,FALSE,Lindenwood Lions,OVC-Big South Association,Missouri State Bears,Conference USA,,,FALSE,Robert W. Plaster Stadium,
401856670,2026,2,2026-09-12,FALSE,Arkansas Razorbacks,Southeastern Conference,Utah Utes,Big 12 Conference,,,FALSE,Rice-Eccles Stadium,
401856784,2026,2,2026-09-12,FALSE,Prairie View A&M Panthers,Southwestern Athletic Conference,Baylor Bears,Big 12 Conference,,,FALSE,McLane Stadium,
401856789,2026,2,2026-09-12,FALSE,Grambling Tigers,Southwestern Athletic Conference,TCU Horned Frogs,Big 12 Conference,,,FALSE,Amon G. Carter Stadium,
401858445,2026,2,2026-09-12,FALSE,Louisiana Ragin' Cajuns,Sun Belt Conference,USC Trojans,Big Ten Conference,,,FALSE,Los Angeles Memorial Coliseum,
401860883,2026,2,2026-09-12,FALSE,Sacramento State Hornets,Mid-American Conference,Fresno State Bulldogs,Pac-12 Conference,,,FALSE,Valley Children's Stadium,Sacramento State: ESPN structured conferenceId already matches approved 2026 assignment (Mid-American Conference).
401864500,2026,2,2026-09-12,FALSE,Montana State Bobcats,Big Sky Conference,Nevada Wolf Pack,Mountain West Conference,,,FALSE,Mackay Stadium,
401864502,2026,2,2026-09-12,FALSE,North Dakota State Bison,Mountain West Conference,Air Force Falcons,Mountain West Conference,,,FALSE,Falcon Stadium,North Dakota State: ESPN structured conferenceId already matches approved 2026 assignment (Mountain West Conference).
401864505,2026,2,2026-09-12,FALSE,Texas Southern Tigers,Southwestern Athletic Conference,UTEP Miners,Mountain West Conference,,,FALSE,Sun Bowl,
401864578,2026,2,2026-09-12,FALSE,New Mexico State Aggies,Conference USA,Hawai'i Rainbow Warriors,Mountain West Conference,,,FALSE,Clarence T.C. Ching Athletics Complex,
401858225,2026,3,2026-09-17,FALSE,Syracuse Orange,Atlantic Coast Conference,Pittsburgh Panthers,Atlantic Coast Conference,,,FALSE,Acrisure Stadium,
401858226,2026,3,2026-09-18,FALSE,Miami Hurricanes,Atlantic Coast Conference,Wake Forest Demon Deacons,Atlantic Coast Conference,,,FALSE,Allegacy Federal Credit Union Stadium,
401856685,2026,3,2026-09-19,FALSE,Florida State Seminoles,Atlantic Coast Conference,Alabama Crimson Tide,Southeastern Conference,,,FALSE,Bryant-Denny Stadium,
401856686,2026,3,2026-09-19,FALSE,Georgia Bulldogs,Southeastern Conference,Arkansas Razorbacks,Southeastern Conference,,,FALSE,Donald W. Reynolds Razorback Stadium,
401856687,2026,3,2026-09-19,FALSE,Florida Gators,Southeastern Conference,Auburn Tigers,Southeastern Conference,,,FALSE,Jordan-Hare Stadium,
401856688,2026,3,2026-09-19,FALSE,LSU Tigers,Southeastern Conference,Ole Miss Rebels,Southeastern Conference,,,FALSE,Vaught-Hemingway Stadium,
401856689,2026,3,2026-09-19,FALSE,Troy Trojans,Sun Belt Conference,Missouri Tigers,Southeastern Conference,,,FALSE,Memorial Stadium,
401856690,2026,3,2026-09-19,FALSE,New Mexico Lobos,Mountain West Conference,Oklahoma Sooners,Southeastern Conference,,,FALSE,"Memorial Stadium (Norman, OK)",
401856691,2026,3,2026-09-19,FALSE,Mississippi State Bulldogs,Southeastern Conference,South Carolina Gamecocks,Southeastern Conference,,,FALSE,Williams-Brice Stadium,
401856692,2026,3,2026-09-19,FALSE,Kennesaw State Owls,Conference USA,Tennessee Volunteers,Southeastern Conference,,,FALSE,Neyland Stadium,
401856694,2026,3,2026-09-19,FALSE,Kentucky Wildcats,Southeastern Conference,Texas A&M Aggies,Southeastern Conference,,,FALSE,Kyle Field,
401856695,2026,3,2026-09-19,FALSE,NC State Wolfpack,Atlantic Coast Conference,Vanderbilt Commodores,Southeastern Conference,,,FALSE,FirstBank Stadium,
401856792,2026,3,2026-09-19,FALSE,Tulane Green Wave,American Conference,Kansas State Wildcats,Big 12 Conference,,,FALSE,Bill Snyder Family Stadium,
401856795,2026,3,2026-09-19,FALSE,BYU Cougars,Big 12 Conference,Colorado State Rams,Pac-12 Conference,,,FALSE,Canvas Stadium,
401856796,2026,3,2026-09-19,FALSE,Colorado Buffaloes,Big 12 Conference,Northwestern Wildcats,Big Ten Conference,,,FALSE,Northwestern Medicine Field at Martin Stadium,
401856797,2026,3,2026-09-19,FALSE,Miami (OH) RedHawks,Mid-American Conference,Cincinnati Bearcats,Big 12 Conference,,,FALSE,TQL Stadium,
401856798,2026,3,2026-09-19,FALSE,Bowling Green Falcons,Mid-American Conference,Iowa State Cyclones,Big 12 Conference,,,FALSE,Jack Trice Stadium,
401856800,2026,3,2026-09-19,FALSE,Georgia State Panthers,Sun Belt Conference,UCF Knights,Big 12 Conference,,,FALSE,Acrisure Bounce House,
401856801,2026,3,2026-09-19,FALSE,Utah State Aggies,Pac-12 Conference,Utah Utes,Big 12 Conference,,,FALSE,Rice-Eccles Stadium,
401856802,2026,3,2026-09-19,TRUE,West Virginia Mountaineers,Big 12 Conference,Virginia Cavaliers,Atlantic Coast Conference,,,FALSE,Bank of America Stadium,ESPN event note: Duke’s Mayo Classic
401856803,2026,3,2026-09-19,FALSE,Murray State Racers,Missouri Valley Football Conference,Oklahoma State Cowboys,Big 12 Conference,,,FALSE,Boone Pickens Stadium,
401856811,2026,3,2026-09-18,FALSE,Houston Cougars,Big 12 Conference,Texas Tech Red Raiders,Big 12 Conference,,,FALSE,Galaxy Stadium,
401856812,2026,3,2026-09-19,TRUE,Arizona State Sun Devils,Big 12 Conference,Kansas Jayhawks,Big 12 Conference,,,FALSE,Wembley Stadium,
401858227,2026,3,2026-09-19,FALSE,Maine Black Bears,Coastal Athletic Association,Boston College Eagles,Atlantic Coast Conference,,,FALSE,"Alumni Stadium (Chestnut Hill, MA)",
401858228,2026,3,2026-09-19,FALSE,Mercer Bears,Southern Conference,Georgia Tech Yellow Jackets,Atlantic Coast Conference,,,FALSE,Bobby Dodd Stadium,
401858229,2026,3,2026-09-19,FALSE,North Carolina Tar Heels,Atlantic Coast Conference,Clemson Tigers,Atlantic Coast Conference,,,FALSE,"Memorial Stadium (Clemson, SC)",
401858230,2026,3,2026-09-19,FALSE,SMU Mustangs,Atlantic Coast Conference,Louisville Cardinals,Atlantic Coast Conference,,,FALSE,L&N Federal Credit Union Stadium,
401858231,2026,3,2026-09-19,FALSE,Stanford Cardinal,Atlantic Coast Conference,Duke Blue Devils,Atlantic Coast Conference,,,FALSE,Wallace Wade Stadium,
401858232,2026,3,2026-09-19,FALSE,Virginia Tech Hokies,Atlantic Coast Conference,Maryland Terrapins,Big Ten Conference,,,FALSE,SECU Stadium,
401858233,2026,3,2026-09-19,FALSE,Wagner Seahawks,Northeast Conference,California Golden Bears,Atlantic Coast Conference,,,FALSE,California Memorial Stadium,
401858448,2026,3,2026-09-19,FALSE,Southern Illinois Salukis,Missouri Valley Football Conference,Illinois Fighting Illini,Big Ten Conference,,,FALSE,Gies Memorial Stadium,
401858449,2026,3,2026-09-19,FALSE,Western Kentucky Hilltoppers,Conference USA,Indiana Hoosiers,Big Ten Conference,,,FALSE,"Memorial Stadium (Bloomington, IN)",
401858450,2026,3,2026-09-19,FALSE,UTEP Miners,Mountain West Conference,Michigan Wolverines,Big Ten Conference,,,FALSE,Michigan Stadium,
401858451,2026,3,2026-09-19,FALSE,Akron Zips,Mid-American Conference,Minnesota Golden Gophers,Big Ten Conference,,,FALSE,Huntington Bank Stadium,
401858452,2026,3,2026-09-19,FALSE,North Dakota Fighting Hawks,Missouri Valley Football Conference,Nebraska Cornhuskers,Big Ten Conference,,,FALSE,"Memorial Stadium (Lincoln, NE)",
401858453,2026,3,2026-09-19,FALSE,Michigan State Spartans,Big Ten Conference,Notre Dame Fighting Irish,FBS Independents,,,FALSE,Notre Dame Stadium,
401858454,2026,3,2026-09-19,FALSE,Kent State Golden Flashes,Mid-American Conference,Ohio State Buckeyes,Big Ten Conference,,,FALSE,Ohio Stadium,
401858455,2026,3,2026-09-18,FALSE,Portland State Vikings,Big Sky Conference,Oregon Ducks,Big Ten Conference,,,FALSE,Autzen Stadium,
401858456,2026,3,2026-09-19,FALSE,Buffalo Bulls,Mid-American Conference,Penn State Nittany Lions,Big Ten Conference,,,FALSE,Beaver Stadium,
401858457,2026,3,2026-09-19,FALSE,USC Trojans,Big Ten Conference,Rutgers Scarlet Knights,Big Ten Conference,,,FALSE,SHI Stadium,
401858459,2026,3,2026-09-19,FALSE,Eastern Washington Eagles,Big Sky Conference,Washington Huskies,Big Ten Conference,,,FALSE,Husky Stadium,
401858460,2026,3,2026-09-19,FALSE,Eastern Michigan Eagles,Mid-American Conference,Wisconsin Badgers,Big Ten Conference,,,FALSE,Camp Randall Stadium,
401858471,2026,3,2026-09-19,FALSE,Northern Iowa Panthers,Missouri Valley Football Conference,Iowa Hawkeyes,Big Ten Conference,,,FALSE,Kinnick Stadium,
401860889,2026,3,2026-09-19,FALSE,North Texas Mean Green,American Conference,Texas State Bobcats,Pac-12 Conference,,,FALSE,UFCU Stadium,
401860890,2026,3,2026-09-19,FALSE,Duquesne Dukes,Northeast Conference,Washington State Cougars,Pac-12 Conference,,,FALSE,Martin Stadium,
401861963,2026,3,2026-09-19,FALSE,UConn Huskies,FBS Independents,Southern Miss Golden Eagles,Sun Belt Conference,,,FALSE,M. M. Roberts Stadium,
401862710,2026,3,2026-09-19,FALSE,East Carolina Pirates,American Conference,Old Dominion Monarchs,Sun Belt Conference,,,FALSE,S.B. Ballard Stadium,
401862771,2026,3,2026-09-19,FALSE,Florida International Panthers,Conference USA,Florida Atlantic Owls,American Conference,,,FALSE,Flagler Credit Union Stadium,
401862772,2026,3,2026-09-19,FALSE,UT Martin Skyhawks,OVC-Big South Association,Memphis Tigers,American Conference,,,FALSE,Simmons Bank Liberty Stadium,
401862773,2026,3,2026-09-19,FALSE,Western Michigan Broncos,Mid-American Conference,Rice Owls,American Conference,,,FALSE,Rice Stadium,
401862774,2026,3,2026-09-19,FALSE,Temple Owls,American Conference,Toledo Rockets,Mid-American Conference,,,FALSE,Glass Bowl,
401862777,2026,3,2026-09-19,FALSE,Delaware State Hornets,Mid-Eastern Athletic Conference,South Florida Bulls,American Conference,,,FALSE,Raymond James Stadium,
401864443,2026,3,2026-09-19,FALSE,Nevada Wolf Pack,Mountain West Conference,Middle Tennessee Blue Raiders,Conference USA,,,FALSE,"Johnny ""Red"" Floyd Stadium",
401864508,2026,3,2026-09-19,FALSE,Wyoming Cowboys,Mountain West Conference,Central Michigan Chippewas,Mid-American Conference,,,FALSE,Kelly/Shorts Stadium,
401864574,2026,3,2026-09-19,FALSE,Charlotte 49ers,American Conference,App State Mountaineers,Sun Belt Conference,,,FALSE,Kidd Brewer Stadium,
401866422,2026,3,2026-09-19,FALSE,Ball State Cardinals,Mid-American Conference,Liberty Flames,Conference USA,,,FALSE,Williams Stadium (VA),
401866423,2026,3,2026-09-19,FALSE,Ohio Bobcats,Mid-American Conference,South Alabama Jaguars,Sun Belt Conference,,,FALSE,Hancock Whitney Stadium,
401866424,2026,3,2026-09-19,FALSE,Stonehill Skyhawks,Northeast Conference,Massachusetts Minutemen,Mid-American Conference,,,FALSE,Warren McGuirk Alumni Stadium,
401867804,2026,3,2026-09-19,FALSE,Louisiana Tech Bulldogs,Sun Belt Conference,Baylor Bears,Big 12 Conference,,,FALSE,McLane Stadium,
401868317,2026,3,2026-09-19,FALSE,SE Louisiana Lions,Southland Conference,UL Monroe Warhawks,Sun Belt Conference,,,FALSE,Malone Stadium,
401869940,2026,3,2026-09-19,FALSE,Coastal Carolina Chanticleers,Sun Belt Conference,Delaware Blue Hens,Conference USA,,,FALSE,Delaware Stadium,
401869948,2026,3,2026-09-19,FALSE,Georgia Southern Eagles,Sun Belt Conference,Jacksonville State Gamecocks,Conference USA,,,FALSE,AmFirst Stadium,
401870764,2026,3,2026-09-19,FALSE,Nicholls Colonels,Southland Conference,Sam Houston Bearkats,Conference USA,,,FALSE,Elliott T. Bowers Stadium,
401871047,2026,3,2026-09-19,FALSE,Marshall Thundering Herd,Sun Belt Conference,Missouri State Bears,Conference USA,,,FALSE,Robert W. Plaster Stadium,
401856693,2026,3,2026-09-19,FALSE,UTSA Roadrunners,American Conference,Texas Longhorns,Southeastern Conference,,,FALSE,DKR-Texas Memorial Stadium,
401856793,2026,3,2026-09-19,FALSE,Northern Illinois Huskies,Mountain West Conference,Arizona Wildcats,Big 12 Conference,,,FALSE,Casino Del Sol Stadium,
401856799,2026,3,2026-09-19,FALSE,Arkansas State Red Wolves,Sun Belt Conference,TCU Horned Frogs,Big 12 Conference,,,FALSE,Amon G. Carter Stadium,
401858458,2026,3,2026-09-19,FALSE,Purdue Boilermakers,Big Ten Conference,UCLA Bruins,Big Ten Conference,,,FALSE,Rose Bowl,
401860885,2026,3,2026-09-19,FALSE,South Dakota Coyotes,Missouri Valley Football Conference,Boise State Broncos,Pac-12 Conference,,,FALSE,Albertsons Stadium,
401860886,2026,3,2026-09-19,FALSE,Montana Grizzlies,Big Sky Conference,Oregon State Beavers,Pac-12 Conference,,,FALSE,Reser Stadium,
401860887,2026,3,2026-09-19,FALSE,James Madison Dukes,Sun Belt Conference,San Diego State Aztecs,Pac-12 Conference,,,FALSE,Snapdragon Stadium,
401860888,2026,3,2026-09-19,FALSE,Fresno State Bulldogs,Pac-12 Conference,San José State Spartans,Mountain West Conference,,,FALSE,CEFCU Stadium,
401862775,2026,3,2026-09-19,FALSE,East Texas A&M Lions,Southland Conference,Tulsa Golden Hurricane,American Conference,,,FALSE,H. A. Chapman Stadium,
401862776,2026,3,2026-09-19,FALSE,UAB Blazers,American Conference,Louisiana Ragin' Cajuns,Sun Belt Conference,,,FALSE,Our Lady of Lourdes Stadium,
401864507,2026,3,2026-09-19,FALSE,North Dakota State Bison,Mountain West Conference,Sacramento State Hornets,Mid-American Conference,,,FALSE,Hornet Stadium,North Dakota State: ESPN structured conferenceId already matches approved 2026 assignment (Mountain West Conference). | Sacramento State: ESPN structured conferenceId already matches approved 2026 assignment (Mid-American Conference).
401869941,2026,4,2026-09-24,FALSE,Liberty Flames,Conference USA,Coastal Carolina Chanticleers,Sun Belt Conference,,,FALSE,Brooks Stadium (SC),
401858468,2026,4,2026-09-25,FALSE,Howard Bison,Mid-Eastern Athletic Conference,Rutgers Scarlet Knights,Big Ten Conference,,,FALSE,SHI Stadium,
401862778,2026,4,2026-09-25,FALSE,Navy Midshipmen,American Conference,UAB Blazers,American Conference,,,FALSE,Protective Stadium,
401862779,2026,4,2026-09-25,FALSE,Army Black Knights,American Conference,Temple Owls,American Conference,,,FALSE,Lincoln Financial Field,
401856696,2026,4,2026-09-26,FALSE,South Carolina Gamecocks,Southeastern Conference,Alabama Crimson Tide,Southeastern Conference,,,FALSE,Bryant-Denny Stadium,ESPN event note: NIGHT: 6 - 8pm ET start
401856698,2026,4,2026-09-26,FALSE,Vanderbilt Commodores,Southeastern Conference,Auburn Tigers,Southeastern Conference,,,FALSE,Jordan-Hare Stadium,ESPN event note: AFTERNOON: 3:30 - 4:30pm ET start
401856699,2026,4,2026-09-26,FALSE,Ole Miss Rebels,Southeastern Conference,Florida Gators,Southeastern Conference,,,FALSE,Ben Hill Griffin Stadium,ESPN event note: FLEX: 3:30 - 4:30pm OR 6 - 8pm ET start
401856700,2026,4,2026-09-26,FALSE,Oklahoma Sooners,Southeastern Conference,Georgia Bulldogs,Southeastern Conference,,,FALSE,Sanford Stadium,ESPN event note: FLEX: 3:30 - 4:30pm OR 6 - 8pm ET start
401856702,2026,4,2026-09-26,FALSE,Texas A&M Aggies,Southeastern Conference,LSU Tigers,Southeastern Conference,,,FALSE,Tiger Stadium (LA),ESPN event note: FLEX: 3:30 - 4:30pm OR 6 - 8pm ET start
401856703,2026,4,2026-09-26,FALSE,Missouri Tigers,Southeastern Conference,Mississippi State Bulldogs,Southeastern Conference,,,FALSE,Davis Wade Stadium,ESPN event note: NIGHT: 6 - 8pm ET start
401856704,2026,4,2026-09-26,FALSE,Texas Longhorns,Southeastern Conference,Tennessee Volunteers,Southeastern Conference,,,FALSE,Neyland Stadium,
401856804,2026,4,2026-09-26,FALSE,Arizona Wildcats,Big 12 Conference,Washington State Cougars,Pac-12 Conference,,,FALSE,Martin Stadium,
401856805,2026,4,2026-09-26,FALSE,Sam Houston Bearkats,Conference USA,Texas Tech Red Raiders,Big 12 Conference,,,FALSE,Galaxy Stadium,
401856806,2026,4,2026-09-26,FALSE,Houston Cougars,Big 12 Conference,Georgia Southern Eagles,Sun Belt Conference,,,FALSE,Allen E. Paulson Stadium,
401856813,2026,4,2026-09-26,FALSE,Colorado Buffaloes,Big 12 Conference,Baylor Bears,Big 12 Conference,,,FALSE,McLane Stadium,
401856814,2026,4,2026-09-26,FALSE,Kansas State Wildcats,Big 12 Conference,Cincinnati Bearcats,Big 12 Conference,,,FALSE,Nippert Stadium,
401856815,2026,4,2026-09-26,FALSE,TCU Horned Frogs,Big 12 Conference,UCF Knights,Big 12 Conference,,,FALSE,Acrisure Bounce House,
401856816,2026,4,2026-09-26,FALSE,Utah Utes,Big 12 Conference,Iowa State Cyclones,Big 12 Conference,,,FALSE,Jack Trice Stadium,
401856881,2026,4,2026-09-26,FALSE,Oklahoma State Cowboys,Big 12 Conference,West Virginia Mountaineers,Big 12 Conference,,,FALSE,Milan Puskar Stadium,
401858234,2026,4,2026-09-25,FALSE,Clemson Tigers,Atlantic Coast Conference,California Golden Bears,Atlantic Coast Conference,,,FALSE,California Memorial Stadium,
401858236,2026,4,2026-09-26,FALSE,Bucknell Bison,Patriot League,Pittsburgh Panthers,Atlantic Coast Conference,,,FALSE,Acrisure Stadium,
401858237,2026,4,2026-09-26,FALSE,Central Arkansas Bears,United Athletic Conference,Florida State Seminoles,Atlantic Coast Conference,,,FALSE,Doak Campbell Stadium,
401858238,2026,4,2026-09-26,FALSE,Central Michigan Chippewas,Mid-American Conference,Miami Hurricanes,Atlantic Coast Conference,,,FALSE,Hard Rock Stadium,
401858239,2026,4,2026-09-26,FALSE,Delaware Blue Hens,Conference USA,Virginia Cavaliers,Atlantic Coast Conference,,,FALSE,Scott Stadium,
401858241,2026,4,2026-09-26,FALSE,Missouri State Bears,Conference USA,SMU Mustangs,Atlantic Coast Conference,,,FALSE,Gerald J. Ford Stadium,
401858242,2026,4,2026-09-26,FALSE,Virginia Tech Hokies,Atlantic Coast Conference,Boston College Eagles,Atlantic Coast Conference,,,FALSE,"Alumni Stadium (Chestnut Hill, MA)",
401858243,2026,4,2026-09-26,FALSE,Wake Forest Demon Deacons,Atlantic Coast Conference,Louisville Cardinals,Atlantic Coast Conference,,,FALSE,L&N Federal Credit Union Stadium,
401858244,2026,4,2026-09-26,FALSE,William & Mary Tribe,Patriot League,Duke Blue Devils,Atlantic Coast Conference,,,FALSE,Wallace Wade Stadium,
401858461,2026,4,2026-09-25,FALSE,Northwestern Wildcats,Big Ten Conference,Indiana Hoosiers,Big Ten Conference,,,FALSE,"Memorial Stadium (Bloomington, IN)",
401858462,2026,4,2026-09-26,FALSE,UCLA Bruins,Big Ten Conference,Maryland Terrapins,Big Ten Conference,,,FALSE,SECU Stadium,
401858463,2026,4,2026-09-26,FALSE,Iowa Hawkeyes,Big Ten Conference,Michigan Wolverines,Big Ten Conference,,,FALSE,Michigan Stadium,
401858464,2026,4,2026-09-26,FALSE,Nebraska Cornhuskers,Big Ten Conference,Michigan State Spartans,Big Ten Conference,,,FALSE,Spartan Stadium,
401858465,2026,4,2026-09-26,FALSE,Illinois Fighting Illini,Big Ten Conference,Ohio State Buckeyes,Big Ten Conference,,,FALSE,Ohio Stadium,
401858466,2026,4,2026-09-26,FALSE,Wisconsin Badgers,Big Ten Conference,Penn State Nittany Lions,Big Ten Conference,,,FALSE,Beaver Stadium,
401858467,2026,4,2026-09-26,FALSE,Notre Dame Fighting Irish,FBS Independents,Purdue Boilermakers,Big Ten Conference,,,FALSE,Ross-Ade Stadium,
401858469,2026,4,2026-09-26,FALSE,Oregon Ducks,Big Ten Conference,USC Trojans,Big Ten Conference,,,FALSE,Los Angeles Memorial Coliseum,
401858470,2026,4,2026-09-26,FALSE,Minnesota Golden Gophers,Big Ten Conference,Washington Huskies,Big Ten Conference,,,FALSE,Husky Stadium,
401860892,2026,4,2026-09-26,FALSE,Incarnate Word Cardinals,Southland Conference,Texas State Bobcats,Pac-12 Conference,,,FALSE,UFCU Stadium,
401860893,2026,4,2026-09-26,FALSE,San Diego State Aztecs,Pac-12 Conference,Toledo Rockets,Mid-American Conference,,,FALSE,Glass Bowl,
401860894,2026,4,2026-09-26,FALSE,Troy Trojans,Sun Belt Conference,Utah State Aggies,Pac-12 Conference,,,FALSE,Maverik Stadium,
401860896,2026,4,2026-09-26,FALSE,Colorado State Rams,Pac-12 Conference,UTSA Roadrunners,American Conference,,,FALSE,Alamodome,
401860897,2026,4,2026-09-26,FALSE,Boise State Broncos,Pac-12 Conference,Western Michigan Broncos,Mid-American Conference,,,FALSE,Waldo Stadium,
401861970,2026,4,2026-09-26,FALSE,UConn Huskies,FBS Independents,Miami (OH) RedHawks,Mid-American Conference,,,FALSE,Yager Stadium,
401862780,2026,4,2026-09-26,FALSE,Louisiana Ragin' Cajuns,Sun Belt Conference,Charlotte 49ers,American Conference,,,FALSE,Jerry Richardson Stadium,
401862781,2026,4,2026-09-26,FALSE,North Carolina Central Eagles,Mid-Eastern Athletic Conference,East Carolina Pirates,American Conference,,,FALSE,Dowdy-Ficklen Stadium,
401862782,2026,4,2026-09-26,FALSE,Florida Atlantic Owls,American Conference,UL Monroe Warhawks,Sun Belt Conference,,,FALSE,Malone Stadium,
401862783,2026,4,2026-09-26,FALSE,Houston Christian Huskies,Southland Conference,North Texas Mean Green,American Conference,,,FALSE,DATCU Stadium,
401862784,2026,4,2026-09-26,FALSE,Southern Miss Golden Eagles,Sun Belt Conference,Tulane Green Wave,American Conference,,,FALSE,Yulman Stadium,
401862785,2026,4,2026-09-26,FALSE,South Florida Bulls,American Conference,Bowling Green Falcons,Mid-American Conference,,,FALSE,Doyt L. Perry Stadium,
401864509,2026,4,2026-09-26,FALSE,Air Force Falcons,Mountain West Conference,Nevada Wolf Pack,Mountain West Conference,,,FALSE,Mackay Stadium,
401864510,2026,4,2026-09-26,FALSE,Hawai'i Rainbow Warriors,Mountain West Conference,Wyoming Cowboys,Mountain West Conference,,,FALSE,War Memorial Stadium,
401864511,2026,4,2026-09-26,FALSE,Northern Illinois Huskies,Mountain West Conference,Georgia State Panthers,Sun Belt Conference,,,FALSE,Center Parc Stadium,
401864512,2026,4,2026-09-26,FALSE,UNLV Rebels,Mountain West Conference,Akron Zips,Mid-American Conference,,,FALSE,InfoCision Stadium,
401864572,2026,4,2026-09-26,FALSE,App State Mountaineers,Sun Belt Conference,NC State Wolfpack,Atlantic Coast Conference,,,FALSE,Carter-Finley Stadium,
401864576,2026,4,2026-09-26,FALSE,South Alabama Jaguars,Sun Belt Conference,Kentucky Wildcats,Southeastern Conference,,,FALSE,Kroger Field,
401864579,2026,4,2026-09-26,FALSE,New Mexico Lobos,Mountain West Conference,New Mexico State Aggies,Conference USA,,,FALSE,Aggie Memorial Stadium,
401866425,2026,4,2026-09-26,FALSE,Ball State Cardinals,Mid-American Conference,Kent State Golden Flashes,Mid-American Conference,,,FALSE,Zoeller Field at Dix Stadium,
401866426,2026,4,2026-09-26,FALSE,Robert Morris Colonials,Northeast Conference,Buffalo Bulls,Mid-American Conference,,,FALSE,Broadview Stadium,
401866427,2026,4,2026-09-26,FALSE,Lindenwood Lions,OVC-Big South Association,Eastern Michigan Eagles,Mid-American Conference,,,FALSE,Rynearson Stadium,
401866428,2026,4,2026-09-26,FALSE,Stonehill Skyhawks,Northeast Conference,Ohio Bobcats,Mid-American Conference,,,FALSE,Peden Stadium,
401866429,2026,4,2026-09-26,FALSE,Massachusetts Minutemen,Mid-American Conference,Sacramento State Hornets,Mid-American Conference,,,FALSE,Hornet Stadium,Sacramento State: ESPN structured conferenceId already matches approved 2026 assignment (Mid-American Conference).
401867909,2026,4,2026-09-26,FALSE,Long Island University Sharks,Northeast Conference,Florida International Panthers,Conference USA,,,FALSE,Pitbull Stadium,
401868188,2026,4,2026-09-26,FALSE,Gardner-Webb Runnin' Bulldogs,OVC-Big South Association,Marshall Thundering Herd,Sun Belt Conference,,,FALSE,Joan C. Edwards Stadium,
401869931,2026,4,2026-09-26,FALSE,Kennesaw State Owls,Conference USA,Arkansas State Red Wolves,Sun Belt Conference,,,FALSE,Centennial Bank Stadium,
401869961,2026,4,2026-09-26,FALSE,James Madison Dukes,Sun Belt Conference,Old Dominion Monarchs,Sun Belt Conference,,,FALSE,S.B. Ballard Stadium,
401870745,2026,4,2026-09-26,FALSE,Mercyhurst Lakers,Northeast Conference,Western Kentucky Hilltoppers,Conference USA,,,FALSE,Houchens Industries-L.T. Smith Stadium,
401871048,2026,4,2026-09-26,FALSE,Middle Tennessee Blue Raiders,Conference USA,Jacksonville State Gamecocks,Conference USA,,,FALSE,AmFirst Stadium,
401856697,2026,4,2026-09-26,FALSE,Tulsa Golden Hurricane,American Conference,Arkansas Razorbacks,Southeastern Conference,,,FALSE,Donald W. Reynolds Razorback Stadium,
401858240,2026,4,2026-09-26,FALSE,Georgia Tech Yellow Jackets,Atlantic Coast Conference,Stanford Cardinal,Atlantic Coast Conference,,,FALSE,Stanford Stadium,
401860891,2026,4,2026-09-26,FALSE,Rice Owls,American Conference,Fresno State Bulldogs,Pac-12 Conference,,,FALSE,Valley Children's Stadium,
401860895,2026,4,2026-09-26,FALSE,Oregon State Beavers,Pac-12 Conference,UTEP Miners,Mountain West Conference,,,FALSE,Sun Bowl,
401858245,2026,5,2026-10-02,FALSE,Pittsburgh Panthers,Atlantic Coast Conference,Virginia Tech Hokies,Atlantic Coast Conference,,,FALSE,Lane Stadium,
401862786,2026,5,2026-10-01,FALSE,North Texas Mean Green,American Conference,Tulsa Golden Hurricane,American Conference,,,FALSE,H. A. Chapman Stadium,
401871049,2026,5,2026-10-01,FALSE,Western Kentucky Hilltoppers,Conference USA,New Mexico State Aggies,Conference USA,,,FALSE,Aggie Memorial Stadium,
401871050,2026,5,2026-10-02,FALSE,Liberty Flames,Conference USA,Delaware Blue Hens,Conference USA,,,FALSE,Delaware Stadium,
401856705,2026,5,2026-10-03,FALSE,Vanderbilt Commodores,Southeastern Conference,Georgia Bulldogs,Southeastern Conference,,,FALSE,Sanford Stadium,ESPN event note: EARLY: Noon - 1pm ET start
401856706,2026,5,2026-10-03,FALSE,McNeese Cowboys,Southland Conference,LSU Tigers,Southeastern Conference,,,FALSE,Tiger Stadium (LA),
401856707,2026,5,2026-10-03,FALSE,Alabama Crimson Tide,Southeastern Conference,Mississippi State Bulldogs,Southeastern Conference,,,FALSE,Davis Wade Stadium,ESPN event note: EARLY: Noon - 1pm ET start
401856708,2026,5,2026-10-03,FALSE,Florida Gators,Southeastern Conference,Missouri Tigers,Southeastern Conference,,,FALSE,Memorial Stadium,ESPN event note: FLEX: 3:30 - 4:30pm OR 6 - 8pm ET start
401856709,2026,5,2026-10-03,FALSE,Kentucky Wildcats,Southeastern Conference,South Carolina Gamecocks,Southeastern Conference,,,FALSE,Williams-Brice Stadium,ESPN event note: FLEX: 3:30 - 4:30pm OR 6 - 8pm ET start
401856710,2026,5,2026-10-03,FALSE,Auburn Tigers,Southeastern Conference,Tennessee Volunteers,Southeastern Conference,,,FALSE,Neyland Stadium,ESPN event note: FLEX: 3:30 - 4:30pm OR 6 - 8pm ET start
401856711,2026,5,2026-10-03,FALSE,Arkansas Razorbacks,Southeastern Conference,Texas A&M Aggies,Southeastern Conference,,,FALSE,Kyle Field,ESPN event note: FLEX: 3:30 - 4:30pm OR 6 - 8pm ET start
401856807,2026,5,2026-10-03,FALSE,Middle Tennessee Blue Raiders,Conference USA,Kansas Jayhawks,Big 12 Conference,,,FALSE,David Booth Kansas Memorial Stadium,
401856817,2026,5,2026-10-03,FALSE,Baylor Bears,Big 12 Conference,Arizona State Sun Devils,Big 12 Conference,,,FALSE,Mountain America Stadium,
401856818,2026,5,2026-10-03,FALSE,BYU Cougars,Big 12 Conference,TCU Horned Frogs,Big 12 Conference,,,FALSE,Amon G. Carter Stadium,
401856819,2026,5,2026-10-03,FALSE,UCF Knights,Big 12 Conference,Houston Cougars,Big 12 Conference,,,FALSE,TDECU Stadium,
401856820,2026,5,2026-10-03,FALSE,Cincinnati Bearcats,Big 12 Conference,Arizona Wildcats,Big 12 Conference,,,FALSE,Casino Del Sol Stadium,
401856821,2026,5,2026-10-03,FALSE,Texas Tech Red Raiders,Big 12 Conference,Colorado Buffaloes,Big 12 Conference,,,FALSE,Folsom Field,
401856822,2026,5,2026-10-03,FALSE,West Virginia Mountaineers,Big 12 Conference,Iowa State Cyclones,Big 12 Conference,,,FALSE,Jack Trice Stadium,
401858246,2026,5,2026-10-03,FALSE,Boston College Eagles,Atlantic Coast Conference,SMU Mustangs,Atlantic Coast Conference,,,FALSE,Gerald J. Ford Stadium,
401858247,2026,5,2026-10-03,FALSE,California Golden Bears,Atlantic Coast Conference,UNLV Rebels,Mountain West Conference,,,FALSE,Allegiant Stadium,
401858248,2026,5,2026-10-03,FALSE,Louisville Cardinals,Atlantic Coast Conference,NC State Wolfpack,Atlantic Coast Conference,,,FALSE,Carter-Finley Stadium,
401858249,2026,5,2026-10-03,FALSE,Miami Hurricanes,Atlantic Coast Conference,Clemson Tigers,Atlantic Coast Conference,,,FALSE,"Memorial Stadium (Clemson, SC)",
401858250,2026,5,2026-10-03,FALSE,Notre Dame Fighting Irish,FBS Independents,North Carolina Tar Heels,Atlantic Coast Conference,,,FALSE,Kenan Stadium,
401858251,2026,5,2026-10-03,FALSE,Stanford Cardinal,Atlantic Coast Conference,Wake Forest Demon Deacons,Atlantic Coast Conference,,,FALSE,Allegacy Federal Credit Union Stadium,
401858252,2026,5,2026-10-03,FALSE,Syracuse Orange,Atlantic Coast Conference,UConn Huskies,FBS Independents,,,FALSE,Pratt & Whitney Stadium,
401858253,2026,5,2026-10-03,FALSE,Virginia Cavaliers,Atlantic Coast Conference,Florida State Seminoles,Atlantic Coast Conference,,,FALSE,Doak Campbell Stadium,
401858472,2026,5,2026-10-03,FALSE,Purdue Boilermakers,Big Ten Conference,Illinois Fighting Illini,Big Ten Conference,,,FALSE,Gies Memorial Stadium,
401858473,2026,5,2026-10-03,FALSE,Ohio State Buckeyes,Big Ten Conference,Iowa Hawkeyes,Big Ten Conference,,,FALSE,Kinnick Stadium,
401858474,2026,5,2026-10-03,FALSE,Michigan Wolverines,Big Ten Conference,Minnesota Golden Gophers,Big Ten Conference,,,FALSE,Huntington Bank Stadium,
401858475,2026,5,2026-10-03,FALSE,Maryland Terrapins,Big Ten Conference,Nebraska Cornhuskers,Big Ten Conference,,,FALSE,"Memorial Stadium (Lincoln, NE)",
401858476,2026,5,2026-10-02,FALSE,Penn State Nittany Lions,Big Ten Conference,Northwestern Wildcats,Big Ten Conference,,,FALSE,Ryan Field,
401858478,2026,5,2026-10-03,FALSE,Washington Huskies,Big Ten Conference,USC Trojans,Big Ten Conference,,,FALSE,Los Angeles Memorial Coliseum,
401858479,2026,5,2026-10-03,FALSE,Michigan State Spartans,Big Ten Conference,Wisconsin Badgers,Big Ten Conference,,,FALSE,Camp Randall Stadium,
401860898,2026,5,2026-10-03,FALSE,Utah State Aggies,Pac-12 Conference,Boise State Broncos,Pac-12 Conference,,,FALSE,Albertsons Stadium,
401860899,2026,5,2026-10-03,FALSE,Oregon State Beavers,Pac-12 Conference,Colorado State Rams,Pac-12 Conference,,,FALSE,Canvas Stadium,
401862787,2026,5,2026-10-03,FALSE,Memphis Tigers,American Conference,Charlotte 49ers,American Conference,,,FALSE,Jerry Richardson Stadium,
401862788,2026,5,2026-10-03,FALSE,UTSA Roadrunners,American Conference,Rice Owls,American Conference,,,FALSE,Rice Stadium,
401862790,2026,5,2026-10-03,FALSE,Texas Southern Tigers,Southwestern Athletic Conference,Florida Atlantic Owls,American Conference,,,FALSE,Flagler Credit Union Stadium,
401862791,2026,5,2026-10-03,FALSE,Navy Midshipmen,American Conference,Air Force Falcons,Mountain West Conference,,,FALSE,Falcon Stadium,
401862792,2026,5,2026-10-03,FALSE,Temple Owls,American Conference,South Florida Bulls,American Conference,,,FALSE,Raymond James Stadium,
401862793,2026,5,2026-10-03,FALSE,Samford Bulldogs,Southern Conference,UAB Blazers,American Conference,,,FALSE,Protective Stadium,
401864514,2026,5,2026-10-03,FALSE,UTEP Miners,Mountain West Conference,New Mexico Lobos,Mountain West Conference,,,FALSE,University Stadium (NM),
401864515,2026,5,2026-10-03,FALSE,Wyoming Cowboys,Mountain West Conference,North Dakota State Bison,Mountain West Conference,,,FALSE,Fargodome,North Dakota State: ESPN structured conferenceId already matches approved 2026 assignment (Mountain West Conference).
401866430,2026,5,2026-10-03,FALSE,Akron Zips,Mid-American Conference,Central Michigan Chippewas,Mid-American Conference,,,FALSE,Kelly/Shorts Stadium,
401866431,2026,5,2026-10-03,FALSE,Toledo Rockets,Mid-American Conference,Ball State Cardinals,Mid-American Conference,,,FALSE,Scheumann Stadium,
401866432,2026,5,2026-10-03,FALSE,Western Michigan Broncos,Mid-American Conference,Buffalo Bulls,Mid-American Conference,,,FALSE,Broadview Stadium,
401866433,2026,5,2026-10-03,FALSE,Eastern Michigan Eagles,Mid-American Conference,Massachusetts Minutemen,Mid-American Conference,,,FALSE,Warren McGuirk Alumni Stadium,
401866434,2026,5,2026-10-03,FALSE,Ohio Bobcats,Mid-American Conference,Kent State Golden Flashes,Mid-American Conference,,,FALSE,Zoeller Field at Dix Stadium,
401866477,2026,5,2026-10-03,FALSE,Bowling Green Falcons,Mid-American Conference,Miami (OH) RedHawks,Mid-American Conference,,,FALSE,Yager Stadium,
401869842,2026,5,2026-10-03,FALSE,Army Black Knights,American Conference,Louisiana Tech Bulldogs,Sun Belt Conference,,,FALSE,Joe Aillet Stadium,
401869932,2026,5,2026-10-03,FALSE,Arkansas State Red Wolves,Sun Belt Conference,Louisiana Ragin' Cajuns,Sun Belt Conference,,,FALSE,Our Lady of Lourdes Stadium,
401869942,2026,5,2026-10-03,FALSE,Georgia Southern Eagles,Sun Belt Conference,Coastal Carolina Chanticleers,Sun Belt Conference,,,FALSE,Brooks Stadium (SC),
401869956,2026,5,2026-10-03,FALSE,Old Dominion Monarchs,Sun Belt Conference,Georgia State Panthers,Sun Belt Conference,,,FALSE,Center Parc Stadium,
401869962,2026,5,2026-10-03,FALSE,Marshall Thundering Herd,Sun Belt Conference,James Madison Dukes,Sun Belt Conference,,,FALSE,Bridgeforth Stadium,
401871089,2026,5,2026-10-03,FALSE,UL Monroe Warhawks,Sun Belt Conference,South Alabama Jaguars,Sun Belt Conference,,,FALSE,Hancock Whitney Stadium,
401858477,2026,5,2026-10-03,FALSE,Indiana Hoosiers,Big Ten Conference,Rutgers Scarlet Knights,Big Ten Conference,,,FALSE,SHI Stadium,
401860900,2026,5,2026-10-03,FALSE,Texas State Bobcats,Pac-12 Conference,San Diego State Aztecs,Pac-12 Conference,,,FALSE,Snapdragon Stadium,
401860921,2026,5,2026-10-03,FALSE,Fresno State Bulldogs,Pac-12 Conference,Washington State Cougars,Pac-12 Conference,,,FALSE,Martin Stadium,
401864513,2026,5,2026-10-03,FALSE,San José State Spartans,Mountain West Conference,Hawai'i Rainbow Warriors,Mountain West Conference,,,FALSE,Clarence T.C. Ching Athletics Complex,
401871051,2026,6,2026-10-07,FALSE,Jacksonville State Gamecocks,Conference USA,Kennesaw State Owls,Conference USA,,,FALSE,Walens Family Field at Fifth Third Stadium,
401871066,2026,6,2026-10-07,FALSE,New Mexico State Aggies,Conference USA,Florida International Panthers,Conference USA,,,FALSE,Pitbull Stadium,
401871090,2026,6,2026-10-06,FALSE,Southern Miss Golden Eagles,Sun Belt Conference,Troy Trojans,Sun Belt Conference,,,FALSE,Veterans Memorial Stadium (AL),
401862794,2026,6,2026-10-08,FALSE,South Florida Bulls,American Conference,UTSA Roadrunners,American Conference,,,FALSE,Alamodome,
401869933,2026,6,2026-10-08,FALSE,South Alabama Jaguars,Sun Belt Conference,Arkansas State Red Wolves,Sun Belt Conference,,,FALSE,Centennial Bank Stadium,
401870766,2026,6,2026-10-08,FALSE,Sam Houston Bearkats,Conference USA,Liberty Flames,Conference USA,,,FALSE,Williams Stadium (VA),
401871052,2026,6,2026-10-08,FALSE,Missouri State Bears,Conference USA,Western Kentucky Hilltoppers,Conference USA,,,FALSE,Houchens Industries-L.T. Smith Stadium,
401858254,2026,6,2026-10-09,FALSE,Florida State Seminoles,Atlantic Coast Conference,Louisville Cardinals,Atlantic Coast Conference,,,FALSE,L&N Federal Credit Union Stadium,
401856712,2026,6,2026-10-10,FALSE,Georgia Bulldogs,Southeastern Conference,Alabama Crimson Tide,Southeastern Conference,,,FALSE,Bryant-Denny Stadium,ESPN event note: NIGHT: 6 - 8pm ET start
401856713,2026,6,2026-10-10,FALSE,Tennessee Volunteers,Southeastern Conference,Arkansas Razorbacks,Southeastern Conference,,,FALSE,Donald W. Reynolds Razorback Stadium,ESPN event note: FLEX: 3:30 - 4:30pm OR 6 - 8pm ET start
401856714,2026,6,2026-10-10,FALSE,South Carolina Gamecocks,Southeastern Conference,Florida Gators,Southeastern Conference,,,FALSE,Ben Hill Griffin Stadium,ESPN event note: EARLY: Noon - 1pm ET start
401856715,2026,6,2026-10-10,FALSE,LSU Tigers,Southeastern Conference,Kentucky Wildcats,Southeastern Conference,,,FALSE,Kroger Field,ESPN event note: NIGHT: 6 - 8pm ET start
401856716,2026,6,2026-10-10,FALSE,Texas A&M Aggies,Southeastern Conference,Missouri Tigers,Southeastern Conference,,,FALSE,Memorial Stadium,ESPN event note: EARLY: Noon - 1pm ET start
401856717,2026,6,2026-10-10,TRUE,Texas Longhorns,Southeastern Conference,Oklahoma Sooners,Southeastern Conference,,,FALSE,Cotton Bowl,
401856718,2026,6,2026-10-10,FALSE,Ole Miss Rebels,Southeastern Conference,Vanderbilt Commodores,Southeastern Conference,,,FALSE,FirstBank Stadium,ESPN event note: FLEX: 3:30 - 4:30pm OR 6 - 8pm ET start
401856808,2026,6,2026-10-10,FALSE,Hawai'i Rainbow Warriors,Mountain West Conference,Arizona State Sun Devils,Big 12 Conference,,,FALSE,Mountain America Stadium,
401856823,2026,6,2026-10-10,FALSE,Arizona Wildcats,Big 12 Conference,West Virginia Mountaineers,Big 12 Conference,,,FALSE,Milan Puskar Stadium,
401856824,2026,6,2026-10-10,FALSE,UCF Knights,Big 12 Conference,Oklahoma State Cowboys,Big 12 Conference,,,FALSE,Boone Pickens Stadium,
401856825,2026,6,2026-10-10,FALSE,Houston Cougars,Big 12 Conference,Kansas State Wildcats,Big 12 Conference,,,FALSE,Bill Snyder Family Stadium,
401856826,2026,6,2026-10-09,FALSE,Iowa State Cyclones,Big 12 Conference,BYU Cougars,Big 12 Conference,,,FALSE,LaVell Edwards Stadium,
401856827,2026,6,2026-10-10,FALSE,Kansas Jayhawks,Big 12 Conference,Utah Utes,Big 12 Conference,,,FALSE,Rice-Eccles Stadium,
401858255,2026,6,2026-10-10,FALSE,Duke Blue Devils,Atlantic Coast Conference,Georgia Tech Yellow Jackets,Atlantic Coast Conference,,,FALSE,Bobby Dodd Stadium,
401858256,2026,6,2026-10-10,FALSE,North Carolina Tar Heels,Atlantic Coast Conference,Pittsburgh Panthers,Atlantic Coast Conference,,,FALSE,Acrisure Stadium,
401858257,2026,6,2026-10-10,FALSE,Stanford Cardinal,Atlantic Coast Conference,Notre Dame Fighting Irish,FBS Independents,,,FALSE,Notre Dame Stadium,
401858258,2026,6,2026-10-10,FALSE,Syracuse Orange,Atlantic Coast Conference,Virginia Cavaliers,Atlantic Coast Conference,,,FALSE,Scott Stadium,
401858259,2026,6,2026-10-10,FALSE,Virginia Tech Hokies,Atlantic Coast Conference,California Golden Bears,Atlantic Coast Conference,,,FALSE,California Memorial Stadium,
401858260,2026,6,2026-10-10,FALSE,Wake Forest Demon Deacons,Atlantic Coast Conference,NC State Wolfpack,Atlantic Coast Conference,,,FALSE,Carter-Finley Stadium,
401858480,2026,6,2026-10-10,FALSE,Illinois Fighting Illini,Big Ten Conference,Michigan State Spartans,Big Ten Conference,,,FALSE,Spartan Stadium,
401858481,2026,6,2026-10-10,FALSE,Indiana Hoosiers,Big Ten Conference,Nebraska Cornhuskers,Big Ten Conference,,,FALSE,"Memorial Stadium (Lincoln, NE)",
401858482,2026,6,2026-10-10,FALSE,Ball State Cardinals,Mid-American Conference,Northwestern Wildcats,Big Ten Conference,,,FALSE,Ryan Field,
401858483,2026,6,2026-10-10,FALSE,Maryland Terrapins,Big Ten Conference,Ohio State Buckeyes,Big Ten Conference,,,FALSE,Ohio Stadium,
401858484,2026,6,2026-10-10,FALSE,UCLA Bruins,Big Ten Conference,Oregon Ducks,Big Ten Conference,,,FALSE,Autzen Stadium,
401858485,2026,6,2026-10-10,FALSE,USC Trojans,Big Ten Conference,Penn State Nittany Lions,Big Ten Conference,,,FALSE,Beaver Stadium,
401858486,2026,6,2026-10-10,FALSE,Minnesota Golden Gophers,Big Ten Conference,Purdue Boilermakers,Big Ten Conference,,,FALSE,Ross-Ade Stadium,
401858487,2026,6,2026-10-09,FALSE,Iowa Hawkeyes,Big Ten Conference,Washington Huskies,Big Ten Conference,,,FALSE,Husky Stadium,
401860902,2026,6,2026-10-10,FALSE,San Diego State Aztecs,Pac-12 Conference,Oregon State Beavers,Pac-12 Conference,,,FALSE,Reser Stadium,
401860922,2026,6,2026-10-09,FALSE,Washington State Cougars,Pac-12 Conference,Utah State Aggies,Pac-12 Conference,,,FALSE,Maverik Stadium,
401861964,2026,6,2026-10-10,FALSE,UConn Huskies,FBS Independents,Temple Owls,American Conference,,,FALSE,Lincoln Financial Field,
401862795,2026,6,2026-10-10,FALSE,Tulane Green Wave,American Conference,Army Black Knights,American Conference,,,FALSE,Michie Stadium,
401862796,2026,6,2026-10-10,FALSE,Charlotte 49ers,American Conference,North Texas Mean Green,American Conference,,,FALSE,DATCU Stadium,
401862797,2026,6,2026-10-10,FALSE,Rice Owls,American Conference,East Carolina Pirates,American Conference,,,FALSE,Dowdy-Ficklen Stadium,
401862798,2026,6,2026-10-10,FALSE,UAB Blazers,American Conference,Memphis Tigers,American Conference,,,FALSE,Simmons Bank Liberty Stadium,
401862799,2026,6,2026-10-10,FALSE,Tulsa Golden Hurricane,American Conference,Navy Midshipmen,American Conference,,,FALSE,Navy-Marine Corps Memorial Stadium,
401864516,2026,6,2026-10-10,FALSE,Air Force Falcons,Mountain West Conference,Northern Illinois Huskies,Mountain West Conference,,,FALSE,Huskie Stadium,
401864517,2026,6,2026-10-10,FALSE,Nevada Wolf Pack,Mountain West Conference,UTEP Miners,Mountain West Conference,,,FALSE,Sun Bowl,
401864518,2026,6,2026-10-10,FALSE,North Dakota State Bison,Mountain West Conference,UNLV Rebels,Mountain West Conference,,,FALSE,Allegiant Stadium,North Dakota State: ESPN structured conferenceId already matches approved 2026 assignment (Mountain West Conference).
401864519,2026,6,2026-10-09,FALSE,Wyoming Cowboys,Mountain West Conference,San José State Spartans,Mountain West Conference,,,FALSE,CEFCU Stadium,
401866435,2026,6,2026-10-10,FALSE,Eastern Michigan Eagles,Mid-American Conference,Akron Zips,Mid-American Conference,,,FALSE,InfoCision Stadium,
401866436,2026,6,2026-10-10,FALSE,Sacramento State Hornets,Mid-American Conference,Bowling Green Falcons,Mid-American Conference,,,FALSE,Doyt L. Perry Stadium,Sacramento State: ESPN structured conferenceId already matches approved 2026 assignment (Mid-American Conference).
401866437,2026,6,2026-10-10,FALSE,Buffalo Bulls,Mid-American Conference,Toledo Rockets,Mid-American Conference,,,FALSE,Glass Bowl,
401866438,2026,6,2026-10-10,FALSE,Central Michigan Chippewas,Mid-American Conference,Ohio Bobcats,Mid-American Conference,,,FALSE,Peden Stadium,
401866439,2026,6,2026-10-10,FALSE,Kent State Golden Flashes,Mid-American Conference,Western Michigan Broncos,Mid-American Conference,,,FALSE,Waldo Stadium,
401866440,2026,6,2026-10-10,FALSE,Miami (OH) RedHawks,Mid-American Conference,Massachusetts Minutemen,Mid-American Conference,,,FALSE,Warren McGuirk Alumni Stadium,
401869843,2026,6,2026-10-10,FALSE,Old Dominion Monarchs,Sun Belt Conference,App State Mountaineers,Sun Belt Conference,,,FALSE,Kidd Brewer Stadium,
401869943,2026,6,2026-10-10,FALSE,Coastal Carolina Chanticleers,Sun Belt Conference,Marshall Thundering Herd,Sun Belt Conference,,,FALSE,Joan C. Edwards Stadium,
401869949,2026,6,2026-10-10,FALSE,James Madison Dukes,Sun Belt Conference,Georgia Southern Eagles,Sun Belt Conference,,,FALSE,Allen E. Paulson Stadium,
401869965,2026,6,2026-10-10,FALSE,Louisiana Ragin' Cajuns,Sun Belt Conference,Louisiana Tech Bulldogs,Sun Belt Conference,,,FALSE,Joe Aillet Stadium,
401860901,2026,6,2026-10-10,FALSE,Boise State Broncos,Pac-12 Conference,Fresno State Bulldogs,Pac-12 Conference,,,FALSE,Valley Children's Stadium,
401871067,2026,7,2026-10-13,FALSE,Delaware Blue Hens,Conference USA,Middle Tennessee Blue Raiders,Conference USA,,,FALSE,"Johnny ""Red"" Floyd Stadium",
401871053,2026,7,2026-10-13,FALSE,Florida International Panthers,Conference USA,Jacksonville State Gamecocks,Conference USA,,,FALSE,AmFirst Stadium,
401871054,2026,7,2026-10-14,FALSE,Kennesaw State Owls,Conference USA,Missouri State Bears,Conference USA,,,FALSE,Robert W. Plaster Stadium,
401862800,2026,7,2026-10-15,FALSE,East Carolina Pirates,American Conference,UAB Blazers,American Conference,,,FALSE,Protective Stadium,
401869950,2026,7,2026-10-15,FALSE,Georgia Southern Eagles,Sun Belt Conference,Old Dominion Monarchs,Sun Belt Conference,,,FALSE,S.B. Ballard Stadium,
401871068,2026,7,2026-10-14,FALSE,Western Kentucky Hilltoppers,Conference USA,Sam Houston Bearkats,Conference USA,,,FALSE,Elliott T. Bowers Stadium,
401860923,2026,7,2026-10-15,FALSE,Colorado State Rams,Pac-12 Conference,Texas State Bobcats,Pac-12 Conference,,,FALSE,UFCU Stadium,
401862801,2026,7,2026-10-16,FALSE,Memphis Tigers,American Conference,Tulane Green Wave,American Conference,,,FALSE,Yulman Stadium,
401856719,2026,7,2026-10-17,FALSE,Auburn Tigers,Southeastern Conference,Georgia Bulldogs,Southeastern Conference,,,FALSE,Sanford Stadium,ESPN event note: AFTERNOON: 3:30 - 4:30pm ET start
401856720,2026,7,2026-10-17,FALSE,Mississippi State Bulldogs,Southeastern Conference,LSU Tigers,Southeastern Conference,,,FALSE,Tiger Stadium (LA),ESPN event note: EARLY: Noon - 1pm ET start
401856721,2026,7,2026-10-17,FALSE,Missouri Tigers,Southeastern Conference,Ole Miss Rebels,Southeastern Conference,,,FALSE,Vaught-Hemingway Stadium,ESPN event note: AFTERNOON: 3:30 - 4:30pm ET start
401856722,2026,7,2026-10-17,FALSE,Kentucky Wildcats,Southeastern Conference,Oklahoma Sooners,Southeastern Conference,,,FALSE,"Memorial Stadium (Norman, OK)",ESPN event note: FLEX: 3:30 - 4:30pm OR 6 - 8pm ET start
401856723,2026,7,2026-10-17,FALSE,Alabama Crimson Tide,Southeastern Conference,Tennessee Volunteers,Southeastern Conference,,,FALSE,Neyland Stadium,ESPN event note: FLEX: 3:30 - 4:30pm OR 6 - 8pm ET start
401856724,2026,7,2026-10-17,FALSE,Florida Gators,Southeastern Conference,Texas Longhorns,Southeastern Conference,,,FALSE,DKR-Texas Memorial Stadium,ESPN event note: EARLY: Noon - 1pm ET start
401856725,2026,7,2026-10-17,FALSE,The Citadel Bulldogs,Southern Conference,Texas A&M Aggies,Southeastern Conference,,,FALSE,Kyle Field,
401856726,2026,7,2026-10-17,FALSE,Arkansas Razorbacks,Southeastern Conference,Vanderbilt Commodores,Southeastern Conference,,,FALSE,FirstBank Stadium,ESPN event note: FLEX: 3:30 - 4:30pm OR 6 - 8pm ET start
401856809,2026,7,2026-10-17,FALSE,Notre Dame Fighting Irish,FBS Independents,BYU Cougars,Big 12 Conference,,,FALSE,LaVell Edwards Stadium,
401856828,2026,7,2026-10-17,FALSE,Arizona State Sun Devils,Big 12 Conference,Texas Tech Red Raiders,Big 12 Conference,,,FALSE,Galaxy Stadium,
401856829,2026,7,2026-10-17,FALSE,Cincinnati Bearcats,Big 12 Conference,West Virginia Mountaineers,Big 12 Conference,,,FALSE,Milan Puskar Stadium,
401856830,2026,7,2026-10-17,FALSE,Kansas Jayhawks,Big 12 Conference,Kansas State Wildcats,Big 12 Conference,,,FALSE,Bill Snyder Family Stadium,
401856831,2026,7,2026-10-17,FALSE,Oklahoma State Cowboys,Big 12 Conference,Houston Cougars,Big 12 Conference,,,FALSE,TDECU Stadium,
401856832,2026,7,2026-10-17,FALSE,TCU Horned Frogs,Big 12 Conference,Baylor Bears,Big 12 Conference,,,FALSE,McLane Stadium,
401856833,2026,7,2026-10-17,FALSE,Utah Utes,Big 12 Conference,Colorado Buffaloes,Big 12 Conference,,,FALSE,Folsom Field,
401858261,2026,7,2026-10-17,FALSE,Charleston Southern Buccaneers,OVC-Big South Association,Clemson Tigers,Atlantic Coast Conference,,,FALSE,"Memorial Stadium (Clemson, SC)",
401858262,2026,7,2026-10-17,FALSE,Elon Phoenix,Coastal Athletic Association,Stanford Cardinal,Atlantic Coast Conference,,,FALSE,Stanford Stadium,
401858263,2026,7,2026-10-17,FALSE,Florida State Seminoles,Atlantic Coast Conference,Miami Hurricanes,Atlantic Coast Conference,,,FALSE,Hard Rock Stadium,
401858264,2026,7,2026-10-17,FALSE,Georgia Tech Yellow Jackets,Atlantic Coast Conference,Virginia Tech Hokies,Atlantic Coast Conference,,,FALSE,Lane Stadium,
401858265,2026,7,2026-10-17,FALSE,Louisville Cardinals,Atlantic Coast Conference,Syracuse Orange,Atlantic Coast Conference,,,FALSE,JMA Wireless Dome,
401858266,2026,7,2026-10-17,FALSE,North Carolina Tar Heels,Atlantic Coast Conference,Duke Blue Devils,Atlantic Coast Conference,,,FALSE,Wallace Wade Stadium,
401858267,2026,7,2026-10-17,FALSE,Pittsburgh Panthers,Atlantic Coast Conference,Boston College Eagles,Atlantic Coast Conference,,,FALSE,"Alumni Stadium (Chestnut Hill, MA)",
401858268,2026,7,2026-10-17,FALSE,Virginia Cavaliers,Atlantic Coast Conference,SMU Mustangs,Atlantic Coast Conference,,,FALSE,Gerald J. Ford Stadium,
401858269,2026,7,2026-10-17,FALSE,Wake Forest Demon Deacons,Atlantic Coast Conference,California Golden Bears,Atlantic Coast Conference,,,FALSE,California Memorial Stadium,
401858488,2026,7,2026-10-17,FALSE,Ohio State Buckeyes,Big Ten Conference,Indiana Hoosiers,Big Ten Conference,,,FALSE,"Memorial Stadium (Bloomington, IN)",
401858489,2026,7,2026-10-17,FALSE,Rutgers Scarlet Knights,Big Ten Conference,Maryland Terrapins,Big Ten Conference,,,FALSE,SECU Stadium,
401858490,2026,7,2026-10-17,FALSE,Penn State Nittany Lions,Big Ten Conference,Michigan Wolverines,Big Ten Conference,,,FALSE,Michigan Stadium,
401858491,2026,7,2026-10-17,FALSE,Northwestern Wildcats,Big Ten Conference,Michigan State Spartans,Big Ten Conference,,,FALSE,Spartan Stadium,
401858492,2026,7,2026-10-17,FALSE,Nebraska Cornhuskers,Big Ten Conference,Oregon Ducks,Big Ten Conference,,,FALSE,Autzen Stadium,
401858493,2026,7,2026-10-16,FALSE,Washington Huskies,Big Ten Conference,Purdue Boilermakers,Big Ten Conference,,,FALSE,Ross-Ade Stadium,
401858494,2026,7,2026-10-17,FALSE,Wisconsin Badgers,Big Ten Conference,UCLA Bruins,Big Ten Conference,,,FALSE,Rose Bowl,
401860903,2026,7,2026-10-17,FALSE,Washington State Cougars,Pac-12 Conference,Oregon State Beavers,Pac-12 Conference,,,FALSE,Reser Stadium,
401862802,2026,7,2026-10-17,FALSE,Florida Atlantic Owls,American Conference,Army Black Knights,American Conference,,,FALSE,Michie Stadium,
401862803,2026,7,2026-10-17,FALSE,Charlotte 49ers,American Conference,Temple Owls,American Conference,,,FALSE,Lincoln Financial Field,
401862804,2026,7,2026-10-17,FALSE,Navy Midshipmen,American Conference,UTSA Roadrunners,American Conference,,,FALSE,Alamodome,
401862805,2026,7,2026-10-17,FALSE,Tulsa Golden Hurricane,American Conference,Rice Owls,American Conference,,,FALSE,Rice Stadium,
401862806,2026,7,2026-10-17,FALSE,Kent State Golden Flashes,Mid-American Conference,South Florida Bulls,American Conference,,,FALSE,Raymond James Stadium,
401864520,2026,7,2026-10-17,FALSE,Nevada Wolf Pack,Mountain West Conference,North Dakota State Bison,Mountain West Conference,,,FALSE,Fargodome,North Dakota State: ESPN structured conferenceId already matches approved 2026 assignment (Mountain West Conference).
401864521,2026,7,2026-10-17,FALSE,New Mexico Lobos,Mountain West Conference,Hawai'i Rainbow Warriors,Mountain West Conference,,,FALSE,Clarence T.C. Ching Athletics Complex,
401864522,2026,7,2026-10-17,FALSE,Northern Illinois Huskies,Mountain West Conference,Wyoming Cowboys,Mountain West Conference,,,FALSE,War Memorial Stadium,
401864524,2026,7,2026-10-17,FALSE,UNLV Rebels,Mountain West Conference,Air Force Falcons,Mountain West Conference,,,FALSE,Falcon Stadium,
401866441,2026,7,2026-10-17,FALSE,Ball State Cardinals,Mid-American Conference,Bowling Green Falcons,Mid-American Conference,,,FALSE,Doyt L. Perry Stadium,
401866442,2026,7,2026-10-17,FALSE,Massachusetts Minutemen,Mid-American Conference,Buffalo Bulls,Mid-American Conference,,,FALSE,Broadview Stadium,
401866443,2026,7,2026-10-17,FALSE,Western Michigan Broncos,Mid-American Conference,Central Michigan Chippewas,Mid-American Conference,,,FALSE,Kelly/Shorts Stadium,
401866444,2026,7,2026-10-17,FALSE,Toledo Rockets,Mid-American Conference,Eastern Michigan Eagles,Mid-American Conference,,,FALSE,Rynearson Stadium,
401866445,2026,7,2026-10-17,FALSE,Ohio Bobcats,Mid-American Conference,Sacramento State Hornets,Mid-American Conference,,,FALSE,Hornet Stadium,Sacramento State: ESPN structured conferenceId already matches approved 2026 assignment (Mid-American Conference).
401866478,2026,7,2026-10-17,FALSE,Akron Zips,Mid-American Conference,Miami (OH) RedHawks,Mid-American Conference,,,FALSE,Yager Stadium,
401869844,2026,7,2026-10-16,FALSE,App State Mountaineers,Sun Belt Conference,Coastal Carolina Chanticleers,Sun Belt Conference,,,FALSE,Brooks Stadium (SC),
401869934,2026,7,2026-10-17,FALSE,Arkansas State Red Wolves,Sun Belt Conference,Southern Miss Golden Eagles,Sun Belt Conference,,,FALSE,M. M. Roberts Stadium,
401869957,2026,7,2026-10-17,FALSE,Georgia State Panthers,Sun Belt Conference,James Madison Dukes,Sun Belt Conference,,,FALSE,Bridgeforth Stadium,
401869966,2026,7,2026-10-17,FALSE,Troy Trojans,Sun Belt Conference,Louisiana Ragin' Cajuns,Sun Belt Conference,,,FALSE,Our Lady of Lourdes Stadium,
401871091,2026,7,2026-10-17,FALSE,Louisiana Tech Bulldogs,Sun Belt Conference,UL Monroe Warhawks,Sun Belt Conference,,,FALSE,Malone Stadium,
401860904,2026,7,2026-10-17,FALSE,Fresno State Bulldogs,Pac-12 Conference,San Diego State Aztecs,Pac-12 Conference,,,FALSE,Snapdragon Stadium,
401864523,2026,7,2026-10-17,FALSE,San José State Spartans,Mountain West Conference,UTEP Miners,Mountain West Conference,,,FALSE,Sun Bowl,
401871055,2026,8,2026-10-20,FALSE,Middle Tennessee Blue Raiders,Conference USA,Florida International Panthers,Conference USA,,,FALSE,Pitbull Stadium,
401871069,2026,8,2026-10-20,FALSE,Missouri State Bears,Conference USA,Delaware Blue Hens,Conference USA,,,FALSE,Delaware Stadium,
401871092,2026,8,2026-10-20,FALSE,South Alabama Jaguars,Sun Belt Conference,Marshall Thundering Herd,Sun Belt Conference,,,FALSE,Joan C. Edwards Stadium,
401862807,2026,8,2026-10-22,FALSE,East Carolina Pirates,American Conference,Memphis Tigers,American Conference,,,FALSE,Simmons Bank Liberty Stadium,
401869845,2026,8,2026-10-22,FALSE,James Madison Dukes,Sun Belt Conference,App State Mountaineers,Sun Belt Conference,,,FALSE,Kidd Brewer Stadium,
401871056,2026,8,2026-10-22,FALSE,Liberty Flames,Conference USA,Kennesaw State Owls,Conference USA,,,FALSE,Walens Family Field at Fifth Third Stadium,
401871070,2026,8,2026-10-21,FALSE,New Mexico State Aggies,Conference USA,Sam Houston Bearkats,Conference USA,,,FALSE,Elliott T. Bowers Stadium,
401858271,2026,8,2026-10-23,FALSE,Duke Blue Devils,Atlantic Coast Conference,Virginia Cavaliers,Atlantic Coast Conference,,,FALSE,Scott Stadium,
401861965,2026,8,2026-10-23,FALSE,Massachusetts Minutemen,Mid-American Conference,UConn Huskies,FBS Independents,,,FALSE,Pratt & Whitney Stadium,
401856727,2026,8,2026-10-24,FALSE,Texas A&M Aggies,Southeastern Conference,Alabama Crimson Tide,Southeastern Conference,,,FALSE,Bryant-Denny Stadium,ESPN event note: FLEX: 3:30 - 4:30pm OR 6 - 8pm ET start
401856728,2026,8,2026-10-24,FALSE,LSU Tigers,Southeastern Conference,Auburn Tigers,Southeastern Conference,,,FALSE,Jordan-Hare Stadium,
401856729,2026,8,2026-10-24,FALSE,Vanderbilt Commodores,Southeastern Conference,Kentucky Wildcats,Southeastern Conference,,,FALSE,Kroger Field,ESPN event note: NIGHT: 6 - 8pm ET start
401856730,2026,8,2026-10-24,FALSE,Oklahoma Sooners,Southeastern Conference,Mississippi State Bulldogs,Southeastern Conference,,,FALSE,Davis Wade Stadium,ESPN event note: FLEX: 3:30 - 4:30pm OR 6 - 8pm ET start
401856731,2026,8,2026-10-24,FALSE,Tennessee Volunteers,Southeastern Conference,South Carolina Gamecocks,Southeastern Conference,,,FALSE,Williams-Brice Stadium,ESPN event note: AFTERNOON: 3:30 - 4:30pm ET start
401856732,2026,8,2026-10-24,FALSE,Ole Miss Rebels,Southeastern Conference,Texas Longhorns,Southeastern Conference,,,FALSE,DKR-Texas Memorial Stadium,ESPN event note: FLEX: 3:30 - 4:30pm OR 6 - 8pm ET start
401856834,2026,8,2026-10-24,FALSE,Baylor Bears,Big 12 Conference,Kansas Jayhawks,Big 12 Conference,,,FALSE,David Booth Kansas Memorial Stadium,
401856835,2026,8,2026-10-24,FALSE,BYU Cougars,Big 12 Conference,UCF Knights,Big 12 Conference,,,FALSE,Acrisure Bounce House,
401856836,2026,8,2026-10-24,FALSE,Colorado Buffaloes,Big 12 Conference,Oklahoma State Cowboys,Big 12 Conference,,,FALSE,Boone Pickens Stadium,
401856837,2026,8,2026-10-24,FALSE,Houston Cougars,Big 12 Conference,Utah Utes,Big 12 Conference,,,FALSE,Rice-Eccles Stadium,
401856838,2026,8,2026-10-24,FALSE,Iowa State Cyclones,Big 12 Conference,Arizona Wildcats,Big 12 Conference,,,FALSE,Casino Del Sol Stadium,
401856839,2026,8,2026-10-24,FALSE,Kansas State Wildcats,Big 12 Conference,Arizona State Sun Devils,Big 12 Conference,,,FALSE,Mountain America Stadium,
401856840,2026,8,2026-10-24,FALSE,Texas Tech Red Raiders,Big 12 Conference,Cincinnati Bearcats,Big 12 Conference,,,FALSE,Nippert Stadium,
401856841,2026,8,2026-10-24,FALSE,West Virginia Mountaineers,Big 12 Conference,TCU Horned Frogs,Big 12 Conference,,,FALSE,Amon G. Carter Stadium,
401858270,2026,8,2026-10-24,FALSE,California Golden Bears,Atlantic Coast Conference,SMU Mustangs,Atlantic Coast Conference,,,FALSE,Gerald J. Ford Stadium,
401858272,2026,8,2026-10-23,FALSE,NC State Wolfpack,Atlantic Coast Conference,Stanford Cardinal,Atlantic Coast Conference,,,FALSE,Stanford Stadium,
401858273,2026,8,2026-10-24,FALSE,Boston College Eagles,Atlantic Coast Conference,Georgia Tech Yellow Jackets,Atlantic Coast Conference,,,FALSE,Bobby Dodd Stadium,
401858274,2026,8,2026-10-24,FALSE,Pittsburgh Panthers,Atlantic Coast Conference,Miami Hurricanes,Atlantic Coast Conference,,,FALSE,Hard Rock Stadium,
401858275,2026,8,2026-10-24,FALSE,Syracuse Orange,Atlantic Coast Conference,North Carolina Tar Heels,Atlantic Coast Conference,,,FALSE,Kenan Stadium,
401858276,2026,8,2026-10-24,FALSE,Virginia Tech Hokies,Atlantic Coast Conference,Clemson Tigers,Atlantic Coast Conference,,,FALSE,"Memorial Stadium (Clemson, SC)",
401858495,2026,8,2026-10-24,FALSE,Oregon Ducks,Big Ten Conference,Illinois Fighting Illini,Big Ten Conference,,,FALSE,Gies Memorial Stadium,
401858496,2026,8,2026-10-24,FALSE,Indiana Hoosiers,Big Ten Conference,Michigan Wolverines,Big Ten Conference,,,FALSE,Michigan Stadium,
401858497,2026,8,2026-10-24,FALSE,Iowa Hawkeyes,Big Ten Conference,Minnesota Golden Gophers,Big Ten Conference,,,FALSE,Huntington Bank Stadium,
401858498,2026,8,2026-10-24,FALSE,Rutgers Scarlet Knights,Big Ten Conference,Northwestern Wildcats,Big Ten Conference,,,FALSE,Ryan Field,
401858499,2026,8,2026-10-24,FALSE,Michigan State Spartans,Big Ten Conference,UCLA Bruins,Big Ten Conference,,,FALSE,Rose Bowl,
401858500,2026,8,2026-10-24,FALSE,USC Trojans,Big Ten Conference,Wisconsin Badgers,Big Ten Conference,,,FALSE,Camp Randall Stadium,
401860905,2026,8,2026-10-24,FALSE,San Diego State Aztecs,Pac-12 Conference,Colorado State Rams,Pac-12 Conference,,,FALSE,Canvas Stadium,
401860906,2026,8,2026-10-24,FALSE,Utah State Aggies,Pac-12 Conference,Texas State Bobcats,Pac-12 Conference,,,FALSE,UFCU Stadium,
401860907,2026,8,2026-10-24,FALSE,Boise State Broncos,Pac-12 Conference,Washington State Cougars,Pac-12 Conference,,,FALSE,Martin Stadium,
401862808,2026,8,2026-10-23,FALSE,Army Black Knights,American Conference,Tulsa Golden Hurricane,American Conference,,,FALSE,H. A. Chapman Stadium,
401862809,2026,8,2026-10-24,FALSE,Rice Owls,American Conference,Florida Atlantic Owls,American Conference,,,FALSE,Flagler Credit Union Stadium,
401862810,2026,8,2026-10-24,FALSE,North Texas Mean Green,American Conference,Navy Midshipmen,American Conference,,,FALSE,Navy-Marine Corps Memorial Stadium,
401862811,2026,8,2026-10-24,FALSE,UTSA Roadrunners,American Conference,Tulane Green Wave,American Conference,,,FALSE,Yulman Stadium,
401864525,2026,8,2026-10-23,FALSE,Air Force Falcons,Mountain West Conference,Wyoming Cowboys,Mountain West Conference,,,FALSE,War Memorial Stadium,
401864526,2026,8,2026-10-24,FALSE,Hawai'i Rainbow Warriors,Mountain West Conference,Northern Illinois Huskies,Mountain West Conference,,,FALSE,Huskie Stadium,
401864528,2026,8,2026-10-24,FALSE,San José State Spartans,Mountain West Conference,Nevada Wolf Pack,Mountain West Conference,,,FALSE,Mackay Stadium,
401866446,2026,8,2026-10-24,FALSE,Akron Zips,Mid-American Conference,Kent State Golden Flashes,Mid-American Conference,,,FALSE,Zoeller Field at Dix Stadium,
401866447,2026,8,2026-10-24,FALSE,Sacramento State Hornets,Mid-American Conference,Ball State Cardinals,Mid-American Conference,,,FALSE,Scheumann Stadium,Sacramento State: ESPN structured conferenceId already matches approved 2026 assignment (Mid-American Conference).
401866448,2026,8,2026-10-24,FALSE,Bowling Green Falcons,Mid-American Conference,Buffalo Bulls,Mid-American Conference,,,FALSE,Broadview Stadium,
401866449,2026,8,2026-10-24,FALSE,Eastern Michigan Eagles,Mid-American Conference,Ohio Bobcats,Mid-American Conference,,,FALSE,Peden Stadium,
401866450,2026,8,2026-10-24,FALSE,Western Michigan Broncos,Mid-American Conference,Toledo Rockets,Mid-American Conference,,,FALSE,Glass Bowl,
401866476,2026,8,2026-10-24,FALSE,Miami (OH) RedHawks,Mid-American Conference,Central Michigan Chippewas,Mid-American Conference,,,FALSE,Kelly/Shorts Stadium,
401869935,2026,8,2026-10-24,FALSE,Georgia State Panthers,Sun Belt Conference,Arkansas State Red Wolves,Sun Belt Conference,,,FALSE,Centennial Bank Stadium,
401869967,2026,8,2026-10-24,FALSE,Louisiana Ragin' Cajuns,Sun Belt Conference,Southern Miss Golden Eagles,Sun Belt Conference,,,FALSE,M. M. Roberts Stadium,
401871093,2026,8,2026-10-24,FALSE,Old Dominion Monarchs,Sun Belt Conference,Louisiana Tech Bulldogs,Sun Belt Conference,,,FALSE,Joe Aillet Stadium,
401871094,2026,8,2026-10-24,FALSE,UL Monroe Warhawks,Sun Belt Conference,Troy Trojans,Sun Belt Conference,,,FALSE,Veterans Memorial Stadium (AL),
401864527,2026,8,2026-10-24,FALSE,North Dakota State Bison,Mountain West Conference,New Mexico Lobos,Mountain West Conference,,,FALSE,University Stadium (NM),North Dakota State: ESPN structured conferenceId already matches approved 2026 assignment (Mountain West Conference).
401871071,2026,9,2026-10-27,FALSE,Delaware Blue Hens,Conference USA,Western Kentucky Hilltoppers,Conference USA,,,FALSE,Houchens Industries-L.T. Smith Stadium,
401871058,2026,9,2026-10-28,FALSE,Kennesaw State Owls,Conference USA,Middle Tennessee Blue Raiders,Conference USA,,,FALSE,"Johnny ""Red"" Floyd Stadium",
401871072,2026,9,2026-10-27,FALSE,Sam Houston Bearkats,Conference USA,Missouri State Bears,Conference USA,,,FALSE,Robert W. Plaster Stadium,
401862812,2026,9,2026-10-29,FALSE,Florida Atlantic Owls,American Conference,North Texas Mean Green,American Conference,,,FALSE,DATCU Stadium,
401869963,2026,9,2026-10-29,FALSE,Troy Trojans,Sun Belt Conference,James Madison Dukes,Sun Belt Conference,,,FALSE,Bridgeforth Stadium,
401871057,2026,9,2026-10-28,FALSE,Jacksonville State Gamecocks,Conference USA,New Mexico State Aggies,Conference USA,,,FALSE,Aggie Memorial Stadium,
401856844,2026,9,2026-10-30,FALSE,Baylor Bears,Big 12 Conference,UCF Knights,Big 12 Conference,,,FALSE,Acrisure Bounce House,
401862813,2026,9,2026-10-30,FALSE,Tulane Green Wave,American Conference,Charlotte 49ers,American Conference,,,FALSE,Jerry Richardson Stadium,
401856733,2026,9,2026-10-31,FALSE,Missouri Tigers,Southeastern Conference,Arkansas Razorbacks,Southeastern Conference,,,FALSE,Donald W. Reynolds Razorback Stadium,ESPN event note: FLEX: 3:30 - 4:30pm OR 6 - 8pm ET start
401856734,2026,9,2026-10-31,TRUE,Florida Gators,Southeastern Conference,Georgia Bulldogs,Southeastern Conference,,,FALSE,Mercedes-Benz Stadium,
401856735,2026,9,2026-10-31,FALSE,Auburn Tigers,Southeastern Conference,Ole Miss Rebels,Southeastern Conference,,,FALSE,Vaught-Hemingway Stadium,ESPN event note: EARLY: Noon - 1pm ET start
401856736,2026,9,2026-10-31,FALSE,South Carolina Gamecocks,Southeastern Conference,Oklahoma Sooners,Southeastern Conference,,,FALSE,"Memorial Stadium (Norman, OK)",ESPN event note: FLEX: 3:30 - 4:30pm OR 6 - 8pm ET start
401856737,2026,9,2026-10-31,FALSE,Mississippi State Bulldogs,Southeastern Conference,Texas Longhorns,Southeastern Conference,,,FALSE,DKR-Texas Memorial Stadium,ESPN event note: NIGHT: 6 - 8pm ET start
401856842,2026,9,2026-10-31,FALSE,Arizona Wildcats,Big 12 Conference,Texas Tech Red Raiders,Big 12 Conference,,,FALSE,Galaxy Stadium,
401856843,2026,9,2026-10-31,FALSE,Arizona State Sun Devils,Big 12 Conference,BYU Cougars,Big 12 Conference,,,FALSE,LaVell Edwards Stadium,
401856845,2026,9,2026-10-31,FALSE,Kansas Jayhawks,Big 12 Conference,TCU Horned Frogs,Big 12 Conference,,,FALSE,Amon G. Carter Stadium,
401856846,2026,9,2026-10-31,FALSE,Kansas State Wildcats,Big 12 Conference,Colorado Buffaloes,Big 12 Conference,,,FALSE,Folsom Field,
401856847,2026,9,2026-10-31,FALSE,Oklahoma State Cowboys,Big 12 Conference,Iowa State Cyclones,Big 12 Conference,,,FALSE,Jack Trice Stadium,
401856848,2026,9,2026-10-31,FALSE,Utah Utes,Big 12 Conference,Cincinnati Bearcats,Big 12 Conference,,,FALSE,Nippert Stadium,
401858277,2026,9,2026-10-31,FALSE,California Golden Bears,Atlantic Coast Conference,NC State Wolfpack,Atlantic Coast Conference,,,FALSE,Carter-Finley Stadium,
401858278,2026,9,2026-10-31,FALSE,SMU Mustangs,Atlantic Coast Conference,Syracuse Orange,Atlantic Coast Conference,,,FALSE,JMA Wireless Dome,
401858279,2026,9,2026-10-31,FALSE,Boston College Eagles,Atlantic Coast Conference,Duke Blue Devils,Atlantic Coast Conference,,,FALSE,Wallace Wade Stadium,
401858280,2026,9,2026-10-31,FALSE,Clemson Tigers,Atlantic Coast Conference,Florida State Seminoles,Atlantic Coast Conference,,,FALSE,Doak Campbell Stadium,
401858281,2026,9,2026-10-31,FALSE,Georgia Tech Yellow Jackets,Atlantic Coast Conference,Pittsburgh Panthers,Atlantic Coast Conference,,,FALSE,Acrisure Stadium,
401858282,2026,9,2026-10-31,FALSE,Miami Hurricanes,Atlantic Coast Conference,North Carolina Tar Heels,Atlantic Coast Conference,,,FALSE,Kenan Stadium,
401858283,2026,9,2026-10-31,FALSE,Stanford Cardinal,Atlantic Coast Conference,Louisville Cardinals,Atlantic Coast Conference,,,FALSE,L&N Federal Credit Union Stadium,
401858284,2026,9,2026-10-31,FALSE,Virginia Cavaliers,Atlantic Coast Conference,Wake Forest Demon Deacons,Atlantic Coast Conference,,,FALSE,Allegacy Federal Credit Union Stadium,
401858501,2026,9,2026-10-31,FALSE,Minnesota Golden Gophers,Big Ten Conference,Indiana Hoosiers,Big Ten Conference,,,FALSE,"Memorial Stadium (Bloomington, IN)",
401858502,2026,9,2026-10-31,FALSE,Wisconsin Badgers,Big Ten Conference,Iowa Hawkeyes,Big Ten Conference,,,FALSE,Kinnick Stadium,
401858503,2026,9,2026-10-31,FALSE,Illinois Fighting Illini,Big Ten Conference,Maryland Terrapins,Big Ten Conference,,,FALSE,SECU Stadium,
401858504,2026,9,2026-10-31,FALSE,Washington Huskies,Big Ten Conference,Nebraska Cornhuskers,Big Ten Conference,,,FALSE,"Memorial Stadium (Lincoln, NE)",
401858505,2026,9,2026-10-31,FALSE,Northwestern Wildcats,Big Ten Conference,Oregon Ducks,Big Ten Conference,,,FALSE,Autzen Stadium,
401858506,2026,9,2026-10-31,FALSE,Purdue Boilermakers,Big Ten Conference,Penn State Nittany Lions,Big Ten Conference,,,FALSE,Beaver Stadium,
401858507,2026,9,2026-10-31,FALSE,Michigan Wolverines,Big Ten Conference,Rutgers Scarlet Knights,Big Ten Conference,,,FALSE,SHI Stadium,
401858508,2026,9,2026-10-31,FALSE,Nevada Wolf Pack,Mountain West Conference,UCLA Bruins,Big Ten Conference,,,FALSE,Rose Bowl,
401858509,2026,9,2026-10-31,FALSE,Ohio State Buckeyes,Big Ten Conference,USC Trojans,Big Ten Conference,,,FALSE,Los Angeles Memorial Coliseum,
401859185,2026,9,2026-10-31,TRUE,Notre Dame Fighting Irish,FBS Independents,Navy Midshipmen,American Conference,,,FALSE,Gillette Stadium,
401860909,2026,9,2026-10-31,FALSE,Washington State Cougars,Pac-12 Conference,San Diego State Aztecs,Pac-12 Conference,,,FALSE,Snapdragon Stadium,
401860910,2026,9,2026-10-31,FALSE,Colorado State Rams,Pac-12 Conference,Utah State Aggies,Pac-12 Conference,,,FALSE,Maverik Stadium,
401860924,2026,9,2026-10-31,FALSE,Oregon State Beavers,Pac-12 Conference,Fresno State Bulldogs,Pac-12 Conference,,,FALSE,Valley Children's Stadium,
401861966,2026,9,2026-10-31,FALSE,UConn Huskies,FBS Independents,Air Force Falcons,Mountain West Conference,,,FALSE,Falcon Stadium,
401862814,2026,9,2026-10-31,FALSE,Army Black Knights,American Conference,Memphis Tigers,American Conference,,,FALSE,Simmons Bank Liberty Stadium,
401862815,2026,9,2026-10-31,FALSE,Temple Owls,American Conference,East Carolina Pirates,American Conference,,,FALSE,Dowdy-Ficklen Stadium,
401862816,2026,9,2026-10-31,FALSE,UAB Blazers,American Conference,South Florida Bulls,American Conference,,,FALSE,Raymond James Stadium,
401864529,2026,9,2026-10-31,FALSE,New Mexico Lobos,Mountain West Conference,San José State Spartans,Mountain West Conference,,,FALSE,CEFCU Stadium,
401864531,2026,9,2026-10-31,FALSE,UTEP Miners,Mountain West Conference,North Dakota State Bison,Mountain West Conference,,,FALSE,Fargodome,North Dakota State: ESPN structured conferenceId already matches approved 2026 assignment (Mountain West Conference).
401866451,2026,9,2026-10-30,FALSE,Kent State Golden Flashes,Mid-American Conference,Sacramento State Hornets,Mid-American Conference,,,FALSE,Hornet Stadium,Sacramento State: ESPN structured conferenceId already matches approved 2026 assignment (Mid-American Conference).
401866452,2026,9,2026-10-31,FALSE,Bowling Green Falcons,Mid-American Conference,Western Michigan Broncos,Mid-American Conference,,,FALSE,Waldo Stadium,
401869846,2026,9,2026-10-31,FALSE,App State Mountaineers,Sun Belt Conference,Georgia Southern Eagles,Sun Belt Conference,,,FALSE,Allen E. Paulson Stadium,
401869944,2026,9,2026-10-31,FALSE,Coastal Carolina Chanticleers,Sun Belt Conference,Georgia State Panthers,Sun Belt Conference,,,FALSE,Center Parc Stadium,
401871059,2026,9,2026-10-31,FALSE,Florida International Panthers,Conference USA,Liberty Flames,Conference USA,,,FALSE,Williams Stadium (VA),
401871095,2026,9,2026-10-31,FALSE,Southern Miss Golden Eagles,Sun Belt Conference,UL Monroe Warhawks,Sun Belt Conference,,,FALSE,Malone Stadium,
401871096,2026,9,2026-10-31,FALSE,Marshall Thundering Herd,Sun Belt Conference,Old Dominion Monarchs,Sun Belt Conference,,,FALSE,S.B. Ballard Stadium,
401871097,2026,9,2026-10-31,FALSE,Louisiana Tech Bulldogs,Sun Belt Conference,South Alabama Jaguars,Sun Belt Conference,,,FALSE,Hancock Whitney Stadium,
401860908,2026,9,2026-10-31,FALSE,Texas State Bobcats,Pac-12 Conference,Boise State Broncos,Pac-12 Conference,,,FALSE,Albertsons Stadium,
401864530,2026,9,2026-10-31,FALSE,Northern Illinois Huskies,Mountain West Conference,UNLV Rebels,Mountain West Conference,,,FALSE,Allegiant Stadium,
401866453,2026,10,2026-11-03,FALSE,Ohio Bobcats,Mid-American Conference,Akron Zips,Mid-American Conference,,,FALSE,InfoCision Stadium,
401866454,2026,10,2026-11-03,FALSE,Buffalo Bulls,Mid-American Conference,Miami (OH) RedHawks,Mid-American Conference,,,FALSE,Yager Stadium,
401866455,2026,10,2026-11-04,FALSE,Ball State Cardinals,Mid-American Conference,Massachusetts Minutemen,Mid-American Conference,,,FALSE,Warren McGuirk Alumni Stadium,
401866456,2026,10,2026-11-04,TRUE,Central Michigan Chippewas,Mid-American Conference,Eastern Michigan Eagles,Mid-American Conference,,,FALSE,Ford Field,
401866457,2026,10,2026-11-04,FALSE,Toledo Rockets,Mid-American Conference,Sacramento State Hornets,Mid-American Conference,,,FALSE,Hornet Stadium,Sacramento State: ESPN structured conferenceId already matches approved 2026 assignment (Mid-American Conference).
401862817,2026,10,2026-11-05,FALSE,UTSA Roadrunners,American Conference,Florida Atlantic Owls,American Conference,,,FALSE,Flagler Credit Union Stadium,
401869964,2026,10,2026-11-05,FALSE,James Madison Dukes,Sun Belt Conference,Southern Miss Golden Eagles,Sun Belt Conference,,,FALSE,M. M. Roberts Stadium,
401856738,2026,10,2026-11-07,FALSE,Arkansas Razorbacks,Southeastern Conference,Auburn Tigers,Southeastern Conference,,,FALSE,Jordan-Hare Stadium,ESPN event note: EARLY: Noon - 1pm ET start
401856739,2026,10,2026-11-07,FALSE,Oklahoma Sooners,Southeastern Conference,Florida Gators,Southeastern Conference,,,FALSE,Ben Hill Griffin Stadium,ESPN event note: FLEX: 3:30 - 4:30pm OR 6 - 8pm ET start
401856740,2026,10,2026-11-07,FALSE,Alabama Crimson Tide,Southeastern Conference,LSU Tigers,Southeastern Conference,,,FALSE,Tiger Stadium (LA),ESPN event note: FLEX: 3:30 - 4:30pm OR 6 - 8pm ET start
401856741,2026,10,2026-11-07,FALSE,Georgia Bulldogs,Southeastern Conference,Ole Miss Rebels,Southeastern Conference,,,FALSE,Vaught-Hemingway Stadium,ESPN event note: FLEX: 3:30 - 4:30pm OR 6 - 8pm ET start
401856742,2026,10,2026-11-07,FALSE,Vanderbilt Commodores,Southeastern Conference,Mississippi State Bulldogs,Southeastern Conference,,,FALSE,Davis Wade Stadium,ESPN event note: FLEX: 3:30 - 4:30pm OR 6 - 8pm ET start
401856743,2026,10,2026-11-07,FALSE,Texas Longhorns,Southeastern Conference,Missouri Tigers,Southeastern Conference,,,FALSE,Memorial Stadium,ESPN event note: EARLY: Noon - 1pm ET start
401856744,2026,10,2026-11-07,FALSE,Texas A&M Aggies,Southeastern Conference,South Carolina Gamecocks,Southeastern Conference,,,FALSE,Williams-Brice Stadium,ESPN event note: AFTERNOON: 3:30 - 4:30pm ET start
401856745,2026,10,2026-11-07,FALSE,Kentucky Wildcats,Southeastern Conference,Tennessee Volunteers,Southeastern Conference,,,FALSE,Neyland Stadium,ESPN event note: NIGHT: 6 - 8pm ET start
401856849,2026,10,2026-11-07,FALSE,BYU Cougars,Big 12 Conference,Utah Utes,Big 12 Conference,,,FALSE,Rice-Eccles Stadium,
401856850,2026,10,2026-11-07,FALSE,UCF Knights,Big 12 Conference,Kansas Jayhawks,Big 12 Conference,,,FALSE,David Booth Kansas Memorial Stadium,
401856851,2026,10,2026-11-07,FALSE,Cincinnati Bearcats,Big 12 Conference,Houston Cougars,Big 12 Conference,,,FALSE,TDECU Stadium,
401856852,2026,10,2026-11-07,FALSE,Colorado Buffaloes,Big 12 Conference,Arizona State Sun Devils,Big 12 Conference,,,FALSE,Mountain America Stadium,
401856853,2026,10,2026-11-07,FALSE,Iowa State Cyclones,Big 12 Conference,Baylor Bears,Big 12 Conference,,,FALSE,McLane Stadium,
401856854,2026,10,2026-11-07,FALSE,Oklahoma State Cowboys,Big 12 Conference,Kansas State Wildcats,Big 12 Conference,,,FALSE,Bill Snyder Family Stadium,
401856855,2026,10,2026-11-06,FALSE,TCU Horned Frogs,Big 12 Conference,Arizona Wildcats,Big 12 Conference,,,FALSE,Casino Del Sol Stadium,
401856856,2026,10,2026-11-07,FALSE,West Virginia Mountaineers,Big 12 Conference,Texas Tech Red Raiders,Big 12 Conference,,,FALSE,Galaxy Stadium,
401858285,2026,10,2026-11-07,FALSE,Clemson Tigers,Atlantic Coast Conference,Syracuse Orange,Atlantic Coast Conference,,,FALSE,JMA Wireless Dome,
401858286,2026,10,2026-11-07,FALSE,Duke Blue Devils,Atlantic Coast Conference,NC State Wolfpack,Atlantic Coast Conference,,,FALSE,Carter-Finley Stadium,
401858287,2026,10,2026-11-07,FALSE,Louisville Cardinals,Atlantic Coast Conference,Georgia Tech Yellow Jackets,Atlantic Coast Conference,,,FALSE,Bobby Dodd Stadium,
401858288,2026,10,2026-11-06,FALSE,Virginia Tech Hokies,Atlantic Coast Conference,SMU Mustangs,Atlantic Coast Conference,,,FALSE,Gerald J. Ford Stadium,
401858289,2026,10,2026-11-07,FALSE,Florida State Seminoles,Atlantic Coast Conference,Boston College Eagles,Atlantic Coast Conference,,,FALSE,"Alumni Stadium (Chestnut Hill, MA)",
401858290,2026,10,2026-11-07,FALSE,Merrimack Warriors,FCS Independents,Wake Forest Demon Deacons,Atlantic Coast Conference,,,FALSE,Allegacy Federal Credit Union Stadium,
401858292,2026,10,2026-11-07,FALSE,North Carolina Tar Heels,Atlantic Coast Conference,UConn Huskies,FBS Independents,,,FALSE,Pratt & Whitney Stadium,
401858510,2026,10,2026-11-06,FALSE,Nebraska Cornhuskers,Big Ten Conference,Illinois Fighting Illini,Big Ten Conference,,,FALSE,Gies Memorial Stadium,
401858511,2026,10,2026-11-07,FALSE,Michigan State Spartans,Big Ten Conference,Michigan Wolverines,Big Ten Conference,,,FALSE,Michigan Stadium,
401858512,2026,10,2026-11-07,FALSE,UCLA Bruins,Big Ten Conference,Minnesota Golden Gophers,Big Ten Conference,,,FALSE,Huntington Bank Stadium,
401858513,2026,10,2026-11-07,FALSE,Iowa Hawkeyes,Big Ten Conference,Northwestern Wildcats,Big Ten Conference,,,FALSE,Ryan Field,
401858514,2026,10,2026-11-07,FALSE,Oregon Ducks,Big Ten Conference,Ohio State Buckeyes,Big Ten Conference,,,FALSE,Ohio Stadium,
401858515,2026,10,2026-11-07,FALSE,Maryland Terrapins,Big Ten Conference,Purdue Boilermakers,Big Ten Conference,,,FALSE,Ross-Ade Stadium,
401858516,2026,10,2026-11-07,FALSE,Penn State Nittany Lions,Big Ten Conference,Washington Huskies,Big Ten Conference,,,FALSE,Husky Stadium,
401858517,2026,10,2026-11-07,FALSE,Rutgers Scarlet Knights,Big Ten Conference,Wisconsin Badgers,Big Ten Conference,,,FALSE,Camp Randall Stadium,
401860911,2026,10,2026-11-07,FALSE,Boise State Broncos,Pac-12 Conference,Colorado State Rams,Pac-12 Conference,,,FALSE,Canvas Stadium,
401862818,2026,10,2026-11-06,FALSE,South Florida Bulls,American Conference,East Carolina Pirates,American Conference,,,FALSE,Dowdy-Ficklen Stadium,
401862819,2026,10,2026-11-07,FALSE,Charlotte 49ers,American Conference,UAB Blazers,American Conference,,,FALSE,Protective Stadium,
401862820,2026,10,2026-11-07,FALSE,Temple Owls,American Conference,Navy Midshipmen,American Conference,,,FALSE,Navy-Marine Corps Memorial Stadium,
401862821,2026,10,2026-11-07,FALSE,Rice Owls,American Conference,North Texas Mean Green,American Conference,,,FALSE,DATCU Stadium,
401862822,2026,10,2026-11-07,FALSE,Tulsa Golden Hurricane,American Conference,Tulane Green Wave,American Conference,,,FALSE,Yulman Stadium,
401864532,2026,10,2026-11-07,FALSE,Hawai'i Rainbow Warriors,Mountain West Conference,UTEP Miners,Mountain West Conference,,,FALSE,Sun Bowl,
401864533,2026,10,2026-11-06,FALSE,New Mexico Lobos,Mountain West Conference,Nevada Wolf Pack,Mountain West Conference,,,FALSE,Mackay Stadium,
401864534,2026,10,2026-11-07,FALSE,Northern Illinois Huskies,Mountain West Conference,San José State Spartans,Mountain West Conference,,,FALSE,CEFCU Stadium,
401869927,2026,10,2026-11-07,FALSE,Georgia State Panthers,Sun Belt Conference,App State Mountaineers,Sun Belt Conference,,,FALSE,Kidd Brewer Stadium,
401869936,2026,10,2026-11-07,FALSE,UL Monroe Warhawks,Sun Belt Conference,Arkansas State Red Wolves,Sun Belt Conference,,,FALSE,Centennial Bank Stadium,
401869945,2026,10,2026-11-07,FALSE,Old Dominion Monarchs,Sun Belt Conference,Coastal Carolina Chanticleers,Sun Belt Conference,,,FALSE,Brooks Stadium (SC),
401869951,2026,10,2026-11-07,FALSE,Marshall Thundering Herd,Sun Belt Conference,Georgia Southern Eagles,Sun Belt Conference,,,FALSE,Allen E. Paulson Stadium,
401869968,2026,10,2026-11-07,FALSE,South Alabama Jaguars,Sun Belt Conference,Louisiana Ragin' Cajuns,Sun Belt Conference,,,FALSE,Our Lady of Lourdes Stadium,
401870795,2026,10,2026-11-07,FALSE,Liberty Flames,Conference USA,New Mexico State Aggies,Conference USA,,,FALSE,Aggie Memorial Stadium,
401871073,2026,10,2026-11-07,FALSE,Delaware Blue Hens,Conference USA,Kennesaw State Owls,Conference USA,,,FALSE,Walens Family Field at Fifth Third Stadium,
401871074,2026,10,2026-11-07,FALSE,Missouri State Bears,Conference USA,Florida International Panthers,Conference USA,,,FALSE,Pitbull Stadium,
401871076,2026,10,2026-11-07,FALSE,Western Kentucky Hilltoppers,Conference USA,Middle Tennessee Blue Raiders,Conference USA,,,FALSE,"Johnny ""Red"" Floyd Stadium",
401871098,2026,10,2026-11-07,FALSE,Louisiana Tech Bulldogs,Sun Belt Conference,Troy Trojans,Sun Belt Conference,,,FALSE,Veterans Memorial Stadium (AL),
401858291,2026,10,2026-11-07,FALSE,Miami Hurricanes,Atlantic Coast Conference,Notre Dame Fighting Irish,FBS Independents,,,FALSE,Notre Dame Stadium,
401860912,2026,10,2026-11-07,FALSE,Texas State Bobcats,Pac-12 Conference,Oregon State Beavers,Pac-12 Conference,,,FALSE,Reser Stadium,
401860913,2026,10,2026-11-07,FALSE,Fresno State Bulldogs,Pac-12 Conference,Utah State Aggies,Pac-12 Conference,,,FALSE,Maverik Stadium,
401862823,2026,10,2026-11-07,FALSE,Air Force Falcons,Mountain West Conference,Army Black Knights,American Conference,,,FALSE,Michie Stadium,
401864535,2026,10,2026-11-07,FALSE,Wyoming Cowboys,Mountain West Conference,UNLV Rebels,Mountain West Conference,,,FALSE,Allegiant Stadium,
401871075,2026,10,2026-11-07,FALSE,Sam Houston Bearkats,Conference USA,Jacksonville State Gamecocks,Conference USA,,,FALSE,AmFirst Stadium,
401866458,2026,11,2026-11-10,FALSE,Western Michigan Broncos,Mid-American Conference,Akron Zips,Mid-American Conference,,,FALSE,InfoCision Stadium,
401866459,2026,11,2026-11-10,FALSE,Kent State Golden Flashes,Mid-American Conference,Bowling Green Falcons,Mid-American Conference,,,FALSE,Doyt L. Perry Stadium,
401866460,2026,11,2026-11-10,FALSE,Ohio Bobcats,Mid-American Conference,Miami (OH) RedHawks,Mid-American Conference,,,FALSE,Yager Stadium,
401866461,2026,11,2026-11-11,FALSE,Buffalo Bulls,Mid-American Conference,Ball State Cardinals,Mid-American Conference,,,FALSE,Scheumann Stadium,
401866462,2026,11,2026-11-11,FALSE,Sacramento State Hornets,Mid-American Conference,Central Michigan Chippewas,Mid-American Conference,,,FALSE,Kelly/Shorts Stadium,Sacramento State: ESPN structured conferenceId already matches approved 2026 assignment (Mid-American Conference).
401866463,2026,11,2026-11-11,FALSE,Massachusetts Minutemen,Mid-American Conference,Toledo Rockets,Mid-American Conference,,,FALSE,Glass Bowl,
401862824,2026,11,2026-11-12,FALSE,Memphis Tigers,American Conference,South Florida Bulls,American Conference,,,FALSE,Raymond James Stadium,
401869969,2026,11,2026-11-12,FALSE,Louisiana Ragin' Cajuns,Sun Belt Conference,UL Monroe Warhawks,Sun Belt Conference,,,FALSE,Malone Stadium,
401856857,2026,11,2026-11-14,FALSE,Arizona State Sun Devils,Big 12 Conference,UCF Knights,Big 12 Conference,,,FALSE,Acrisure Bounce House,
401856858,2026,11,2026-11-14,FALSE,Baylor Bears,Big 12 Conference,BYU Cougars,Big 12 Conference,,,FALSE,LaVell Edwards Stadium,
401856859,2026,11,2026-11-14,FALSE,Cincinnati Bearcats,Big 12 Conference,Iowa State Cyclones,Big 12 Conference,,,FALSE,Jack Trice Stadium,
401856860,2026,11,2026-11-13,FALSE,Houston Cougars,Big 12 Conference,Colorado Buffaloes,Big 12 Conference,,,FALSE,Folsom Field,
401856861,2026,11,2026-11-14,FALSE,Kansas Jayhawks,Big 12 Conference,West Virginia Mountaineers,Big 12 Conference,,,FALSE,Milan Puskar Stadium,
401856862,2026,11,2026-11-14,FALSE,Kansas State Wildcats,Big 12 Conference,TCU Horned Frogs,Big 12 Conference,,,FALSE,Amon G. Carter Stadium,
401856863,2026,11,2026-11-14,FALSE,Texas Tech Red Raiders,Big 12 Conference,Oklahoma State Cowboys,Big 12 Conference,,,FALSE,Boone Pickens Stadium,
401856864,2026,11,2026-11-14,FALSE,Utah Utes,Big 12 Conference,Arizona Wildcats,Big 12 Conference,,,FALSE,Casino Del Sol Stadium,
401856882,2026,11,2026-11-14,FALSE,South Carolina Gamecocks,Southeastern Conference,Arkansas Razorbacks,Southeastern Conference,,,FALSE,Donald W. Reynolds Razorback Stadium,ESPN event note: FLEX: 3:30 - 4:30pm OR 6 - 8pm ET start
401856883,2026,11,2026-11-14,FALSE,Missouri Tigers,Southeastern Conference,Georgia Bulldogs,Southeastern Conference,,,FALSE,Sanford Stadium,ESPN event note: FLEX: 3:30 - 4:30pm OR 6 - 8pm ET start
401856884,2026,11,2026-11-14,FALSE,Florida Gators,Southeastern Conference,Kentucky Wildcats,Southeastern Conference,,,FALSE,Kroger Field,ESPN event note: NIGHT: 6 - 8pm ET start
401856885,2026,11,2026-11-14,FALSE,Texas Longhorns,Southeastern Conference,LSU Tigers,Southeastern Conference,,,FALSE,Tiger Stadium (LA),ESPN event note: FLEX: 3:30 - 4:30pm OR 6 - 8pm ET start
401856886,2026,11,2026-11-14,FALSE,Auburn Tigers,Southeastern Conference,Mississippi State Bulldogs,Southeastern Conference,,,FALSE,Davis Wade Stadium,ESPN event note: EARLY: Noon - 1pm ET start
401856887,2026,11,2026-11-14,FALSE,Ole Miss Rebels,Southeastern Conference,Oklahoma Sooners,Southeastern Conference,,,FALSE,"Memorial Stadium (Norman, OK)",ESPN event note: AFTERNOON: 3:30 - 4:30pm ET start
401856888,2026,11,2026-11-14,FALSE,Tennessee Volunteers,Southeastern Conference,Texas A&M Aggies,Southeastern Conference,,,FALSE,Kyle Field,ESPN event note: FLEX: 3:30 - 4:30pm OR 6 - 8pm ET start
401856889,2026,11,2026-11-14,FALSE,Alabama Crimson Tide,Southeastern Conference,Vanderbilt Commodores,Southeastern Conference,,,FALSE,FirstBank Stadium,ESPN event note: EARLY: Noon - 1pm ET start
401858293,2026,11,2026-11-13,FALSE,Florida State Seminoles,Atlantic Coast Conference,Pittsburgh Panthers,Atlantic Coast Conference,,,FALSE,Acrisure Stadium,
401858294,2026,11,2026-11-14,FALSE,Boston College Eagles,Atlantic Coast Conference,Notre Dame Fighting Irish,FBS Independents,,,FALSE,Notre Dame Stadium,
401858295,2026,11,2026-11-14,FALSE,California Golden Bears,Atlantic Coast Conference,Virginia Cavaliers,Atlantic Coast Conference,,,FALSE,Scott Stadium,
401858296,2026,11,2026-11-14,FALSE,Duke Blue Devils,Atlantic Coast Conference,Miami Hurricanes,Atlantic Coast Conference,,,FALSE,Hard Rock Stadium,
401858297,2026,11,2026-11-14,FALSE,Georgia Tech Yellow Jackets,Atlantic Coast Conference,Clemson Tigers,Atlantic Coast Conference,,,FALSE,"Memorial Stadium (Clemson, SC)",
401858298,2026,11,2026-11-14,FALSE,Louisville Cardinals,Atlantic Coast Conference,North Carolina Tar Heels,Atlantic Coast Conference,,,FALSE,Kenan Stadium,
401858299,2026,11,2026-11-14,FALSE,Stanford Cardinal,Atlantic Coast Conference,Virginia Tech Hokies,Atlantic Coast Conference,,,FALSE,Lane Stadium,
401858300,2026,11,2026-11-14,FALSE,Syracuse Orange,Atlantic Coast Conference,NC State Wolfpack,Atlantic Coast Conference,,,FALSE,Carter-Finley Stadium,
401858301,2026,11,2026-11-14,FALSE,Wake Forest Demon Deacons,Atlantic Coast Conference,SMU Mustangs,Atlantic Coast Conference,,,FALSE,Gerald J. Ford Stadium,
401858518,2026,11,2026-11-14,FALSE,USC Trojans,Big Ten Conference,Indiana Hoosiers,Big Ten Conference,,,FALSE,"Memorial Stadium (Bloomington, IN)",
401858519,2026,11,2026-11-14,FALSE,Purdue Boilermakers,Big Ten Conference,Iowa Hawkeyes,Big Ten Conference,,,FALSE,Kinnick Stadium,
401858520,2026,11,2026-11-14,FALSE,Wisconsin Badgers,Big Ten Conference,Maryland Terrapins,Big Ten Conference,,,FALSE,SECU Stadium,
401858521,2026,11,2026-11-14,FALSE,Washington Huskies,Big Ten Conference,Michigan State Spartans,Big Ten Conference,,,FALSE,Spartan Stadium,
401858522,2026,11,2026-11-14,FALSE,Northwestern Wildcats,Big Ten Conference,Ohio State Buckeyes,Big Ten Conference,,,FALSE,Ohio Stadium,
401858523,2026,11,2026-11-14,FALSE,Michigan Wolverines,Big Ten Conference,Oregon Ducks,Big Ten Conference,,,FALSE,Autzen Stadium,
401858524,2026,11,2026-11-14,FALSE,Minnesota Golden Gophers,Big Ten Conference,Penn State Nittany Lions,Big Ten Conference,,,FALSE,Beaver Stadium,
401858525,2026,11,2026-11-14,FALSE,Nebraska Cornhuskers,Big Ten Conference,Rutgers Scarlet Knights,Big Ten Conference,,,FALSE,SHI Stadium,
401858526,2026,11,2026-11-13,FALSE,Illinois Fighting Illini,Big Ten Conference,UCLA Bruins,Big Ten Conference,,,FALSE,Rose Bowl,
401860914,2026,11,2026-11-14,FALSE,Oregon State Beavers,Pac-12 Conference,Boise State Broncos,Pac-12 Conference,,,FALSE,Albertsons Stadium,
401860916,2026,11,2026-11-14,FALSE,Fresno State Bulldogs,Pac-12 Conference,Texas State Bobcats,Pac-12 Conference,,,FALSE,UFCU Stadium,
401861967,2026,11,2026-11-14,FALSE,James Madison Dukes,Sun Belt Conference,UConn Huskies,FBS Independents,,,FALSE,Pratt & Whitney Stadium,
401862825,2026,11,2026-11-14,FALSE,East Carolina Pirates,American Conference,Charlotte 49ers,American Conference,,,FALSE,Jerry Richardson Stadium,
401862826,2026,11,2026-11-14,FALSE,Florida Atlantic Owls,American Conference,Tulsa Golden Hurricane,American Conference,,,FALSE,H. A. Chapman Stadium,
401862827,2026,11,2026-11-14,FALSE,North Texas Mean Green,American Conference,UTSA Roadrunners,American Conference,,,FALSE,Alamodome,
401862828,2026,11,2026-11-14,FALSE,Tulane Green Wave,American Conference,Rice Owls,American Conference,,,FALSE,Rice Stadium,
401862829,2026,11,2026-11-14,FALSE,UAB Blazers,American Conference,Temple Owls,American Conference,,,FALSE,Lincoln Financial Field,
401864536,2026,11,2026-11-14,FALSE,Nevada Wolf Pack,Mountain West Conference,Northern Illinois Huskies,Mountain West Conference,,,FALSE,Huskie Stadium,
401864540,2026,11,2026-11-14,FALSE,Wyoming Cowboys,Mountain West Conference,UTEP Miners,Mountain West Conference,,,FALSE,Sun Bowl,
401869928,2026,11,2026-11-14,FALSE,App State Mountaineers,Sun Belt Conference,Marshall Thundering Herd,Sun Belt Conference,,,FALSE,Joan C. Edwards Stadium,
401869937,2026,11,2026-11-14,FALSE,Arkansas State Red Wolves,Sun Belt Conference,Coastal Carolina Chanticleers,Sun Belt Conference,,,FALSE,Brooks Stadium (SC),
401869952,2026,11,2026-11-14,FALSE,Georgia Southern Eagles,Sun Belt Conference,Georgia State Panthers,Sun Belt Conference,,,FALSE,Center Parc Stadium,
401870752,2026,11,2026-11-14,FALSE,Jacksonville State Gamecocks,Conference USA,Western Kentucky Hilltoppers,Conference USA,,,FALSE,Houchens Industries-L.T. Smith Stadium,
401870769,2026,11,2026-11-14,FALSE,Kennesaw State Owls,Conference USA,Sam Houston Bearkats,Conference USA,,,FALSE,Elliott T. Bowers Stadium,
401870796,2026,11,2026-11-14,FALSE,New Mexico State Aggies,Conference USA,Missouri State Bears,Conference USA,,,FALSE,Robert W. Plaster Stadium,
401871060,2026,11,2026-11-14,FALSE,Florida International Panthers,Conference USA,Delaware Blue Hens,Conference USA,,,FALSE,Delaware Stadium,
401871061,2026,11,2026-11-14,FALSE,Middle Tennessee Blue Raiders,Conference USA,Liberty Flames,Conference USA,,,FALSE,Williams Stadium (VA),
401871099,2026,11,2026-11-14,FALSE,Southern Miss Golden Eagles,Sun Belt Conference,Louisiana Tech Bulldogs,Sun Belt Conference,,,FALSE,Joe Aillet Stadium,
401871100,2026,11,2026-11-14,FALSE,Troy Trojans,Sun Belt Conference,South Alabama Jaguars,Sun Belt Conference,,,FALSE,Hancock Whitney Stadium,
401860915,2026,11,2026-11-14,FALSE,Utah State Aggies,Pac-12 Conference,San Diego State Aztecs,Pac-12 Conference,,,FALSE,Snapdragon Stadium,
401860917,2026,11,2026-11-14,FALSE,Colorado State Rams,Pac-12 Conference,Washington State Cougars,Pac-12 Conference,,,FALSE,Martin Stadium,
401864537,2026,11,2026-11-14,FALSE,North Dakota State Bison,Mountain West Conference,Hawai'i Rainbow Warriors,Mountain West Conference,,,FALSE,Clarence T.C. Ching Athletics Complex,North Dakota State: ESPN structured conferenceId already matches approved 2026 assignment (Mountain West Conference).
401864538,2026,11,2026-11-14,FALSE,San José State Spartans,Mountain West Conference,Air Force Falcons,Mountain West Conference,,,FALSE,Falcon Stadium,
401864539,2026,11,2026-11-14,FALSE,UNLV Rebels,Mountain West Conference,New Mexico Lobos,Mountain West Conference,,,FALSE,University Stadium (NM),
401866464,2026,12,2026-11-17,FALSE,Ball State Cardinals,Mid-American Conference,Ohio Bobcats,Mid-American Conference,,,FALSE,Peden Stadium,
401866465,2026,12,2026-11-17,FALSE,Eastern Michigan Eagles,Mid-American Conference,Western Michigan Broncos,Mid-American Conference,,,FALSE,Waldo Stadium,
401866466,2026,12,2026-11-17,FALSE,Miami (OH) RedHawks,Mid-American Conference,Kent State Golden Flashes,Mid-American Conference,,,FALSE,Zoeller Field at Dix Stadium,
401866467,2026,12,2026-11-18,FALSE,Akron Zips,Mid-American Conference,Massachusetts Minutemen,Mid-American Conference,,,FALSE,Warren McGuirk Alumni Stadium,
401866469,2026,12,2026-11-18,FALSE,Central Michigan Chippewas,Mid-American Conference,Buffalo Bulls,Mid-American Conference,,,FALSE,Broadview Stadium,
401856869,2026,12,2026-11-20,FALSE,Iowa State Cyclones,Big 12 Conference,UCF Knights,Big 12 Conference,,,FALSE,Acrisure Bounce House,
401862830,2026,12,2026-11-19,FALSE,Rice Owls,American Conference,Temple Owls,American Conference,,,FALSE,Lincoln Financial Field,
401856746,2026,12,2026-11-21,FALSE,Chattanooga Mocs,Southern Conference,Alabama Crimson Tide,Southeastern Conference,,,FALSE,Bryant-Denny Stadium,
401856747,2026,12,2026-11-21,FALSE,Samford Bulldogs,Southern Conference,Auburn Tigers,Southeastern Conference,,,FALSE,Jordan-Hare Stadium,
401856748,2026,12,2026-11-21,FALSE,Vanderbilt Commodores,Southeastern Conference,Florida Gators,Southeastern Conference,,,FALSE,Ben Hill Griffin Stadium,ESPN event note: EARLY: Noon - 1pm ET start
401856749,2026,12,2026-11-21,FALSE,Wofford Terriers,Southern Conference,Ole Miss Rebels,Southeastern Conference,,,FALSE,Vaught-Hemingway Stadium,
401856750,2026,12,2026-11-21,FALSE,Tennessee Tech Golden Eagles,Southern Conference,Mississippi State Bulldogs,Southeastern Conference,,,FALSE,Davis Wade Stadium,
401856751,2026,12,2026-11-21,FALSE,Kentucky Wildcats,Southeastern Conference,Missouri Tigers,Southeastern Conference,,,FALSE,Memorial Stadium,ESPN event note: NIGHT: 6 - 8pm ET start
401856752,2026,12,2026-11-21,FALSE,Texas A&M Aggies,Southeastern Conference,Oklahoma Sooners,Southeastern Conference,,,FALSE,"Memorial Stadium (Norman, OK)",ESPN event note: EARLY: Noon - 1pm ET start
401856753,2026,12,2026-11-21,FALSE,Georgia Bulldogs,Southeastern Conference,South Carolina Gamecocks,Southeastern Conference,,,FALSE,Williams-Brice Stadium,ESPN event note: FLEX: 3:30 - 4:30pm OR 6 - 8pm ET start
401856754,2026,12,2026-11-21,FALSE,LSU Tigers,Southeastern Conference,Tennessee Volunteers,Southeastern Conference,,,FALSE,Neyland Stadium,ESPN event note: FLEX: 3:30 - 4:30pm OR 6 - 8pm ET start
401856755,2026,12,2026-11-21,FALSE,Arkansas Razorbacks,Southeastern Conference,Texas Longhorns,Southeastern Conference,,,FALSE,DKR-Texas Memorial Stadium,ESPN event note: AFTERNOON: 3:30 - 4:30pm ET start
401856865,2026,12,2026-11-21,FALSE,Arizona Wildcats,Big 12 Conference,Kansas State Wildcats,Big 12 Conference,,,FALSE,Bill Snyder Family Stadium,
401856866,2026,12,2026-11-21,FALSE,BYU Cougars,Big 12 Conference,Kansas Jayhawks,Big 12 Conference,,,FALSE,David Booth Kansas Memorial Stadium,
401856867,2026,12,2026-11-21,FALSE,Colorado Buffaloes,Big 12 Conference,Cincinnati Bearcats,Big 12 Conference,,,FALSE,Nippert Stadium,
401856868,2026,12,2026-11-21,FALSE,Houston Cougars,Big 12 Conference,West Virginia Mountaineers,Big 12 Conference,,,FALSE,Milan Puskar Stadium,
401856870,2026,12,2026-11-21,FALSE,Oklahoma State Cowboys,Big 12 Conference,Arizona State Sun Devils,Big 12 Conference,,,FALSE,Mountain America Stadium,
401856871,2026,12,2026-11-21,FALSE,Texas Tech Red Raiders,Big 12 Conference,Baylor Bears,Big 12 Conference,,,FALSE,McLane Stadium,
401856872,2026,12,2026-11-21,FALSE,Utah Utes,Big 12 Conference,TCU Horned Frogs,Big 12 Conference,,,FALSE,Amon G. Carter Stadium,
401858302,2026,12,2026-11-21,FALSE,Virginia Tech Hokies,Atlantic Coast Conference,Miami Hurricanes,Atlantic Coast Conference,,,FALSE,Hard Rock Stadium,
401858303,2026,12,2026-11-20,FALSE,Clemson Tigers,Atlantic Coast Conference,Duke Blue Devils,Atlantic Coast Conference,,,FALSE,Wallace Wade Stadium,
401858304,2026,12,2026-11-21,FALSE,NC State Wolfpack,Atlantic Coast Conference,Florida State Seminoles,Atlantic Coast Conference,,,FALSE,Doak Campbell Stadium,
401858305,2026,12,2026-11-21,FALSE,North Carolina Tar Heels,Atlantic Coast Conference,Virginia Cavaliers,Atlantic Coast Conference,,,FALSE,Scott Stadium,
401858306,2026,12,2026-11-21,FALSE,Pittsburgh Panthers,Atlantic Coast Conference,Louisville Cardinals,Atlantic Coast Conference,,,FALSE,L&N Federal Credit Union Stadium,
401858308,2026,12,2026-11-21,FALSE,Stanford Cardinal,Atlantic Coast Conference,California Golden Bears,Atlantic Coast Conference,,,FALSE,California Memorial Stadium,
401858309,2026,12,2026-11-21,FALSE,Syracuse Orange,Atlantic Coast Conference,Boston College Eagles,Atlantic Coast Conference,,,FALSE,"Alumni Stadium (Chestnut Hill, MA)",
401858310,2026,12,2026-11-21,FALSE,Wake Forest Demon Deacons,Atlantic Coast Conference,Georgia Tech Yellow Jackets,Atlantic Coast Conference,,,FALSE,Bobby Dodd Stadium,
401858527,2026,12,2026-11-21,FALSE,Iowa Hawkeyes,Big Ten Conference,Illinois Fighting Illini,Big Ten Conference,,,FALSE,Gies Memorial Stadium,
401858528,2026,12,2026-11-21,FALSE,UCLA Bruins,Big Ten Conference,Michigan Wolverines,Big Ten Conference,,,FALSE,Michigan Stadium,
401858529,2026,12,2026-11-20,FALSE,Oregon Ducks,Big Ten Conference,Michigan State Spartans,Big Ten Conference,,,FALSE,Spartan Stadium,
401858530,2026,12,2026-11-21,FALSE,Northwestern Wildcats,Big Ten Conference,Minnesota Golden Gophers,Big Ten Conference,,,FALSE,Huntington Bank Stadium,
401858531,2026,12,2026-11-21,FALSE,Ohio State Buckeyes,Big Ten Conference,Nebraska Cornhuskers,Big Ten Conference,,,FALSE,"Memorial Stadium (Lincoln, NE)",
401858532,2026,12,2026-11-21,FALSE,Rutgers Scarlet Knights,Big Ten Conference,Penn State Nittany Lions,Big Ten Conference,,,FALSE,Beaver Stadium,
401858533,2026,12,2026-11-21,FALSE,Wisconsin Badgers,Big Ten Conference,Purdue Boilermakers,Big Ten Conference,,,FALSE,Ross-Ade Stadium,
401858534,2026,12,2026-11-21,FALSE,Maryland Terrapins,Big Ten Conference,USC Trojans,Big Ten Conference,,,FALSE,Los Angeles Memorial Coliseum,
401858535,2026,12,2026-11-21,FALSE,Indiana Hoosiers,Big Ten Conference,Washington Huskies,Big Ten Conference,,,FALSE,Husky Stadium,
401860920,2026,12,2026-11-21,FALSE,Washington State Cougars,Pac-12 Conference,Texas State Bobcats,Pac-12 Conference,,,FALSE,UFCU Stadium,
401861968,2026,12,2026-11-21,FALSE,Old Dominion Monarchs,Sun Belt Conference,UConn Huskies,FBS Independents,,,FALSE,Pratt & Whitney Stadium,
401862831,2026,12,2026-11-21,FALSE,East Carolina Pirates,American Conference,Army Black Knights,American Conference,,,FALSE,Michie Stadium,
401862832,2026,12,2026-11-21,FALSE,Charlotte 49ers,American Conference,Tulsa Golden Hurricane,American Conference,,,FALSE,H. A. Chapman Stadium,
401862833,2026,12,2026-11-21,FALSE,South Florida Bulls,American Conference,Florida Atlantic Owls,American Conference,,,FALSE,Flagler Credit Union Stadium,
401862834,2026,12,2026-11-21,FALSE,Memphis Tigers,American Conference,Navy Midshipmen,American Conference,,,FALSE,Navy-Marine Corps Memorial Stadium,
401862835,2026,12,2026-11-21,FALSE,North Texas Mean Green,American Conference,Tulane Green Wave,American Conference,,,FALSE,Yulman Stadium,
401862836,2026,12,2026-11-21,FALSE,UTSA Roadrunners,American Conference,UAB Blazers,American Conference,,,FALSE,Protective Stadium,
401864541,2026,12,2026-11-21,FALSE,Hawai'i Rainbow Warriors,Mountain West Conference,Nevada Wolf Pack,Mountain West Conference,,,FALSE,Mackay Stadium,
401864543,2026,12,2026-11-21,FALSE,Northern Illinois Huskies,Mountain West Conference,North Dakota State Bison,Mountain West Conference,,,FALSE,Fargodome,North Dakota State: ESPN structured conferenceId already matches approved 2026 assignment (Mountain West Conference).
401864545,2026,12,2026-11-20,FALSE,UTEP Miners,Mountain West Conference,Air Force Falcons,Mountain West Conference,,,FALSE,Falcon Stadium,
401866468,2026,12,2026-11-20,FALSE,Bowling Green Falcons,Mid-American Conference,Toledo Rockets,Mid-American Conference,,,FALSE,Glass Bowl,
401869929,2026,12,2026-11-21,FALSE,UL Monroe Warhawks,Sun Belt Conference,App State Mountaineers,Sun Belt Conference,,,FALSE,Kidd Brewer Stadium,
401869938,2026,12,2026-11-21,FALSE,Arkansas State Red Wolves,Sun Belt Conference,Louisiana Tech Bulldogs,Sun Belt Conference,,,FALSE,Joe Aillet Stadium,
401869946,2026,12,2026-11-21,FALSE,Coastal Carolina Chanticleers,Sun Belt Conference,Louisiana Ragin' Cajuns,Sun Belt Conference,,,FALSE,Our Lady of Lourdes Stadium,
401869953,2026,12,2026-11-21,FALSE,Georgia Southern Eagles,Sun Belt Conference,Troy Trojans,Sun Belt Conference,,,FALSE,Veterans Memorial Stadium (AL),
401869958,2026,12,2026-11-21,FALSE,Georgia State Panthers,Sun Belt Conference,Marshall Thundering Herd,Sun Belt Conference,,,FALSE,Joan C. Edwards Stadium,
401871077,2026,12,2026-11-21,FALSE,Delaware Blue Hens,Conference USA,New Mexico State Aggies,Conference USA,,,FALSE,Aggie Memorial Stadium,
401871078,2026,12,2026-11-21,FALSE,Florida International Panthers,Conference USA,Kennesaw State Owls,Conference USA,,,FALSE,Walens Family Field at Fifth Third Stadium,
401871079,2026,12,2026-11-21,FALSE,Missouri State Bears,Conference USA,Jacksonville State Gamecocks,Conference USA,,,FALSE,AmFirst Stadium,
401871080,2026,12,2026-11-21,FALSE,Western Kentucky Hilltoppers,Conference USA,Liberty Flames,Conference USA,,,FALSE,Williams Stadium (VA),
401871081,2026,12,2026-11-21,FALSE,Middle Tennessee Blue Raiders,Conference USA,Sam Houston Bearkats,Conference USA,,,FALSE,Elliott T. Bowers Stadium,
401871101,2026,12,2026-11-21,FALSE,South Alabama Jaguars,Sun Belt Conference,Southern Miss Golden Eagles,Sun Belt Conference,,,FALSE,M. M. Roberts Stadium,
401858307,2026,12,2026-11-21,FALSE,SMU Mustangs,Atlantic Coast Conference,Notre Dame Fighting Irish,FBS Independents,,,FALSE,Notre Dame Stadium,
401860918,2026,12,2026-11-21,FALSE,Colorado State Rams,Pac-12 Conference,Fresno State Bulldogs,Pac-12 Conference,,,FALSE,Valley Children's Stadium,
401860919,2026,12,2026-11-21,FALSE,Utah State Aggies,Pac-12 Conference,Oregon State Beavers,Pac-12 Conference,,,FALSE,Reser Stadium,
401860925,2026,12,2026-11-21,FALSE,San Diego State Aztecs,Pac-12 Conference,Boise State Broncos,Pac-12 Conference,,,FALSE,Albertsons Stadium,
401864542,2026,12,2026-11-21,FALSE,New Mexico Lobos,Mountain West Conference,Wyoming Cowboys,Mountain West Conference,,,FALSE,War Memorial Stadium,
401864544,2026,12,2026-11-21,FALSE,UNLV Rebels,Mountain West Conference,San José State Spartans,Mountain West Conference,,,FALSE,CEFCU Stadium,
401866471,2026,13,2026-11-24,FALSE,Miami (OH) RedHawks,Mid-American Conference,Western Michigan Broncos,Mid-American Conference,,,FALSE,Waldo Stadium,
401866470,2026,13,2026-11-24,FALSE,Kent State Golden Flashes,Mid-American Conference,Eastern Michigan Eagles,Mid-American Conference,,,FALSE,Rynearson Stadium,
401856759,2026,13,2026-11-27,FALSE,Florida Gators,Southeastern Conference,Florida State Seminoles,Atlantic Coast Conference,,,FALSE,Doak Campbell Stadium,
401856762,2026,13,2026-11-27,FALSE,Mississippi State Bulldogs,Southeastern Conference,Ole Miss Rebels,Southeastern Conference,,,FALSE,Vaught-Hemingway Stadium,
401856879,2026,13,2026-11-26,FALSE,TCU Horned Frogs,Big 12 Conference,Texas Tech Red Raiders,Big 12 Conference,,,FALSE,Galaxy Stadium,
401858536,2026,13,2026-11-27,FALSE,Nebraska Cornhuskers,Big Ten Conference,Iowa Hawkeyes,Big Ten Conference,,,FALSE,Kinnick Stadium,
401862837,2026,13,2026-11-27,FALSE,Florida Atlantic Owls,American Conference,East Carolina Pirates,American Conference,,,FALSE,Dowdy-Ficklen Stadium,
401862838,2026,13,2026-11-27,FALSE,Temple Owls,American Conference,Memphis Tigers,American Conference,,,FALSE,Simmons Bank Liberty Stadium,
401862839,2026,13,2026-11-27,FALSE,Tulane Green Wave,American Conference,South Florida Bulls,American Conference,,,FALSE,Raymond James Stadium,ESPN event note: Will be played Nov. 27 or Nov. 28
401864549,2026,13,2026-11-27,FALSE,North Dakota State Bison,Mountain West Conference,San José State Spartans,Mountain West Conference,,,FALSE,CEFCU Stadium,North Dakota State: ESPN structured conferenceId already matches approved 2026 assignment (Mountain West Conference).
401866472,2026,13,2026-11-27,FALSE,Buffalo Bulls,Mid-American Conference,Akron Zips,Mid-American Conference,,,FALSE,InfoCision Stadium,
401866473,2026,13,2026-11-27,FALSE,Toledo Rockets,Mid-American Conference,Ohio Bobcats,Mid-American Conference,,,FALSE,Peden Stadium,
401869930,2026,13,2026-11-27,FALSE,App State Mountaineers,Sun Belt Conference,South Alabama Jaguars,Sun Belt Conference,,,FALSE,Hancock Whitney Stadium,
401856756,2026,13,2026-11-27,FALSE,Texas Longhorns,Southeastern Conference,Texas A&M Aggies,Southeastern Conference,,,FALSE,Kyle Field,
401856757,2026,13,2026-11-28,FALSE,Auburn Tigers,Southeastern Conference,Alabama Crimson Tide,Southeastern Conference,,,FALSE,Bryant-Denny Stadium,ESPN event note: FLEX: 3:30 - 4:30pm OR 6 - 8pm ET start
401856758,2026,13,2026-11-28,FALSE,LSU Tigers,Southeastern Conference,Arkansas Razorbacks,Southeastern Conference,,,FALSE,Donald W. Reynolds Razorback Stadium,ESPN event note: EARLY: Noon - 1pm ET start
401856760,2026,13,2026-11-28,FALSE,Georgia Tech Yellow Jackets,Atlantic Coast Conference,Georgia Bulldogs,Southeastern Conference,,,FALSE,Sanford Stadium,ESPN event note: FLEX: 3:30 - 4:30pm OR 6 - 8pm ET start
401856761,2026,13,2026-11-28,FALSE,Louisville Cardinals,Atlantic Coast Conference,Kentucky Wildcats,Southeastern Conference,,,FALSE,Kroger Field,ESPN event note: EARLY: Noon - 1pm ET start
401856763,2026,13,2026-11-28,FALSE,Oklahoma Sooners,Southeastern Conference,Missouri Tigers,Southeastern Conference,,,FALSE,Memorial Stadium,ESPN event note: AFTERNOON: 3:30 - 4:30pm ET start
401856764,2026,13,2026-11-28,FALSE,South Carolina Gamecocks,Southeastern Conference,Clemson Tigers,Atlantic Coast Conference,,,FALSE,"Memorial Stadium (Clemson, SC)",
401856765,2026,13,2026-11-28,FALSE,Tennessee Volunteers,Southeastern Conference,Vanderbilt Commodores,Southeastern Conference,,,FALSE,FirstBank Stadium,ESPN event note: NIGHT: 6 - 8pm ET start
401856873,2026,13,2026-11-28,FALSE,Arizona State Sun Devils,Big 12 Conference,Arizona Wildcats,Big 12 Conference,,,FALSE,Casino Del Sol Stadium,
401856874,2026,13,2026-11-28,FALSE,Baylor Bears,Big 12 Conference,Houston Cougars,Big 12 Conference,,,FALSE,TDECU Stadium,
401856875,2026,13,2026-11-28,FALSE,UCF Knights,Big 12 Conference,Colorado Buffaloes,Big 12 Conference,,,FALSE,Folsom Field,
401856876,2026,13,2026-11-28,FALSE,Cincinnati Bearcats,Big 12 Conference,BYU Cougars,Big 12 Conference,,,FALSE,LaVell Edwards Stadium,
401856877,2026,13,2026-11-28,FALSE,Kansas Jayhawks,Big 12 Conference,Oklahoma State Cowboys,Big 12 Conference,,,FALSE,Boone Pickens Stadium,
401856878,2026,13,2026-11-28,FALSE,Kansas State Wildcats,Big 12 Conference,Iowa State Cyclones,Big 12 Conference,,,FALSE,Jack Trice Stadium,
401856880,2026,13,2026-11-27,FALSE,West Virginia Mountaineers,Big 12 Conference,Utah Utes,Big 12 Conference,,,FALSE,Rice-Eccles Stadium,
401858311,2026,13,2026-11-28,FALSE,Boston College Eagles,Atlantic Coast Conference,Miami Hurricanes,Atlantic Coast Conference,,,FALSE,Hard Rock Stadium,
401858312,2026,13,2026-11-28,FALSE,Duke Blue Devils,Atlantic Coast Conference,Wake Forest Demon Deacons,Atlantic Coast Conference,,,FALSE,Allegacy Federal Credit Union Stadium,
401858313,2026,13,2026-11-28,FALSE,NC State Wolfpack,Atlantic Coast Conference,North Carolina Tar Heels,Atlantic Coast Conference,,,FALSE,Kenan Stadium,
401858314,2026,13,2026-11-28,FALSE,Notre Dame Fighting Irish,FBS Independents,Syracuse Orange,Atlantic Coast Conference,,,FALSE,JMA Wireless Dome,
401858315,2026,13,2026-11-28,FALSE,Pittsburgh Panthers,Atlantic Coast Conference,California Golden Bears,Atlantic Coast Conference,,,FALSE,California Memorial Stadium,
401858316,2026,13,2026-11-28,FALSE,SMU Mustangs,Atlantic Coast Conference,Stanford Cardinal,Atlantic Coast Conference,,,FALSE,Stanford Stadium,
401858317,2026,13,2026-11-28,FALSE,Virginia Cavaliers,Atlantic Coast Conference,Virginia Tech Hokies,Atlantic Coast Conference,,,FALSE,Lane Stadium,
401858537,2026,13,2026-11-28,FALSE,Illinois Fighting Illini,Big Ten Conference,Northwestern Wildcats,Big Ten Conference,,,FALSE,Ryan Field,
401858538,2026,13,2026-11-28,FALSE,Purdue Boilermakers,Big Ten Conference,Indiana Hoosiers,Big Ten Conference,,,FALSE,"Memorial Stadium (Bloomington, IN)",
401858539,2026,13,2026-11-28,FALSE,Penn State Nittany Lions,Big Ten Conference,Maryland Terrapins,Big Ten Conference,,,FALSE,SECU Stadium,
401858540,2026,13,2026-11-28,FALSE,Michigan Wolverines,Big Ten Conference,Ohio State Buckeyes,Big Ten Conference,,,FALSE,Ohio Stadium,
401858541,2026,13,2026-11-28,FALSE,Washington Huskies,Big Ten Conference,Oregon Ducks,Big Ten Conference,,,FALSE,Autzen Stadium,
401858542,2026,13,2026-11-28,FALSE,Michigan State Spartans,Big Ten Conference,Rutgers Scarlet Knights,Big Ten Conference,,,FALSE,SHI Stadium,
401858543,2026,13,2026-11-28,FALSE,USC Trojans,Big Ten Conference,UCLA Bruins,Big Ten Conference,,,FALSE,Rose Bowl,
401858544,2026,13,2026-11-27,FALSE,Minnesota Golden Gophers,Big Ten Conference,Wisconsin Badgers,Big Ten Conference,,,FALSE,Camp Randall Stadium,
401861969,2026,13,2026-11-28,FALSE,UConn Huskies,FBS Independents,Wyoming Cowboys,Mountain West Conference,,,FALSE,War Memorial Stadium,
401862840,2026,13,2026-11-28,FALSE,Tulsa Golden Hurricane,American Conference,UTSA Roadrunners,American Conference,,,FALSE,Alamodome,ESPN event note: Will be played Nov. 27 or Nov. 28
401862841,2026,13,2026-11-28,FALSE,Army Black Knights,American Conference,Rice Owls,American Conference,,,FALSE,Rice Stadium,
401862842,2026,13,2026-11-28,FALSE,Navy Midshipmen,American Conference,Charlotte 49ers,American Conference,,,FALSE,Jerry Richardson Stadium,
401862843,2026,13,2026-11-28,FALSE,UAB Blazers,American Conference,North Texas Mean Green,American Conference,,,FALSE,DATCU Stadium,
401864546,2026,13,2026-11-28,FALSE,Air Force Falcons,Mountain West Conference,New Mexico Lobos,Mountain West Conference,,,FALSE,University Stadium (NM),
401864550,2026,13,2026-11-28,FALSE,UTEP Miners,Mountain West Conference,Northern Illinois Huskies,Mountain West Conference,,,FALSE,Huskie Stadium,
401866474,2026,13,2026-11-28,FALSE,Central Michigan Chippewas,Mid-American Conference,Ball State Cardinals,Mid-American Conference,,,FALSE,Scheumann Stadium,
401866475,2026,13,2026-11-28,FALSE,Massachusetts Minutemen,Mid-American Conference,Bowling Green Falcons,Mid-American Conference,,,FALSE,Doyt L. Perry Stadium,
401869939,2026,13,2026-11-28,FALSE,Troy Trojans,Sun Belt Conference,Arkansas State Red Wolves,Sun Belt Conference,,,FALSE,Centennial Bank Stadium,
401869947,2026,13,2026-11-28,FALSE,Coastal Carolina Chanticleers,Sun Belt Conference,James Madison Dukes,Sun Belt Conference,,,FALSE,Bridgeforth Stadium,
401869954,2026,13,2026-11-28,FALSE,Louisiana Tech Bulldogs,Sun Belt Conference,Georgia Southern Eagles,Sun Belt Conference,,,FALSE,Allen E. Paulson Stadium,
401869959,2026,13,2026-11-28,FALSE,Louisiana Ragin' Cajuns,Sun Belt Conference,Georgia State Panthers,Sun Belt Conference,,,FALSE,Center Parc Stadium,
401870804,2026,13,2026-11-28,FALSE,Kennesaw State Owls,Conference USA,Western Kentucky Hilltoppers,Conference USA,,,FALSE,Houchens Industries-L.T. Smith Stadium,
401871062,2026,13,2026-11-28,FALSE,Jacksonville State Gamecocks,Conference USA,Delaware Blue Hens,Conference USA,,,FALSE,Delaware Stadium,
401871063,2026,13,2026-11-28,FALSE,Liberty Flames,Conference USA,Missouri State Bears,Conference USA,,,FALSE,Robert W. Plaster Stadium,
401871082,2026,13,2026-11-28,FALSE,Sam Houston Bearkats,Conference USA,Florida International Panthers,Conference USA,,,FALSE,Pitbull Stadium,
401871083,2026,13,2026-11-28,FALSE,New Mexico State Aggies,Conference USA,Middle Tennessee Blue Raiders,Conference USA,,,FALSE,"Johnny ""Red"" Floyd Stadium",
401871102,2026,13,2026-11-28,FALSE,Marshall Thundering Herd,Sun Belt Conference,UL Monroe Warhawks,Sun Belt Conference,,,FALSE,Malone Stadium,
401871103,2026,13,2026-11-28,FALSE,Southern Miss Golden Eagles,Sun Belt Conference,Old Dominion Monarchs,Sun Belt Conference,,,FALSE,S.B. Ballard Stadium,
401864547,2026,13,2026-11-28,FALSE,Sacramento State Hornets,Mid-American Conference,Hawai'i Rainbow Warriors,Mountain West Conference,,,FALSE,Clarence T.C. Ching Athletics Complex,Sacramento State: ESPN structured conferenceId already matches approved 2026 assignment (Mid-American Conference).
401864548,2026,13,2026-11-28,FALSE,Nevada Wolf Pack,Mountain West Conference,UNLV Rebels,Mountain West Conference,,,FALSE,Allegiant Stadium,
401862844,2026,15,2026-12-12,TRUE,Navy Midshipmen,American Conference,Army Black Knights,American Conference,,,FALSE,MetLife Stadium,
