sheet	cell	v0.6.1_value	v0.6.2_value
START HERE	A1	'TO THE WINDOW — NCAAF POWER RATINGS 2026 (v0.6.1 PHASE 6 CORRECTION + TEST-COMPLETION BUILD — PENDING APPROVAL)'	'TO THE WINDOW — NCAAF POWER RATINGS 2026 (v0.6.2 PHASE 6.2 DATA-INCOMPLETE PATHWAY REPAIR — PENDING APPROVAL)'
CLEAN	C6	'=IF($A6="","",\'IMPORT SCHEDULE\'!C6)'	'=IF($A6="","",IF(\'IMPORT SCHEDULE\'!C6="","",\'IMPORT SCHEDULE\'!C6))'
CLEAN	D6	'=IF($A6="","",\'IMPORT SCHEDULE\'!D6)'	'=IF($A6="","",IF(\'IMPORT SCHEDULE\'!D6="","",\'IMPORT SCHEDULE\'!D6))'
CLEAN	C7	'=IF($A7="","",\'IMPORT SCHEDULE\'!C7)'	'=IF($A7="","",IF(\'IMPORT SCHEDULE\'!C7="","",\'IMPORT SCHEDULE\'!C7))'
CLEAN	D7	'=IF($A7="","",\'IMPORT SCHEDULE\'!D7)'	'=IF($A7="","",IF(\'IMPORT SCHEDULE\'!D7="","",\'IMPORT SCHEDULE\'!D7))'
CLEAN	C8	'=IF($A8="","",\'IMPORT SCHEDULE\'!C8)'	'=IF($A8="","",IF(\'IMPORT SCHEDULE\'!C8="","",\'IMPORT SCHEDULE\'!C8))'
CLEAN	D8	'=IF($A8="","",\'IMPORT SCHEDULE\'!D8)'	'=IF($A8="","",IF(\'IMPORT SCHEDULE\'!D8="","",\'IMPORT SCHEDULE\'!D8))'
CLEAN	C9	'=IF($A9="","",\'IMPORT SCHEDULE\'!C9)'	'=IF($A9="","",IF(\'IMPORT SCHEDULE\'!C9="","",\'IMPORT SCHEDULE\'!C9))'
CLEAN	D9	'=IF($A9="","",\'IMPORT SCHEDULE\'!D9)'	'=IF($A9="","",IF(\'IMPORT SCHEDULE\'!D9="","",\'IMPORT SCHEDULE\'!D9))'
CLEAN	C10	'=IF($A10="","",\'IMPORT SCHEDULE\'!C10)'	'=IF($A10="","",IF(\'IMPORT SCHEDULE\'!C10="","",\'IMPORT SCHEDULE\'!C10))'
CLEAN	D10	'=IF($A10="","",\'IMPORT SCHEDULE\'!D10)'	'=IF($A10="","",IF(\'IMPORT SCHEDULE\'!D10="","",\'IMPORT SCHEDULE\'!D10))'
CLEAN	C11	'=IF($A11="","",\'IMPORT SCHEDULE\'!C11)'	'=IF($A11="","",IF(\'IMPORT SCHEDULE\'!C11="","",\'IMPORT SCHEDULE\'!C11))'
CLEAN	D11	'=IF($A11="","",\'IMPORT SCHEDULE\'!D11)'	'=IF($A11="","",IF(\'IMPORT SCHEDULE\'!D11="","",\'IMPORT SCHEDULE\'!D11))'
CLEAN	C12	'=IF($A12="","",\'IMPORT SCHEDULE\'!C12)'	'=IF($A12="","",IF(\'IMPORT SCHEDULE\'!C12="","",\'IMPORT SCHEDULE\'!C12))'
CLEAN	D12	'=IF($A12="","",\'IMPORT SCHEDULE\'!D12)'	'=IF($A12="","",IF(\'IMPORT SCHEDULE\'!D12="","",\'IMPORT SCHEDULE\'!D12))'
CLEAN	C13	'=IF($A13="","",\'IMPORT SCHEDULE\'!C13)'	'=IF($A13="","",IF(\'IMPORT SCHEDULE\'!C13="","",\'IMPORT SCHEDULE\'!C13))'
CLEAN	D13	'=IF($A13="","",\'IMPORT SCHEDULE\'!D13)'	'=IF($A13="","",IF(\'IMPORT SCHEDULE\'!D13="","",\'IMPORT SCHEDULE\'!D13))'
CLEAN	C14	'=IF($A14="","",\'IMPORT SCHEDULE\'!C14)'	'=IF($A14="","",IF(\'IMPORT SCHEDULE\'!C14="","",\'IMPORT SCHEDULE\'!C14))'
CLEAN	D14	'=IF($A14="","",\'IMPORT SCHEDULE\'!D14)'	'=IF($A14="","",IF(\'IMPORT SCHEDULE\'!D14="","",\'IMPORT SCHEDULE\'!D14))'
CLEAN	C15	'=IF($A15="","",\'IMPORT SCHEDULE\'!C15)'	'=IF($A15="","",IF(\'IMPORT SCHEDULE\'!C15="","",\'IMPORT SCHEDULE\'!C15))'
CLEAN	D15	'=IF($A15="","",\'IMPORT SCHEDULE\'!D15)'	'=IF($A15="","",IF(\'IMPORT SCHEDULE\'!D15="","",\'IMPORT SCHEDULE\'!D15))'
CLEAN	C16	'=IF($A16="","",\'IMPORT SCHEDULE\'!C16)'	'=IF($A16="","",IF(\'IMPORT SCHEDULE\'!C16="","",\'IMPORT SCHEDULE\'!C16))'
CLEAN	D16	'=IF($A16="","",\'IMPORT SCHEDULE\'!D16)'	'=IF($A16="","",IF(\'IMPORT SCHEDULE\'!D16="","",\'IMPORT SCHEDULE\'!D16))'
CLEAN	C17	'=IF($A17="","",\'IMPORT SCHEDULE\'!C17)'	'=IF($A17="","",IF(\'IMPORT SCHEDULE\'!C17="","",\'IMPORT SCHEDULE\'!C17))'
CLEAN	D17	'=IF($A17="","",\'IMPORT SCHEDULE\'!D17)'	'=IF($A17="","",IF(\'IMPORT SCHEDULE\'!D17="","",\'IMPORT SCHEDULE\'!D17))'
CLEAN	C18	'=IF($A18="","",\'IMPORT SCHEDULE\'!C18)'	'=IF($A18="","",IF(\'IMPORT SCHEDULE\'!C18="","",\'IMPORT SCHEDULE\'!C18))'
CLEAN	D18	'=IF($A18="","",\'IMPORT SCHEDULE\'!D18)'	'=IF($A18="","",IF(\'IMPORT SCHEDULE\'!D18="","",\'IMPORT SCHEDULE\'!D18))'
CLEAN	C19	'=IF($A19="","",\'IMPORT SCHEDULE\'!C19)'	'=IF($A19="","",IF(\'IMPORT SCHEDULE\'!C19="","",\'IMPORT SCHEDULE\'!C19))'
CLEAN	D19	'=IF($A19="","",\'IMPORT SCHEDULE\'!D19)'	'=IF($A19="","",IF(\'IMPORT SCHEDULE\'!D19="","",\'IMPORT SCHEDULE\'!D19))'
CLEAN	C20	'=IF($A20="","",\'IMPORT SCHEDULE\'!C20)'	'=IF($A20="","",IF(\'IMPORT SCHEDULE\'!C20="","",\'IMPORT SCHEDULE\'!C20))'
CLEAN	D20	'=IF($A20="","",\'IMPORT SCHEDULE\'!D20)'	'=IF($A20="","",IF(\'IMPORT SCHEDULE\'!D20="","",\'IMPORT SCHEDULE\'!D20))'
CLEAN	C21	'=IF($A21="","",\'IMPORT SCHEDULE\'!C21)'	'=IF($A21="","",IF(\'IMPORT SCHEDULE\'!C21="","",\'IMPORT SCHEDULE\'!C21))'
CLEAN	D21	'=IF($A21="","",\'IMPORT SCHEDULE\'!D21)'	'=IF($A21="","",IF(\'IMPORT SCHEDULE\'!D21="","",\'IMPORT SCHEDULE\'!D21))'
CLEAN	C22	'=IF($A22="","",\'IMPORT SCHEDULE\'!C22)'	'=IF($A22="","",IF(\'IMPORT SCHEDULE\'!C22="","",\'IMPORT SCHEDULE\'!C22))'
CLEAN	D22	'=IF($A22="","",\'IMPORT SCHEDULE\'!D22)'	'=IF($A22="","",IF(\'IMPORT SCHEDULE\'!D22="","",\'IMPORT SCHEDULE\'!D22))'
CLEAN	C23	'=IF($A23="","",\'IMPORT SCHEDULE\'!C23)'	'=IF($A23="","",IF(\'IMPORT SCHEDULE\'!C23="","",\'IMPORT SCHEDULE\'!C23))'
CLEAN	D23	'=IF($A23="","",\'IMPORT SCHEDULE\'!D23)'	'=IF($A23="","",IF(\'IMPORT SCHEDULE\'!D23="","",\'IMPORT SCHEDULE\'!D23))'
CLEAN	C24	'=IF($A24="","",\'IMPORT SCHEDULE\'!C24)'	'=IF($A24="","",IF(\'IMPORT SCHEDULE\'!C24="","",\'IMPORT SCHEDULE\'!C24))'
CLEAN	D24	'=IF($A24="","",\'IMPORT SCHEDULE\'!D24)'	'=IF($A24="","",IF(\'IMPORT SCHEDULE\'!D24="","",\'IMPORT SCHEDULE\'!D24))'
CLEAN	C25	'=IF($A25="","",\'IMPORT SCHEDULE\'!C25)'	'=IF($A25="","",IF(\'IMPORT SCHEDULE\'!C25="","",\'IMPORT SCHEDULE\'!C25))'
CLEAN	D25	'=IF($A25="","",\'IMPORT SCHEDULE\'!D25)'	'=IF($A25="","",IF(\'IMPORT SCHEDULE\'!D25="","",\'IMPORT SCHEDULE\'!D25))'
CLEAN	C26	'=IF($A26="","",\'IMPORT SCHEDULE\'!C26)'	'=IF($A26="","",IF(\'IMPORT SCHEDULE\'!C26="","",\'IMPORT SCHEDULE\'!C26))'
CLEAN	D26	'=IF($A26="","",\'IMPORT SCHEDULE\'!D26)'	'=IF($A26="","",IF(\'IMPORT SCHEDULE\'!D26="","",\'IMPORT SCHEDULE\'!D26))'
CLEAN	C27	'=IF($A27="","",\'IMPORT SCHEDULE\'!C27)'	'=IF($A27="","",IF(\'IMPORT SCHEDULE\'!C27="","",\'IMPORT SCHEDULE\'!C27))'
CLEAN	D27	'=IF($A27="","",\'IMPORT SCHEDULE\'!D27)'	'=IF($A27="","",IF(\'IMPORT SCHEDULE\'!D27="","",\'IMPORT SCHEDULE\'!D27))'
CLEAN	C28	'=IF($A28="","",\'IMPORT SCHEDULE\'!C28)'	'=IF($A28="","",IF(\'IMPORT SCHEDULE\'!C28="","",\'IMPORT SCHEDULE\'!C28))'
CLEAN	D28	'=IF($A28="","",\'IMPORT SCHEDULE\'!D28)'	'=IF($A28="","",IF(\'IMPORT SCHEDULE\'!D28="","",\'IMPORT SCHEDULE\'!D28))'
CLEAN	C29	'=IF($A29="","",\'IMPORT SCHEDULE\'!C29)'	'=IF($A29="","",IF(\'IMPORT SCHEDULE\'!C29="","",\'IMPORT SCHEDULE\'!C29))'
CLEAN	D29	'=IF($A29="","",\'IMPORT SCHEDULE\'!D29)'	'=IF($A29="","",IF(\'IMPORT SCHEDULE\'!D29="","",\'IMPORT SCHEDULE\'!D29))'
CLEAN	C30	'=IF($A30="","",\'IMPORT SCHEDULE\'!C30)'	'=IF($A30="","",IF(\'IMPORT SCHEDULE\'!C30="","",\'IMPORT SCHEDULE\'!C30))'
CLEAN	D30	'=IF($A30="","",\'IMPORT SCHEDULE\'!D30)'	'=IF($A30="","",IF(\'IMPORT SCHEDULE\'!D30="","",\'IMPORT SCHEDULE\'!D30))'
CLEAN	C31	'=IF($A31="","",\'IMPORT SCHEDULE\'!C31)'	'=IF($A31="","",IF(\'IMPORT SCHEDULE\'!C31="","",\'IMPORT SCHEDULE\'!C31))'
CLEAN	D31	'=IF($A31="","",\'IMPORT SCHEDULE\'!D31)'	'=IF($A31="","",IF(\'IMPORT SCHEDULE\'!D31="","",\'IMPORT SCHEDULE\'!D31))'
CLEAN	C32	'=IF($A32="","",\'IMPORT SCHEDULE\'!C32)'	'=IF($A32="","",IF(\'IMPORT SCHEDULE\'!C32="","",\'IMPORT SCHEDULE\'!C32))'
CLEAN	D32	'=IF($A32="","",\'IMPORT SCHEDULE\'!D32)'	'=IF($A32="","",IF(\'IMPORT SCHEDULE\'!D32="","",\'IMPORT SCHEDULE\'!D32))'
CLEAN	C33	'=IF($A33="","",\'IMPORT SCHEDULE\'!C33)'	'=IF($A33="","",IF(\'IMPORT SCHEDULE\'!C33="","",\'IMPORT SCHEDULE\'!C33))'
CLEAN	D33	'=IF($A33="","",\'IMPORT SCHEDULE\'!D33)'	'=IF($A33="","",IF(\'IMPORT SCHEDULE\'!D33="","",\'IMPORT SCHEDULE\'!D33))'
CLEAN	C34	'=IF($A34="","",\'IMPORT SCHEDULE\'!C34)'	'=IF($A34="","",IF(\'IMPORT SCHEDULE\'!C34="","",\'IMPORT SCHEDULE\'!C34))'
CLEAN	D34	'=IF($A34="","",\'IMPORT SCHEDULE\'!D34)'	'=IF($A34="","",IF(\'IMPORT SCHEDULE\'!D34="","",\'IMPORT SCHEDULE\'!D34))'
CLEAN	C35	'=IF($A35="","",\'IMPORT SCHEDULE\'!C35)'	'=IF($A35="","",IF(\'IMPORT SCHEDULE\'!C35="","",\'IMPORT SCHEDULE\'!C35))'
CLEAN	D35	'=IF($A35="","",\'IMPORT SCHEDULE\'!D35)'	'=IF($A35="","",IF(\'IMPORT SCHEDULE\'!D35="","",\'IMPORT SCHEDULE\'!D35))'
CLEAN	C36	'=IF($A36="","",\'IMPORT SCHEDULE\'!C36)'	'=IF($A36="","",IF(\'IMPORT SCHEDULE\'!C36="","",\'IMPORT SCHEDULE\'!C36))'
CLEAN	D36	'=IF($A36="","",\'IMPORT SCHEDULE\'!D36)'	'=IF($A36="","",IF(\'IMPORT SCHEDULE\'!D36="","",\'IMPORT SCHEDULE\'!D36))'
CLEAN	C37	'=IF($A37="","",\'IMPORT SCHEDULE\'!C37)'	'=IF($A37="","",IF(\'IMPORT SCHEDULE\'!C37="","",\'IMPORT SCHEDULE\'!C37))'
CLEAN	D37	'=IF($A37="","",\'IMPORT SCHEDULE\'!D37)'	'=IF($A37="","",IF(\'IMPORT SCHEDULE\'!D37="","",\'IMPORT SCHEDULE\'!D37))'
CLEAN	C38	'=IF($A38="","",\'IMPORT SCHEDULE\'!C38)'	'=IF($A38="","",IF(\'IMPORT SCHEDULE\'!C38="","",\'IMPORT SCHEDULE\'!C38))'
CLEAN	D38	'=IF($A38="","",\'IMPORT SCHEDULE\'!D38)'	'=IF($A38="","",IF(\'IMPORT SCHEDULE\'!D38="","",\'IMPORT SCHEDULE\'!D38))'
CLEAN	C39	'=IF($A39="","",\'IMPORT SCHEDULE\'!C39)'	'=IF($A39="","",IF(\'IMPORT SCHEDULE\'!C39="","",\'IMPORT SCHEDULE\'!C39))'
CLEAN	D39	'=IF($A39="","",\'IMPORT SCHEDULE\'!D39)'	'=IF($A39="","",IF(\'IMPORT SCHEDULE\'!D39="","",\'IMPORT SCHEDULE\'!D39))'
CLEAN	C40	'=IF($A40="","",\'IMPORT SCHEDULE\'!C40)'	'=IF($A40="","",IF(\'IMPORT SCHEDULE\'!C40="","",\'IMPORT SCHEDULE\'!C40))'
CLEAN	D40	'=IF($A40="","",\'IMPORT SCHEDULE\'!D40)'	'=IF($A40="","",IF(\'IMPORT SCHEDULE\'!D40="","",\'IMPORT SCHEDULE\'!D40))'
CLEAN	C41	'=IF($A41="","",\'IMPORT SCHEDULE\'!C41)'	'=IF($A41="","",IF(\'IMPORT SCHEDULE\'!C41="","",\'IMPORT SCHEDULE\'!C41))'
CLEAN	D41	'=IF($A41="","",\'IMPORT SCHEDULE\'!D41)'	'=IF($A41="","",IF(\'IMPORT SCHEDULE\'!D41="","",\'IMPORT SCHEDULE\'!D41))'
CLEAN	C42	'=IF($A42="","",\'IMPORT SCHEDULE\'!C42)'	'=IF($A42="","",IF(\'IMPORT SCHEDULE\'!C42="","",\'IMPORT SCHEDULE\'!C42))'
CLEAN	D42	'=IF($A42="","",\'IMPORT SCHEDULE\'!D42)'	'=IF($A42="","",IF(\'IMPORT SCHEDULE\'!D42="","",\'IMPORT SCHEDULE\'!D42))'
CLEAN	C43	'=IF($A43="","",\'IMPORT SCHEDULE\'!C43)'	'=IF($A43="","",IF(\'IMPORT SCHEDULE\'!C43="","",\'IMPORT SCHEDULE\'!C43))'
CLEAN	D43	'=IF($A43="","",\'IMPORT SCHEDULE\'!D43)'	'=IF($A43="","",IF(\'IMPORT SCHEDULE\'!D43="","",\'IMPORT SCHEDULE\'!D43))'
CLEAN	C44	'=IF($A44="","",\'IMPORT SCHEDULE\'!C44)'	'=IF($A44="","",IF(\'IMPORT SCHEDULE\'!C44="","",\'IMPORT SCHEDULE\'!C44))'
CLEAN	D44	'=IF($A44="","",\'IMPORT SCHEDULE\'!D44)'	'=IF($A44="","",IF(\'IMPORT SCHEDULE\'!D44="","",\'IMPORT SCHEDULE\'!D44))'
CLEAN	C45	'=IF($A45="","",\'IMPORT SCHEDULE\'!C45)'	'=IF($A45="","",IF(\'IMPORT SCHEDULE\'!C45="","",\'IMPORT SCHEDULE\'!C45))'
CLEAN	D45	'=IF($A45="","",\'IMPORT SCHEDULE\'!D45)'	'=IF($A45="","",IF(\'IMPORT SCHEDULE\'!D45="","",\'IMPORT SCHEDULE\'!D45))'
CLEAN	C46	'=IF($A46="","",\'IMPORT SCHEDULE\'!C46)'	'=IF($A46="","",IF(\'IMPORT SCHEDULE\'!C46="","",\'IMPORT SCHEDULE\'!C46))'
CLEAN	D46	'=IF($A46="","",\'IMPORT SCHEDULE\'!D46)'	'=IF($A46="","",IF(\'IMPORT SCHEDULE\'!D46="","",\'IMPORT SCHEDULE\'!D46))'
CLEAN	C47	'=IF($A47="","",\'IMPORT SCHEDULE\'!C47)'	'=IF($A47="","",IF(\'IMPORT SCHEDULE\'!C47="","",\'IMPORT SCHEDULE\'!C47))'
CLEAN	D47	'=IF($A47="","",\'IMPORT SCHEDULE\'!D47)'	'=IF($A47="","",IF(\'IMPORT SCHEDULE\'!D47="","",\'IMPORT SCHEDULE\'!D47))'
CLEAN	C48	'=IF($A48="","",\'IMPORT SCHEDULE\'!C48)'	'=IF($A48="","",IF(\'IMPORT SCHEDULE\'!C48="","",\'IMPORT SCHEDULE\'!C48))'
CLEAN	D48	'=IF($A48="","",\'IMPORT SCHEDULE\'!D48)'	'=IF($A48="","",IF(\'IMPORT SCHEDULE\'!D48="","",\'IMPORT SCHEDULE\'!D48))'
CLEAN	C49	'=IF($A49="","",\'IMPORT SCHEDULE\'!C49)'	'=IF($A49="","",IF(\'IMPORT SCHEDULE\'!C49="","",\'IMPORT SCHEDULE\'!C49))'
CLEAN	D49	'=IF($A49="","",\'IMPORT SCHEDULE\'!D49)'	'=IF($A49="","",IF(\'IMPORT SCHEDULE\'!D49="","",\'IMPORT SCHEDULE\'!D49))'
CLEAN	C50	'=IF($A50="","",\'IMPORT SCHEDULE\'!C50)'	'=IF($A50="","",IF(\'IMPORT SCHEDULE\'!C50="","",\'IMPORT SCHEDULE\'!C50))'
CLEAN	D50	'=IF($A50="","",\'IMPORT SCHEDULE\'!D50)'	'=IF($A50="","",IF(\'IMPORT SCHEDULE\'!D50="","",\'IMPORT SCHEDULE\'!D50))'
CLEAN	C51	'=IF($A51="","",\'IMPORT SCHEDULE\'!C51)'	'=IF($A51="","",IF(\'IMPORT SCHEDULE\'!C51="","",\'IMPORT SCHEDULE\'!C51))'
CLEAN	D51	'=IF($A51="","",\'IMPORT SCHEDULE\'!D51)'	'=IF($A51="","",IF(\'IMPORT SCHEDULE\'!D51="","",\'IMPORT SCHEDULE\'!D51))'
CLEAN	C52	'=IF($A52="","",\'IMPORT SCHEDULE\'!C52)'	'=IF($A52="","",IF(\'IMPORT SCHEDULE\'!C52="","",\'IMPORT SCHEDULE\'!C52))'
CLEAN	D52	'=IF($A52="","",\'IMPORT SCHEDULE\'!D52)'	'=IF($A52="","",IF(\'IMPORT SCHEDULE\'!D52="","",\'IMPORT SCHEDULE\'!D52))'
CLEAN	C53	'=IF($A53="","",\'IMPORT SCHEDULE\'!C53)'	'=IF($A53="","",IF(\'IMPORT SCHEDULE\'!C53="","",\'IMPORT SCHEDULE\'!C53))'
CLEAN	D53	'=IF($A53="","",\'IMPORT SCHEDULE\'!D53)'	'=IF($A53="","",IF(\'IMPORT SCHEDULE\'!D53="","",\'IMPORT SCHEDULE\'!D53))'
CLEAN	C54	'=IF($A54="","",\'IMPORT SCHEDULE\'!C54)'	'=IF($A54="","",IF(\'IMPORT SCHEDULE\'!C54="","",\'IMPORT SCHEDULE\'!C54))'
CLEAN	D54	'=IF($A54="","",\'IMPORT SCHEDULE\'!D54)'	'=IF($A54="","",IF(\'IMPORT SCHEDULE\'!D54="","",\'IMPORT SCHEDULE\'!D54))'
CLEAN	C55	'=IF($A55="","",\'IMPORT SCHEDULE\'!C55)'	'=IF($A55="","",IF(\'IMPORT SCHEDULE\'!C55="","",\'IMPORT SCHEDULE\'!C55))'
CLEAN	D55	'=IF($A55="","",\'IMPORT SCHEDULE\'!D55)'	'=IF($A55="","",IF(\'IMPORT SCHEDULE\'!D55="","",\'IMPORT SCHEDULE\'!D55))'
CLEAN	C56	'=IF($A56="","",\'IMPORT SCHEDULE\'!C56)'	'=IF($A56="","",IF(\'IMPORT SCHEDULE\'!C56="","",\'IMPORT SCHEDULE\'!C56))'
CLEAN	D56	'=IF($A56="","",\'IMPORT SCHEDULE\'!D56)'	'=IF($A56="","",IF(\'IMPORT SCHEDULE\'!D56="","",\'IMPORT SCHEDULE\'!D56))'
CLEAN	C57	'=IF($A57="","",\'IMPORT SCHEDULE\'!C57)'	'=IF($A57="","",IF(\'IMPORT SCHEDULE\'!C57="","",\'IMPORT SCHEDULE\'!C57))'
CLEAN	D57	'=IF($A57="","",\'IMPORT SCHEDULE\'!D57)'	'=IF($A57="","",IF(\'IMPORT SCHEDULE\'!D57="","",\'IMPORT SCHEDULE\'!D57))'
CLEAN	C58	'=IF($A58="","",\'IMPORT SCHEDULE\'!C58)'	'=IF($A58="","",IF(\'IMPORT SCHEDULE\'!C58="","",\'IMPORT SCHEDULE\'!C58))'
CLEAN	D58	'=IF($A58="","",\'IMPORT SCHEDULE\'!D58)'	'=IF($A58="","",IF(\'IMPORT SCHEDULE\'!D58="","",\'IMPORT SCHEDULE\'!D58))'
CLEAN	C59	'=IF($A59="","",\'IMPORT SCHEDULE\'!C59)'	'=IF($A59="","",IF(\'IMPORT SCHEDULE\'!C59="","",\'IMPORT SCHEDULE\'!C59))'
CLEAN	D59	'=IF($A59="","",\'IMPORT SCHEDULE\'!D59)'	'=IF($A59="","",IF(\'IMPORT SCHEDULE\'!D59="","",\'IMPORT SCHEDULE\'!D59))'
CLEAN	C60	'=IF($A60="","",\'IMPORT SCHEDULE\'!C60)'	'=IF($A60="","",IF(\'IMPORT SCHEDULE\'!C60="","",\'IMPORT SCHEDULE\'!C60))'
CLEAN	D60	'=IF($A60="","",\'IMPORT SCHEDULE\'!D60)'	'=IF($A60="","",IF(\'IMPORT SCHEDULE\'!D60="","",\'IMPORT SCHEDULE\'!D60))'
CLEAN	C61	'=IF($A61="","",\'IMPORT SCHEDULE\'!C61)'	'=IF($A61="","",IF(\'IMPORT SCHEDULE\'!C61="","",\'IMPORT SCHEDULE\'!C61))'
CLEAN	D61	'=IF($A61="","",\'IMPORT SCHEDULE\'!D61)'	'=IF($A61="","",IF(\'IMPORT SCHEDULE\'!D61="","",\'IMPORT SCHEDULE\'!D61))'
CLEAN	C62	'=IF($A62="","",\'IMPORT SCHEDULE\'!C62)'	'=IF($A62="","",IF(\'IMPORT SCHEDULE\'!C62="","",\'IMPORT SCHEDULE\'!C62))'
CLEAN	D62	'=IF($A62="","",\'IMPORT SCHEDULE\'!D62)'	'=IF($A62="","",IF(\'IMPORT SCHEDULE\'!D62="","",\'IMPORT SCHEDULE\'!D62))'
CLEAN	C63	'=IF($A63="","",\'IMPORT SCHEDULE\'!C63)'	'=IF($A63="","",IF(\'IMPORT SCHEDULE\'!C63="","",\'IMPORT SCHEDULE\'!C63))'
CLEAN	D63	'=IF($A63="","",\'IMPORT SCHEDULE\'!D63)'	'=IF($A63="","",IF(\'IMPORT SCHEDULE\'!D63="","",\'IMPORT SCHEDULE\'!D63))'
CLEAN	C64	'=IF($A64="","",\'IMPORT SCHEDULE\'!C64)'	'=IF($A64="","",IF(\'IMPORT SCHEDULE\'!C64="","",\'IMPORT SCHEDULE\'!C64))'
CLEAN	D64	'=IF($A64="","",\'IMPORT SCHEDULE\'!D64)'	'=IF($A64="","",IF(\'IMPORT SCHEDULE\'!D64="","",\'IMPORT SCHEDULE\'!D64))'
CLEAN	C65	'=IF($A65="","",\'IMPORT SCHEDULE\'!C65)'	'=IF($A65="","",IF(\'IMPORT SCHEDULE\'!C65="","",\'IMPORT SCHEDULE\'!C65))'
CLEAN	D65	'=IF($A65="","",\'IMPORT SCHEDULE\'!D65)'	'=IF($A65="","",IF(\'IMPORT SCHEDULE\'!D65="","",\'IMPORT SCHEDULE\'!D65))'
CLEAN	C66	'=IF($A66="","",\'IMPORT SCHEDULE\'!C66)'	'=IF($A66="","",IF(\'IMPORT SCHEDULE\'!C66="","",\'IMPORT SCHEDULE\'!C66))'
CLEAN	D66	'=IF($A66="","",\'IMPORT SCHEDULE\'!D66)'	'=IF($A66="","",IF(\'IMPORT SCHEDULE\'!D66="","",\'IMPORT SCHEDULE\'!D66))'
CLEAN	C67	'=IF($A67="","",\'IMPORT SCHEDULE\'!C67)'	'=IF($A67="","",IF(\'IMPORT SCHEDULE\'!C67="","",\'IMPORT SCHEDULE\'!C67))'
CLEAN	D67	'=IF($A67="","",\'IMPORT SCHEDULE\'!D67)'	'=IF($A67="","",IF(\'IMPORT SCHEDULE\'!D67="","",\'IMPORT SCHEDULE\'!D67))'
CLEAN	C68	'=IF($A68="","",\'IMPORT SCHEDULE\'!C68)'	'=IF($A68="","",IF(\'IMPORT SCHEDULE\'!C68="","",\'IMPORT SCHEDULE\'!C68))'
CLEAN	D68	'=IF($A68="","",\'IMPORT SCHEDULE\'!D68)'	'=IF($A68="","",IF(\'IMPORT SCHEDULE\'!D68="","",\'IMPORT SCHEDULE\'!D68))'
CLEAN	C69	'=IF($A69="","",\'IMPORT SCHEDULE\'!C69)'	'=IF($A69="","",IF(\'IMPORT SCHEDULE\'!C69="","",\'IMPORT SCHEDULE\'!C69))'
CLEAN	D69	'=IF($A69="","",\'IMPORT SCHEDULE\'!D69)'	'=IF($A69="","",IF(\'IMPORT SCHEDULE\'!D69="","",\'IMPORT SCHEDULE\'!D69))'
CLEAN	C70	'=IF($A70="","",\'IMPORT SCHEDULE\'!C70)'	'=IF($A70="","",IF(\'IMPORT SCHEDULE\'!C70="","",\'IMPORT SCHEDULE\'!C70))'
CLEAN	D70	'=IF($A70="","",\'IMPORT SCHEDULE\'!D70)'	'=IF($A70="","",IF(\'IMPORT SCHEDULE\'!D70="","",\'IMPORT SCHEDULE\'!D70))'
CLEAN	C71	'=IF($A71="","",\'IMPORT SCHEDULE\'!C71)'	'=IF($A71="","",IF(\'IMPORT SCHEDULE\'!C71="","",\'IMPORT SCHEDULE\'!C71))'
CLEAN	D71	'=IF($A71="","",\'IMPORT SCHEDULE\'!D71)'	'=IF($A71="","",IF(\'IMPORT SCHEDULE\'!D71="","",\'IMPORT SCHEDULE\'!D71))'
CLEAN	C72	'=IF($A72="","",\'IMPORT SCHEDULE\'!C72)'	'=IF($A72="","",IF(\'IMPORT SCHEDULE\'!C72="","",\'IMPORT SCHEDULE\'!C72))'
CLEAN	D72	'=IF($A72="","",\'IMPORT SCHEDULE\'!D72)'	'=IF($A72="","",IF(\'IMPORT SCHEDULE\'!D72="","",\'IMPORT SCHEDULE\'!D72))'
CLEAN	C73	'=IF($A73="","",\'IMPORT SCHEDULE\'!C73)'	'=IF($A73="","",IF(\'IMPORT SCHEDULE\'!C73="","",\'IMPORT SCHEDULE\'!C73))'
CLEAN	D73	'=IF($A73="","",\'IMPORT SCHEDULE\'!D73)'	'=IF($A73="","",IF(\'IMPORT SCHEDULE\'!D73="","",\'IMPORT SCHEDULE\'!D73))'
CLEAN	C74	'=IF($A74="","",\'IMPORT SCHEDULE\'!C74)'	'=IF($A74="","",IF(\'IMPORT SCHEDULE\'!C74="","",\'IMPORT SCHEDULE\'!C74))'
CLEAN	D74	'=IF($A74="","",\'IMPORT SCHEDULE\'!D74)'	'=IF($A74="","",IF(\'IMPORT SCHEDULE\'!D74="","",\'IMPORT SCHEDULE\'!D74))'
CLEAN	C75	'=IF($A75="","",\'IMPORT SCHEDULE\'!C75)'	'=IF($A75="","",IF(\'IMPORT SCHEDULE\'!C75="","",\'IMPORT SCHEDULE\'!C75))'
CLEAN	D75	'=IF($A75="","",\'IMPORT SCHEDULE\'!D75)'	'=IF($A75="","",IF(\'IMPORT SCHEDULE\'!D75="","",\'IMPORT SCHEDULE\'!D75))'
CLEAN	C76	'=IF($A76="","",\'IMPORT SCHEDULE\'!C76)'	'=IF($A76="","",IF(\'IMPORT SCHEDULE\'!C76="","",\'IMPORT SCHEDULE\'!C76))'
CLEAN	D76	'=IF($A76="","",\'IMPORT SCHEDULE\'!D76)'	'=IF($A76="","",IF(\'IMPORT SCHEDULE\'!D76="","",\'IMPORT SCHEDULE\'!D76))'
CLEAN	C77	'=IF($A77="","",\'IMPORT SCHEDULE\'!C77)'	'=IF($A77="","",IF(\'IMPORT SCHEDULE\'!C77="","",\'IMPORT SCHEDULE\'!C77))'
CLEAN	D77	'=IF($A77="","",\'IMPORT SCHEDULE\'!D77)'	'=IF($A77="","",IF(\'IMPORT SCHEDULE\'!D77="","",\'IMPORT SCHEDULE\'!D77))'
CLEAN	C78	'=IF($A78="","",\'IMPORT SCHEDULE\'!C78)'	'=IF($A78="","",IF(\'IMPORT SCHEDULE\'!C78="","",\'IMPORT SCHEDULE\'!C78))'
CLEAN	D78	'=IF($A78="","",\'IMPORT SCHEDULE\'!D78)'	'=IF($A78="","",IF(\'IMPORT SCHEDULE\'!D78="","",\'IMPORT SCHEDULE\'!D78))'
CLEAN	C79	'=IF($A79="","",\'IMPORT SCHEDULE\'!C79)'	'=IF($A79="","",IF(\'IMPORT SCHEDULE\'!C79="","",\'IMPORT SCHEDULE\'!C79))'
CLEAN	D79	'=IF($A79="","",\'IMPORT SCHEDULE\'!D79)'	'=IF($A79="","",IF(\'IMPORT SCHEDULE\'!D79="","",\'IMPORT SCHEDULE\'!D79))'
CLEAN	C80	'=IF($A80="","",\'IMPORT SCHEDULE\'!C80)'	'=IF($A80="","",IF(\'IMPORT SCHEDULE\'!C80="","",\'IMPORT SCHEDULE\'!C80))'
CLEAN	D80	'=IF($A80="","",\'IMPORT SCHEDULE\'!D80)'	'=IF($A80="","",IF(\'IMPORT SCHEDULE\'!D80="","",\'IMPORT SCHEDULE\'!D80))'
CLEAN	C81	'=IF($A81="","",\'IMPORT SCHEDULE\'!C81)'	'=IF($A81="","",IF(\'IMPORT SCHEDULE\'!C81="","",\'IMPORT SCHEDULE\'!C81))'
CLEAN	D81	'=IF($A81="","",\'IMPORT SCHEDULE\'!D81)'	'=IF($A81="","",IF(\'IMPORT SCHEDULE\'!D81="","",\'IMPORT SCHEDULE\'!D81))'
CLEAN	C82	'=IF($A82="","",\'IMPORT SCHEDULE\'!C82)'	'=IF($A82="","",IF(\'IMPORT SCHEDULE\'!C82="","",\'IMPORT SCHEDULE\'!C82))'
CLEAN	D82	'=IF($A82="","",\'IMPORT SCHEDULE\'!D82)'	'=IF($A82="","",IF(\'IMPORT SCHEDULE\'!D82="","",\'IMPORT SCHEDULE\'!D82))'
CLEAN	C83	'=IF($A83="","",\'IMPORT SCHEDULE\'!C83)'	'=IF($A83="","",IF(\'IMPORT SCHEDULE\'!C83="","",\'IMPORT SCHEDULE\'!C83))'
CLEAN	D83	'=IF($A83="","",\'IMPORT SCHEDULE\'!D83)'	'=IF($A83="","",IF(\'IMPORT SCHEDULE\'!D83="","",\'IMPORT SCHEDULE\'!D83))'
CLEAN	C84	'=IF($A84="","",\'IMPORT SCHEDULE\'!C84)'	'=IF($A84="","",IF(\'IMPORT SCHEDULE\'!C84="","",\'IMPORT SCHEDULE\'!C84))'
CLEAN	D84	'=IF($A84="","",\'IMPORT SCHEDULE\'!D84)'	'=IF($A84="","",IF(\'IMPORT SCHEDULE\'!D84="","",\'IMPORT SCHEDULE\'!D84))'
CLEAN	C85	'=IF($A85="","",\'IMPORT SCHEDULE\'!C85)'	'=IF($A85="","",IF(\'IMPORT SCHEDULE\'!C85="","",\'IMPORT SCHEDULE\'!C85))'
CLEAN	D85	'=IF($A85="","",\'IMPORT SCHEDULE\'!D85)'	'=IF($A85="","",IF(\'IMPORT SCHEDULE\'!D85="","",\'IMPORT SCHEDULE\'!D85))'
CLEAN	C86	'=IF($A86="","",\'IMPORT SCHEDULE\'!C86)'	'=IF($A86="","",IF(\'IMPORT SCHEDULE\'!C86="","",\'IMPORT SCHEDULE\'!C86))'
CLEAN	D86	'=IF($A86="","",\'IMPORT SCHEDULE\'!D86)'	'=IF($A86="","",IF(\'IMPORT SCHEDULE\'!D86="","",\'IMPORT SCHEDULE\'!D86))'
CLEAN	C87	'=IF($A87="","",\'IMPORT SCHEDULE\'!C87)'	'=IF($A87="","",IF(\'IMPORT SCHEDULE\'!C87="","",\'IMPORT SCHEDULE\'!C87))'
CLEAN	D87	'=IF($A87="","",\'IMPORT SCHEDULE\'!D87)'	'=IF($A87="","",IF(\'IMPORT SCHEDULE\'!D87="","",\'IMPORT SCHEDULE\'!D87))'
CLEAN	C88	'=IF($A88="","",\'IMPORT SCHEDULE\'!C88)'	'=IF($A88="","",IF(\'IMPORT SCHEDULE\'!C88="","",\'IMPORT SCHEDULE\'!C88))'
CLEAN	D88	'=IF($A88="","",\'IMPORT SCHEDULE\'!D88)'	'=IF($A88="","",IF(\'IMPORT SCHEDULE\'!D88="","",\'IMPORT SCHEDULE\'!D88))'
CLEAN	C89	'=IF($A89="","",\'IMPORT SCHEDULE\'!C89)'	'=IF($A89="","",IF(\'IMPORT SCHEDULE\'!C89="","",\'IMPORT SCHEDULE\'!C89))'
CLEAN	D89	'=IF($A89="","",\'IMPORT SCHEDULE\'!D89)'	'=IF($A89="","",IF(\'IMPORT SCHEDULE\'!D89="","",\'IMPORT SCHEDULE\'!D89))'
CLEAN	C90	'=IF($A90="","",\'IMPORT SCHEDULE\'!C90)'	'=IF($A90="","",IF(\'IMPORT SCHEDULE\'!C90="","",\'IMPORT SCHEDULE\'!C90))'
CLEAN	D90	'=IF($A90="","",\'IMPORT SCHEDULE\'!D90)'	'=IF($A90="","",IF(\'IMPORT SCHEDULE\'!D90="","",\'IMPORT SCHEDULE\'!D90))'
CLEAN	C91	'=IF($A91="","",\'IMPORT SCHEDULE\'!C91)'	'=IF($A91="","",IF(\'IMPORT SCHEDULE\'!C91="","",\'IMPORT SCHEDULE\'!C91))'
CLEAN	D91	'=IF($A91="","",\'IMPORT SCHEDULE\'!D91)'	'=IF($A91="","",IF(\'IMPORT SCHEDULE\'!D91="","",\'IMPORT SCHEDULE\'!D91))'
CLEAN	C92	'=IF($A92="","",\'IMPORT SCHEDULE\'!C92)'	'=IF($A92="","",IF(\'IMPORT SCHEDULE\'!C92="","",\'IMPORT SCHEDULE\'!C92))'
CLEAN	D92	'=IF($A92="","",\'IMPORT SCHEDULE\'!D92)'	'=IF($A92="","",IF(\'IMPORT SCHEDULE\'!D92="","",\'IMPORT SCHEDULE\'!D92))'
CLEAN	C93	'=IF($A93="","",\'IMPORT SCHEDULE\'!C93)'	'=IF($A93="","",IF(\'IMPORT SCHEDULE\'!C93="","",\'IMPORT SCHEDULE\'!C93))'
CLEAN	D93	'=IF($A93="","",\'IMPORT SCHEDULE\'!D93)'	'=IF($A93="","",IF(\'IMPORT SCHEDULE\'!D93="","",\'IMPORT SCHEDULE\'!D93))'
CLEAN	C94	'=IF($A94="","",\'IMPORT SCHEDULE\'!C94)'	'=IF($A94="","",IF(\'IMPORT SCHEDULE\'!C94="","",\'IMPORT SCHEDULE\'!C94))'
CLEAN	D94	'=IF($A94="","",\'IMPORT SCHEDULE\'!D94)'	'=IF($A94="","",IF(\'IMPORT SCHEDULE\'!D94="","",\'IMPORT SCHEDULE\'!D94))'
CLEAN	C95	'=IF($A95="","",\'IMPORT SCHEDULE\'!C95)'	'=IF($A95="","",IF(\'IMPORT SCHEDULE\'!C95="","",\'IMPORT SCHEDULE\'!C95))'
CLEAN	D95	'=IF($A95="","",\'IMPORT SCHEDULE\'!D95)'	'=IF($A95="","",IF(\'IMPORT SCHEDULE\'!D95="","",\'IMPORT SCHEDULE\'!D95))'
CLEAN	C96	'=IF($A96="","",\'IMPORT SCHEDULE\'!C96)'	'=IF($A96="","",IF(\'IMPORT SCHEDULE\'!C96="","",\'IMPORT SCHEDULE\'!C96))'
CLEAN	D96	'=IF($A96="","",\'IMPORT SCHEDULE\'!D96)'	'=IF($A96="","",IF(\'IMPORT SCHEDULE\'!D96="","",\'IMPORT SCHEDULE\'!D96))'
CLEAN	C97	'=IF($A97="","",\'IMPORT SCHEDULE\'!C97)'	'=IF($A97="","",IF(\'IMPORT SCHEDULE\'!C97="","",\'IMPORT SCHEDULE\'!C97))'
CLEAN	D97	'=IF($A97="","",\'IMPORT SCHEDULE\'!D97)'	'=IF($A97="","",IF(\'IMPORT SCHEDULE\'!D97="","",\'IMPORT SCHEDULE\'!D97))'
CLEAN	C98	'=IF($A98="","",\'IMPORT SCHEDULE\'!C98)'	'=IF($A98="","",IF(\'IMPORT SCHEDULE\'!C98="","",\'IMPORT SCHEDULE\'!C98))'
CLEAN	D98	'=IF($A98="","",\'IMPORT SCHEDULE\'!D98)'	'=IF($A98="","",IF(\'IMPORT SCHEDULE\'!D98="","",\'IMPORT SCHEDULE\'!D98))'
CLEAN	C99	'=IF($A99="","",\'IMPORT SCHEDULE\'!C99)'	'=IF($A99="","",IF(\'IMPORT SCHEDULE\'!C99="","",\'IMPORT SCHEDULE\'!C99))'
CLEAN	D99	'=IF($A99="","",\'IMPORT SCHEDULE\'!D99)'	'=IF($A99="","",IF(\'IMPORT SCHEDULE\'!D99="","",\'IMPORT SCHEDULE\'!D99))'
CLEAN	C100	'=IF($A100="","",\'IMPORT SCHEDULE\'!C100)'	'=IF($A100="","",IF(\'IMPORT SCHEDULE\'!C100="","",\'IMPORT SCHEDULE\'!C100))'
CLEAN	D100	'=IF($A100="","",\'IMPORT SCHEDULE\'!D100)'	'=IF($A100="","",IF(\'IMPORT SCHEDULE\'!D100="","",\'IMPORT SCHEDULE\'!D100))'
CLEAN	C101	'=IF($A101="","",\'IMPORT SCHEDULE\'!C101)'	'=IF($A101="","",IF(\'IMPORT SCHEDULE\'!C101="","",\'IMPORT SCHEDULE\'!C101))'
CLEAN	D101	'=IF($A101="","",\'IMPORT SCHEDULE\'!D101)'	'=IF($A101="","",IF(\'IMPORT SCHEDULE\'!D101="","",\'IMPORT SCHEDULE\'!D101))'
CLEAN	C102	'=IF($A102="","",\'IMPORT SCHEDULE\'!C102)'	'=IF($A102="","",IF(\'IMPORT SCHEDULE\'!C102="","",\'IMPORT SCHEDULE\'!C102))'
CLEAN	D102	'=IF($A102="","",\'IMPORT SCHEDULE\'!D102)'	'=IF($A102="","",IF(\'IMPORT SCHEDULE\'!D102="","",\'IMPORT SCHEDULE\'!D102))'
CLEAN	C103	'=IF($A103="","",\'IMPORT SCHEDULE\'!C103)'	'=IF($A103="","",IF(\'IMPORT SCHEDULE\'!C103="","",\'IMPORT SCHEDULE\'!C103))'
CLEAN	D103	'=IF($A103="","",\'IMPORT SCHEDULE\'!D103)'	'=IF($A103="","",IF(\'IMPORT SCHEDULE\'!D103="","",\'IMPORT SCHEDULE\'!D103))'
CLEAN	C104	'=IF($A104="","",\'IMPORT SCHEDULE\'!C104)'	'=IF($A104="","",IF(\'IMPORT SCHEDULE\'!C104="","",\'IMPORT SCHEDULE\'!C104))'
CLEAN	D104	'=IF($A104="","",\'IMPORT SCHEDULE\'!D104)'	'=IF($A104="","",IF(\'IMPORT SCHEDULE\'!D104="","",\'IMPORT SCHEDULE\'!D104))'
CLEAN	C105	'=IF($A105="","",\'IMPORT SCHEDULE\'!C105)'	'=IF($A105="","",IF(\'IMPORT SCHEDULE\'!C105="","",\'IMPORT SCHEDULE\'!C105))'
CLEAN	D105	'=IF($A105="","",\'IMPORT SCHEDULE\'!D105)'	'=IF($A105="","",IF(\'IMPORT SCHEDULE\'!D105="","",\'IMPORT SCHEDULE\'!D105))'
CLEAN	C106	'=IF($A106="","",\'IMPORT SCHEDULE\'!C106)'	'=IF($A106="","",IF(\'IMPORT SCHEDULE\'!C106="","",\'IMPORT SCHEDULE\'!C106))'
CLEAN	D106	'=IF($A106="","",\'IMPORT SCHEDULE\'!D106)'	'=IF($A106="","",IF(\'IMPORT SCHEDULE\'!D106="","",\'IMPORT SCHEDULE\'!D106))'
CLEAN	C107	'=IF($A107="","",\'IMPORT SCHEDULE\'!C107)'	'=IF($A107="","",IF(\'IMPORT SCHEDULE\'!C107="","",\'IMPORT SCHEDULE\'!C107))'
CLEAN	D107	'=IF($A107="","",\'IMPORT SCHEDULE\'!D107)'	'=IF($A107="","",IF(\'IMPORT SCHEDULE\'!D107="","",\'IMPORT SCHEDULE\'!D107))'
CLEAN	C108	'=IF($A108="","",\'IMPORT SCHEDULE\'!C108)'	'=IF($A108="","",IF(\'IMPORT SCHEDULE\'!C108="","",\'IMPORT SCHEDULE\'!C108))'
CLEAN	D108	'=IF($A108="","",\'IMPORT SCHEDULE\'!D108)'	'=IF($A108="","",IF(\'IMPORT SCHEDULE\'!D108="","",\'IMPORT SCHEDULE\'!D108))'
CLEAN	C109	'=IF($A109="","",\'IMPORT SCHEDULE\'!C109)'	'=IF($A109="","",IF(\'IMPORT SCHEDULE\'!C109="","",\'IMPORT SCHEDULE\'!C109))'
CLEAN	D109	'=IF($A109="","",\'IMPORT SCHEDULE\'!D109)'	'=IF($A109="","",IF(\'IMPORT SCHEDULE\'!D109="","",\'IMPORT SCHEDULE\'!D109))'
CLEAN	C110	'=IF($A110="","",\'IMPORT SCHEDULE\'!C110)'	'=IF($A110="","",IF(\'IMPORT SCHEDULE\'!C110="","",\'IMPORT SCHEDULE\'!C110))'
CLEAN	D110	'=IF($A110="","",\'IMPORT SCHEDULE\'!D110)'	'=IF($A110="","",IF(\'IMPORT SCHEDULE\'!D110="","",\'IMPORT SCHEDULE\'!D110))'
CLEAN	C111	'=IF($A111="","",\'IMPORT SCHEDULE\'!C111)'	'=IF($A111="","",IF(\'IMPORT SCHEDULE\'!C111="","",\'IMPORT SCHEDULE\'!C111))'
CLEAN	D111	'=IF($A111="","",\'IMPORT SCHEDULE\'!D111)'	'=IF($A111="","",IF(\'IMPORT SCHEDULE\'!D111="","",\'IMPORT SCHEDULE\'!D111))'
CLEAN	C112	'=IF($A112="","",\'IMPORT SCHEDULE\'!C112)'	'=IF($A112="","",IF(\'IMPORT SCHEDULE\'!C112="","",\'IMPORT SCHEDULE\'!C112))'
CLEAN	D112	'=IF($A112="","",\'IMPORT SCHEDULE\'!D112)'	'=IF($A112="","",IF(\'IMPORT SCHEDULE\'!D112="","",\'IMPORT SCHEDULE\'!D112))'
CLEAN	C113	'=IF($A113="","",\'IMPORT SCHEDULE\'!C113)'	'=IF($A113="","",IF(\'IMPORT SCHEDULE\'!C113="","",\'IMPORT SCHEDULE\'!C113))'
CLEAN	D113	'=IF($A113="","",\'IMPORT SCHEDULE\'!D113)'	'=IF($A113="","",IF(\'IMPORT SCHEDULE\'!D113="","",\'IMPORT SCHEDULE\'!D113))'
CLEAN	C114	'=IF($A114="","",\'IMPORT SCHEDULE\'!C114)'	'=IF($A114="","",IF(\'IMPORT SCHEDULE\'!C114="","",\'IMPORT SCHEDULE\'!C114))'
CLEAN	D114	'=IF($A114="","",\'IMPORT SCHEDULE\'!D114)'	'=IF($A114="","",IF(\'IMPORT SCHEDULE\'!D114="","",\'IMPORT SCHEDULE\'!D114))'
CLEAN	C115	'=IF($A115="","",\'IMPORT SCHEDULE\'!C115)'	'=IF($A115="","",IF(\'IMPORT SCHEDULE\'!C115="","",\'IMPORT SCHEDULE\'!C115))'
CLEAN	D115	'=IF($A115="","",\'IMPORT SCHEDULE\'!D115)'	'=IF($A115="","",IF(\'IMPORT SCHEDULE\'!D115="","",\'IMPORT SCHEDULE\'!D115))'
CLEAN	C116	'=IF($A116="","",\'IMPORT SCHEDULE\'!C116)'	'=IF($A116="","",IF(\'IMPORT SCHEDULE\'!C116="","",\'IMPORT SCHEDULE\'!C116))'
CLEAN	D116	'=IF($A116="","",\'IMPORT SCHEDULE\'!D116)'	'=IF($A116="","",IF(\'IMPORT SCHEDULE\'!D116="","",\'IMPORT SCHEDULE\'!D116))'
CLEAN	C117	'=IF($A117="","",\'IMPORT SCHEDULE\'!C117)'	'=IF($A117="","",IF(\'IMPORT SCHEDULE\'!C117="","",\'IMPORT SCHEDULE\'!C117))'
CLEAN	D117	'=IF($A117="","",\'IMPORT SCHEDULE\'!D117)'	'=IF($A117="","",IF(\'IMPORT SCHEDULE\'!D117="","",\'IMPORT SCHEDULE\'!D117))'
CLEAN	C118	'=IF($A118="","",\'IMPORT SCHEDULE\'!C118)'	'=IF($A118="","",IF(\'IMPORT SCHEDULE\'!C118="","",\'IMPORT SCHEDULE\'!C118))'
CLEAN	D118	'=IF($A118="","",\'IMPORT SCHEDULE\'!D118)'	'=IF($A118="","",IF(\'IMPORT SCHEDULE\'!D118="","",\'IMPORT SCHEDULE\'!D118))'
CLEAN	C119	'=IF($A119="","",\'IMPORT SCHEDULE\'!C119)'	'=IF($A119="","",IF(\'IMPORT SCHEDULE\'!C119="","",\'IMPORT SCHEDULE\'!C119))'
CLEAN	D119	'=IF($A119="","",\'IMPORT SCHEDULE\'!D119)'	'=IF($A119="","",IF(\'IMPORT SCHEDULE\'!D119="","",\'IMPORT SCHEDULE\'!D119))'
CLEAN	C120	'=IF($A120="","",\'IMPORT SCHEDULE\'!C120)'	'=IF($A120="","",IF(\'IMPORT SCHEDULE\'!C120="","",\'IMPORT SCHEDULE\'!C120))'
CLEAN	D120	'=IF($A120="","",\'IMPORT SCHEDULE\'!D120)'	'=IF($A120="","",IF(\'IMPORT SCHEDULE\'!D120="","",\'IMPORT SCHEDULE\'!D120))'
CLEAN	C121	'=IF($A121="","",\'IMPORT SCHEDULE\'!C121)'	'=IF($A121="","",IF(\'IMPORT SCHEDULE\'!C121="","",\'IMPORT SCHEDULE\'!C121))'
CLEAN	D121	'=IF($A121="","",\'IMPORT SCHEDULE\'!D121)'	'=IF($A121="","",IF(\'IMPORT SCHEDULE\'!D121="","",\'IMPORT SCHEDULE\'!D121))'
CLEAN	C122	'=IF($A122="","",\'IMPORT SCHEDULE\'!C122)'	'=IF($A122="","",IF(\'IMPORT SCHEDULE\'!C122="","",\'IMPORT SCHEDULE\'!C122))'
CLEAN	D122	'=IF($A122="","",\'IMPORT SCHEDULE\'!D122)'	'=IF($A122="","",IF(\'IMPORT SCHEDULE\'!D122="","",\'IMPORT SCHEDULE\'!D122))'
CLEAN	C123	'=IF($A123="","",\'IMPORT SCHEDULE\'!C123)'	'=IF($A123="","",IF(\'IMPORT SCHEDULE\'!C123="","",\'IMPORT SCHEDULE\'!C123))'
CLEAN	D123	'=IF($A123="","",\'IMPORT SCHEDULE\'!D123)'	'=IF($A123="","",IF(\'IMPORT SCHEDULE\'!D123="","",\'IMPORT SCHEDULE\'!D123))'
CLEAN	C124	'=IF($A124="","",\'IMPORT SCHEDULE\'!C124)'	'=IF($A124="","",IF(\'IMPORT SCHEDULE\'!C124="","",\'IMPORT SCHEDULE\'!C124))'
CLEAN	D124	'=IF($A124="","",\'IMPORT SCHEDULE\'!D124)'	'=IF($A124="","",IF(\'IMPORT SCHEDULE\'!D124="","",\'IMPORT SCHEDULE\'!D124))'
CLEAN	C125	'=IF($A125="","",\'IMPORT SCHEDULE\'!C125)'	'=IF($A125="","",IF(\'IMPORT SCHEDULE\'!C125="","",\'IMPORT SCHEDULE\'!C125))'
CLEAN	D125	'=IF($A125="","",\'IMPORT SCHEDULE\'!D125)'	'=IF($A125="","",IF(\'IMPORT SCHEDULE\'!D125="","",\'IMPORT SCHEDULE\'!D125))'
CLEAN	C126	'=IF($A126="","",\'IMPORT SCHEDULE\'!C126)'	'=IF($A126="","",IF(\'IMPORT SCHEDULE\'!C126="","",\'IMPORT SCHEDULE\'!C126))'
CLEAN	D126	'=IF($A126="","",\'IMPORT SCHEDULE\'!D126)'	'=IF($A126="","",IF(\'IMPORT SCHEDULE\'!D126="","",\'IMPORT SCHEDULE\'!D126))'
CLEAN	C127	'=IF($A127="","",\'IMPORT SCHEDULE\'!C127)'	'=IF($A127="","",IF(\'IMPORT SCHEDULE\'!C127="","",\'IMPORT SCHEDULE\'!C127))'
CLEAN	D127	'=IF($A127="","",\'IMPORT SCHEDULE\'!D127)'	'=IF($A127="","",IF(\'IMPORT SCHEDULE\'!D127="","",\'IMPORT SCHEDULE\'!D127))'
CLEAN	C128	'=IF($A128="","",\'IMPORT SCHEDULE\'!C128)'	'=IF($A128="","",IF(\'IMPORT SCHEDULE\'!C128="","",\'IMPORT SCHEDULE\'!C128))'
CLEAN	D128	'=IF($A128="","",\'IMPORT SCHEDULE\'!D128)'	'=IF($A128="","",IF(\'IMPORT SCHEDULE\'!D128="","",\'IMPORT SCHEDULE\'!D128))'
CLEAN	C129	'=IF($A129="","",\'IMPORT SCHEDULE\'!C129)'	'=IF($A129="","",IF(\'IMPORT SCHEDULE\'!C129="","",\'IMPORT SCHEDULE\'!C129))'
CLEAN	D129	'=IF($A129="","",\'IMPORT SCHEDULE\'!D129)'	'=IF($A129="","",IF(\'IMPORT SCHEDULE\'!D129="","",\'IMPORT SCHEDULE\'!D129))'
CLEAN	C130	'=IF($A130="","",\'IMPORT SCHEDULE\'!C130)'	'=IF($A130="","",IF(\'IMPORT SCHEDULE\'!C130="","",\'IMPORT SCHEDULE\'!C130))'
CLEAN	D130	'=IF($A130="","",\'IMPORT SCHEDULE\'!D130)'	'=IF($A130="","",IF(\'IMPORT SCHEDULE\'!D130="","",\'IMPORT SCHEDULE\'!D130))'
CLEAN	C131	'=IF($A131="","",\'IMPORT SCHEDULE\'!C131)'	'=IF($A131="","",IF(\'IMPORT SCHEDULE\'!C131="","",\'IMPORT SCHEDULE\'!C131))'
CLEAN	D131	'=IF($A131="","",\'IMPORT SCHEDULE\'!D131)'	'=IF($A131="","",IF(\'IMPORT SCHEDULE\'!D131="","",\'IMPORT SCHEDULE\'!D131))'
CLEAN	C132	'=IF($A132="","",\'IMPORT SCHEDULE\'!C132)'	'=IF($A132="","",IF(\'IMPORT SCHEDULE\'!C132="","",\'IMPORT SCHEDULE\'!C132))'
CLEAN	D132	'=IF($A132="","",\'IMPORT SCHEDULE\'!D132)'	'=IF($A132="","",IF(\'IMPORT SCHEDULE\'!D132="","",\'IMPORT SCHEDULE\'!D132))'
CLEAN	C133	'=IF($A133="","",\'IMPORT SCHEDULE\'!C133)'	'=IF($A133="","",IF(\'IMPORT SCHEDULE\'!C133="","",\'IMPORT SCHEDULE\'!C133))'
CLEAN	D133	'=IF($A133="","",\'IMPORT SCHEDULE\'!D133)'	'=IF($A133="","",IF(\'IMPORT SCHEDULE\'!D133="","",\'IMPORT SCHEDULE\'!D133))'
CLEAN	C134	'=IF($A134="","",\'IMPORT SCHEDULE\'!C134)'	'=IF($A134="","",IF(\'IMPORT SCHEDULE\'!C134="","",\'IMPORT SCHEDULE\'!C134))'
CLEAN	D134	'=IF($A134="","",\'IMPORT SCHEDULE\'!D134)'	'=IF($A134="","",IF(\'IMPORT SCHEDULE\'!D134="","",\'IMPORT SCHEDULE\'!D134))'
CLEAN	C135	'=IF($A135="","",\'IMPORT SCHEDULE\'!C135)'	'=IF($A135="","",IF(\'IMPORT SCHEDULE\'!C135="","",\'IMPORT SCHEDULE\'!C135))'
CLEAN	D135	'=IF($A135="","",\'IMPORT SCHEDULE\'!D135)'	'=IF($A135="","",IF(\'IMPORT SCHEDULE\'!D135="","",\'IMPORT SCHEDULE\'!D135))'
CLEAN	C136	'=IF($A136="","",\'IMPORT SCHEDULE\'!C136)'	'=IF($A136="","",IF(\'IMPORT SCHEDULE\'!C136="","",\'IMPORT SCHEDULE\'!C136))'
CLEAN	D136	'=IF($A136="","",\'IMPORT SCHEDULE\'!D136)'	'=IF($A136="","",IF(\'IMPORT SCHEDULE\'!D136="","",\'IMPORT SCHEDULE\'!D136))'
CLEAN	C137	'=IF($A137="","",\'IMPORT SCHEDULE\'!C137)'	'=IF($A137="","",IF(\'IMPORT SCHEDULE\'!C137="","",\'IMPORT SCHEDULE\'!C137))'
CLEAN	D137	'=IF($A137="","",\'IMPORT SCHEDULE\'!D137)'	'=IF($A137="","",IF(\'IMPORT SCHEDULE\'!D137="","",\'IMPORT SCHEDULE\'!D137))'
CLEAN	C138	'=IF($A138="","",\'IMPORT SCHEDULE\'!C138)'	'=IF($A138="","",IF(\'IMPORT SCHEDULE\'!C138="","",\'IMPORT SCHEDULE\'!C138))'
CLEAN	D138	'=IF($A138="","",\'IMPORT SCHEDULE\'!D138)'	'=IF($A138="","",IF(\'IMPORT SCHEDULE\'!D138="","",\'IMPORT SCHEDULE\'!D138))'
CLEAN	C139	'=IF($A139="","",\'IMPORT SCHEDULE\'!C139)'	'=IF($A139="","",IF(\'IMPORT SCHEDULE\'!C139="","",\'IMPORT SCHEDULE\'!C139))'
CLEAN	D139	'=IF($A139="","",\'IMPORT SCHEDULE\'!D139)'	'=IF($A139="","",IF(\'IMPORT SCHEDULE\'!D139="","",\'IMPORT SCHEDULE\'!D139))'
CLEAN	C140	'=IF($A140="","",\'IMPORT SCHEDULE\'!C140)'	'=IF($A140="","",IF(\'IMPORT SCHEDULE\'!C140="","",\'IMPORT SCHEDULE\'!C140))'
CLEAN	D140	'=IF($A140="","",\'IMPORT SCHEDULE\'!D140)'	'=IF($A140="","",IF(\'IMPORT SCHEDULE\'!D140="","",\'IMPORT SCHEDULE\'!D140))'
CLEAN	C141	'=IF($A141="","",\'IMPORT SCHEDULE\'!C141)'	'=IF($A141="","",IF(\'IMPORT SCHEDULE\'!C141="","",\'IMPORT SCHEDULE\'!C141))'
CLEAN	D141	'=IF($A141="","",\'IMPORT SCHEDULE\'!D141)'	'=IF($A141="","",IF(\'IMPORT SCHEDULE\'!D141="","",\'IMPORT SCHEDULE\'!D141))'
CLEAN	C142	'=IF($A142="","",\'IMPORT SCHEDULE\'!C142)'	'=IF($A142="","",IF(\'IMPORT SCHEDULE\'!C142="","",\'IMPORT SCHEDULE\'!C142))'
CLEAN	D142	'=IF($A142="","",\'IMPORT SCHEDULE\'!D142)'	'=IF($A142="","",IF(\'IMPORT SCHEDULE\'!D142="","",\'IMPORT SCHEDULE\'!D142))'
CLEAN	C143	'=IF($A143="","",\'IMPORT SCHEDULE\'!C143)'	'=IF($A143="","",IF(\'IMPORT SCHEDULE\'!C143="","",\'IMPORT SCHEDULE\'!C143))'
CLEAN	D143	'=IF($A143="","",\'IMPORT SCHEDULE\'!D143)'	'=IF($A143="","",IF(\'IMPORT SCHEDULE\'!D143="","",\'IMPORT SCHEDULE\'!D143))'
CLEAN	C144	'=IF($A144="","",\'IMPORT SCHEDULE\'!C144)'	'=IF($A144="","",IF(\'IMPORT SCHEDULE\'!C144="","",\'IMPORT SCHEDULE\'!C144))'
CLEAN	D144	'=IF($A144="","",\'IMPORT SCHEDULE\'!D144)'	'=IF($A144="","",IF(\'IMPORT SCHEDULE\'!D144="","",\'IMPORT SCHEDULE\'!D144))'
CLEAN	C145	'=IF($A145="","",\'IMPORT SCHEDULE\'!C145)'	'=IF($A145="","",IF(\'IMPORT SCHEDULE\'!C145="","",\'IMPORT SCHEDULE\'!C145))'
CLEAN	D145	'=IF($A145="","",\'IMPORT SCHEDULE\'!D145)'	'=IF($A145="","",IF(\'IMPORT SCHEDULE\'!D145="","",\'IMPORT SCHEDULE\'!D145))'
CLEAN	C146	'=IF($A146="","",\'IMPORT SCHEDULE\'!C146)'	'=IF($A146="","",IF(\'IMPORT SCHEDULE\'!C146="","",\'IMPORT SCHEDULE\'!C146))'
CLEAN	D146	'=IF($A146="","",\'IMPORT SCHEDULE\'!D146)'	'=IF($A146="","",IF(\'IMPORT SCHEDULE\'!D146="","",\'IMPORT SCHEDULE\'!D146))'
CLEAN	C147	'=IF($A147="","",\'IMPORT SCHEDULE\'!C147)'	'=IF($A147="","",IF(\'IMPORT SCHEDULE\'!C147="","",\'IMPORT SCHEDULE\'!C147))'
CLEAN	D147	'=IF($A147="","",\'IMPORT SCHEDULE\'!D147)'	'=IF($A147="","",IF(\'IMPORT SCHEDULE\'!D147="","",\'IMPORT SCHEDULE\'!D147))'
CLEAN	C148	'=IF($A148="","",\'IMPORT SCHEDULE\'!C148)'	'=IF($A148="","",IF(\'IMPORT SCHEDULE\'!C148="","",\'IMPORT SCHEDULE\'!C148))'
CLEAN	D148	'=IF($A148="","",\'IMPORT SCHEDULE\'!D148)'	'=IF($A148="","",IF(\'IMPORT SCHEDULE\'!D148="","",\'IMPORT SCHEDULE\'!D148))'
CLEAN	C149	'=IF($A149="","",\'IMPORT SCHEDULE\'!C149)'	'=IF($A149="","",IF(\'IMPORT SCHEDULE\'!C149="","",\'IMPORT SCHEDULE\'!C149))'
CLEAN	D149	'=IF($A149="","",\'IMPORT SCHEDULE\'!D149)'	'=IF($A149="","",IF(\'IMPORT SCHEDULE\'!D149="","",\'IMPORT SCHEDULE\'!D149))'
CLEAN	C150	'=IF($A150="","",\'IMPORT SCHEDULE\'!C150)'	'=IF($A150="","",IF(\'IMPORT SCHEDULE\'!C150="","",\'IMPORT SCHEDULE\'!C150))'
CLEAN	D150	'=IF($A150="","",\'IMPORT SCHEDULE\'!D150)'	'=IF($A150="","",IF(\'IMPORT SCHEDULE\'!D150="","",\'IMPORT SCHEDULE\'!D150))'
CLEAN	C151	'=IF($A151="","",\'IMPORT SCHEDULE\'!C151)'	'=IF($A151="","",IF(\'IMPORT SCHEDULE\'!C151="","",\'IMPORT SCHEDULE\'!C151))'
CLEAN	D151	'=IF($A151="","",\'IMPORT SCHEDULE\'!D151)'	'=IF($A151="","",IF(\'IMPORT SCHEDULE\'!D151="","",\'IMPORT SCHEDULE\'!D151))'
CLEAN	C152	'=IF($A152="","",\'IMPORT SCHEDULE\'!C152)'	'=IF($A152="","",IF(\'IMPORT SCHEDULE\'!C152="","",\'IMPORT SCHEDULE\'!C152))'
CLEAN	D152	'=IF($A152="","",\'IMPORT SCHEDULE\'!D152)'	'=IF($A152="","",IF(\'IMPORT SCHEDULE\'!D152="","",\'IMPORT SCHEDULE\'!D152))'
CLEAN	C153	'=IF($A153="","",\'IMPORT SCHEDULE\'!C153)'	'=IF($A153="","",IF(\'IMPORT SCHEDULE\'!C153="","",\'IMPORT SCHEDULE\'!C153))'
CLEAN	D153	'=IF($A153="","",\'IMPORT SCHEDULE\'!D153)'	'=IF($A153="","",IF(\'IMPORT SCHEDULE\'!D153="","",\'IMPORT SCHEDULE\'!D153))'
CLEAN	C154	'=IF($A154="","",\'IMPORT SCHEDULE\'!C154)'	'=IF($A154="","",IF(\'IMPORT SCHEDULE\'!C154="","",\'IMPORT SCHEDULE\'!C154))'
CLEAN	D154	'=IF($A154="","",\'IMPORT SCHEDULE\'!D154)'	'=IF($A154="","",IF(\'IMPORT SCHEDULE\'!D154="","",\'IMPORT SCHEDULE\'!D154))'
CLEAN	C155	'=IF($A155="","",\'IMPORT SCHEDULE\'!C155)'	'=IF($A155="","",IF(\'IMPORT SCHEDULE\'!C155="","",\'IMPORT SCHEDULE\'!C155))'
CLEAN	D155	'=IF($A155="","",\'IMPORT SCHEDULE\'!D155)'	'=IF($A155="","",IF(\'IMPORT SCHEDULE\'!D155="","",\'IMPORT SCHEDULE\'!D155))'
CLEAN	C156	'=IF($A156="","",\'IMPORT SCHEDULE\'!C156)'	'=IF($A156="","",IF(\'IMPORT SCHEDULE\'!C156="","",\'IMPORT SCHEDULE\'!C156))'
CLEAN	D156	'=IF($A156="","",\'IMPORT SCHEDULE\'!D156)'	'=IF($A156="","",IF(\'IMPORT SCHEDULE\'!D156="","",\'IMPORT SCHEDULE\'!D156))'
CLEAN	C157	'=IF($A157="","",\'IMPORT SCHEDULE\'!C157)'	'=IF($A157="","",IF(\'IMPORT SCHEDULE\'!C157="","",\'IMPORT SCHEDULE\'!C157))'
CLEAN	D157	'=IF($A157="","",\'IMPORT SCHEDULE\'!D157)'	'=IF($A157="","",IF(\'IMPORT SCHEDULE\'!D157="","",\'IMPORT SCHEDULE\'!D157))'
CLEAN	C158	'=IF($A158="","",\'IMPORT SCHEDULE\'!C158)'	'=IF($A158="","",IF(\'IMPORT SCHEDULE\'!C158="","",\'IMPORT SCHEDULE\'!C158))'
CLEAN	D158	'=IF($A158="","",\'IMPORT SCHEDULE\'!D158)'	'=IF($A158="","",IF(\'IMPORT SCHEDULE\'!D158="","",\'IMPORT SCHEDULE\'!D158))'
CLEAN	C159	'=IF($A159="","",\'IMPORT SCHEDULE\'!C159)'	'=IF($A159="","",IF(\'IMPORT SCHEDULE\'!C159="","",\'IMPORT SCHEDULE\'!C159))'
CLEAN	D159	'=IF($A159="","",\'IMPORT SCHEDULE\'!D159)'	'=IF($A159="","",IF(\'IMPORT SCHEDULE\'!D159="","",\'IMPORT SCHEDULE\'!D159))'
CLEAN	C160	'=IF($A160="","",\'IMPORT SCHEDULE\'!C160)'	'=IF($A160="","",IF(\'IMPORT SCHEDULE\'!C160="","",\'IMPORT SCHEDULE\'!C160))'
CLEAN	D160	'=IF($A160="","",\'IMPORT SCHEDULE\'!D160)'	'=IF($A160="","",IF(\'IMPORT SCHEDULE\'!D160="","",\'IMPORT SCHEDULE\'!D160))'
CLEAN	C161	'=IF($A161="","",\'IMPORT SCHEDULE\'!C161)'	'=IF($A161="","",IF(\'IMPORT SCHEDULE\'!C161="","",\'IMPORT SCHEDULE\'!C161))'
CLEAN	D161	'=IF($A161="","",\'IMPORT SCHEDULE\'!D161)'	'=IF($A161="","",IF(\'IMPORT SCHEDULE\'!D161="","",\'IMPORT SCHEDULE\'!D161))'
CLEAN	C162	'=IF($A162="","",\'IMPORT SCHEDULE\'!C162)'	'=IF($A162="","",IF(\'IMPORT SCHEDULE\'!C162="","",\'IMPORT SCHEDULE\'!C162))'
CLEAN	D162	'=IF($A162="","",\'IMPORT SCHEDULE\'!D162)'	'=IF($A162="","",IF(\'IMPORT SCHEDULE\'!D162="","",\'IMPORT SCHEDULE\'!D162))'
CLEAN	C163	'=IF($A163="","",\'IMPORT SCHEDULE\'!C163)'	'=IF($A163="","",IF(\'IMPORT SCHEDULE\'!C163="","",\'IMPORT SCHEDULE\'!C163))'
CLEAN	D163	'=IF($A163="","",\'IMPORT SCHEDULE\'!D163)'	'=IF($A163="","",IF(\'IMPORT SCHEDULE\'!D163="","",\'IMPORT SCHEDULE\'!D163))'
CLEAN	C164	'=IF($A164="","",\'IMPORT SCHEDULE\'!C164)'	'=IF($A164="","",IF(\'IMPORT SCHEDULE\'!C164="","",\'IMPORT SCHEDULE\'!C164))'
CLEAN	D164	'=IF($A164="","",\'IMPORT SCHEDULE\'!D164)'	'=IF($A164="","",IF(\'IMPORT SCHEDULE\'!D164="","",\'IMPORT SCHEDULE\'!D164))'
CLEAN	C165	'=IF($A165="","",\'IMPORT SCHEDULE\'!C165)'	'=IF($A165="","",IF(\'IMPORT SCHEDULE\'!C165="","",\'IMPORT SCHEDULE\'!C165))'
CLEAN	D165	'=IF($A165="","",\'IMPORT SCHEDULE\'!D165)'	'=IF($A165="","",IF(\'IMPORT SCHEDULE\'!D165="","",\'IMPORT SCHEDULE\'!D165))'
CLEAN	C166	'=IF($A166="","",\'IMPORT SCHEDULE\'!C166)'	'=IF($A166="","",IF(\'IMPORT SCHEDULE\'!C166="","",\'IMPORT SCHEDULE\'!C166))'
CLEAN	D166	'=IF($A166="","",\'IMPORT SCHEDULE\'!D166)'	'=IF($A166="","",IF(\'IMPORT SCHEDULE\'!D166="","",\'IMPORT SCHEDULE\'!D166))'
CLEAN	C167	'=IF($A167="","",\'IMPORT SCHEDULE\'!C167)'	'=IF($A167="","",IF(\'IMPORT SCHEDULE\'!C167="","",\'IMPORT SCHEDULE\'!C167))'
CLEAN	D167	'=IF($A167="","",\'IMPORT SCHEDULE\'!D167)'	'=IF($A167="","",IF(\'IMPORT SCHEDULE\'!D167="","",\'IMPORT SCHEDULE\'!D167))'
CLEAN	C168	'=IF($A168="","",\'IMPORT SCHEDULE\'!C168)'	'=IF($A168="","",IF(\'IMPORT SCHEDULE\'!C168="","",\'IMPORT SCHEDULE\'!C168))'
CLEAN	D168	'=IF($A168="","",\'IMPORT SCHEDULE\'!D168)'	'=IF($A168="","",IF(\'IMPORT SCHEDULE\'!D168="","",\'IMPORT SCHEDULE\'!D168))'
CLEAN	C169	'=IF($A169="","",\'IMPORT SCHEDULE\'!C169)'	'=IF($A169="","",IF(\'IMPORT SCHEDULE\'!C169="","",\'IMPORT SCHEDULE\'!C169))'
CLEAN	D169	'=IF($A169="","",\'IMPORT SCHEDULE\'!D169)'	'=IF($A169="","",IF(\'IMPORT SCHEDULE\'!D169="","",\'IMPORT SCHEDULE\'!D169))'
CLEAN	C170	'=IF($A170="","",\'IMPORT SCHEDULE\'!C170)'	'=IF($A170="","",IF(\'IMPORT SCHEDULE\'!C170="","",\'IMPORT SCHEDULE\'!C170))'
CLEAN	D170	'=IF($A170="","",\'IMPORT SCHEDULE\'!D170)'	'=IF($A170="","",IF(\'IMPORT SCHEDULE\'!D170="","",\'IMPORT SCHEDULE\'!D170))'
CLEAN	C171	'=IF($A171="","",\'IMPORT SCHEDULE\'!C171)'	'=IF($A171="","",IF(\'IMPORT SCHEDULE\'!C171="","",\'IMPORT SCHEDULE\'!C171))'
CLEAN	D171	'=IF($A171="","",\'IMPORT SCHEDULE\'!D171)'	'=IF($A171="","",IF(\'IMPORT SCHEDULE\'!D171="","",\'IMPORT SCHEDULE\'!D171))'
CLEAN	C172	'=IF($A172="","",\'IMPORT SCHEDULE\'!C172)'	'=IF($A172="","",IF(\'IMPORT SCHEDULE\'!C172="","",\'IMPORT SCHEDULE\'!C172))'
CLEAN	D172	'=IF($A172="","",\'IMPORT SCHEDULE\'!D172)'	'=IF($A172="","",IF(\'IMPORT SCHEDULE\'!D172="","",\'IMPORT SCHEDULE\'!D172))'
CLEAN	C173	'=IF($A173="","",\'IMPORT SCHEDULE\'!C173)'	'=IF($A173="","",IF(\'IMPORT SCHEDULE\'!C173="","",\'IMPORT SCHEDULE\'!C173))'
CLEAN	D173	'=IF($A173="","",\'IMPORT SCHEDULE\'!D173)'	'=IF($A173="","",IF(\'IMPORT SCHEDULE\'!D173="","",\'IMPORT SCHEDULE\'!D173))'
CLEAN	C174	'=IF($A174="","",\'IMPORT SCHEDULE\'!C174)'	'=IF($A174="","",IF(\'IMPORT SCHEDULE\'!C174="","",\'IMPORT SCHEDULE\'!C174))'
CLEAN	D174	'=IF($A174="","",\'IMPORT SCHEDULE\'!D174)'	'=IF($A174="","",IF(\'IMPORT SCHEDULE\'!D174="","",\'IMPORT SCHEDULE\'!D174))'
CLEAN	C175	'=IF($A175="","",\'IMPORT SCHEDULE\'!C175)'	'=IF($A175="","",IF(\'IMPORT SCHEDULE\'!C175="","",\'IMPORT SCHEDULE\'!C175))'
CLEAN	D175	'=IF($A175="","",\'IMPORT SCHEDULE\'!D175)'	'=IF($A175="","",IF(\'IMPORT SCHEDULE\'!D175="","",\'IMPORT SCHEDULE\'!D175))'
CLEAN	C176	'=IF($A176="","",\'IMPORT SCHEDULE\'!C176)'	'=IF($A176="","",IF(\'IMPORT SCHEDULE\'!C176="","",\'IMPORT SCHEDULE\'!C176))'
CLEAN	D176	'=IF($A176="","",\'IMPORT SCHEDULE\'!D176)'	'=IF($A176="","",IF(\'IMPORT SCHEDULE\'!D176="","",\'IMPORT SCHEDULE\'!D176))'
CLEAN	C177	'=IF($A177="","",\'IMPORT SCHEDULE\'!C177)'	'=IF($A177="","",IF(\'IMPORT SCHEDULE\'!C177="","",\'IMPORT SCHEDULE\'!C177))'
CLEAN	D177	'=IF($A177="","",\'IMPORT SCHEDULE\'!D177)'	'=IF($A177="","",IF(\'IMPORT SCHEDULE\'!D177="","",\'IMPORT SCHEDULE\'!D177))'
CLEAN	C178	'=IF($A178="","",\'IMPORT SCHEDULE\'!C178)'	'=IF($A178="","",IF(\'IMPORT SCHEDULE\'!C178="","",\'IMPORT SCHEDULE\'!C178))'
CLEAN	D178	'=IF($A178="","",\'IMPORT SCHEDULE\'!D178)'	'=IF($A178="","",IF(\'IMPORT SCHEDULE\'!D178="","",\'IMPORT SCHEDULE\'!D178))'
CLEAN	C179	'=IF($A179="","",\'IMPORT SCHEDULE\'!C179)'	'=IF($A179="","",IF(\'IMPORT SCHEDULE\'!C179="","",\'IMPORT SCHEDULE\'!C179))'
CLEAN	D179	'=IF($A179="","",\'IMPORT SCHEDULE\'!D179)'	'=IF($A179="","",IF(\'IMPORT SCHEDULE\'!D179="","",\'IMPORT SCHEDULE\'!D179))'
CLEAN	C180	'=IF($A180="","",\'IMPORT SCHEDULE\'!C180)'	'=IF($A180="","",IF(\'IMPORT SCHEDULE\'!C180="","",\'IMPORT SCHEDULE\'!C180))'
CLEAN	D180	'=IF($A180="","",\'IMPORT SCHEDULE\'!D180)'	'=IF($A180="","",IF(\'IMPORT SCHEDULE\'!D180="","",\'IMPORT SCHEDULE\'!D180))'
CLEAN	C181	'=IF($A181="","",\'IMPORT SCHEDULE\'!C181)'	'=IF($A181="","",IF(\'IMPORT SCHEDULE\'!C181="","",\'IMPORT SCHEDULE\'!C181))'
CLEAN	D181	'=IF($A181="","",\'IMPORT SCHEDULE\'!D181)'	'=IF($A181="","",IF(\'IMPORT SCHEDULE\'!D181="","",\'IMPORT SCHEDULE\'!D181))'
CLEAN	C182	'=IF($A182="","",\'IMPORT SCHEDULE\'!C182)'	'=IF($A182="","",IF(\'IMPORT SCHEDULE\'!C182="","",\'IMPORT SCHEDULE\'!C182))'
CLEAN	D182	'=IF($A182="","",\'IMPORT SCHEDULE\'!D182)'	'=IF($A182="","",IF(\'IMPORT SCHEDULE\'!D182="","",\'IMPORT SCHEDULE\'!D182))'
CLEAN	C183	'=IF($A183="","",\'IMPORT SCHEDULE\'!C183)'	'=IF($A183="","",IF(\'IMPORT SCHEDULE\'!C183="","",\'IMPORT SCHEDULE\'!C183))'
CLEAN	D183	'=IF($A183="","",\'IMPORT SCHEDULE\'!D183)'	'=IF($A183="","",IF(\'IMPORT SCHEDULE\'!D183="","",\'IMPORT SCHEDULE\'!D183))'
CLEAN	C184	'=IF($A184="","",\'IMPORT SCHEDULE\'!C184)'	'=IF($A184="","",IF(\'IMPORT SCHEDULE\'!C184="","",\'IMPORT SCHEDULE\'!C184))'
CLEAN	D184	'=IF($A184="","",\'IMPORT SCHEDULE\'!D184)'	'=IF($A184="","",IF(\'IMPORT SCHEDULE\'!D184="","",\'IMPORT SCHEDULE\'!D184))'
CLEAN	C185	'=IF($A185="","",\'IMPORT SCHEDULE\'!C185)'	'=IF($A185="","",IF(\'IMPORT SCHEDULE\'!C185="","",\'IMPORT SCHEDULE\'!C185))'
CLEAN	D185	'=IF($A185="","",\'IMPORT SCHEDULE\'!D185)'	'=IF($A185="","",IF(\'IMPORT SCHEDULE\'!D185="","",\'IMPORT SCHEDULE\'!D185))'
CLEAN	C186	'=IF($A186="","",\'IMPORT SCHEDULE\'!C186)'	'=IF($A186="","",IF(\'IMPORT SCHEDULE\'!C186="","",\'IMPORT SCHEDULE\'!C186))'
CLEAN	D186	'=IF($A186="","",\'IMPORT SCHEDULE\'!D186)'	'=IF($A186="","",IF(\'IMPORT SCHEDULE\'!D186="","",\'IMPORT SCHEDULE\'!D186))'
CLEAN	C187	'=IF($A187="","",\'IMPORT SCHEDULE\'!C187)'	'=IF($A187="","",IF(\'IMPORT SCHEDULE\'!C187="","",\'IMPORT SCHEDULE\'!C187))'
CLEAN	D187	'=IF($A187="","",\'IMPORT SCHEDULE\'!D187)'	'=IF($A187="","",IF(\'IMPORT SCHEDULE\'!D187="","",\'IMPORT SCHEDULE\'!D187))'
CLEAN	C188	'=IF($A188="","",\'IMPORT SCHEDULE\'!C188)'	'=IF($A188="","",IF(\'IMPORT SCHEDULE\'!C188="","",\'IMPORT SCHEDULE\'!C188))'
CLEAN	D188	'=IF($A188="","",\'IMPORT SCHEDULE\'!D188)'	'=IF($A188="","",IF(\'IMPORT SCHEDULE\'!D188="","",\'IMPORT SCHEDULE\'!D188))'
CLEAN	C189	'=IF($A189="","",\'IMPORT SCHEDULE\'!C189)'	'=IF($A189="","",IF(\'IMPORT SCHEDULE\'!C189="","",\'IMPORT SCHEDULE\'!C189))'
CLEAN	D189	'=IF($A189="","",\'IMPORT SCHEDULE\'!D189)'	'=IF($A189="","",IF(\'IMPORT SCHEDULE\'!D189="","",\'IMPORT SCHEDULE\'!D189))'
CLEAN	C190	'=IF($A190="","",\'IMPORT SCHEDULE\'!C190)'	'=IF($A190="","",IF(\'IMPORT SCHEDULE\'!C190="","",\'IMPORT SCHEDULE\'!C190))'
CLEAN	D190	'=IF($A190="","",\'IMPORT SCHEDULE\'!D190)'	'=IF($A190="","",IF(\'IMPORT SCHEDULE\'!D190="","",\'IMPORT SCHEDULE\'!D190))'
CLEAN	C191	'=IF($A191="","",\'IMPORT SCHEDULE\'!C191)'	'=IF($A191="","",IF(\'IMPORT SCHEDULE\'!C191="","",\'IMPORT SCHEDULE\'!C191))'
CLEAN	D191	'=IF($A191="","",\'IMPORT SCHEDULE\'!D191)'	'=IF($A191="","",IF(\'IMPORT SCHEDULE\'!D191="","",\'IMPORT SCHEDULE\'!D191))'
CLEAN	C192	'=IF($A192="","",\'IMPORT SCHEDULE\'!C192)'	'=IF($A192="","",IF(\'IMPORT SCHEDULE\'!C192="","",\'IMPORT SCHEDULE\'!C192))'
CLEAN	D192	'=IF($A192="","",\'IMPORT SCHEDULE\'!D192)'	'=IF($A192="","",IF(\'IMPORT SCHEDULE\'!D192="","",\'IMPORT SCHEDULE\'!D192))'
CLEAN	C193	'=IF($A193="","",\'IMPORT SCHEDULE\'!C193)'	'=IF($A193="","",IF(\'IMPORT SCHEDULE\'!C193="","",\'IMPORT SCHEDULE\'!C193))'
CLEAN	D193	'=IF($A193="","",\'IMPORT SCHEDULE\'!D193)'	'=IF($A193="","",IF(\'IMPORT SCHEDULE\'!D193="","",\'IMPORT SCHEDULE\'!D193))'
CLEAN	C194	'=IF($A194="","",\'IMPORT SCHEDULE\'!C194)'	'=IF($A194="","",IF(\'IMPORT SCHEDULE\'!C194="","",\'IMPORT SCHEDULE\'!C194))'
CLEAN	D194	'=IF($A194="","",\'IMPORT SCHEDULE\'!D194)'	'=IF($A194="","",IF(\'IMPORT SCHEDULE\'!D194="","",\'IMPORT SCHEDULE\'!D194))'
CLEAN	C195	'=IF($A195="","",\'IMPORT SCHEDULE\'!C195)'	'=IF($A195="","",IF(\'IMPORT SCHEDULE\'!C195="","",\'IMPORT SCHEDULE\'!C195))'
CLEAN	D195	'=IF($A195="","",\'IMPORT SCHEDULE\'!D195)'	'=IF($A195="","",IF(\'IMPORT SCHEDULE\'!D195="","",\'IMPORT SCHEDULE\'!D195))'
CLEAN	C196	'=IF($A196="","",\'IMPORT SCHEDULE\'!C196)'	'=IF($A196="","",IF(\'IMPORT SCHEDULE\'!C196="","",\'IMPORT SCHEDULE\'!C196))'
CLEAN	D196	'=IF($A196="","",\'IMPORT SCHEDULE\'!D196)'	'=IF($A196="","",IF(\'IMPORT SCHEDULE\'!D196="","",\'IMPORT SCHEDULE\'!D196))'
CLEAN	C197	'=IF($A197="","",\'IMPORT SCHEDULE\'!C197)'	'=IF($A197="","",IF(\'IMPORT SCHEDULE\'!C197="","",\'IMPORT SCHEDULE\'!C197))'
CLEAN	D197	'=IF($A197="","",\'IMPORT SCHEDULE\'!D197)'	'=IF($A197="","",IF(\'IMPORT SCHEDULE\'!D197="","",\'IMPORT SCHEDULE\'!D197))'
CLEAN	C198	'=IF($A198="","",\'IMPORT SCHEDULE\'!C198)'	'=IF($A198="","",IF(\'IMPORT SCHEDULE\'!C198="","",\'IMPORT SCHEDULE\'!C198))'
CLEAN	D198	'=IF($A198="","",\'IMPORT SCHEDULE\'!D198)'	'=IF($A198="","",IF(\'IMPORT SCHEDULE\'!D198="","",\'IMPORT SCHEDULE\'!D198))'
CLEAN	C199	'=IF($A199="","",\'IMPORT SCHEDULE\'!C199)'	'=IF($A199="","",IF(\'IMPORT SCHEDULE\'!C199="","",\'IMPORT SCHEDULE\'!C199))'
CLEAN	D199	'=IF($A199="","",\'IMPORT SCHEDULE\'!D199)'	'=IF($A199="","",IF(\'IMPORT SCHEDULE\'!D199="","",\'IMPORT SCHEDULE\'!D199))'
CLEAN	C200	'=IF($A200="","",\'IMPORT SCHEDULE\'!C200)'	'=IF($A200="","",IF(\'IMPORT SCHEDULE\'!C200="","",\'IMPORT SCHEDULE\'!C200))'
CLEAN	D200	'=IF($A200="","",\'IMPORT SCHEDULE\'!D200)'	'=IF($A200="","",IF(\'IMPORT SCHEDULE\'!D200="","",\'IMPORT SCHEDULE\'!D200))'
CLEAN	C201	'=IF($A201="","",\'IMPORT SCHEDULE\'!C201)'	'=IF($A201="","",IF(\'IMPORT SCHEDULE\'!C201="","",\'IMPORT SCHEDULE\'!C201))'
CLEAN	D201	'=IF($A201="","",\'IMPORT SCHEDULE\'!D201)'	'=IF($A201="","",IF(\'IMPORT SCHEDULE\'!D201="","",\'IMPORT SCHEDULE\'!D201))'
CLEAN	C202	'=IF($A202="","",\'IMPORT SCHEDULE\'!C202)'	'=IF($A202="","",IF(\'IMPORT SCHEDULE\'!C202="","",\'IMPORT SCHEDULE\'!C202))'
CLEAN	D202	'=IF($A202="","",\'IMPORT SCHEDULE\'!D202)'	'=IF($A202="","",IF(\'IMPORT SCHEDULE\'!D202="","",\'IMPORT SCHEDULE\'!D202))'
CLEAN	C203	'=IF($A203="","",\'IMPORT SCHEDULE\'!C203)'	'=IF($A203="","",IF(\'IMPORT SCHEDULE\'!C203="","",\'IMPORT SCHEDULE\'!C203))'
CLEAN	D203	'=IF($A203="","",\'IMPORT SCHEDULE\'!D203)'	'=IF($A203="","",IF(\'IMPORT SCHEDULE\'!D203="","",\'IMPORT SCHEDULE\'!D203))'
CLEAN	C204	'=IF($A204="","",\'IMPORT SCHEDULE\'!C204)'	'=IF($A204="","",IF(\'IMPORT SCHEDULE\'!C204="","",\'IMPORT SCHEDULE\'!C204))'
CLEAN	D204	'=IF($A204="","",\'IMPORT SCHEDULE\'!D204)'	'=IF($A204="","",IF(\'IMPORT SCHEDULE\'!D204="","",\'IMPORT SCHEDULE\'!D204))'
CLEAN	C205	'=IF($A205="","",\'IMPORT SCHEDULE\'!C205)'	'=IF($A205="","",IF(\'IMPORT SCHEDULE\'!C205="","",\'IMPORT SCHEDULE\'!C205))'
CLEAN	D205	'=IF($A205="","",\'IMPORT SCHEDULE\'!D205)'	'=IF($A205="","",IF(\'IMPORT SCHEDULE\'!D205="","",\'IMPORT SCHEDULE\'!D205))'
CLEAN	C206	'=IF($A206="","",\'IMPORT SCHEDULE\'!C206)'	'=IF($A206="","",IF(\'IMPORT SCHEDULE\'!C206="","",\'IMPORT SCHEDULE\'!C206))'
CLEAN	D206	'=IF($A206="","",\'IMPORT SCHEDULE\'!D206)'	'=IF($A206="","",IF(\'IMPORT SCHEDULE\'!D206="","",\'IMPORT SCHEDULE\'!D206))'
CLEAN	C207	'=IF($A207="","",\'IMPORT SCHEDULE\'!C207)'	'=IF($A207="","",IF(\'IMPORT SCHEDULE\'!C207="","",\'IMPORT SCHEDULE\'!C207))'
CLEAN	D207	'=IF($A207="","",\'IMPORT SCHEDULE\'!D207)'	'=IF($A207="","",IF(\'IMPORT SCHEDULE\'!D207="","",\'IMPORT SCHEDULE\'!D207))'
CLEAN	C208	'=IF($A208="","",\'IMPORT SCHEDULE\'!C208)'	'=IF($A208="","",IF(\'IMPORT SCHEDULE\'!C208="","",\'IMPORT SCHEDULE\'!C208))'
CLEAN	D208	'=IF($A208="","",\'IMPORT SCHEDULE\'!D208)'	'=IF($A208="","",IF(\'IMPORT SCHEDULE\'!D208="","",\'IMPORT SCHEDULE\'!D208))'
CLEAN	C209	'=IF($A209="","",\'IMPORT SCHEDULE\'!C209)'	'=IF($A209="","",IF(\'IMPORT SCHEDULE\'!C209="","",\'IMPORT SCHEDULE\'!C209))'
CLEAN	D209	'=IF($A209="","",\'IMPORT SCHEDULE\'!D209)'	'=IF($A209="","",IF(\'IMPORT SCHEDULE\'!D209="","",\'IMPORT SCHEDULE\'!D209))'
CLEAN	C210	'=IF($A210="","",\'IMPORT SCHEDULE\'!C210)'	'=IF($A210="","",IF(\'IMPORT SCHEDULE\'!C210="","",\'IMPORT SCHEDULE\'!C210))'
CLEAN	D210	'=IF($A210="","",\'IMPORT SCHEDULE\'!D210)'	'=IF($A210="","",IF(\'IMPORT SCHEDULE\'!D210="","",\'IMPORT SCHEDULE\'!D210))'
CLEAN	C211	'=IF($A211="","",\'IMPORT SCHEDULE\'!C211)'	'=IF($A211="","",IF(\'IMPORT SCHEDULE\'!C211="","",\'IMPORT SCHEDULE\'!C211))'
CLEAN	D211	'=IF($A211="","",\'IMPORT SCHEDULE\'!D211)'	'=IF($A211="","",IF(\'IMPORT SCHEDULE\'!D211="","",\'IMPORT SCHEDULE\'!D211))'
CLEAN	C212	'=IF($A212="","",\'IMPORT SCHEDULE\'!C212)'	'=IF($A212="","",IF(\'IMPORT SCHEDULE\'!C212="","",\'IMPORT SCHEDULE\'!C212))'
CLEAN	D212	'=IF($A212="","",\'IMPORT SCHEDULE\'!D212)'	'=IF($A212="","",IF(\'IMPORT SCHEDULE\'!D212="","",\'IMPORT SCHEDULE\'!D212))'
CLEAN	C213	'=IF($A213="","",\'IMPORT SCHEDULE\'!C213)'	'=IF($A213="","",IF(\'IMPORT SCHEDULE\'!C213="","",\'IMPORT SCHEDULE\'!C213))'
CLEAN	D213	'=IF($A213="","",\'IMPORT SCHEDULE\'!D213)'	'=IF($A213="","",IF(\'IMPORT SCHEDULE\'!D213="","",\'IMPORT SCHEDULE\'!D213))'
CLEAN	C214	'=IF($A214="","",\'IMPORT SCHEDULE\'!C214)'	'=IF($A214="","",IF(\'IMPORT SCHEDULE\'!C214="","",\'IMPORT SCHEDULE\'!C214))'
CLEAN	D214	'=IF($A214="","",\'IMPORT SCHEDULE\'!D214)'	'=IF($A214="","",IF(\'IMPORT SCHEDULE\'!D214="","",\'IMPORT SCHEDULE\'!D214))'
CLEAN	C215	'=IF($A215="","",\'IMPORT SCHEDULE\'!C215)'	'=IF($A215="","",IF(\'IMPORT SCHEDULE\'!C215="","",\'IMPORT SCHEDULE\'!C215))'
CLEAN	D215	'=IF($A215="","",\'IMPORT SCHEDULE\'!D215)'	'=IF($A215="","",IF(\'IMPORT SCHEDULE\'!D215="","",\'IMPORT SCHEDULE\'!D215))'
CLEAN	C216	'=IF($A216="","",\'IMPORT SCHEDULE\'!C216)'	'=IF($A216="","",IF(\'IMPORT SCHEDULE\'!C216="","",\'IMPORT SCHEDULE\'!C216))'
CLEAN	D216	'=IF($A216="","",\'IMPORT SCHEDULE\'!D216)'	'=IF($A216="","",IF(\'IMPORT SCHEDULE\'!D216="","",\'IMPORT SCHEDULE\'!D216))'
CLEAN	C217	'=IF($A217="","",\'IMPORT SCHEDULE\'!C217)'	'=IF($A217="","",IF(\'IMPORT SCHEDULE\'!C217="","",\'IMPORT SCHEDULE\'!C217))'
CLEAN	D217	'=IF($A217="","",\'IMPORT SCHEDULE\'!D217)'	'=IF($A217="","",IF(\'IMPORT SCHEDULE\'!D217="","",\'IMPORT SCHEDULE\'!D217))'
CLEAN	C218	'=IF($A218="","",\'IMPORT SCHEDULE\'!C218)'	'=IF($A218="","",IF(\'IMPORT SCHEDULE\'!C218="","",\'IMPORT SCHEDULE\'!C218))'
CLEAN	D218	'=IF($A218="","",\'IMPORT SCHEDULE\'!D218)'	'=IF($A218="","",IF(\'IMPORT SCHEDULE\'!D218="","",\'IMPORT SCHEDULE\'!D218))'
CLEAN	C219	'=IF($A219="","",\'IMPORT SCHEDULE\'!C219)'	'=IF($A219="","",IF(\'IMPORT SCHEDULE\'!C219="","",\'IMPORT SCHEDULE\'!C219))'
CLEAN	D219	'=IF($A219="","",\'IMPORT SCHEDULE\'!D219)'	'=IF($A219="","",IF(\'IMPORT SCHEDULE\'!D219="","",\'IMPORT SCHEDULE\'!D219))'
CLEAN	C220	'=IF($A220="","",\'IMPORT SCHEDULE\'!C220)'	'=IF($A220="","",IF(\'IMPORT SCHEDULE\'!C220="","",\'IMPORT SCHEDULE\'!C220))'
CLEAN	D220	'=IF($A220="","",\'IMPORT SCHEDULE\'!D220)'	'=IF($A220="","",IF(\'IMPORT SCHEDULE\'!D220="","",\'IMPORT SCHEDULE\'!D220))'
CLEAN	C221	'=IF($A221="","",\'IMPORT SCHEDULE\'!C221)'	'=IF($A221="","",IF(\'IMPORT SCHEDULE\'!C221="","",\'IMPORT SCHEDULE\'!C221))'
CLEAN	D221	'=IF($A221="","",\'IMPORT SCHEDULE\'!D221)'	'=IF($A221="","",IF(\'IMPORT SCHEDULE\'!D221="","",\'IMPORT SCHEDULE\'!D221))'
CLEAN	C222	'=IF($A222="","",\'IMPORT SCHEDULE\'!C222)'	'=IF($A222="","",IF(\'IMPORT SCHEDULE\'!C222="","",\'IMPORT SCHEDULE\'!C222))'
CLEAN	D222	'=IF($A222="","",\'IMPORT SCHEDULE\'!D222)'	'=IF($A222="","",IF(\'IMPORT SCHEDULE\'!D222="","",\'IMPORT SCHEDULE\'!D222))'
CLEAN	C223	'=IF($A223="","",\'IMPORT SCHEDULE\'!C223)'	'=IF($A223="","",IF(\'IMPORT SCHEDULE\'!C223="","",\'IMPORT SCHEDULE\'!C223))'
CLEAN	D223	'=IF($A223="","",\'IMPORT SCHEDULE\'!D223)'	'=IF($A223="","",IF(\'IMPORT SCHEDULE\'!D223="","",\'IMPORT SCHEDULE\'!D223))'
CLEAN	C224	'=IF($A224="","",\'IMPORT SCHEDULE\'!C224)'	'=IF($A224="","",IF(\'IMPORT SCHEDULE\'!C224="","",\'IMPORT SCHEDULE\'!C224))'
CLEAN	D224	'=IF($A224="","",\'IMPORT SCHEDULE\'!D224)'	'=IF($A224="","",IF(\'IMPORT SCHEDULE\'!D224="","",\'IMPORT SCHEDULE\'!D224))'
CLEAN	C225	'=IF($A225="","",\'IMPORT SCHEDULE\'!C225)'	'=IF($A225="","",IF(\'IMPORT SCHEDULE\'!C225="","",\'IMPORT SCHEDULE\'!C225))'
CLEAN	D225	'=IF($A225="","",\'IMPORT SCHEDULE\'!D225)'	'=IF($A225="","",IF(\'IMPORT SCHEDULE\'!D225="","",\'IMPORT SCHEDULE\'!D225))'
CLEAN	C226	'=IF($A226="","",\'IMPORT SCHEDULE\'!C226)'	'=IF($A226="","",IF(\'IMPORT SCHEDULE\'!C226="","",\'IMPORT SCHEDULE\'!C226))'
CLEAN	D226	'=IF($A226="","",\'IMPORT SCHEDULE\'!D226)'	'=IF($A226="","",IF(\'IMPORT SCHEDULE\'!D226="","",\'IMPORT SCHEDULE\'!D226))'
CLEAN	C227	'=IF($A227="","",\'IMPORT SCHEDULE\'!C227)'	'=IF($A227="","",IF(\'IMPORT SCHEDULE\'!C227="","",\'IMPORT SCHEDULE\'!C227))'
CLEAN	D227	'=IF($A227="","",\'IMPORT SCHEDULE\'!D227)'	'=IF($A227="","",IF(\'IMPORT SCHEDULE\'!D227="","",\'IMPORT SCHEDULE\'!D227))'
CLEAN	C228	'=IF($A228="","",\'IMPORT SCHEDULE\'!C228)'	'=IF($A228="","",IF(\'IMPORT SCHEDULE\'!C228="","",\'IMPORT SCHEDULE\'!C228))'
CLEAN	D228	'=IF($A228="","",\'IMPORT SCHEDULE\'!D228)'	'=IF($A228="","",IF(\'IMPORT SCHEDULE\'!D228="","",\'IMPORT SCHEDULE\'!D228))'
CLEAN	C229	'=IF($A229="","",\'IMPORT SCHEDULE\'!C229)'	'=IF($A229="","",IF(\'IMPORT SCHEDULE\'!C229="","",\'IMPORT SCHEDULE\'!C229))'
CLEAN	D229	'=IF($A229="","",\'IMPORT SCHEDULE\'!D229)'	'=IF($A229="","",IF(\'IMPORT SCHEDULE\'!D229="","",\'IMPORT SCHEDULE\'!D229))'
CLEAN	C230	'=IF($A230="","",\'IMPORT SCHEDULE\'!C230)'	'=IF($A230="","",IF(\'IMPORT SCHEDULE\'!C230="","",\'IMPORT SCHEDULE\'!C230))'
CLEAN	D230	'=IF($A230="","",\'IMPORT SCHEDULE\'!D230)'	'=IF($A230="","",IF(\'IMPORT SCHEDULE\'!D230="","",\'IMPORT SCHEDULE\'!D230))'
CLEAN	C231	'=IF($A231="","",\'IMPORT SCHEDULE\'!C231)'	'=IF($A231="","",IF(\'IMPORT SCHEDULE\'!C231="","",\'IMPORT SCHEDULE\'!C231))'
CLEAN	D231	'=IF($A231="","",\'IMPORT SCHEDULE\'!D231)'	'=IF($A231="","",IF(\'IMPORT SCHEDULE\'!D231="","",\'IMPORT SCHEDULE\'!D231))'
CLEAN	C232	'=IF($A232="","",\'IMPORT SCHEDULE\'!C232)'	'=IF($A232="","",IF(\'IMPORT SCHEDULE\'!C232="","",\'IMPORT SCHEDULE\'!C232))'
CLEAN	D232	'=IF($A232="","",\'IMPORT SCHEDULE\'!D232)'	'=IF($A232="","",IF(\'IMPORT SCHEDULE\'!D232="","",\'IMPORT SCHEDULE\'!D232))'
CLEAN	C233	'=IF($A233="","",\'IMPORT SCHEDULE\'!C233)'	'=IF($A233="","",IF(\'IMPORT SCHEDULE\'!C233="","",\'IMPORT SCHEDULE\'!C233))'
CLEAN	D233	'=IF($A233="","",\'IMPORT SCHEDULE\'!D233)'	'=IF($A233="","",IF(\'IMPORT SCHEDULE\'!D233="","",\'IMPORT SCHEDULE\'!D233))'
CLEAN	C234	'=IF($A234="","",\'IMPORT SCHEDULE\'!C234)'	'=IF($A234="","",IF(\'IMPORT SCHEDULE\'!C234="","",\'IMPORT SCHEDULE\'!C234))'
CLEAN	D234	'=IF($A234="","",\'IMPORT SCHEDULE\'!D234)'	'=IF($A234="","",IF(\'IMPORT SCHEDULE\'!D234="","",\'IMPORT SCHEDULE\'!D234))'
CLEAN	C235	'=IF($A235="","",\'IMPORT SCHEDULE\'!C235)'	'=IF($A235="","",IF(\'IMPORT SCHEDULE\'!C235="","",\'IMPORT SCHEDULE\'!C235))'
CLEAN	D235	'=IF($A235="","",\'IMPORT SCHEDULE\'!D235)'	'=IF($A235="","",IF(\'IMPORT SCHEDULE\'!D235="","",\'IMPORT SCHEDULE\'!D235))'
CLEAN	C236	'=IF($A236="","",\'IMPORT SCHEDULE\'!C236)'	'=IF($A236="","",IF(\'IMPORT SCHEDULE\'!C236="","",\'IMPORT SCHEDULE\'!C236))'
CLEAN	D236	'=IF($A236="","",\'IMPORT SCHEDULE\'!D236)'	'=IF($A236="","",IF(\'IMPORT SCHEDULE\'!D236="","",\'IMPORT SCHEDULE\'!D236))'
CLEAN	C237	'=IF($A237="","",\'IMPORT SCHEDULE\'!C237)'	'=IF($A237="","",IF(\'IMPORT SCHEDULE\'!C237="","",\'IMPORT SCHEDULE\'!C237))'
CLEAN	D237	'=IF($A237="","",\'IMPORT SCHEDULE\'!D237)'	'=IF($A237="","",IF(\'IMPORT SCHEDULE\'!D237="","",\'IMPORT SCHEDULE\'!D237))'
CLEAN	C238	'=IF($A238="","",\'IMPORT SCHEDULE\'!C238)'	'=IF($A238="","",IF(\'IMPORT SCHEDULE\'!C238="","",\'IMPORT SCHEDULE\'!C238))'
CLEAN	D238	'=IF($A238="","",\'IMPORT SCHEDULE\'!D238)'	'=IF($A238="","",IF(\'IMPORT SCHEDULE\'!D238="","",\'IMPORT SCHEDULE\'!D238))'
CLEAN	C239	'=IF($A239="","",\'IMPORT SCHEDULE\'!C239)'	'=IF($A239="","",IF(\'IMPORT SCHEDULE\'!C239="","",\'IMPORT SCHEDULE\'!C239))'
CLEAN	D239	'=IF($A239="","",\'IMPORT SCHEDULE\'!D239)'	'=IF($A239="","",IF(\'IMPORT SCHEDULE\'!D239="","",\'IMPORT SCHEDULE\'!D239))'
CLEAN	C240	'=IF($A240="","",\'IMPORT SCHEDULE\'!C240)'	'=IF($A240="","",IF(\'IMPORT SCHEDULE\'!C240="","",\'IMPORT SCHEDULE\'!C240))'
CLEAN	D240	'=IF($A240="","",\'IMPORT SCHEDULE\'!D240)'	'=IF($A240="","",IF(\'IMPORT SCHEDULE\'!D240="","",\'IMPORT SCHEDULE\'!D240))'
CLEAN	C241	'=IF($A241="","",\'IMPORT SCHEDULE\'!C241)'	'=IF($A241="","",IF(\'IMPORT SCHEDULE\'!C241="","",\'IMPORT SCHEDULE\'!C241))'
CLEAN	D241	'=IF($A241="","",\'IMPORT SCHEDULE\'!D241)'	'=IF($A241="","",IF(\'IMPORT SCHEDULE\'!D241="","",\'IMPORT SCHEDULE\'!D241))'
CLEAN	C242	'=IF($A242="","",\'IMPORT SCHEDULE\'!C242)'	'=IF($A242="","",IF(\'IMPORT SCHEDULE\'!C242="","",\'IMPORT SCHEDULE\'!C242))'
CLEAN	D242	'=IF($A242="","",\'IMPORT SCHEDULE\'!D242)'	'=IF($A242="","",IF(\'IMPORT SCHEDULE\'!D242="","",\'IMPORT SCHEDULE\'!D242))'
CLEAN	C243	'=IF($A243="","",\'IMPORT SCHEDULE\'!C243)'	'=IF($A243="","",IF(\'IMPORT SCHEDULE\'!C243="","",\'IMPORT SCHEDULE\'!C243))'
CLEAN	D243	'=IF($A243="","",\'IMPORT SCHEDULE\'!D243)'	'=IF($A243="","",IF(\'IMPORT SCHEDULE\'!D243="","",\'IMPORT SCHEDULE\'!D243))'
CLEAN	C244	'=IF($A244="","",\'IMPORT SCHEDULE\'!C244)'	'=IF($A244="","",IF(\'IMPORT SCHEDULE\'!C244="","",\'IMPORT SCHEDULE\'!C244))'
CLEAN	D244	'=IF($A244="","",\'IMPORT SCHEDULE\'!D244)'	'=IF($A244="","",IF(\'IMPORT SCHEDULE\'!D244="","",\'IMPORT SCHEDULE\'!D244))'
CLEAN	C245	'=IF($A245="","",\'IMPORT SCHEDULE\'!C245)'	'=IF($A245="","",IF(\'IMPORT SCHEDULE\'!C245="","",\'IMPORT SCHEDULE\'!C245))'
CLEAN	D245	'=IF($A245="","",\'IMPORT SCHEDULE\'!D245)'	'=IF($A245="","",IF(\'IMPORT SCHEDULE\'!D245="","",\'IMPORT SCHEDULE\'!D245))'
CLEAN	C246	'=IF($A246="","",\'IMPORT SCHEDULE\'!C246)'	'=IF($A246="","",IF(\'IMPORT SCHEDULE\'!C246="","",\'IMPORT SCHEDULE\'!C246))'
CLEAN	D246	'=IF($A246="","",\'IMPORT SCHEDULE\'!D246)'	'=IF($A246="","",IF(\'IMPORT SCHEDULE\'!D246="","",\'IMPORT SCHEDULE\'!D246))'
CLEAN	C247	'=IF($A247="","",\'IMPORT SCHEDULE\'!C247)'	'=IF($A247="","",IF(\'IMPORT SCHEDULE\'!C247="","",\'IMPORT SCHEDULE\'!C247))'
CLEAN	D247	'=IF($A247="","",\'IMPORT SCHEDULE\'!D247)'	'=IF($A247="","",IF(\'IMPORT SCHEDULE\'!D247="","",\'IMPORT SCHEDULE\'!D247))'
CLEAN	C248	'=IF($A248="","",\'IMPORT SCHEDULE\'!C248)'	'=IF($A248="","",IF(\'IMPORT SCHEDULE\'!C248="","",\'IMPORT SCHEDULE\'!C248))'
CLEAN	D248	'=IF($A248="","",\'IMPORT SCHEDULE\'!D248)'	'=IF($A248="","",IF(\'IMPORT SCHEDULE\'!D248="","",\'IMPORT SCHEDULE\'!D248))'
CLEAN	C249	'=IF($A249="","",\'IMPORT SCHEDULE\'!C249)'	'=IF($A249="","",IF(\'IMPORT SCHEDULE\'!C249="","",\'IMPORT SCHEDULE\'!C249))'
CLEAN	D249	'=IF($A249="","",\'IMPORT SCHEDULE\'!D249)'	'=IF($A249="","",IF(\'IMPORT SCHEDULE\'!D249="","",\'IMPORT SCHEDULE\'!D249))'
CLEAN	C250	'=IF($A250="","",\'IMPORT SCHEDULE\'!C250)'	'=IF($A250="","",IF(\'IMPORT SCHEDULE\'!C250="","",\'IMPORT SCHEDULE\'!C250))'
CLEAN	D250	'=IF($A250="","",\'IMPORT SCHEDULE\'!D250)'	'=IF($A250="","",IF(\'IMPORT SCHEDULE\'!D250="","",\'IMPORT SCHEDULE\'!D250))'
CLEAN	C251	'=IF($A251="","",\'IMPORT SCHEDULE\'!C251)'	'=IF($A251="","",IF(\'IMPORT SCHEDULE\'!C251="","",\'IMPORT SCHEDULE\'!C251))'
CLEAN	D251	'=IF($A251="","",\'IMPORT SCHEDULE\'!D251)'	'=IF($A251="","",IF(\'IMPORT SCHEDULE\'!D251="","",\'IMPORT SCHEDULE\'!D251))'
CLEAN	C252	'=IF($A252="","",\'IMPORT SCHEDULE\'!C252)'	'=IF($A252="","",IF(\'IMPORT SCHEDULE\'!C252="","",\'IMPORT SCHEDULE\'!C252))'
CLEAN	D252	'=IF($A252="","",\'IMPORT SCHEDULE\'!D252)'	'=IF($A252="","",IF(\'IMPORT SCHEDULE\'!D252="","",\'IMPORT SCHEDULE\'!D252))'
CLEAN	C253	'=IF($A253="","",\'IMPORT SCHEDULE\'!C253)'	'=IF($A253="","",IF(\'IMPORT SCHEDULE\'!C253="","",\'IMPORT SCHEDULE\'!C253))'
CLEAN	D253	'=IF($A253="","",\'IMPORT SCHEDULE\'!D253)'	'=IF($A253="","",IF(\'IMPORT SCHEDULE\'!D253="","",\'IMPORT SCHEDULE\'!D253))'
CLEAN	C254	'=IF($A254="","",\'IMPORT SCHEDULE\'!C254)'	'=IF($A254="","",IF(\'IMPORT SCHEDULE\'!C254="","",\'IMPORT SCHEDULE\'!C254))'
CLEAN	D254	'=IF($A254="","",\'IMPORT SCHEDULE\'!D254)'	'=IF($A254="","",IF(\'IMPORT SCHEDULE\'!D254="","",\'IMPORT SCHEDULE\'!D254))'
CLEAN	C255	'=IF($A255="","",\'IMPORT SCHEDULE\'!C255)'	'=IF($A255="","",IF(\'IMPORT SCHEDULE\'!C255="","",\'IMPORT SCHEDULE\'!C255))'
CLEAN	D255	'=IF($A255="","",\'IMPORT SCHEDULE\'!D255)'	'=IF($A255="","",IF(\'IMPORT SCHEDULE\'!D255="","",\'IMPORT SCHEDULE\'!D255))'
CLEAN	C256	'=IF($A256="","",\'IMPORT SCHEDULE\'!C256)'	'=IF($A256="","",IF(\'IMPORT SCHEDULE\'!C256="","",\'IMPORT SCHEDULE\'!C256))'
CLEAN	D256	'=IF($A256="","",\'IMPORT SCHEDULE\'!D256)'	'=IF($A256="","",IF(\'IMPORT SCHEDULE\'!D256="","",\'IMPORT SCHEDULE\'!D256))'
CLEAN	C257	'=IF($A257="","",\'IMPORT SCHEDULE\'!C257)'	'=IF($A257="","",IF(\'IMPORT SCHEDULE\'!C257="","",\'IMPORT SCHEDULE\'!C257))'
CLEAN	D257	'=IF($A257="","",\'IMPORT SCHEDULE\'!D257)'	'=IF($A257="","",IF(\'IMPORT SCHEDULE\'!D257="","",\'IMPORT SCHEDULE\'!D257))'
CLEAN	C258	'=IF($A258="","",\'IMPORT SCHEDULE\'!C258)'	'=IF($A258="","",IF(\'IMPORT SCHEDULE\'!C258="","",\'IMPORT SCHEDULE\'!C258))'
CLEAN	D258	'=IF($A258="","",\'IMPORT SCHEDULE\'!D258)'	'=IF($A258="","",IF(\'IMPORT SCHEDULE\'!D258="","",\'IMPORT SCHEDULE\'!D258))'
CLEAN	C259	'=IF($A259="","",\'IMPORT SCHEDULE\'!C259)'	'=IF($A259="","",IF(\'IMPORT SCHEDULE\'!C259="","",\'IMPORT SCHEDULE\'!C259))'
CLEAN	D259	'=IF($A259="","",\'IMPORT SCHEDULE\'!D259)'	'=IF($A259="","",IF(\'IMPORT SCHEDULE\'!D259="","",\'IMPORT SCHEDULE\'!D259))'
CLEAN	C260	'=IF($A260="","",\'IMPORT SCHEDULE\'!C260)'	'=IF($A260="","",IF(\'IMPORT SCHEDULE\'!C260="","",\'IMPORT SCHEDULE\'!C260))'
CLEAN	D260	'=IF($A260="","",\'IMPORT SCHEDULE\'!D260)'	'=IF($A260="","",IF(\'IMPORT SCHEDULE\'!D260="","",\'IMPORT SCHEDULE\'!D260))'
CLEAN	C261	'=IF($A261="","",\'IMPORT SCHEDULE\'!C261)'	'=IF($A261="","",IF(\'IMPORT SCHEDULE\'!C261="","",\'IMPORT SCHEDULE\'!C261))'
CLEAN	D261	'=IF($A261="","",\'IMPORT SCHEDULE\'!D261)'	'=IF($A261="","",IF(\'IMPORT SCHEDULE\'!D261="","",\'IMPORT SCHEDULE\'!D261))'
CLEAN	C262	'=IF($A262="","",\'IMPORT SCHEDULE\'!C262)'	'=IF($A262="","",IF(\'IMPORT SCHEDULE\'!C262="","",\'IMPORT SCHEDULE\'!C262))'
CLEAN	D262	'=IF($A262="","",\'IMPORT SCHEDULE\'!D262)'	'=IF($A262="","",IF(\'IMPORT SCHEDULE\'!D262="","",\'IMPORT SCHEDULE\'!D262))'
CLEAN	C263	'=IF($A263="","",\'IMPORT SCHEDULE\'!C263)'	'=IF($A263="","",IF(\'IMPORT SCHEDULE\'!C263="","",\'IMPORT SCHEDULE\'!C263))'
CLEAN	D263	'=IF($A263="","",\'IMPORT SCHEDULE\'!D263)'	'=IF($A263="","",IF(\'IMPORT SCHEDULE\'!D263="","",\'IMPORT SCHEDULE\'!D263))'
CLEAN	C264	'=IF($A264="","",\'IMPORT SCHEDULE\'!C264)'	'=IF($A264="","",IF(\'IMPORT SCHEDULE\'!C264="","",\'IMPORT SCHEDULE\'!C264))'
CLEAN	D264	'=IF($A264="","",\'IMPORT SCHEDULE\'!D264)'	'=IF($A264="","",IF(\'IMPORT SCHEDULE\'!D264="","",\'IMPORT SCHEDULE\'!D264))'
CLEAN	C265	'=IF($A265="","",\'IMPORT SCHEDULE\'!C265)'	'=IF($A265="","",IF(\'IMPORT SCHEDULE\'!C265="","",\'IMPORT SCHEDULE\'!C265))'
CLEAN	D265	'=IF($A265="","",\'IMPORT SCHEDULE\'!D265)'	'=IF($A265="","",IF(\'IMPORT SCHEDULE\'!D265="","",\'IMPORT SCHEDULE\'!D265))'
CLEAN	C266	'=IF($A266="","",\'IMPORT SCHEDULE\'!C266)'	'=IF($A266="","",IF(\'IMPORT SCHEDULE\'!C266="","",\'IMPORT SCHEDULE\'!C266))'
CLEAN	D266	'=IF($A266="","",\'IMPORT SCHEDULE\'!D266)'	'=IF($A266="","",IF(\'IMPORT SCHEDULE\'!D266="","",\'IMPORT SCHEDULE\'!D266))'
CLEAN	C267	'=IF($A267="","",\'IMPORT SCHEDULE\'!C267)'	'=IF($A267="","",IF(\'IMPORT SCHEDULE\'!C267="","",\'IMPORT SCHEDULE\'!C267))'
CLEAN	D267	'=IF($A267="","",\'IMPORT SCHEDULE\'!D267)'	'=IF($A267="","",IF(\'IMPORT SCHEDULE\'!D267="","",\'IMPORT SCHEDULE\'!D267))'
CLEAN	C268	'=IF($A268="","",\'IMPORT SCHEDULE\'!C268)'	'=IF($A268="","",IF(\'IMPORT SCHEDULE\'!C268="","",\'IMPORT SCHEDULE\'!C268))'
CLEAN	D268	'=IF($A268="","",\'IMPORT SCHEDULE\'!D268)'	'=IF($A268="","",IF(\'IMPORT SCHEDULE\'!D268="","",\'IMPORT SCHEDULE\'!D268))'
CLEAN	C269	'=IF($A269="","",\'IMPORT SCHEDULE\'!C269)'	'=IF($A269="","",IF(\'IMPORT SCHEDULE\'!C269="","",\'IMPORT SCHEDULE\'!C269))'
CLEAN	D269	'=IF($A269="","",\'IMPORT SCHEDULE\'!D269)'	'=IF($A269="","",IF(\'IMPORT SCHEDULE\'!D269="","",\'IMPORT SCHEDULE\'!D269))'
CLEAN	C270	'=IF($A270="","",\'IMPORT SCHEDULE\'!C270)'	'=IF($A270="","",IF(\'IMPORT SCHEDULE\'!C270="","",\'IMPORT SCHEDULE\'!C270))'
CLEAN	D270	'=IF($A270="","",\'IMPORT SCHEDULE\'!D270)'	'=IF($A270="","",IF(\'IMPORT SCHEDULE\'!D270="","",\'IMPORT SCHEDULE\'!D270))'
CLEAN	C271	'=IF($A271="","",\'IMPORT SCHEDULE\'!C271)'	'=IF($A271="","",IF(\'IMPORT SCHEDULE\'!C271="","",\'IMPORT SCHEDULE\'!C271))'
CLEAN	D271	'=IF($A271="","",\'IMPORT SCHEDULE\'!D271)'	'=IF($A271="","",IF(\'IMPORT SCHEDULE\'!D271="","",\'IMPORT SCHEDULE\'!D271))'
CLEAN	C272	'=IF($A272="","",\'IMPORT SCHEDULE\'!C272)'	'=IF($A272="","",IF(\'IMPORT SCHEDULE\'!C272="","",\'IMPORT SCHEDULE\'!C272))'
CLEAN	D272	'=IF($A272="","",\'IMPORT SCHEDULE\'!D272)'	'=IF($A272="","",IF(\'IMPORT SCHEDULE\'!D272="","",\'IMPORT SCHEDULE\'!D272))'
CLEAN	C273	'=IF($A273="","",\'IMPORT SCHEDULE\'!C273)'	'=IF($A273="","",IF(\'IMPORT SCHEDULE\'!C273="","",\'IMPORT SCHEDULE\'!C273))'
CLEAN	D273	'=IF($A273="","",\'IMPORT SCHEDULE\'!D273)'	'=IF($A273="","",IF(\'IMPORT SCHEDULE\'!D273="","",\'IMPORT SCHEDULE\'!D273))'
CLEAN	C274	'=IF($A274="","",\'IMPORT SCHEDULE\'!C274)'	'=IF($A274="","",IF(\'IMPORT SCHEDULE\'!C274="","",\'IMPORT SCHEDULE\'!C274))'
CLEAN	D274	'=IF($A274="","",\'IMPORT SCHEDULE\'!D274)'	'=IF($A274="","",IF(\'IMPORT SCHEDULE\'!D274="","",\'IMPORT SCHEDULE\'!D274))'
CLEAN	C275	'=IF($A275="","",\'IMPORT SCHEDULE\'!C275)'	'=IF($A275="","",IF(\'IMPORT SCHEDULE\'!C275="","",\'IMPORT SCHEDULE\'!C275))'
CLEAN	D275	'=IF($A275="","",\'IMPORT SCHEDULE\'!D275)'	'=IF($A275="","",IF(\'IMPORT SCHEDULE\'!D275="","",\'IMPORT SCHEDULE\'!D275))'
CLEAN	C276	'=IF($A276="","",\'IMPORT SCHEDULE\'!C276)'	'=IF($A276="","",IF(\'IMPORT SCHEDULE\'!C276="","",\'IMPORT SCHEDULE\'!C276))'
CLEAN	D276	'=IF($A276="","",\'IMPORT SCHEDULE\'!D276)'	'=IF($A276="","",IF(\'IMPORT SCHEDULE\'!D276="","",\'IMPORT SCHEDULE\'!D276))'
CLEAN	C277	'=IF($A277="","",\'IMPORT SCHEDULE\'!C277)'	'=IF($A277="","",IF(\'IMPORT SCHEDULE\'!C277="","",\'IMPORT SCHEDULE\'!C277))'
CLEAN	D277	'=IF($A277="","",\'IMPORT SCHEDULE\'!D277)'	'=IF($A277="","",IF(\'IMPORT SCHEDULE\'!D277="","",\'IMPORT SCHEDULE\'!D277))'
CLEAN	C278	'=IF($A278="","",\'IMPORT SCHEDULE\'!C278)'	'=IF($A278="","",IF(\'IMPORT SCHEDULE\'!C278="","",\'IMPORT SCHEDULE\'!C278))'
CLEAN	D278	'=IF($A278="","",\'IMPORT SCHEDULE\'!D278)'	'=IF($A278="","",IF(\'IMPORT SCHEDULE\'!D278="","",\'IMPORT SCHEDULE\'!D278))'
CLEAN	C279	'=IF($A279="","",\'IMPORT SCHEDULE\'!C279)'	'=IF($A279="","",IF(\'IMPORT SCHEDULE\'!C279="","",\'IMPORT SCHEDULE\'!C279))'
CLEAN	D279	'=IF($A279="","",\'IMPORT SCHEDULE\'!D279)'	'=IF($A279="","",IF(\'IMPORT SCHEDULE\'!D279="","",\'IMPORT SCHEDULE\'!D279))'
CLEAN	C280	'=IF($A280="","",\'IMPORT SCHEDULE\'!C280)'	'=IF($A280="","",IF(\'IMPORT SCHEDULE\'!C280="","",\'IMPORT SCHEDULE\'!C280))'
CLEAN	D280	'=IF($A280="","",\'IMPORT SCHEDULE\'!D280)'	'=IF($A280="","",IF(\'IMPORT SCHEDULE\'!D280="","",\'IMPORT SCHEDULE\'!D280))'
CLEAN	C281	'=IF($A281="","",\'IMPORT SCHEDULE\'!C281)'	'=IF($A281="","",IF(\'IMPORT SCHEDULE\'!C281="","",\'IMPORT SCHEDULE\'!C281))'
CLEAN	D281	'=IF($A281="","",\'IMPORT SCHEDULE\'!D281)'	'=IF($A281="","",IF(\'IMPORT SCHEDULE\'!D281="","",\'IMPORT SCHEDULE\'!D281))'
CLEAN	C282	'=IF($A282="","",\'IMPORT SCHEDULE\'!C282)'	'=IF($A282="","",IF(\'IMPORT SCHEDULE\'!C282="","",\'IMPORT SCHEDULE\'!C282))'
CLEAN	D282	'=IF($A282="","",\'IMPORT SCHEDULE\'!D282)'	'=IF($A282="","",IF(\'IMPORT SCHEDULE\'!D282="","",\'IMPORT SCHEDULE\'!D282))'
CLEAN	C283	'=IF($A283="","",\'IMPORT SCHEDULE\'!C283)'	'=IF($A283="","",IF(\'IMPORT SCHEDULE\'!C283="","",\'IMPORT SCHEDULE\'!C283))'
CLEAN	D283	'=IF($A283="","",\'IMPORT SCHEDULE\'!D283)'	'=IF($A283="","",IF(\'IMPORT SCHEDULE\'!D283="","",\'IMPORT SCHEDULE\'!D283))'
CLEAN	C284	'=IF($A284="","",\'IMPORT SCHEDULE\'!C284)'	'=IF($A284="","",IF(\'IMPORT SCHEDULE\'!C284="","",\'IMPORT SCHEDULE\'!C284))'
CLEAN	D284	'=IF($A284="","",\'IMPORT SCHEDULE\'!D284)'	'=IF($A284="","",IF(\'IMPORT SCHEDULE\'!D284="","",\'IMPORT SCHEDULE\'!D284))'
CLEAN	C285	'=IF($A285="","",\'IMPORT SCHEDULE\'!C285)'	'=IF($A285="","",IF(\'IMPORT SCHEDULE\'!C285="","",\'IMPORT SCHEDULE\'!C285))'
CLEAN	D285	'=IF($A285="","",\'IMPORT SCHEDULE\'!D285)'	'=IF($A285="","",IF(\'IMPORT SCHEDULE\'!D285="","",\'IMPORT SCHEDULE\'!D285))'
CLEAN	C286	'=IF($A286="","",\'IMPORT SCHEDULE\'!C286)'	'=IF($A286="","",IF(\'IMPORT SCHEDULE\'!C286="","",\'IMPORT SCHEDULE\'!C286))'
CLEAN	D286	'=IF($A286="","",\'IMPORT SCHEDULE\'!D286)'	'=IF($A286="","",IF(\'IMPORT SCHEDULE\'!D286="","",\'IMPORT SCHEDULE\'!D286))'
CLEAN	C287	'=IF($A287="","",\'IMPORT SCHEDULE\'!C287)'	'=IF($A287="","",IF(\'IMPORT SCHEDULE\'!C287="","",\'IMPORT SCHEDULE\'!C287))'
CLEAN	D287	'=IF($A287="","",\'IMPORT SCHEDULE\'!D287)'	'=IF($A287="","",IF(\'IMPORT SCHEDULE\'!D287="","",\'IMPORT SCHEDULE\'!D287))'
CLEAN	C288	'=IF($A288="","",\'IMPORT SCHEDULE\'!C288)'	'=IF($A288="","",IF(\'IMPORT SCHEDULE\'!C288="","",\'IMPORT SCHEDULE\'!C288))'
CLEAN	D288	'=IF($A288="","",\'IMPORT SCHEDULE\'!D288)'	'=IF($A288="","",IF(\'IMPORT SCHEDULE\'!D288="","",\'IMPORT SCHEDULE\'!D288))'
CLEAN	C289	'=IF($A289="","",\'IMPORT SCHEDULE\'!C289)'	'=IF($A289="","",IF(\'IMPORT SCHEDULE\'!C289="","",\'IMPORT SCHEDULE\'!C289))'
CLEAN	D289	'=IF($A289="","",\'IMPORT SCHEDULE\'!D289)'	'=IF($A289="","",IF(\'IMPORT SCHEDULE\'!D289="","",\'IMPORT SCHEDULE\'!D289))'
CLEAN	C290	'=IF($A290="","",\'IMPORT SCHEDULE\'!C290)'	'=IF($A290="","",IF(\'IMPORT SCHEDULE\'!C290="","",\'IMPORT SCHEDULE\'!C290))'
CLEAN	D290	'=IF($A290="","",\'IMPORT SCHEDULE\'!D290)'	'=IF($A290="","",IF(\'IMPORT SCHEDULE\'!D290="","",\'IMPORT SCHEDULE\'!D290))'
CLEAN	C291	'=IF($A291="","",\'IMPORT SCHEDULE\'!C291)'	'=IF($A291="","",IF(\'IMPORT SCHEDULE\'!C291="","",\'IMPORT SCHEDULE\'!C291))'
CLEAN	D291	'=IF($A291="","",\'IMPORT SCHEDULE\'!D291)'	'=IF($A291="","",IF(\'IMPORT SCHEDULE\'!D291="","",\'IMPORT SCHEDULE\'!D291))'
CLEAN	C292	'=IF($A292="","",\'IMPORT SCHEDULE\'!C292)'	'=IF($A292="","",IF(\'IMPORT SCHEDULE\'!C292="","",\'IMPORT SCHEDULE\'!C292))'
CLEAN	D292	'=IF($A292="","",\'IMPORT SCHEDULE\'!D292)'	'=IF($A292="","",IF(\'IMPORT SCHEDULE\'!D292="","",\'IMPORT SCHEDULE\'!D292))'
CLEAN	C293	'=IF($A293="","",\'IMPORT SCHEDULE\'!C293)'	'=IF($A293="","",IF(\'IMPORT SCHEDULE\'!C293="","",\'IMPORT SCHEDULE\'!C293))'
CLEAN	D293	'=IF($A293="","",\'IMPORT SCHEDULE\'!D293)'	'=IF($A293="","",IF(\'IMPORT SCHEDULE\'!D293="","",\'IMPORT SCHEDULE\'!D293))'
CLEAN	C294	'=IF($A294="","",\'IMPORT SCHEDULE\'!C294)'	'=IF($A294="","",IF(\'IMPORT SCHEDULE\'!C294="","",\'IMPORT SCHEDULE\'!C294))'
CLEAN	D294	'=IF($A294="","",\'IMPORT SCHEDULE\'!D294)'	'=IF($A294="","",IF(\'IMPORT SCHEDULE\'!D294="","",\'IMPORT SCHEDULE\'!D294))'
CLEAN	C295	'=IF($A295="","",\'IMPORT SCHEDULE\'!C295)'	'=IF($A295="","",IF(\'IMPORT SCHEDULE\'!C295="","",\'IMPORT SCHEDULE\'!C295))'
CLEAN	D295	'=IF($A295="","",\'IMPORT SCHEDULE\'!D295)'	'=IF($A295="","",IF(\'IMPORT SCHEDULE\'!D295="","",\'IMPORT SCHEDULE\'!D295))'
CLEAN	C296	'=IF($A296="","",\'IMPORT SCHEDULE\'!C296)'	'=IF($A296="","",IF(\'IMPORT SCHEDULE\'!C296="","",\'IMPORT SCHEDULE\'!C296))'
CLEAN	D296	'=IF($A296="","",\'IMPORT SCHEDULE\'!D296)'	'=IF($A296="","",IF(\'IMPORT SCHEDULE\'!D296="","",\'IMPORT SCHEDULE\'!D296))'
CLEAN	C297	'=IF($A297="","",\'IMPORT SCHEDULE\'!C297)'	'=IF($A297="","",IF(\'IMPORT SCHEDULE\'!C297="","",\'IMPORT SCHEDULE\'!C297))'
CLEAN	D297	'=IF($A297="","",\'IMPORT SCHEDULE\'!D297)'	'=IF($A297="","",IF(\'IMPORT SCHEDULE\'!D297="","",\'IMPORT SCHEDULE\'!D297))'
CLEAN	C298	'=IF($A298="","",\'IMPORT SCHEDULE\'!C298)'	'=IF($A298="","",IF(\'IMPORT SCHEDULE\'!C298="","",\'IMPORT SCHEDULE\'!C298))'
CLEAN	D298	'=IF($A298="","",\'IMPORT SCHEDULE\'!D298)'	'=IF($A298="","",IF(\'IMPORT SCHEDULE\'!D298="","",\'IMPORT SCHEDULE\'!D298))'
CLEAN	C299	'=IF($A299="","",\'IMPORT SCHEDULE\'!C299)'	'=IF($A299="","",IF(\'IMPORT SCHEDULE\'!C299="","",\'IMPORT SCHEDULE\'!C299))'
CLEAN	D299	'=IF($A299="","",\'IMPORT SCHEDULE\'!D299)'	'=IF($A299="","",IF(\'IMPORT SCHEDULE\'!D299="","",\'IMPORT SCHEDULE\'!D299))'
CLEAN	C300	'=IF($A300="","",\'IMPORT SCHEDULE\'!C300)'	'=IF($A300="","",IF(\'IMPORT SCHEDULE\'!C300="","",\'IMPORT SCHEDULE\'!C300))'
CLEAN	D300	'=IF($A300="","",\'IMPORT SCHEDULE\'!D300)'	'=IF($A300="","",IF(\'IMPORT SCHEDULE\'!D300="","",\'IMPORT SCHEDULE\'!D300))'
CLEAN	C301	'=IF($A301="","",\'IMPORT SCHEDULE\'!C301)'	'=IF($A301="","",IF(\'IMPORT SCHEDULE\'!C301="","",\'IMPORT SCHEDULE\'!C301))'
CLEAN	D301	'=IF($A301="","",\'IMPORT SCHEDULE\'!D301)'	'=IF($A301="","",IF(\'IMPORT SCHEDULE\'!D301="","",\'IMPORT SCHEDULE\'!D301))'
CLEAN	C302	'=IF($A302="","",\'IMPORT SCHEDULE\'!C302)'	'=IF($A302="","",IF(\'IMPORT SCHEDULE\'!C302="","",\'IMPORT SCHEDULE\'!C302))'
CLEAN	D302	'=IF($A302="","",\'IMPORT SCHEDULE\'!D302)'	'=IF($A302="","",IF(\'IMPORT SCHEDULE\'!D302="","",\'IMPORT SCHEDULE\'!D302))'
CLEAN	C303	'=IF($A303="","",\'IMPORT SCHEDULE\'!C303)'	'=IF($A303="","",IF(\'IMPORT SCHEDULE\'!C303="","",\'IMPORT SCHEDULE\'!C303))'
CLEAN	D303	'=IF($A303="","",\'IMPORT SCHEDULE\'!D303)'	'=IF($A303="","",IF(\'IMPORT SCHEDULE\'!D303="","",\'IMPORT SCHEDULE\'!D303))'
CLEAN	C304	'=IF($A304="","",\'IMPORT SCHEDULE\'!C304)'	'=IF($A304="","",IF(\'IMPORT SCHEDULE\'!C304="","",\'IMPORT SCHEDULE\'!C304))'
CLEAN	D304	'=IF($A304="","",\'IMPORT SCHEDULE\'!D304)'	'=IF($A304="","",IF(\'IMPORT SCHEDULE\'!D304="","",\'IMPORT SCHEDULE\'!D304))'
CLEAN	C305	'=IF($A305="","",\'IMPORT SCHEDULE\'!C305)'	'=IF($A305="","",IF(\'IMPORT SCHEDULE\'!C305="","",\'IMPORT SCHEDULE\'!C305))'
CLEAN	D305	'=IF($A305="","",\'IMPORT SCHEDULE\'!D305)'	'=IF($A305="","",IF(\'IMPORT SCHEDULE\'!D305="","",\'IMPORT SCHEDULE\'!D305))'
CLEAN	C306	'=IF($A306="","",\'IMPORT SCHEDULE\'!C306)'	'=IF($A306="","",IF(\'IMPORT SCHEDULE\'!C306="","",\'IMPORT SCHEDULE\'!C306))'
CLEAN	D306	'=IF($A306="","",\'IMPORT SCHEDULE\'!D306)'	'=IF($A306="","",IF(\'IMPORT SCHEDULE\'!D306="","",\'IMPORT SCHEDULE\'!D306))'
CLEAN	C307	'=IF($A307="","",\'IMPORT SCHEDULE\'!C307)'	'=IF($A307="","",IF(\'IMPORT SCHEDULE\'!C307="","",\'IMPORT SCHEDULE\'!C307))'
CLEAN	D307	'=IF($A307="","",\'IMPORT SCHEDULE\'!D307)'	'=IF($A307="","",IF(\'IMPORT SCHEDULE\'!D307="","",\'IMPORT SCHEDULE\'!D307))'
CLEAN	C308	'=IF($A308="","",\'IMPORT SCHEDULE\'!C308)'	'=IF($A308="","",IF(\'IMPORT SCHEDULE\'!C308="","",\'IMPORT SCHEDULE\'!C308))'
CLEAN	D308	'=IF($A308="","",\'IMPORT SCHEDULE\'!D308)'	'=IF($A308="","",IF(\'IMPORT SCHEDULE\'!D308="","",\'IMPORT SCHEDULE\'!D308))'
CLEAN	C309	'=IF($A309="","",\'IMPORT SCHEDULE\'!C309)'	'=IF($A309="","",IF(\'IMPORT SCHEDULE\'!C309="","",\'IMPORT SCHEDULE\'!C309))'
CLEAN	D309	'=IF($A309="","",\'IMPORT SCHEDULE\'!D309)'	'=IF($A309="","",IF(\'IMPORT SCHEDULE\'!D309="","",\'IMPORT SCHEDULE\'!D309))'
CLEAN	C310	'=IF($A310="","",\'IMPORT SCHEDULE\'!C310)'	'=IF($A310="","",IF(\'IMPORT SCHEDULE\'!C310="","",\'IMPORT SCHEDULE\'!C310))'
CLEAN	D310	'=IF($A310="","",\'IMPORT SCHEDULE\'!D310)'	'=IF($A310="","",IF(\'IMPORT SCHEDULE\'!D310="","",\'IMPORT SCHEDULE\'!D310))'
CLEAN	C311	'=IF($A311="","",\'IMPORT SCHEDULE\'!C311)'	'=IF($A311="","",IF(\'IMPORT SCHEDULE\'!C311="","",\'IMPORT SCHEDULE\'!C311))'
CLEAN	D311	'=IF($A311="","",\'IMPORT SCHEDULE\'!D311)'	'=IF($A311="","",IF(\'IMPORT SCHEDULE\'!D311="","",\'IMPORT SCHEDULE\'!D311))'
CLEAN	C312	'=IF($A312="","",\'IMPORT SCHEDULE\'!C312)'	'=IF($A312="","",IF(\'IMPORT SCHEDULE\'!C312="","",\'IMPORT SCHEDULE\'!C312))'
CLEAN	D312	'=IF($A312="","",\'IMPORT SCHEDULE\'!D312)'	'=IF($A312="","",IF(\'IMPORT SCHEDULE\'!D312="","",\'IMPORT SCHEDULE\'!D312))'
CLEAN	C313	'=IF($A313="","",\'IMPORT SCHEDULE\'!C313)'	'=IF($A313="","",IF(\'IMPORT SCHEDULE\'!C313="","",\'IMPORT SCHEDULE\'!C313))'
CLEAN	D313	'=IF($A313="","",\'IMPORT SCHEDULE\'!D313)'	'=IF($A313="","",IF(\'IMPORT SCHEDULE\'!D313="","",\'IMPORT SCHEDULE\'!D313))'
CLEAN	C314	'=IF($A314="","",\'IMPORT SCHEDULE\'!C314)'	'=IF($A314="","",IF(\'IMPORT SCHEDULE\'!C314="","",\'IMPORT SCHEDULE\'!C314))'
CLEAN	D314	'=IF($A314="","",\'IMPORT SCHEDULE\'!D314)'	'=IF($A314="","",IF(\'IMPORT SCHEDULE\'!D314="","",\'IMPORT SCHEDULE\'!D314))'
CLEAN	C315	'=IF($A315="","",\'IMPORT SCHEDULE\'!C315)'	'=IF($A315="","",IF(\'IMPORT SCHEDULE\'!C315="","",\'IMPORT SCHEDULE\'!C315))'
CLEAN	D315	'=IF($A315="","",\'IMPORT SCHEDULE\'!D315)'	'=IF($A315="","",IF(\'IMPORT SCHEDULE\'!D315="","",\'IMPORT SCHEDULE\'!D315))'
CLEAN	C316	'=IF($A316="","",\'IMPORT SCHEDULE\'!C316)'	'=IF($A316="","",IF(\'IMPORT SCHEDULE\'!C316="","",\'IMPORT SCHEDULE\'!C316))'
CLEAN	D316	'=IF($A316="","",\'IMPORT SCHEDULE\'!D316)'	'=IF($A316="","",IF(\'IMPORT SCHEDULE\'!D316="","",\'IMPORT SCHEDULE\'!D316))'
CLEAN	C317	'=IF($A317="","",\'IMPORT SCHEDULE\'!C317)'	'=IF($A317="","",IF(\'IMPORT SCHEDULE\'!C317="","",\'IMPORT SCHEDULE\'!C317))'
CLEAN	D317	'=IF($A317="","",\'IMPORT SCHEDULE\'!D317)'	'=IF($A317="","",IF(\'IMPORT SCHEDULE\'!D317="","",\'IMPORT SCHEDULE\'!D317))'
CLEAN	C318	'=IF($A318="","",\'IMPORT SCHEDULE\'!C318)'	'=IF($A318="","",IF(\'IMPORT SCHEDULE\'!C318="","",\'IMPORT SCHEDULE\'!C318))'
CLEAN	D318	'=IF($A318="","",\'IMPORT SCHEDULE\'!D318)'	'=IF($A318="","",IF(\'IMPORT SCHEDULE\'!D318="","",\'IMPORT SCHEDULE\'!D318))'
CLEAN	C319	'=IF($A319="","",\'IMPORT SCHEDULE\'!C319)'	'=IF($A319="","",IF(\'IMPORT SCHEDULE\'!C319="","",\'IMPORT SCHEDULE\'!C319))'
CLEAN	D319	'=IF($A319="","",\'IMPORT SCHEDULE\'!D319)'	'=IF($A319="","",IF(\'IMPORT SCHEDULE\'!D319="","",\'IMPORT SCHEDULE\'!D319))'
CLEAN	C320	'=IF($A320="","",\'IMPORT SCHEDULE\'!C320)'	'=IF($A320="","",IF(\'IMPORT SCHEDULE\'!C320="","",\'IMPORT SCHEDULE\'!C320))'
CLEAN	D320	'=IF($A320="","",\'IMPORT SCHEDULE\'!D320)'	'=IF($A320="","",IF(\'IMPORT SCHEDULE\'!D320="","",\'IMPORT SCHEDULE\'!D320))'
CLEAN	C321	'=IF($A321="","",\'IMPORT SCHEDULE\'!C321)'	'=IF($A321="","",IF(\'IMPORT SCHEDULE\'!C321="","",\'IMPORT SCHEDULE\'!C321))'
CLEAN	D321	'=IF($A321="","",\'IMPORT SCHEDULE\'!D321)'	'=IF($A321="","",IF(\'IMPORT SCHEDULE\'!D321="","",\'IMPORT SCHEDULE\'!D321))'
CLEAN	C322	'=IF($A322="","",\'IMPORT SCHEDULE\'!C322)'	'=IF($A322="","",IF(\'IMPORT SCHEDULE\'!C322="","",\'IMPORT SCHEDULE\'!C322))'
CLEAN	D322	'=IF($A322="","",\'IMPORT SCHEDULE\'!D322)'	'=IF($A322="","",IF(\'IMPORT SCHEDULE\'!D322="","",\'IMPORT SCHEDULE\'!D322))'
CLEAN	C323	'=IF($A323="","",\'IMPORT SCHEDULE\'!C323)'	'=IF($A323="","",IF(\'IMPORT SCHEDULE\'!C323="","",\'IMPORT SCHEDULE\'!C323))'
CLEAN	D323	'=IF($A323="","",\'IMPORT SCHEDULE\'!D323)'	'=IF($A323="","",IF(\'IMPORT SCHEDULE\'!D323="","",\'IMPORT SCHEDULE\'!D323))'
CLEAN	C324	'=IF($A324="","",\'IMPORT SCHEDULE\'!C324)'	'=IF($A324="","",IF(\'IMPORT SCHEDULE\'!C324="","",\'IMPORT SCHEDULE\'!C324))'
CLEAN	D324	'=IF($A324="","",\'IMPORT SCHEDULE\'!D324)'	'=IF($A324="","",IF(\'IMPORT SCHEDULE\'!D324="","",\'IMPORT SCHEDULE\'!D324))'
CLEAN	C325	'=IF($A325="","",\'IMPORT SCHEDULE\'!C325)'	'=IF($A325="","",IF(\'IMPORT SCHEDULE\'!C325="","",\'IMPORT SCHEDULE\'!C325))'
CLEAN	D325	'=IF($A325="","",\'IMPORT SCHEDULE\'!D325)'	'=IF($A325="","",IF(\'IMPORT SCHEDULE\'!D325="","",\'IMPORT SCHEDULE\'!D325))'
CLEAN	C326	'=IF($A326="","",\'IMPORT SCHEDULE\'!C326)'	'=IF($A326="","",IF(\'IMPORT SCHEDULE\'!C326="","",\'IMPORT SCHEDULE\'!C326))'
CLEAN	D326	'=IF($A326="","",\'IMPORT SCHEDULE\'!D326)'	'=IF($A326="","",IF(\'IMPORT SCHEDULE\'!D326="","",\'IMPORT SCHEDULE\'!D326))'
CLEAN	C327	'=IF($A327="","",\'IMPORT SCHEDULE\'!C327)'	'=IF($A327="","",IF(\'IMPORT SCHEDULE\'!C327="","",\'IMPORT SCHEDULE\'!C327))'
CLEAN	D327	'=IF($A327="","",\'IMPORT SCHEDULE\'!D327)'	'=IF($A327="","",IF(\'IMPORT SCHEDULE\'!D327="","",\'IMPORT SCHEDULE\'!D327))'
CLEAN	C328	'=IF($A328="","",\'IMPORT SCHEDULE\'!C328)'	'=IF($A328="","",IF(\'IMPORT SCHEDULE\'!C328="","",\'IMPORT SCHEDULE\'!C328))'
CLEAN	D328	'=IF($A328="","",\'IMPORT SCHEDULE\'!D328)'	'=IF($A328="","",IF(\'IMPORT SCHEDULE\'!D328="","",\'IMPORT SCHEDULE\'!D328))'
CLEAN	C329	'=IF($A329="","",\'IMPORT SCHEDULE\'!C329)'	'=IF($A329="","",IF(\'IMPORT SCHEDULE\'!C329="","",\'IMPORT SCHEDULE\'!C329))'
CLEAN	D329	'=IF($A329="","",\'IMPORT SCHEDULE\'!D329)'	'=IF($A329="","",IF(\'IMPORT SCHEDULE\'!D329="","",\'IMPORT SCHEDULE\'!D329))'
CLEAN	C330	'=IF($A330="","",\'IMPORT SCHEDULE\'!C330)'	'=IF($A330="","",IF(\'IMPORT SCHEDULE\'!C330="","",\'IMPORT SCHEDULE\'!C330))'
CLEAN	D330	'=IF($A330="","",\'IMPORT SCHEDULE\'!D330)'	'=IF($A330="","",IF(\'IMPORT SCHEDULE\'!D330="","",\'IMPORT SCHEDULE\'!D330))'
CLEAN	C331	'=IF($A331="","",\'IMPORT SCHEDULE\'!C331)'	'=IF($A331="","",IF(\'IMPORT SCHEDULE\'!C331="","",\'IMPORT SCHEDULE\'!C331))'
CLEAN	D331	'=IF($A331="","",\'IMPORT SCHEDULE\'!D331)'	'=IF($A331="","",IF(\'IMPORT SCHEDULE\'!D331="","",\'IMPORT SCHEDULE\'!D331))'
CLEAN	C332	'=IF($A332="","",\'IMPORT SCHEDULE\'!C332)'	'=IF($A332="","",IF(\'IMPORT SCHEDULE\'!C332="","",\'IMPORT SCHEDULE\'!C332))'
CLEAN	D332	'=IF($A332="","",\'IMPORT SCHEDULE\'!D332)'	'=IF($A332="","",IF(\'IMPORT SCHEDULE\'!D332="","",\'IMPORT SCHEDULE\'!D332))'
CLEAN	C333	'=IF($A333="","",\'IMPORT SCHEDULE\'!C333)'	'=IF($A333="","",IF(\'IMPORT SCHEDULE\'!C333="","",\'IMPORT SCHEDULE\'!C333))'
CLEAN	D333	'=IF($A333="","",\'IMPORT SCHEDULE\'!D333)'	'=IF($A333="","",IF(\'IMPORT SCHEDULE\'!D333="","",\'IMPORT SCHEDULE\'!D333))'
CLEAN	C334	'=IF($A334="","",\'IMPORT SCHEDULE\'!C334)'	'=IF($A334="","",IF(\'IMPORT SCHEDULE\'!C334="","",\'IMPORT SCHEDULE\'!C334))'
CLEAN	D334	'=IF($A334="","",\'IMPORT SCHEDULE\'!D334)'	'=IF($A334="","",IF(\'IMPORT SCHEDULE\'!D334="","",\'IMPORT SCHEDULE\'!D334))'
CLEAN	C335	'=IF($A335="","",\'IMPORT SCHEDULE\'!C335)'	'=IF($A335="","",IF(\'IMPORT SCHEDULE\'!C335="","",\'IMPORT SCHEDULE\'!C335))'
CLEAN	D335	'=IF($A335="","",\'IMPORT SCHEDULE\'!D335)'	'=IF($A335="","",IF(\'IMPORT SCHEDULE\'!D335="","",\'IMPORT SCHEDULE\'!D335))'
CLEAN	C336	'=IF($A336="","",\'IMPORT SCHEDULE\'!C336)'	'=IF($A336="","",IF(\'IMPORT SCHEDULE\'!C336="","",\'IMPORT SCHEDULE\'!C336))'
CLEAN	D336	'=IF($A336="","",\'IMPORT SCHEDULE\'!D336)'	'=IF($A336="","",IF(\'IMPORT SCHEDULE\'!D336="","",\'IMPORT SCHEDULE\'!D336))'
CLEAN	C337	'=IF($A337="","",\'IMPORT SCHEDULE\'!C337)'	'=IF($A337="","",IF(\'IMPORT SCHEDULE\'!C337="","",\'IMPORT SCHEDULE\'!C337))'
CLEAN	D337	'=IF($A337="","",\'IMPORT SCHEDULE\'!D337)'	'=IF($A337="","",IF(\'IMPORT SCHEDULE\'!D337="","",\'IMPORT SCHEDULE\'!D337))'
CLEAN	C338	'=IF($A338="","",\'IMPORT SCHEDULE\'!C338)'	'=IF($A338="","",IF(\'IMPORT SCHEDULE\'!C338="","",\'IMPORT SCHEDULE\'!C338))'
CLEAN	D338	'=IF($A338="","",\'IMPORT SCHEDULE\'!D338)'	'=IF($A338="","",IF(\'IMPORT SCHEDULE\'!D338="","",\'IMPORT SCHEDULE\'!D338))'
CLEAN	C339	'=IF($A339="","",\'IMPORT SCHEDULE\'!C339)'	'=IF($A339="","",IF(\'IMPORT SCHEDULE\'!C339="","",\'IMPORT SCHEDULE\'!C339))'
CLEAN	D339	'=IF($A339="","",\'IMPORT SCHEDULE\'!D339)'	'=IF($A339="","",IF(\'IMPORT SCHEDULE\'!D339="","",\'IMPORT SCHEDULE\'!D339))'
CLEAN	C340	'=IF($A340="","",\'IMPORT SCHEDULE\'!C340)'	'=IF($A340="","",IF(\'IMPORT SCHEDULE\'!C340="","",\'IMPORT SCHEDULE\'!C340))'
CLEAN	D340	'=IF($A340="","",\'IMPORT SCHEDULE\'!D340)'	'=IF($A340="","",IF(\'IMPORT SCHEDULE\'!D340="","",\'IMPORT SCHEDULE\'!D340))'
CLEAN	C341	'=IF($A341="","",\'IMPORT SCHEDULE\'!C341)'	'=IF($A341="","",IF(\'IMPORT SCHEDULE\'!C341="","",\'IMPORT SCHEDULE\'!C341))'
CLEAN	D341	'=IF($A341="","",\'IMPORT SCHEDULE\'!D341)'	'=IF($A341="","",IF(\'IMPORT SCHEDULE\'!D341="","",\'IMPORT SCHEDULE\'!D341))'
CLEAN	C342	'=IF($A342="","",\'IMPORT SCHEDULE\'!C342)'	'=IF($A342="","",IF(\'IMPORT SCHEDULE\'!C342="","",\'IMPORT SCHEDULE\'!C342))'
CLEAN	D342	'=IF($A342="","",\'IMPORT SCHEDULE\'!D342)'	'=IF($A342="","",IF(\'IMPORT SCHEDULE\'!D342="","",\'IMPORT SCHEDULE\'!D342))'
CLEAN	C343	'=IF($A343="","",\'IMPORT SCHEDULE\'!C343)'	'=IF($A343="","",IF(\'IMPORT SCHEDULE\'!C343="","",\'IMPORT SCHEDULE\'!C343))'
CLEAN	D343	'=IF($A343="","",\'IMPORT SCHEDULE\'!D343)'	'=IF($A343="","",IF(\'IMPORT SCHEDULE\'!D343="","",\'IMPORT SCHEDULE\'!D343))'
CLEAN	C344	'=IF($A344="","",\'IMPORT SCHEDULE\'!C344)'	'=IF($A344="","",IF(\'IMPORT SCHEDULE\'!C344="","",\'IMPORT SCHEDULE\'!C344))'
CLEAN	D344	'=IF($A344="","",\'IMPORT SCHEDULE\'!D344)'	'=IF($A344="","",IF(\'IMPORT SCHEDULE\'!D344="","",\'IMPORT SCHEDULE\'!D344))'
CLEAN	C345	'=IF($A345="","",\'IMPORT SCHEDULE\'!C345)'	'=IF($A345="","",IF(\'IMPORT SCHEDULE\'!C345="","",\'IMPORT SCHEDULE\'!C345))'
CLEAN	D345	'=IF($A345="","",\'IMPORT SCHEDULE\'!D345)'	'=IF($A345="","",IF(\'IMPORT SCHEDULE\'!D345="","",\'IMPORT SCHEDULE\'!D345))'
CLEAN	C346	'=IF($A346="","",\'IMPORT SCHEDULE\'!C346)'	'=IF($A346="","",IF(\'IMPORT SCHEDULE\'!C346="","",\'IMPORT SCHEDULE\'!C346))'
CLEAN	D346	'=IF($A346="","",\'IMPORT SCHEDULE\'!D346)'	'=IF($A346="","",IF(\'IMPORT SCHEDULE\'!D346="","",\'IMPORT SCHEDULE\'!D346))'
CLEAN	C347	'=IF($A347="","",\'IMPORT SCHEDULE\'!C347)'	'=IF($A347="","",IF(\'IMPORT SCHEDULE\'!C347="","",\'IMPORT SCHEDULE\'!C347))'
CLEAN	D347	'=IF($A347="","",\'IMPORT SCHEDULE\'!D347)'	'=IF($A347="","",IF(\'IMPORT SCHEDULE\'!D347="","",\'IMPORT SCHEDULE\'!D347))'
CLEAN	C348	'=IF($A348="","",\'IMPORT SCHEDULE\'!C348)'	'=IF($A348="","",IF(\'IMPORT SCHEDULE\'!C348="","",\'IMPORT SCHEDULE\'!C348))'
CLEAN	D348	'=IF($A348="","",\'IMPORT SCHEDULE\'!D348)'	'=IF($A348="","",IF(\'IMPORT SCHEDULE\'!D348="","",\'IMPORT SCHEDULE\'!D348))'
CLEAN	C349	'=IF($A349="","",\'IMPORT SCHEDULE\'!C349)'	'=IF($A349="","",IF(\'IMPORT SCHEDULE\'!C349="","",\'IMPORT SCHEDULE\'!C349))'
CLEAN	D349	'=IF($A349="","",\'IMPORT SCHEDULE\'!D349)'	'=IF($A349="","",IF(\'IMPORT SCHEDULE\'!D349="","",\'IMPORT SCHEDULE\'!D349))'
CLEAN	C350	'=IF($A350="","",\'IMPORT SCHEDULE\'!C350)'	'=IF($A350="","",IF(\'IMPORT SCHEDULE\'!C350="","",\'IMPORT SCHEDULE\'!C350))'
CLEAN	D350	'=IF($A350="","",\'IMPORT SCHEDULE\'!D350)'	'=IF($A350="","",IF(\'IMPORT SCHEDULE\'!D350="","",\'IMPORT SCHEDULE\'!D350))'
CLEAN	C351	'=IF($A351="","",\'IMPORT SCHEDULE\'!C351)'	'=IF($A351="","",IF(\'IMPORT SCHEDULE\'!C351="","",\'IMPORT SCHEDULE\'!C351))'
CLEAN	D351	'=IF($A351="","",\'IMPORT SCHEDULE\'!D351)'	'=IF($A351="","",IF(\'IMPORT SCHEDULE\'!D351="","",\'IMPORT SCHEDULE\'!D351))'
CLEAN	C352	'=IF($A352="","",\'IMPORT SCHEDULE\'!C352)'	'=IF($A352="","",IF(\'IMPORT SCHEDULE\'!C352="","",\'IMPORT SCHEDULE\'!C352))'
CLEAN	D352	'=IF($A352="","",\'IMPORT SCHEDULE\'!D352)'	'=IF($A352="","",IF(\'IMPORT SCHEDULE\'!D352="","",\'IMPORT SCHEDULE\'!D352))'
CLEAN	C353	'=IF($A353="","",\'IMPORT SCHEDULE\'!C353)'	'=IF($A353="","",IF(\'IMPORT SCHEDULE\'!C353="","",\'IMPORT SCHEDULE\'!C353))'
CLEAN	D353	'=IF($A353="","",\'IMPORT SCHEDULE\'!D353)'	'=IF($A353="","",IF(\'IMPORT SCHEDULE\'!D353="","",\'IMPORT SCHEDULE\'!D353))'
CLEAN	C354	'=IF($A354="","",\'IMPORT SCHEDULE\'!C354)'	'=IF($A354="","",IF(\'IMPORT SCHEDULE\'!C354="","",\'IMPORT SCHEDULE\'!C354))'
CLEAN	D354	'=IF($A354="","",\'IMPORT SCHEDULE\'!D354)'	'=IF($A354="","",IF(\'IMPORT SCHEDULE\'!D354="","",\'IMPORT SCHEDULE\'!D354))'
CLEAN	C355	'=IF($A355="","",\'IMPORT SCHEDULE\'!C355)'	'=IF($A355="","",IF(\'IMPORT SCHEDULE\'!C355="","",\'IMPORT SCHEDULE\'!C355))'
CLEAN	D355	'=IF($A355="","",\'IMPORT SCHEDULE\'!D355)'	'=IF($A355="","",IF(\'IMPORT SCHEDULE\'!D355="","",\'IMPORT SCHEDULE\'!D355))'
CLEAN	C356	'=IF($A356="","",\'IMPORT SCHEDULE\'!C356)'	'=IF($A356="","",IF(\'IMPORT SCHEDULE\'!C356="","",\'IMPORT SCHEDULE\'!C356))'
CLEAN	D356	'=IF($A356="","",\'IMPORT SCHEDULE\'!D356)'	'=IF($A356="","",IF(\'IMPORT SCHEDULE\'!D356="","",\'IMPORT SCHEDULE\'!D356))'
CLEAN	C357	'=IF($A357="","",\'IMPORT SCHEDULE\'!C357)'	'=IF($A357="","",IF(\'IMPORT SCHEDULE\'!C357="","",\'IMPORT SCHEDULE\'!C357))'
CLEAN	D357	'=IF($A357="","",\'IMPORT SCHEDULE\'!D357)'	'=IF($A357="","",IF(\'IMPORT SCHEDULE\'!D357="","",\'IMPORT SCHEDULE\'!D357))'
CLEAN	C358	'=IF($A358="","",\'IMPORT SCHEDULE\'!C358)'	'=IF($A358="","",IF(\'IMPORT SCHEDULE\'!C358="","",\'IMPORT SCHEDULE\'!C358))'
CLEAN	D358	'=IF($A358="","",\'IMPORT SCHEDULE\'!D358)'	'=IF($A358="","",IF(\'IMPORT SCHEDULE\'!D358="","",\'IMPORT SCHEDULE\'!D358))'
CLEAN	C359	'=IF($A359="","",\'IMPORT SCHEDULE\'!C359)'	'=IF($A359="","",IF(\'IMPORT SCHEDULE\'!C359="","",\'IMPORT SCHEDULE\'!C359))'
CLEAN	D359	'=IF($A359="","",\'IMPORT SCHEDULE\'!D359)'	'=IF($A359="","",IF(\'IMPORT SCHEDULE\'!D359="","",\'IMPORT SCHEDULE\'!D359))'
CLEAN	C360	'=IF($A360="","",\'IMPORT SCHEDULE\'!C360)'	'=IF($A360="","",IF(\'IMPORT SCHEDULE\'!C360="","",\'IMPORT SCHEDULE\'!C360))'
CLEAN	D360	'=IF($A360="","",\'IMPORT SCHEDULE\'!D360)'	'=IF($A360="","",IF(\'IMPORT SCHEDULE\'!D360="","",\'IMPORT SCHEDULE\'!D360))'
CLEAN	C361	'=IF($A361="","",\'IMPORT SCHEDULE\'!C361)'	'=IF($A361="","",IF(\'IMPORT SCHEDULE\'!C361="","",\'IMPORT SCHEDULE\'!C361))'
CLEAN	D361	'=IF($A361="","",\'IMPORT SCHEDULE\'!D361)'	'=IF($A361="","",IF(\'IMPORT SCHEDULE\'!D361="","",\'IMPORT SCHEDULE\'!D361))'
CLEAN	C362	'=IF($A362="","",\'IMPORT SCHEDULE\'!C362)'	'=IF($A362="","",IF(\'IMPORT SCHEDULE\'!C362="","",\'IMPORT SCHEDULE\'!C362))'
CLEAN	D362	'=IF($A362="","",\'IMPORT SCHEDULE\'!D362)'	'=IF($A362="","",IF(\'IMPORT SCHEDULE\'!D362="","",\'IMPORT SCHEDULE\'!D362))'
CLEAN	C363	'=IF($A363="","",\'IMPORT SCHEDULE\'!C363)'	'=IF($A363="","",IF(\'IMPORT SCHEDULE\'!C363="","",\'IMPORT SCHEDULE\'!C363))'
CLEAN	D363	'=IF($A363="","",\'IMPORT SCHEDULE\'!D363)'	'=IF($A363="","",IF(\'IMPORT SCHEDULE\'!D363="","",\'IMPORT SCHEDULE\'!D363))'
CLEAN	C364	'=IF($A364="","",\'IMPORT SCHEDULE\'!C364)'	'=IF($A364="","",IF(\'IMPORT SCHEDULE\'!C364="","",\'IMPORT SCHEDULE\'!C364))'
CLEAN	D364	'=IF($A364="","",\'IMPORT SCHEDULE\'!D364)'	'=IF($A364="","",IF(\'IMPORT SCHEDULE\'!D364="","",\'IMPORT SCHEDULE\'!D364))'
CLEAN	C365	'=IF($A365="","",\'IMPORT SCHEDULE\'!C365)'	'=IF($A365="","",IF(\'IMPORT SCHEDULE\'!C365="","",\'IMPORT SCHEDULE\'!C365))'
CLEAN	D365	'=IF($A365="","",\'IMPORT SCHEDULE\'!D365)'	'=IF($A365="","",IF(\'IMPORT SCHEDULE\'!D365="","",\'IMPORT SCHEDULE\'!D365))'
CLEAN	C366	'=IF($A366="","",\'IMPORT SCHEDULE\'!C366)'	'=IF($A366="","",IF(\'IMPORT SCHEDULE\'!C366="","",\'IMPORT SCHEDULE\'!C366))'
CLEAN	D366	'=IF($A366="","",\'IMPORT SCHEDULE\'!D366)'	'=IF($A366="","",IF(\'IMPORT SCHEDULE\'!D366="","",\'IMPORT SCHEDULE\'!D366))'
CLEAN	C367	'=IF($A367="","",\'IMPORT SCHEDULE\'!C367)'	'=IF($A367="","",IF(\'IMPORT SCHEDULE\'!C367="","",\'IMPORT SCHEDULE\'!C367))'
CLEAN	D367	'=IF($A367="","",\'IMPORT SCHEDULE\'!D367)'	'=IF($A367="","",IF(\'IMPORT SCHEDULE\'!D367="","",\'IMPORT SCHEDULE\'!D367))'
CLEAN	C368	'=IF($A368="","",\'IMPORT SCHEDULE\'!C368)'	'=IF($A368="","",IF(\'IMPORT SCHEDULE\'!C368="","",\'IMPORT SCHEDULE\'!C368))'
CLEAN	D368	'=IF($A368="","",\'IMPORT SCHEDULE\'!D368)'	'=IF($A368="","",IF(\'IMPORT SCHEDULE\'!D368="","",\'IMPORT SCHEDULE\'!D368))'
CLEAN	C369	'=IF($A369="","",\'IMPORT SCHEDULE\'!C369)'	'=IF($A369="","",IF(\'IMPORT SCHEDULE\'!C369="","",\'IMPORT SCHEDULE\'!C369))'
CLEAN	D369	'=IF($A369="","",\'IMPORT SCHEDULE\'!D369)'	'=IF($A369="","",IF(\'IMPORT SCHEDULE\'!D369="","",\'IMPORT SCHEDULE\'!D369))'
CLEAN	C370	'=IF($A370="","",\'IMPORT SCHEDULE\'!C370)'	'=IF($A370="","",IF(\'IMPORT SCHEDULE\'!C370="","",\'IMPORT SCHEDULE\'!C370))'
CLEAN	D370	'=IF($A370="","",\'IMPORT SCHEDULE\'!D370)'	'=IF($A370="","",IF(\'IMPORT SCHEDULE\'!D370="","",\'IMPORT SCHEDULE\'!D370))'
CLEAN	C371	'=IF($A371="","",\'IMPORT SCHEDULE\'!C371)'	'=IF($A371="","",IF(\'IMPORT SCHEDULE\'!C371="","",\'IMPORT SCHEDULE\'!C371))'
CLEAN	D371	'=IF($A371="","",\'IMPORT SCHEDULE\'!D371)'	'=IF($A371="","",IF(\'IMPORT SCHEDULE\'!D371="","",\'IMPORT SCHEDULE\'!D371))'
CLEAN	C372	'=IF($A372="","",\'IMPORT SCHEDULE\'!C372)'	'=IF($A372="","",IF(\'IMPORT SCHEDULE\'!C372="","",\'IMPORT SCHEDULE\'!C372))'
CLEAN	D372	'=IF($A372="","",\'IMPORT SCHEDULE\'!D372)'	'=IF($A372="","",IF(\'IMPORT SCHEDULE\'!D372="","",\'IMPORT SCHEDULE\'!D372))'
CLEAN	C373	'=IF($A373="","",\'IMPORT SCHEDULE\'!C373)'	'=IF($A373="","",IF(\'IMPORT SCHEDULE\'!C373="","",\'IMPORT SCHEDULE\'!C373))'
CLEAN	D373	'=IF($A373="","",\'IMPORT SCHEDULE\'!D373)'	'=IF($A373="","",IF(\'IMPORT SCHEDULE\'!D373="","",\'IMPORT SCHEDULE\'!D373))'
CLEAN	C374	'=IF($A374="","",\'IMPORT SCHEDULE\'!C374)'	'=IF($A374="","",IF(\'IMPORT SCHEDULE\'!C374="","",\'IMPORT SCHEDULE\'!C374))'
CLEAN	D374	'=IF($A374="","",\'IMPORT SCHEDULE\'!D374)'	'=IF($A374="","",IF(\'IMPORT SCHEDULE\'!D374="","",\'IMPORT SCHEDULE\'!D374))'
CLEAN	C375	'=IF($A375="","",\'IMPORT SCHEDULE\'!C375)'	'=IF($A375="","",IF(\'IMPORT SCHEDULE\'!C375="","",\'IMPORT SCHEDULE\'!C375))'
CLEAN	D375	'=IF($A375="","",\'IMPORT SCHEDULE\'!D375)'	'=IF($A375="","",IF(\'IMPORT SCHEDULE\'!D375="","",\'IMPORT SCHEDULE\'!D375))'
CLEAN	C376	'=IF($A376="","",\'IMPORT SCHEDULE\'!C376)'	'=IF($A376="","",IF(\'IMPORT SCHEDULE\'!C376="","",\'IMPORT SCHEDULE\'!C376))'
CLEAN	D376	'=IF($A376="","",\'IMPORT SCHEDULE\'!D376)'	'=IF($A376="","",IF(\'IMPORT SCHEDULE\'!D376="","",\'IMPORT SCHEDULE\'!D376))'
CLEAN	C377	'=IF($A377="","",\'IMPORT SCHEDULE\'!C377)'	'=IF($A377="","",IF(\'IMPORT SCHEDULE\'!C377="","",\'IMPORT SCHEDULE\'!C377))'
CLEAN	D377	'=IF($A377="","",\'IMPORT SCHEDULE\'!D377)'	'=IF($A377="","",IF(\'IMPORT SCHEDULE\'!D377="","",\'IMPORT SCHEDULE\'!D377))'
CLEAN	C378	'=IF($A378="","",\'IMPORT SCHEDULE\'!C378)'	'=IF($A378="","",IF(\'IMPORT SCHEDULE\'!C378="","",\'IMPORT SCHEDULE\'!C378))'
CLEAN	D378	'=IF($A378="","",\'IMPORT SCHEDULE\'!D378)'	'=IF($A378="","",IF(\'IMPORT SCHEDULE\'!D378="","",\'IMPORT SCHEDULE\'!D378))'
CLEAN	C379	'=IF($A379="","",\'IMPORT SCHEDULE\'!C379)'	'=IF($A379="","",IF(\'IMPORT SCHEDULE\'!C379="","",\'IMPORT SCHEDULE\'!C379))'
CLEAN	D379	'=IF($A379="","",\'IMPORT SCHEDULE\'!D379)'	'=IF($A379="","",IF(\'IMPORT SCHEDULE\'!D379="","",\'IMPORT SCHEDULE\'!D379))'
CLEAN	C380	'=IF($A380="","",\'IMPORT SCHEDULE\'!C380)'	'=IF($A380="","",IF(\'IMPORT SCHEDULE\'!C380="","",\'IMPORT SCHEDULE\'!C380))'
CLEAN	D380	'=IF($A380="","",\'IMPORT SCHEDULE\'!D380)'	'=IF($A380="","",IF(\'IMPORT SCHEDULE\'!D380="","",\'IMPORT SCHEDULE\'!D380))'
CLEAN	C381	'=IF($A381="","",\'IMPORT SCHEDULE\'!C381)'	'=IF($A381="","",IF(\'IMPORT SCHEDULE\'!C381="","",\'IMPORT SCHEDULE\'!C381))'
CLEAN	D381	'=IF($A381="","",\'IMPORT SCHEDULE\'!D381)'	'=IF($A381="","",IF(\'IMPORT SCHEDULE\'!D381="","",\'IMPORT SCHEDULE\'!D381))'
CLEAN	C382	'=IF($A382="","",\'IMPORT SCHEDULE\'!C382)'	'=IF($A382="","",IF(\'IMPORT SCHEDULE\'!C382="","",\'IMPORT SCHEDULE\'!C382))'
CLEAN	D382	'=IF($A382="","",\'IMPORT SCHEDULE\'!D382)'	'=IF($A382="","",IF(\'IMPORT SCHEDULE\'!D382="","",\'IMPORT SCHEDULE\'!D382))'
CLEAN	C383	'=IF($A383="","",\'IMPORT SCHEDULE\'!C383)'	'=IF($A383="","",IF(\'IMPORT SCHEDULE\'!C383="","",\'IMPORT SCHEDULE\'!C383))'
CLEAN	D383	'=IF($A383="","",\'IMPORT SCHEDULE\'!D383)'	'=IF($A383="","",IF(\'IMPORT SCHEDULE\'!D383="","",\'IMPORT SCHEDULE\'!D383))'
CLEAN	C384	'=IF($A384="","",\'IMPORT SCHEDULE\'!C384)'	'=IF($A384="","",IF(\'IMPORT SCHEDULE\'!C384="","",\'IMPORT SCHEDULE\'!C384))'
CLEAN	D384	'=IF($A384="","",\'IMPORT SCHEDULE\'!D384)'	'=IF($A384="","",IF(\'IMPORT SCHEDULE\'!D384="","",\'IMPORT SCHEDULE\'!D384))'
CLEAN	C385	'=IF($A385="","",\'IMPORT SCHEDULE\'!C385)'	'=IF($A385="","",IF(\'IMPORT SCHEDULE\'!C385="","",\'IMPORT SCHEDULE\'!C385))'
CLEAN	D385	'=IF($A385="","",\'IMPORT SCHEDULE\'!D385)'	'=IF($A385="","",IF(\'IMPORT SCHEDULE\'!D385="","",\'IMPORT SCHEDULE\'!D385))'
CLEAN	C386	'=IF($A386="","",\'IMPORT SCHEDULE\'!C386)'	'=IF($A386="","",IF(\'IMPORT SCHEDULE\'!C386="","",\'IMPORT SCHEDULE\'!C386))'
CLEAN	D386	'=IF($A386="","",\'IMPORT SCHEDULE\'!D386)'	'=IF($A386="","",IF(\'IMPORT SCHEDULE\'!D386="","",\'IMPORT SCHEDULE\'!D386))'
CLEAN	C387	'=IF($A387="","",\'IMPORT SCHEDULE\'!C387)'	'=IF($A387="","",IF(\'IMPORT SCHEDULE\'!C387="","",\'IMPORT SCHEDULE\'!C387))'
CLEAN	D387	'=IF($A387="","",\'IMPORT SCHEDULE\'!D387)'	'=IF($A387="","",IF(\'IMPORT SCHEDULE\'!D387="","",\'IMPORT SCHEDULE\'!D387))'
CLEAN	C388	'=IF($A388="","",\'IMPORT SCHEDULE\'!C388)'	'=IF($A388="","",IF(\'IMPORT SCHEDULE\'!C388="","",\'IMPORT SCHEDULE\'!C388))'
CLEAN	D388	'=IF($A388="","",\'IMPORT SCHEDULE\'!D388)'	'=IF($A388="","",IF(\'IMPORT SCHEDULE\'!D388="","",\'IMPORT SCHEDULE\'!D388))'
CLEAN	C389	'=IF($A389="","",\'IMPORT SCHEDULE\'!C389)'	'=IF($A389="","",IF(\'IMPORT SCHEDULE\'!C389="","",\'IMPORT SCHEDULE\'!C389))'
CLEAN	D389	'=IF($A389="","",\'IMPORT SCHEDULE\'!D389)'	'=IF($A389="","",IF(\'IMPORT SCHEDULE\'!D389="","",\'IMPORT SCHEDULE\'!D389))'
CLEAN	C390	'=IF($A390="","",\'IMPORT SCHEDULE\'!C390)'	'=IF($A390="","",IF(\'IMPORT SCHEDULE\'!C390="","",\'IMPORT SCHEDULE\'!C390))'
CLEAN	D390	'=IF($A390="","",\'IMPORT SCHEDULE\'!D390)'	'=IF($A390="","",IF(\'IMPORT SCHEDULE\'!D390="","",\'IMPORT SCHEDULE\'!D390))'
CLEAN	C391	'=IF($A391="","",\'IMPORT SCHEDULE\'!C391)'	'=IF($A391="","",IF(\'IMPORT SCHEDULE\'!C391="","",\'IMPORT SCHEDULE\'!C391))'
CLEAN	D391	'=IF($A391="","",\'IMPORT SCHEDULE\'!D391)'	'=IF($A391="","",IF(\'IMPORT SCHEDULE\'!D391="","",\'IMPORT SCHEDULE\'!D391))'
CLEAN	C392	'=IF($A392="","",\'IMPORT SCHEDULE\'!C392)'	'=IF($A392="","",IF(\'IMPORT SCHEDULE\'!C392="","",\'IMPORT SCHEDULE\'!C392))'
CLEAN	D392	'=IF($A392="","",\'IMPORT SCHEDULE\'!D392)'	'=IF($A392="","",IF(\'IMPORT SCHEDULE\'!D392="","",\'IMPORT SCHEDULE\'!D392))'
CLEAN	C393	'=IF($A393="","",\'IMPORT SCHEDULE\'!C393)'	'=IF($A393="","",IF(\'IMPORT SCHEDULE\'!C393="","",\'IMPORT SCHEDULE\'!C393))'
CLEAN	D393	'=IF($A393="","",\'IMPORT SCHEDULE\'!D393)'	'=IF($A393="","",IF(\'IMPORT SCHEDULE\'!D393="","",\'IMPORT SCHEDULE\'!D393))'
CLEAN	C394	'=IF($A394="","",\'IMPORT SCHEDULE\'!C394)'	'=IF($A394="","",IF(\'IMPORT SCHEDULE\'!C394="","",\'IMPORT SCHEDULE\'!C394))'
CLEAN	D394	'=IF($A394="","",\'IMPORT SCHEDULE\'!D394)'	'=IF($A394="","",IF(\'IMPORT SCHEDULE\'!D394="","",\'IMPORT SCHEDULE\'!D394))'
CLEAN	C395	'=IF($A395="","",\'IMPORT SCHEDULE\'!C395)'	'=IF($A395="","",IF(\'IMPORT SCHEDULE\'!C395="","",\'IMPORT SCHEDULE\'!C395))'
CLEAN	D395	'=IF($A395="","",\'IMPORT SCHEDULE\'!D395)'	'=IF($A395="","",IF(\'IMPORT SCHEDULE\'!D395="","",\'IMPORT SCHEDULE\'!D395))'
CLEAN	C396	'=IF($A396="","",\'IMPORT SCHEDULE\'!C396)'	'=IF($A396="","",IF(\'IMPORT SCHEDULE\'!C396="","",\'IMPORT SCHEDULE\'!C396))'
CLEAN	D396	'=IF($A396="","",\'IMPORT SCHEDULE\'!D396)'	'=IF($A396="","",IF(\'IMPORT SCHEDULE\'!D396="","",\'IMPORT SCHEDULE\'!D396))'
CLEAN	C397	'=IF($A397="","",\'IMPORT SCHEDULE\'!C397)'	'=IF($A397="","",IF(\'IMPORT SCHEDULE\'!C397="","",\'IMPORT SCHEDULE\'!C397))'
CLEAN	D397	'=IF($A397="","",\'IMPORT SCHEDULE\'!D397)'	'=IF($A397="","",IF(\'IMPORT SCHEDULE\'!D397="","",\'IMPORT SCHEDULE\'!D397))'
CLEAN	C398	'=IF($A398="","",\'IMPORT SCHEDULE\'!C398)'	'=IF($A398="","",IF(\'IMPORT SCHEDULE\'!C398="","",\'IMPORT SCHEDULE\'!C398))'
CLEAN	D398	'=IF($A398="","",\'IMPORT SCHEDULE\'!D398)'	'=IF($A398="","",IF(\'IMPORT SCHEDULE\'!D398="","",\'IMPORT SCHEDULE\'!D398))'
CLEAN	C399	'=IF($A399="","",\'IMPORT SCHEDULE\'!C399)'	'=IF($A399="","",IF(\'IMPORT SCHEDULE\'!C399="","",\'IMPORT SCHEDULE\'!C399))'
CLEAN	D399	'=IF($A399="","",\'IMPORT SCHEDULE\'!D399)'	'=IF($A399="","",IF(\'IMPORT SCHEDULE\'!D399="","",\'IMPORT SCHEDULE\'!D399))'
CLEAN	C400	'=IF($A400="","",\'IMPORT SCHEDULE\'!C400)'	'=IF($A400="","",IF(\'IMPORT SCHEDULE\'!C400="","",\'IMPORT SCHEDULE\'!C400))'
CLEAN	D400	'=IF($A400="","",\'IMPORT SCHEDULE\'!D400)'	'=IF($A400="","",IF(\'IMPORT SCHEDULE\'!D400="","",\'IMPORT SCHEDULE\'!D400))'
CLEAN	C401	'=IF($A401="","",\'IMPORT SCHEDULE\'!C401)'	'=IF($A401="","",IF(\'IMPORT SCHEDULE\'!C401="","",\'IMPORT SCHEDULE\'!C401))'
CLEAN	D401	'=IF($A401="","",\'IMPORT SCHEDULE\'!D401)'	'=IF($A401="","",IF(\'IMPORT SCHEDULE\'!D401="","",\'IMPORT SCHEDULE\'!D401))'
CLEAN	C402	'=IF($A402="","",\'IMPORT SCHEDULE\'!C402)'	'=IF($A402="","",IF(\'IMPORT SCHEDULE\'!C402="","",\'IMPORT SCHEDULE\'!C402))'
CLEAN	D402	'=IF($A402="","",\'IMPORT SCHEDULE\'!D402)'	'=IF($A402="","",IF(\'IMPORT SCHEDULE\'!D402="","",\'IMPORT SCHEDULE\'!D402))'
CLEAN	C403	'=IF($A403="","",\'IMPORT SCHEDULE\'!C403)'	'=IF($A403="","",IF(\'IMPORT SCHEDULE\'!C403="","",\'IMPORT SCHEDULE\'!C403))'
CLEAN	D403	'=IF($A403="","",\'IMPORT SCHEDULE\'!D403)'	'=IF($A403="","",IF(\'IMPORT SCHEDULE\'!D403="","",\'IMPORT SCHEDULE\'!D403))'
CLEAN	C404	'=IF($A404="","",\'IMPORT SCHEDULE\'!C404)'	'=IF($A404="","",IF(\'IMPORT SCHEDULE\'!C404="","",\'IMPORT SCHEDULE\'!C404))'
CLEAN	D404	'=IF($A404="","",\'IMPORT SCHEDULE\'!D404)'	'=IF($A404="","",IF(\'IMPORT SCHEDULE\'!D404="","",\'IMPORT SCHEDULE\'!D404))'
CLEAN	C405	'=IF($A405="","",\'IMPORT SCHEDULE\'!C405)'	'=IF($A405="","",IF(\'IMPORT SCHEDULE\'!C405="","",\'IMPORT SCHEDULE\'!C405))'
CLEAN	D405	'=IF($A405="","",\'IMPORT SCHEDULE\'!D405)'	'=IF($A405="","",IF(\'IMPORT SCHEDULE\'!D405="","",\'IMPORT SCHEDULE\'!D405))'
CLEAN	C406	'=IF($A406="","",\'IMPORT SCHEDULE\'!C406)'	'=IF($A406="","",IF(\'IMPORT SCHEDULE\'!C406="","",\'IMPORT SCHEDULE\'!C406))'
CLEAN	D406	'=IF($A406="","",\'IMPORT SCHEDULE\'!D406)'	'=IF($A406="","",IF(\'IMPORT SCHEDULE\'!D406="","",\'IMPORT SCHEDULE\'!D406))'
CLEAN	C407	'=IF($A407="","",\'IMPORT SCHEDULE\'!C407)'	'=IF($A407="","",IF(\'IMPORT SCHEDULE\'!C407="","",\'IMPORT SCHEDULE\'!C407))'
CLEAN	D407	'=IF($A407="","",\'IMPORT SCHEDULE\'!D407)'	'=IF($A407="","",IF(\'IMPORT SCHEDULE\'!D407="","",\'IMPORT SCHEDULE\'!D407))'
CLEAN	C408	'=IF($A408="","",\'IMPORT SCHEDULE\'!C408)'	'=IF($A408="","",IF(\'IMPORT SCHEDULE\'!C408="","",\'IMPORT SCHEDULE\'!C408))'
CLEAN	D408	'=IF($A408="","",\'IMPORT SCHEDULE\'!D408)'	'=IF($A408="","",IF(\'IMPORT SCHEDULE\'!D408="","",\'IMPORT SCHEDULE\'!D408))'
CLEAN	C409	'=IF($A409="","",\'IMPORT SCHEDULE\'!C409)'	'=IF($A409="","",IF(\'IMPORT SCHEDULE\'!C409="","",\'IMPORT SCHEDULE\'!C409))'
CLEAN	D409	'=IF($A409="","",\'IMPORT SCHEDULE\'!D409)'	'=IF($A409="","",IF(\'IMPORT SCHEDULE\'!D409="","",\'IMPORT SCHEDULE\'!D409))'
CLEAN	C410	'=IF($A410="","",\'IMPORT SCHEDULE\'!C410)'	'=IF($A410="","",IF(\'IMPORT SCHEDULE\'!C410="","",\'IMPORT SCHEDULE\'!C410))'
CLEAN	D410	'=IF($A410="","",\'IMPORT SCHEDULE\'!D410)'	'=IF($A410="","",IF(\'IMPORT SCHEDULE\'!D410="","",\'IMPORT SCHEDULE\'!D410))'
CLEAN	C411	'=IF($A411="","",\'IMPORT SCHEDULE\'!C411)'	'=IF($A411="","",IF(\'IMPORT SCHEDULE\'!C411="","",\'IMPORT SCHEDULE\'!C411))'
CLEAN	D411	'=IF($A411="","",\'IMPORT SCHEDULE\'!D411)'	'=IF($A411="","",IF(\'IMPORT SCHEDULE\'!D411="","",\'IMPORT SCHEDULE\'!D411))'
CLEAN	C412	'=IF($A412="","",\'IMPORT SCHEDULE\'!C412)'	'=IF($A412="","",IF(\'IMPORT SCHEDULE\'!C412="","",\'IMPORT SCHEDULE\'!C412))'
CLEAN	D412	'=IF($A412="","",\'IMPORT SCHEDULE\'!D412)'	'=IF($A412="","",IF(\'IMPORT SCHEDULE\'!D412="","",\'IMPORT SCHEDULE\'!D412))'
CLEAN	C413	'=IF($A413="","",\'IMPORT SCHEDULE\'!C413)'	'=IF($A413="","",IF(\'IMPORT SCHEDULE\'!C413="","",\'IMPORT SCHEDULE\'!C413))'
CLEAN	D413	'=IF($A413="","",\'IMPORT SCHEDULE\'!D413)'	'=IF($A413="","",IF(\'IMPORT SCHEDULE\'!D413="","",\'IMPORT SCHEDULE\'!D413))'
CLEAN	C414	'=IF($A414="","",\'IMPORT SCHEDULE\'!C414)'	'=IF($A414="","",IF(\'IMPORT SCHEDULE\'!C414="","",\'IMPORT SCHEDULE\'!C414))'
CLEAN	D414	'=IF($A414="","",\'IMPORT SCHEDULE\'!D414)'	'=IF($A414="","",IF(\'IMPORT SCHEDULE\'!D414="","",\'IMPORT SCHEDULE\'!D414))'
CLEAN	C415	'=IF($A415="","",\'IMPORT SCHEDULE\'!C415)'	'=IF($A415="","",IF(\'IMPORT SCHEDULE\'!C415="","",\'IMPORT SCHEDULE\'!C415))'
CLEAN	D415	'=IF($A415="","",\'IMPORT SCHEDULE\'!D415)'	'=IF($A415="","",IF(\'IMPORT SCHEDULE\'!D415="","",\'IMPORT SCHEDULE\'!D415))'
CLEAN	C416	'=IF($A416="","",\'IMPORT SCHEDULE\'!C416)'	'=IF($A416="","",IF(\'IMPORT SCHEDULE\'!C416="","",\'IMPORT SCHEDULE\'!C416))'
CLEAN	D416	'=IF($A416="","",\'IMPORT SCHEDULE\'!D416)'	'=IF($A416="","",IF(\'IMPORT SCHEDULE\'!D416="","",\'IMPORT SCHEDULE\'!D416))'
CLEAN	C417	'=IF($A417="","",\'IMPORT SCHEDULE\'!C417)'	'=IF($A417="","",IF(\'IMPORT SCHEDULE\'!C417="","",\'IMPORT SCHEDULE\'!C417))'
CLEAN	D417	'=IF($A417="","",\'IMPORT SCHEDULE\'!D417)'	'=IF($A417="","",IF(\'IMPORT SCHEDULE\'!D417="","",\'IMPORT SCHEDULE\'!D417))'
CLEAN	C418	'=IF($A418="","",\'IMPORT SCHEDULE\'!C418)'	'=IF($A418="","",IF(\'IMPORT SCHEDULE\'!C418="","",\'IMPORT SCHEDULE\'!C418))'
CLEAN	D418	'=IF($A418="","",\'IMPORT SCHEDULE\'!D418)'	'=IF($A418="","",IF(\'IMPORT SCHEDULE\'!D418="","",\'IMPORT SCHEDULE\'!D418))'
CLEAN	C419	'=IF($A419="","",\'IMPORT SCHEDULE\'!C419)'	'=IF($A419="","",IF(\'IMPORT SCHEDULE\'!C419="","",\'IMPORT SCHEDULE\'!C419))'
CLEAN	D419	'=IF($A419="","",\'IMPORT SCHEDULE\'!D419)'	'=IF($A419="","",IF(\'IMPORT SCHEDULE\'!D419="","",\'IMPORT SCHEDULE\'!D419))'
CLEAN	C420	'=IF($A420="","",\'IMPORT SCHEDULE\'!C420)'	'=IF($A420="","",IF(\'IMPORT SCHEDULE\'!C420="","",\'IMPORT SCHEDULE\'!C420))'
CLEAN	D420	'=IF($A420="","",\'IMPORT SCHEDULE\'!D420)'	'=IF($A420="","",IF(\'IMPORT SCHEDULE\'!D420="","",\'IMPORT SCHEDULE\'!D420))'
CLEAN	C421	'=IF($A421="","",\'IMPORT SCHEDULE\'!C421)'	'=IF($A421="","",IF(\'IMPORT SCHEDULE\'!C421="","",\'IMPORT SCHEDULE\'!C421))'
CLEAN	D421	'=IF($A421="","",\'IMPORT SCHEDULE\'!D421)'	'=IF($A421="","",IF(\'IMPORT SCHEDULE\'!D421="","",\'IMPORT SCHEDULE\'!D421))'
CLEAN	C422	'=IF($A422="","",\'IMPORT SCHEDULE\'!C422)'	'=IF($A422="","",IF(\'IMPORT SCHEDULE\'!C422="","",\'IMPORT SCHEDULE\'!C422))'
CLEAN	D422	'=IF($A422="","",\'IMPORT SCHEDULE\'!D422)'	'=IF($A422="","",IF(\'IMPORT SCHEDULE\'!D422="","",\'IMPORT SCHEDULE\'!D422))'
CLEAN	C423	'=IF($A423="","",\'IMPORT SCHEDULE\'!C423)'	'=IF($A423="","",IF(\'IMPORT SCHEDULE\'!C423="","",\'IMPORT SCHEDULE\'!C423))'
CLEAN	D423	'=IF($A423="","",\'IMPORT SCHEDULE\'!D423)'	'=IF($A423="","",IF(\'IMPORT SCHEDULE\'!D423="","",\'IMPORT SCHEDULE\'!D423))'
CLEAN	C424	'=IF($A424="","",\'IMPORT SCHEDULE\'!C424)'	'=IF($A424="","",IF(\'IMPORT SCHEDULE\'!C424="","",\'IMPORT SCHEDULE\'!C424))'
CLEAN	D424	'=IF($A424="","",\'IMPORT SCHEDULE\'!D424)'	'=IF($A424="","",IF(\'IMPORT SCHEDULE\'!D424="","",\'IMPORT SCHEDULE\'!D424))'
CLEAN	C425	'=IF($A425="","",\'IMPORT SCHEDULE\'!C425)'	'=IF($A425="","",IF(\'IMPORT SCHEDULE\'!C425="","",\'IMPORT SCHEDULE\'!C425))'
CLEAN	D425	'=IF($A425="","",\'IMPORT SCHEDULE\'!D425)'	'=IF($A425="","",IF(\'IMPORT SCHEDULE\'!D425="","",\'IMPORT SCHEDULE\'!D425))'
CLEAN	C426	'=IF($A426="","",\'IMPORT SCHEDULE\'!C426)'	'=IF($A426="","",IF(\'IMPORT SCHEDULE\'!C426="","",\'IMPORT SCHEDULE\'!C426))'
CLEAN	D426	'=IF($A426="","",\'IMPORT SCHEDULE\'!D426)'	'=IF($A426="","",IF(\'IMPORT SCHEDULE\'!D426="","",\'IMPORT SCHEDULE\'!D426))'
CLEAN	C427	'=IF($A427="","",\'IMPORT SCHEDULE\'!C427)'	'=IF($A427="","",IF(\'IMPORT SCHEDULE\'!C427="","",\'IMPORT SCHEDULE\'!C427))'
CLEAN	D427	'=IF($A427="","",\'IMPORT SCHEDULE\'!D427)'	'=IF($A427="","",IF(\'IMPORT SCHEDULE\'!D427="","",\'IMPORT SCHEDULE\'!D427))'
CLEAN	C428	'=IF($A428="","",\'IMPORT SCHEDULE\'!C428)'	'=IF($A428="","",IF(\'IMPORT SCHEDULE\'!C428="","",\'IMPORT SCHEDULE\'!C428))'
CLEAN	D428	'=IF($A428="","",\'IMPORT SCHEDULE\'!D428)'	'=IF($A428="","",IF(\'IMPORT SCHEDULE\'!D428="","",\'IMPORT SCHEDULE\'!D428))'
CLEAN	C429	'=IF($A429="","",\'IMPORT SCHEDULE\'!C429)'	'=IF($A429="","",IF(\'IMPORT SCHEDULE\'!C429="","",\'IMPORT SCHEDULE\'!C429))'
CLEAN	D429	'=IF($A429="","",\'IMPORT SCHEDULE\'!D429)'	'=IF($A429="","",IF(\'IMPORT SCHEDULE\'!D429="","",\'IMPORT SCHEDULE\'!D429))'
CLEAN	C430	'=IF($A430="","",\'IMPORT SCHEDULE\'!C430)'	'=IF($A430="","",IF(\'IMPORT SCHEDULE\'!C430="","",\'IMPORT SCHEDULE\'!C430))'
CLEAN	D430	'=IF($A430="","",\'IMPORT SCHEDULE\'!D430)'	'=IF($A430="","",IF(\'IMPORT SCHEDULE\'!D430="","",\'IMPORT SCHEDULE\'!D430))'
CLEAN	C431	'=IF($A431="","",\'IMPORT SCHEDULE\'!C431)'	'=IF($A431="","",IF(\'IMPORT SCHEDULE\'!C431="","",\'IMPORT SCHEDULE\'!C431))'
CLEAN	D431	'=IF($A431="","",\'IMPORT SCHEDULE\'!D431)'	'=IF($A431="","",IF(\'IMPORT SCHEDULE\'!D431="","",\'IMPORT SCHEDULE\'!D431))'
CLEAN	C432	'=IF($A432="","",\'IMPORT SCHEDULE\'!C432)'	'=IF($A432="","",IF(\'IMPORT SCHEDULE\'!C432="","",\'IMPORT SCHEDULE\'!C432))'
CLEAN	D432	'=IF($A432="","",\'IMPORT SCHEDULE\'!D432)'	'=IF($A432="","",IF(\'IMPORT SCHEDULE\'!D432="","",\'IMPORT SCHEDULE\'!D432))'
CLEAN	C433	'=IF($A433="","",\'IMPORT SCHEDULE\'!C433)'	'=IF($A433="","",IF(\'IMPORT SCHEDULE\'!C433="","",\'IMPORT SCHEDULE\'!C433))'
CLEAN	D433	'=IF($A433="","",\'IMPORT SCHEDULE\'!D433)'	'=IF($A433="","",IF(\'IMPORT SCHEDULE\'!D433="","",\'IMPORT SCHEDULE\'!D433))'
CLEAN	C434	'=IF($A434="","",\'IMPORT SCHEDULE\'!C434)'	'=IF($A434="","",IF(\'IMPORT SCHEDULE\'!C434="","",\'IMPORT SCHEDULE\'!C434))'
CLEAN	D434	'=IF($A434="","",\'IMPORT SCHEDULE\'!D434)'	'=IF($A434="","",IF(\'IMPORT SCHEDULE\'!D434="","",\'IMPORT SCHEDULE\'!D434))'
CLEAN	C435	'=IF($A435="","",\'IMPORT SCHEDULE\'!C435)'	'=IF($A435="","",IF(\'IMPORT SCHEDULE\'!C435="","",\'IMPORT SCHEDULE\'!C435))'
CLEAN	D435	'=IF($A435="","",\'IMPORT SCHEDULE\'!D435)'	'=IF($A435="","",IF(\'IMPORT SCHEDULE\'!D435="","",\'IMPORT SCHEDULE\'!D435))'
CLEAN	C436	'=IF($A436="","",\'IMPORT SCHEDULE\'!C436)'	'=IF($A436="","",IF(\'IMPORT SCHEDULE\'!C436="","",\'IMPORT SCHEDULE\'!C436))'
CLEAN	D436	'=IF($A436="","",\'IMPORT SCHEDULE\'!D436)'	'=IF($A436="","",IF(\'IMPORT SCHEDULE\'!D436="","",\'IMPORT SCHEDULE\'!D436))'
CLEAN	C437	'=IF($A437="","",\'IMPORT SCHEDULE\'!C437)'	'=IF($A437="","",IF(\'IMPORT SCHEDULE\'!C437="","",\'IMPORT SCHEDULE\'!C437))'
CLEAN	D437	'=IF($A437="","",\'IMPORT SCHEDULE\'!D437)'	'=IF($A437="","",IF(\'IMPORT SCHEDULE\'!D437="","",\'IMPORT SCHEDULE\'!D437))'
CLEAN	C438	'=IF($A438="","",\'IMPORT SCHEDULE\'!C438)'	'=IF($A438="","",IF(\'IMPORT SCHEDULE\'!C438="","",\'IMPORT SCHEDULE\'!C438))'
CLEAN	D438	'=IF($A438="","",\'IMPORT SCHEDULE\'!D438)'	'=IF($A438="","",IF(\'IMPORT SCHEDULE\'!D438="","",\'IMPORT SCHEDULE\'!D438))'
CLEAN	C439	'=IF($A439="","",\'IMPORT SCHEDULE\'!C439)'	'=IF($A439="","",IF(\'IMPORT SCHEDULE\'!C439="","",\'IMPORT SCHEDULE\'!C439))'
CLEAN	D439	'=IF($A439="","",\'IMPORT SCHEDULE\'!D439)'	'=IF($A439="","",IF(\'IMPORT SCHEDULE\'!D439="","",\'IMPORT SCHEDULE\'!D439))'
CLEAN	C440	'=IF($A440="","",\'IMPORT SCHEDULE\'!C440)'	'=IF($A440="","",IF(\'IMPORT SCHEDULE\'!C440="","",\'IMPORT SCHEDULE\'!C440))'
CLEAN	D440	'=IF($A440="","",\'IMPORT SCHEDULE\'!D440)'	'=IF($A440="","",IF(\'IMPORT SCHEDULE\'!D440="","",\'IMPORT SCHEDULE\'!D440))'
CLEAN	C441	'=IF($A441="","",\'IMPORT SCHEDULE\'!C441)'	'=IF($A441="","",IF(\'IMPORT SCHEDULE\'!C441="","",\'IMPORT SCHEDULE\'!C441))'
CLEAN	D441	'=IF($A441="","",\'IMPORT SCHEDULE\'!D441)'	'=IF($A441="","",IF(\'IMPORT SCHEDULE\'!D441="","",\'IMPORT SCHEDULE\'!D441))'
CLEAN	C442	'=IF($A442="","",\'IMPORT SCHEDULE\'!C442)'	'=IF($A442="","",IF(\'IMPORT SCHEDULE\'!C442="","",\'IMPORT SCHEDULE\'!C442))'
CLEAN	D442	'=IF($A442="","",\'IMPORT SCHEDULE\'!D442)'	'=IF($A442="","",IF(\'IMPORT SCHEDULE\'!D442="","",\'IMPORT SCHEDULE\'!D442))'
CLEAN	C443	'=IF($A443="","",\'IMPORT SCHEDULE\'!C443)'	'=IF($A443="","",IF(\'IMPORT SCHEDULE\'!C443="","",\'IMPORT SCHEDULE\'!C443))'
CLEAN	D443	'=IF($A443="","",\'IMPORT SCHEDULE\'!D443)'	'=IF($A443="","",IF(\'IMPORT SCHEDULE\'!D443="","",\'IMPORT SCHEDULE\'!D443))'
CLEAN	C444	'=IF($A444="","",\'IMPORT SCHEDULE\'!C444)'	'=IF($A444="","",IF(\'IMPORT SCHEDULE\'!C444="","",\'IMPORT SCHEDULE\'!C444))'
CLEAN	D444	'=IF($A444="","",\'IMPORT SCHEDULE\'!D444)'	'=IF($A444="","",IF(\'IMPORT SCHEDULE\'!D444="","",\'IMPORT SCHEDULE\'!D444))'
CLEAN	C445	'=IF($A445="","",\'IMPORT SCHEDULE\'!C445)'	'=IF($A445="","",IF(\'IMPORT SCHEDULE\'!C445="","",\'IMPORT SCHEDULE\'!C445))'
CLEAN	D445	'=IF($A445="","",\'IMPORT SCHEDULE\'!D445)'	'=IF($A445="","",IF(\'IMPORT SCHEDULE\'!D445="","",\'IMPORT SCHEDULE\'!D445))'
CLEAN	C446	'=IF($A446="","",\'IMPORT SCHEDULE\'!C446)'	'=IF($A446="","",IF(\'IMPORT SCHEDULE\'!C446="","",\'IMPORT SCHEDULE\'!C446))'
CLEAN	D446	'=IF($A446="","",\'IMPORT SCHEDULE\'!D446)'	'=IF($A446="","",IF(\'IMPORT SCHEDULE\'!D446="","",\'IMPORT SCHEDULE\'!D446))'
CLEAN	C447	'=IF($A447="","",\'IMPORT SCHEDULE\'!C447)'	'=IF($A447="","",IF(\'IMPORT SCHEDULE\'!C447="","",\'IMPORT SCHEDULE\'!C447))'
CLEAN	D447	'=IF($A447="","",\'IMPORT SCHEDULE\'!D447)'	'=IF($A447="","",IF(\'IMPORT SCHEDULE\'!D447="","",\'IMPORT SCHEDULE\'!D447))'
CLEAN	C448	'=IF($A448="","",\'IMPORT SCHEDULE\'!C448)'	'=IF($A448="","",IF(\'IMPORT SCHEDULE\'!C448="","",\'IMPORT SCHEDULE\'!C448))'
CLEAN	D448	'=IF($A448="","",\'IMPORT SCHEDULE\'!D448)'	'=IF($A448="","",IF(\'IMPORT SCHEDULE\'!D448="","",\'IMPORT SCHEDULE\'!D448))'
CLEAN	C449	'=IF($A449="","",\'IMPORT SCHEDULE\'!C449)'	'=IF($A449="","",IF(\'IMPORT SCHEDULE\'!C449="","",\'IMPORT SCHEDULE\'!C449))'
CLEAN	D449	'=IF($A449="","",\'IMPORT SCHEDULE\'!D449)'	'=IF($A449="","",IF(\'IMPORT SCHEDULE\'!D449="","",\'IMPORT SCHEDULE\'!D449))'
CLEAN	C450	'=IF($A450="","",\'IMPORT SCHEDULE\'!C450)'	'=IF($A450="","",IF(\'IMPORT SCHEDULE\'!C450="","",\'IMPORT SCHEDULE\'!C450))'
CLEAN	D450	'=IF($A450="","",\'IMPORT SCHEDULE\'!D450)'	'=IF($A450="","",IF(\'IMPORT SCHEDULE\'!D450="","",\'IMPORT SCHEDULE\'!D450))'
CLEAN	C451	'=IF($A451="","",\'IMPORT SCHEDULE\'!C451)'	'=IF($A451="","",IF(\'IMPORT SCHEDULE\'!C451="","",\'IMPORT SCHEDULE\'!C451))'
CLEAN	D451	'=IF($A451="","",\'IMPORT SCHEDULE\'!D451)'	'=IF($A451="","",IF(\'IMPORT SCHEDULE\'!D451="","",\'IMPORT SCHEDULE\'!D451))'
CLEAN	C452	'=IF($A452="","",\'IMPORT SCHEDULE\'!C452)'	'=IF($A452="","",IF(\'IMPORT SCHEDULE\'!C452="","",\'IMPORT SCHEDULE\'!C452))'
CLEAN	D452	'=IF($A452="","",\'IMPORT SCHEDULE\'!D452)'	'=IF($A452="","",IF(\'IMPORT SCHEDULE\'!D452="","",\'IMPORT SCHEDULE\'!D452))'
CLEAN	C453	'=IF($A453="","",\'IMPORT SCHEDULE\'!C453)'	'=IF($A453="","",IF(\'IMPORT SCHEDULE\'!C453="","",\'IMPORT SCHEDULE\'!C453))'
CLEAN	D453	'=IF($A453="","",\'IMPORT SCHEDULE\'!D453)'	'=IF($A453="","",IF(\'IMPORT SCHEDULE\'!D453="","",\'IMPORT SCHEDULE\'!D453))'
CLEAN	C454	'=IF($A454="","",\'IMPORT SCHEDULE\'!C454)'	'=IF($A454="","",IF(\'IMPORT SCHEDULE\'!C454="","",\'IMPORT SCHEDULE\'!C454))'
CLEAN	D454	'=IF($A454="","",\'IMPORT SCHEDULE\'!D454)'	'=IF($A454="","",IF(\'IMPORT SCHEDULE\'!D454="","",\'IMPORT SCHEDULE\'!D454))'
CLEAN	C455	'=IF($A455="","",\'IMPORT SCHEDULE\'!C455)'	'=IF($A455="","",IF(\'IMPORT SCHEDULE\'!C455="","",\'IMPORT SCHEDULE\'!C455))'
CLEAN	D455	'=IF($A455="","",\'IMPORT SCHEDULE\'!D455)'	'=IF($A455="","",IF(\'IMPORT SCHEDULE\'!D455="","",\'IMPORT SCHEDULE\'!D455))'
CLEAN	C456	'=IF($A456="","",\'IMPORT SCHEDULE\'!C456)'	'=IF($A456="","",IF(\'IMPORT SCHEDULE\'!C456="","",\'IMPORT SCHEDULE\'!C456))'
CLEAN	D456	'=IF($A456="","",\'IMPORT SCHEDULE\'!D456)'	'=IF($A456="","",IF(\'IMPORT SCHEDULE\'!D456="","",\'IMPORT SCHEDULE\'!D456))'
CLEAN	C457	'=IF($A457="","",\'IMPORT SCHEDULE\'!C457)'	'=IF($A457="","",IF(\'IMPORT SCHEDULE\'!C457="","",\'IMPORT SCHEDULE\'!C457))'
CLEAN	D457	'=IF($A457="","",\'IMPORT SCHEDULE\'!D457)'	'=IF($A457="","",IF(\'IMPORT SCHEDULE\'!D457="","",\'IMPORT SCHEDULE\'!D457))'
CLEAN	C458	'=IF($A458="","",\'IMPORT SCHEDULE\'!C458)'	'=IF($A458="","",IF(\'IMPORT SCHEDULE\'!C458="","",\'IMPORT SCHEDULE\'!C458))'
CLEAN	D458	'=IF($A458="","",\'IMPORT SCHEDULE\'!D458)'	'=IF($A458="","",IF(\'IMPORT SCHEDULE\'!D458="","",\'IMPORT SCHEDULE\'!D458))'
CLEAN	C459	'=IF($A459="","",\'IMPORT SCHEDULE\'!C459)'	'=IF($A459="","",IF(\'IMPORT SCHEDULE\'!C459="","",\'IMPORT SCHEDULE\'!C459))'
CLEAN	D459	'=IF($A459="","",\'IMPORT SCHEDULE\'!D459)'	'=IF($A459="","",IF(\'IMPORT SCHEDULE\'!D459="","",\'IMPORT SCHEDULE\'!D459))'
CLEAN	C460	'=IF($A460="","",\'IMPORT SCHEDULE\'!C460)'	'=IF($A460="","",IF(\'IMPORT SCHEDULE\'!C460="","",\'IMPORT SCHEDULE\'!C460))'
CLEAN	D460	'=IF($A460="","",\'IMPORT SCHEDULE\'!D460)'	'=IF($A460="","",IF(\'IMPORT SCHEDULE\'!D460="","",\'IMPORT SCHEDULE\'!D460))'
CLEAN	C461	'=IF($A461="","",\'IMPORT SCHEDULE\'!C461)'	'=IF($A461="","",IF(\'IMPORT SCHEDULE\'!C461="","",\'IMPORT SCHEDULE\'!C461))'
CLEAN	D461	'=IF($A461="","",\'IMPORT SCHEDULE\'!D461)'	'=IF($A461="","",IF(\'IMPORT SCHEDULE\'!D461="","",\'IMPORT SCHEDULE\'!D461))'
CLEAN	C462	'=IF($A462="","",\'IMPORT SCHEDULE\'!C462)'	'=IF($A462="","",IF(\'IMPORT SCHEDULE\'!C462="","",\'IMPORT SCHEDULE\'!C462))'
CLEAN	D462	'=IF($A462="","",\'IMPORT SCHEDULE\'!D462)'	'=IF($A462="","",IF(\'IMPORT SCHEDULE\'!D462="","",\'IMPORT SCHEDULE\'!D462))'
CLEAN	C463	'=IF($A463="","",\'IMPORT SCHEDULE\'!C463)'	'=IF($A463="","",IF(\'IMPORT SCHEDULE\'!C463="","",\'IMPORT SCHEDULE\'!C463))'
CLEAN	D463	'=IF($A463="","",\'IMPORT SCHEDULE\'!D463)'	'=IF($A463="","",IF(\'IMPORT SCHEDULE\'!D463="","",\'IMPORT SCHEDULE\'!D463))'
CLEAN	C464	'=IF($A464="","",\'IMPORT SCHEDULE\'!C464)'	'=IF($A464="","",IF(\'IMPORT SCHEDULE\'!C464="","",\'IMPORT SCHEDULE\'!C464))'
CLEAN	D464	'=IF($A464="","",\'IMPORT SCHEDULE\'!D464)'	'=IF($A464="","",IF(\'IMPORT SCHEDULE\'!D464="","",\'IMPORT SCHEDULE\'!D464))'
CLEAN	C465	'=IF($A465="","",\'IMPORT SCHEDULE\'!C465)'	'=IF($A465="","",IF(\'IMPORT SCHEDULE\'!C465="","",\'IMPORT SCHEDULE\'!C465))'
CLEAN	D465	'=IF($A465="","",\'IMPORT SCHEDULE\'!D465)'	'=IF($A465="","",IF(\'IMPORT SCHEDULE\'!D465="","",\'IMPORT SCHEDULE\'!D465))'
CLEAN	C466	'=IF($A466="","",\'IMPORT SCHEDULE\'!C466)'	'=IF($A466="","",IF(\'IMPORT SCHEDULE\'!C466="","",\'IMPORT SCHEDULE\'!C466))'
CLEAN	D466	'=IF($A466="","",\'IMPORT SCHEDULE\'!D466)'	'=IF($A466="","",IF(\'IMPORT SCHEDULE\'!D466="","",\'IMPORT SCHEDULE\'!D466))'
CLEAN	C467	'=IF($A467="","",\'IMPORT SCHEDULE\'!C467)'	'=IF($A467="","",IF(\'IMPORT SCHEDULE\'!C467="","",\'IMPORT SCHEDULE\'!C467))'
CLEAN	D467	'=IF($A467="","",\'IMPORT SCHEDULE\'!D467)'	'=IF($A467="","",IF(\'IMPORT SCHEDULE\'!D467="","",\'IMPORT SCHEDULE\'!D467))'
CLEAN	C468	'=IF($A468="","",\'IMPORT SCHEDULE\'!C468)'	'=IF($A468="","",IF(\'IMPORT SCHEDULE\'!C468="","",\'IMPORT SCHEDULE\'!C468))'
CLEAN	D468	'=IF($A468="","",\'IMPORT SCHEDULE\'!D468)'	'=IF($A468="","",IF(\'IMPORT SCHEDULE\'!D468="","",\'IMPORT SCHEDULE\'!D468))'
CLEAN	C469	'=IF($A469="","",\'IMPORT SCHEDULE\'!C469)'	'=IF($A469="","",IF(\'IMPORT SCHEDULE\'!C469="","",\'IMPORT SCHEDULE\'!C469))'
CLEAN	D469	'=IF($A469="","",\'IMPORT SCHEDULE\'!D469)'	'=IF($A469="","",IF(\'IMPORT SCHEDULE\'!D469="","",\'IMPORT SCHEDULE\'!D469))'
CLEAN	C470	'=IF($A470="","",\'IMPORT SCHEDULE\'!C470)'	'=IF($A470="","",IF(\'IMPORT SCHEDULE\'!C470="","",\'IMPORT SCHEDULE\'!C470))'
CLEAN	D470	'=IF($A470="","",\'IMPORT SCHEDULE\'!D470)'	'=IF($A470="","",IF(\'IMPORT SCHEDULE\'!D470="","",\'IMPORT SCHEDULE\'!D470))'
CLEAN	C471	'=IF($A471="","",\'IMPORT SCHEDULE\'!C471)'	'=IF($A471="","",IF(\'IMPORT SCHEDULE\'!C471="","",\'IMPORT SCHEDULE\'!C471))'
CLEAN	D471	'=IF($A471="","",\'IMPORT SCHEDULE\'!D471)'	'=IF($A471="","",IF(\'IMPORT SCHEDULE\'!D471="","",\'IMPORT SCHEDULE\'!D471))'
CLEAN	C472	'=IF($A472="","",\'IMPORT SCHEDULE\'!C472)'	'=IF($A472="","",IF(\'IMPORT SCHEDULE\'!C472="","",\'IMPORT SCHEDULE\'!C472))'
CLEAN	D472	'=IF($A472="","",\'IMPORT SCHEDULE\'!D472)'	'=IF($A472="","",IF(\'IMPORT SCHEDULE\'!D472="","",\'IMPORT SCHEDULE\'!D472))'
CLEAN	C473	'=IF($A473="","",\'IMPORT SCHEDULE\'!C473)'	'=IF($A473="","",IF(\'IMPORT SCHEDULE\'!C473="","",\'IMPORT SCHEDULE\'!C473))'
CLEAN	D473	'=IF($A473="","",\'IMPORT SCHEDULE\'!D473)'	'=IF($A473="","",IF(\'IMPORT SCHEDULE\'!D473="","",\'IMPORT SCHEDULE\'!D473))'
CLEAN	C474	'=IF($A474="","",\'IMPORT SCHEDULE\'!C474)'	'=IF($A474="","",IF(\'IMPORT SCHEDULE\'!C474="","",\'IMPORT SCHEDULE\'!C474))'
CLEAN	D474	'=IF($A474="","",\'IMPORT SCHEDULE\'!D474)'	'=IF($A474="","",IF(\'IMPORT SCHEDULE\'!D474="","",\'IMPORT SCHEDULE\'!D474))'
CLEAN	C475	'=IF($A475="","",\'IMPORT SCHEDULE\'!C475)'	'=IF($A475="","",IF(\'IMPORT SCHEDULE\'!C475="","",\'IMPORT SCHEDULE\'!C475))'
CLEAN	D475	'=IF($A475="","",\'IMPORT SCHEDULE\'!D475)'	'=IF($A475="","",IF(\'IMPORT SCHEDULE\'!D475="","",\'IMPORT SCHEDULE\'!D475))'
CLEAN	C476	'=IF($A476="","",\'IMPORT SCHEDULE\'!C476)'	'=IF($A476="","",IF(\'IMPORT SCHEDULE\'!C476="","",\'IMPORT SCHEDULE\'!C476))'
CLEAN	D476	'=IF($A476="","",\'IMPORT SCHEDULE\'!D476)'	'=IF($A476="","",IF(\'IMPORT SCHEDULE\'!D476="","",\'IMPORT SCHEDULE\'!D476))'
CLEAN	C477	'=IF($A477="","",\'IMPORT SCHEDULE\'!C477)'	'=IF($A477="","",IF(\'IMPORT SCHEDULE\'!C477="","",\'IMPORT SCHEDULE\'!C477))'
CLEAN	D477	'=IF($A477="","",\'IMPORT SCHEDULE\'!D477)'	'=IF($A477="","",IF(\'IMPORT SCHEDULE\'!D477="","",\'IMPORT SCHEDULE\'!D477))'
CLEAN	C478	'=IF($A478="","",\'IMPORT SCHEDULE\'!C478)'	'=IF($A478="","",IF(\'IMPORT SCHEDULE\'!C478="","",\'IMPORT SCHEDULE\'!C478))'
CLEAN	D478	'=IF($A478="","",\'IMPORT SCHEDULE\'!D478)'	'=IF($A478="","",IF(\'IMPORT SCHEDULE\'!D478="","",\'IMPORT SCHEDULE\'!D478))'
CLEAN	C479	'=IF($A479="","",\'IMPORT SCHEDULE\'!C479)'	'=IF($A479="","",IF(\'IMPORT SCHEDULE\'!C479="","",\'IMPORT SCHEDULE\'!C479))'
CLEAN	D479	'=IF($A479="","",\'IMPORT SCHEDULE\'!D479)'	'=IF($A479="","",IF(\'IMPORT SCHEDULE\'!D479="","",\'IMPORT SCHEDULE\'!D479))'
CLEAN	C480	'=IF($A480="","",\'IMPORT SCHEDULE\'!C480)'	'=IF($A480="","",IF(\'IMPORT SCHEDULE\'!C480="","",\'IMPORT SCHEDULE\'!C480))'
CLEAN	D480	'=IF($A480="","",\'IMPORT SCHEDULE\'!D480)'	'=IF($A480="","",IF(\'IMPORT SCHEDULE\'!D480="","",\'IMPORT SCHEDULE\'!D480))'
CLEAN	C481	'=IF($A481="","",\'IMPORT SCHEDULE\'!C481)'	'=IF($A481="","",IF(\'IMPORT SCHEDULE\'!C481="","",\'IMPORT SCHEDULE\'!C481))'
CLEAN	D481	'=IF($A481="","",\'IMPORT SCHEDULE\'!D481)'	'=IF($A481="","",IF(\'IMPORT SCHEDULE\'!D481="","",\'IMPORT SCHEDULE\'!D481))'
CLEAN	C482	'=IF($A482="","",\'IMPORT SCHEDULE\'!C482)'	'=IF($A482="","",IF(\'IMPORT SCHEDULE\'!C482="","",\'IMPORT SCHEDULE\'!C482))'
CLEAN	D482	'=IF($A482="","",\'IMPORT SCHEDULE\'!D482)'	'=IF($A482="","",IF(\'IMPORT SCHEDULE\'!D482="","",\'IMPORT SCHEDULE\'!D482))'
CLEAN	C483	'=IF($A483="","",\'IMPORT SCHEDULE\'!C483)'	'=IF($A483="","",IF(\'IMPORT SCHEDULE\'!C483="","",\'IMPORT SCHEDULE\'!C483))'
CLEAN	D483	'=IF($A483="","",\'IMPORT SCHEDULE\'!D483)'	'=IF($A483="","",IF(\'IMPORT SCHEDULE\'!D483="","",\'IMPORT SCHEDULE\'!D483))'
CLEAN	C484	'=IF($A484="","",\'IMPORT SCHEDULE\'!C484)'	'=IF($A484="","",IF(\'IMPORT SCHEDULE\'!C484="","",\'IMPORT SCHEDULE\'!C484))'
CLEAN	D484	'=IF($A484="","",\'IMPORT SCHEDULE\'!D484)'	'=IF($A484="","",IF(\'IMPORT SCHEDULE\'!D484="","",\'IMPORT SCHEDULE\'!D484))'
CLEAN	C485	'=IF($A485="","",\'IMPORT SCHEDULE\'!C485)'	'=IF($A485="","",IF(\'IMPORT SCHEDULE\'!C485="","",\'IMPORT SCHEDULE\'!C485))'
CLEAN	D485	'=IF($A485="","",\'IMPORT SCHEDULE\'!D485)'	'=IF($A485="","",IF(\'IMPORT SCHEDULE\'!D485="","",\'IMPORT SCHEDULE\'!D485))'
CLEAN	C486	'=IF($A486="","",\'IMPORT SCHEDULE\'!C486)'	'=IF($A486="","",IF(\'IMPORT SCHEDULE\'!C486="","",\'IMPORT SCHEDULE\'!C486))'
CLEAN	D486	'=IF($A486="","",\'IMPORT SCHEDULE\'!D486)'	'=IF($A486="","",IF(\'IMPORT SCHEDULE\'!D486="","",\'IMPORT SCHEDULE\'!D486))'
CLEAN	C487	'=IF($A487="","",\'IMPORT SCHEDULE\'!C487)'	'=IF($A487="","",IF(\'IMPORT SCHEDULE\'!C487="","",\'IMPORT SCHEDULE\'!C487))'
CLEAN	D487	'=IF($A487="","",\'IMPORT SCHEDULE\'!D487)'	'=IF($A487="","",IF(\'IMPORT SCHEDULE\'!D487="","",\'IMPORT SCHEDULE\'!D487))'
CLEAN	C488	'=IF($A488="","",\'IMPORT SCHEDULE\'!C488)'	'=IF($A488="","",IF(\'IMPORT SCHEDULE\'!C488="","",\'IMPORT SCHEDULE\'!C488))'
CLEAN	D488	'=IF($A488="","",\'IMPORT SCHEDULE\'!D488)'	'=IF($A488="","",IF(\'IMPORT SCHEDULE\'!D488="","",\'IMPORT SCHEDULE\'!D488))'
CLEAN	C489	'=IF($A489="","",\'IMPORT SCHEDULE\'!C489)'	'=IF($A489="","",IF(\'IMPORT SCHEDULE\'!C489="","",\'IMPORT SCHEDULE\'!C489))'
CLEAN	D489	'=IF($A489="","",\'IMPORT SCHEDULE\'!D489)'	'=IF($A489="","",IF(\'IMPORT SCHEDULE\'!D489="","",\'IMPORT SCHEDULE\'!D489))'
CLEAN	C490	'=IF($A490="","",\'IMPORT SCHEDULE\'!C490)'	'=IF($A490="","",IF(\'IMPORT SCHEDULE\'!C490="","",\'IMPORT SCHEDULE\'!C490))'
CLEAN	D490	'=IF($A490="","",\'IMPORT SCHEDULE\'!D490)'	'=IF($A490="","",IF(\'IMPORT SCHEDULE\'!D490="","",\'IMPORT SCHEDULE\'!D490))'
CLEAN	C491	'=IF($A491="","",\'IMPORT SCHEDULE\'!C491)'	'=IF($A491="","",IF(\'IMPORT SCHEDULE\'!C491="","",\'IMPORT SCHEDULE\'!C491))'
CLEAN	D491	'=IF($A491="","",\'IMPORT SCHEDULE\'!D491)'	'=IF($A491="","",IF(\'IMPORT SCHEDULE\'!D491="","",\'IMPORT SCHEDULE\'!D491))'
CLEAN	C492	'=IF($A492="","",\'IMPORT SCHEDULE\'!C492)'	'=IF($A492="","",IF(\'IMPORT SCHEDULE\'!C492="","",\'IMPORT SCHEDULE\'!C492))'
CLEAN	D492	'=IF($A492="","",\'IMPORT SCHEDULE\'!D492)'	'=IF($A492="","",IF(\'IMPORT SCHEDULE\'!D492="","",\'IMPORT SCHEDULE\'!D492))'
CLEAN	C493	'=IF($A493="","",\'IMPORT SCHEDULE\'!C493)'	'=IF($A493="","",IF(\'IMPORT SCHEDULE\'!C493="","",\'IMPORT SCHEDULE\'!C493))'
CLEAN	D493	'=IF($A493="","",\'IMPORT SCHEDULE\'!D493)'	'=IF($A493="","",IF(\'IMPORT SCHEDULE\'!D493="","",\'IMPORT SCHEDULE\'!D493))'
CLEAN	C494	'=IF($A494="","",\'IMPORT SCHEDULE\'!C494)'	'=IF($A494="","",IF(\'IMPORT SCHEDULE\'!C494="","",\'IMPORT SCHEDULE\'!C494))'
CLEAN	D494	'=IF($A494="","",\'IMPORT SCHEDULE\'!D494)'	'=IF($A494="","",IF(\'IMPORT SCHEDULE\'!D494="","",\'IMPORT SCHEDULE\'!D494))'
CLEAN	C495	'=IF($A495="","",\'IMPORT SCHEDULE\'!C495)'	'=IF($A495="","",IF(\'IMPORT SCHEDULE\'!C495="","",\'IMPORT SCHEDULE\'!C495))'
CLEAN	D495	'=IF($A495="","",\'IMPORT SCHEDULE\'!D495)'	'=IF($A495="","",IF(\'IMPORT SCHEDULE\'!D495="","",\'IMPORT SCHEDULE\'!D495))'
CLEAN	C496	'=IF($A496="","",\'IMPORT SCHEDULE\'!C496)'	'=IF($A496="","",IF(\'IMPORT SCHEDULE\'!C496="","",\'IMPORT SCHEDULE\'!C496))'
CLEAN	D496	'=IF($A496="","",\'IMPORT SCHEDULE\'!D496)'	'=IF($A496="","",IF(\'IMPORT SCHEDULE\'!D496="","",\'IMPORT SCHEDULE\'!D496))'
CLEAN	C497	'=IF($A497="","",\'IMPORT SCHEDULE\'!C497)'	'=IF($A497="","",IF(\'IMPORT SCHEDULE\'!C497="","",\'IMPORT SCHEDULE\'!C497))'
CLEAN	D497	'=IF($A497="","",\'IMPORT SCHEDULE\'!D497)'	'=IF($A497="","",IF(\'IMPORT SCHEDULE\'!D497="","",\'IMPORT SCHEDULE\'!D497))'
CLEAN	C498	'=IF($A498="","",\'IMPORT SCHEDULE\'!C498)'	'=IF($A498="","",IF(\'IMPORT SCHEDULE\'!C498="","",\'IMPORT SCHEDULE\'!C498))'
CLEAN	D498	'=IF($A498="","",\'IMPORT SCHEDULE\'!D498)'	'=IF($A498="","",IF(\'IMPORT SCHEDULE\'!D498="","",\'IMPORT SCHEDULE\'!D498))'
CLEAN	C499	'=IF($A499="","",\'IMPORT SCHEDULE\'!C499)'	'=IF($A499="","",IF(\'IMPORT SCHEDULE\'!C499="","",\'IMPORT SCHEDULE\'!C499))'
CLEAN	D499	'=IF($A499="","",\'IMPORT SCHEDULE\'!D499)'	'=IF($A499="","",IF(\'IMPORT SCHEDULE\'!D499="","",\'IMPORT SCHEDULE\'!D499))'
CLEAN	C500	'=IF($A500="","",\'IMPORT SCHEDULE\'!C500)'	'=IF($A500="","",IF(\'IMPORT SCHEDULE\'!C500="","",\'IMPORT SCHEDULE\'!C500))'
CLEAN	D500	'=IF($A500="","",\'IMPORT SCHEDULE\'!D500)'	'=IF($A500="","",IF(\'IMPORT SCHEDULE\'!D500="","",\'IMPORT SCHEDULE\'!D500))'
CLEAN	C501	'=IF($A501="","",\'IMPORT SCHEDULE\'!C501)'	'=IF($A501="","",IF(\'IMPORT SCHEDULE\'!C501="","",\'IMPORT SCHEDULE\'!C501))'
CLEAN	D501	'=IF($A501="","",\'IMPORT SCHEDULE\'!D501)'	'=IF($A501="","",IF(\'IMPORT SCHEDULE\'!D501="","",\'IMPORT SCHEDULE\'!D501))'
CLEAN	C502	'=IF($A502="","",\'IMPORT SCHEDULE\'!C502)'	'=IF($A502="","",IF(\'IMPORT SCHEDULE\'!C502="","",\'IMPORT SCHEDULE\'!C502))'
CLEAN	D502	'=IF($A502="","",\'IMPORT SCHEDULE\'!D502)'	'=IF($A502="","",IF(\'IMPORT SCHEDULE\'!D502="","",\'IMPORT SCHEDULE\'!D502))'
CLEAN	C503	'=IF($A503="","",\'IMPORT SCHEDULE\'!C503)'	'=IF($A503="","",IF(\'IMPORT SCHEDULE\'!C503="","",\'IMPORT SCHEDULE\'!C503))'
CLEAN	D503	'=IF($A503="","",\'IMPORT SCHEDULE\'!D503)'	'=IF($A503="","",IF(\'IMPORT SCHEDULE\'!D503="","",\'IMPORT SCHEDULE\'!D503))'
CLEAN	C504	'=IF($A504="","",\'IMPORT SCHEDULE\'!C504)'	'=IF($A504="","",IF(\'IMPORT SCHEDULE\'!C504="","",\'IMPORT SCHEDULE\'!C504))'
CLEAN	D504	'=IF($A504="","",\'IMPORT SCHEDULE\'!D504)'	'=IF($A504="","",IF(\'IMPORT SCHEDULE\'!D504="","",\'IMPORT SCHEDULE\'!D504))'
CLEAN	C505	'=IF($A505="","",\'IMPORT SCHEDULE\'!C505)'	'=IF($A505="","",IF(\'IMPORT SCHEDULE\'!C505="","",\'IMPORT SCHEDULE\'!C505))'
CLEAN	D505	'=IF($A505="","",\'IMPORT SCHEDULE\'!D505)'	'=IF($A505="","",IF(\'IMPORT SCHEDULE\'!D505="","",\'IMPORT SCHEDULE\'!D505))'
CLEAN	C506	'=IF($A506="","",\'IMPORT SCHEDULE\'!C506)'	'=IF($A506="","",IF(\'IMPORT SCHEDULE\'!C506="","",\'IMPORT SCHEDULE\'!C506))'
CLEAN	D506	'=IF($A506="","",\'IMPORT SCHEDULE\'!D506)'	'=IF($A506="","",IF(\'IMPORT SCHEDULE\'!D506="","",\'IMPORT SCHEDULE\'!D506))'
CLEAN	C507	'=IF($A507="","",\'IMPORT SCHEDULE\'!C507)'	'=IF($A507="","",IF(\'IMPORT SCHEDULE\'!C507="","",\'IMPORT SCHEDULE\'!C507))'
CLEAN	D507	'=IF($A507="","",\'IMPORT SCHEDULE\'!D507)'	'=IF($A507="","",IF(\'IMPORT SCHEDULE\'!D507="","",\'IMPORT SCHEDULE\'!D507))'
CLEAN	C508	'=IF($A508="","",\'IMPORT SCHEDULE\'!C508)'	'=IF($A508="","",IF(\'IMPORT SCHEDULE\'!C508="","",\'IMPORT SCHEDULE\'!C508))'
CLEAN	D508	'=IF($A508="","",\'IMPORT SCHEDULE\'!D508)'	'=IF($A508="","",IF(\'IMPORT SCHEDULE\'!D508="","",\'IMPORT SCHEDULE\'!D508))'
CLEAN	C509	'=IF($A509="","",\'IMPORT SCHEDULE\'!C509)'	'=IF($A509="","",IF(\'IMPORT SCHEDULE\'!C509="","",\'IMPORT SCHEDULE\'!C509))'
CLEAN	D509	'=IF($A509="","",\'IMPORT SCHEDULE\'!D509)'	'=IF($A509="","",IF(\'IMPORT SCHEDULE\'!D509="","",\'IMPORT SCHEDULE\'!D509))'
CLEAN	C510	'=IF($A510="","",\'IMPORT SCHEDULE\'!C510)'	'=IF($A510="","",IF(\'IMPORT SCHEDULE\'!C510="","",\'IMPORT SCHEDULE\'!C510))'
CLEAN	D510	'=IF($A510="","",\'IMPORT SCHEDULE\'!D510)'	'=IF($A510="","",IF(\'IMPORT SCHEDULE\'!D510="","",\'IMPORT SCHEDULE\'!D510))'
CLEAN	C511	'=IF($A511="","",\'IMPORT SCHEDULE\'!C511)'	'=IF($A511="","",IF(\'IMPORT SCHEDULE\'!C511="","",\'IMPORT SCHEDULE\'!C511))'
CLEAN	D511	'=IF($A511="","",\'IMPORT SCHEDULE\'!D511)'	'=IF($A511="","",IF(\'IMPORT SCHEDULE\'!D511="","",\'IMPORT SCHEDULE\'!D511))'
CLEAN	C512	'=IF($A512="","",\'IMPORT SCHEDULE\'!C512)'	'=IF($A512="","",IF(\'IMPORT SCHEDULE\'!C512="","",\'IMPORT SCHEDULE\'!C512))'
CLEAN	D512	'=IF($A512="","",\'IMPORT SCHEDULE\'!D512)'	'=IF($A512="","",IF(\'IMPORT SCHEDULE\'!D512="","",\'IMPORT SCHEDULE\'!D512))'
CLEAN	C513	'=IF($A513="","",\'IMPORT SCHEDULE\'!C513)'	'=IF($A513="","",IF(\'IMPORT SCHEDULE\'!C513="","",\'IMPORT SCHEDULE\'!C513))'
CLEAN	D513	'=IF($A513="","",\'IMPORT SCHEDULE\'!D513)'	'=IF($A513="","",IF(\'IMPORT SCHEDULE\'!D513="","",\'IMPORT SCHEDULE\'!D513))'
CLEAN	C514	'=IF($A514="","",\'IMPORT SCHEDULE\'!C514)'	'=IF($A514="","",IF(\'IMPORT SCHEDULE\'!C514="","",\'IMPORT SCHEDULE\'!C514))'
CLEAN	D514	'=IF($A514="","",\'IMPORT SCHEDULE\'!D514)'	'=IF($A514="","",IF(\'IMPORT SCHEDULE\'!D514="","",\'IMPORT SCHEDULE\'!D514))'
CLEAN	C515	'=IF($A515="","",\'IMPORT SCHEDULE\'!C515)'	'=IF($A515="","",IF(\'IMPORT SCHEDULE\'!C515="","",\'IMPORT SCHEDULE\'!C515))'
CLEAN	D515	'=IF($A515="","",\'IMPORT SCHEDULE\'!D515)'	'=IF($A515="","",IF(\'IMPORT SCHEDULE\'!D515="","",\'IMPORT SCHEDULE\'!D515))'
CLEAN	C516	'=IF($A516="","",\'IMPORT SCHEDULE\'!C516)'	'=IF($A516="","",IF(\'IMPORT SCHEDULE\'!C516="","",\'IMPORT SCHEDULE\'!C516))'
CLEAN	D516	'=IF($A516="","",\'IMPORT SCHEDULE\'!D516)'	'=IF($A516="","",IF(\'IMPORT SCHEDULE\'!D516="","",\'IMPORT SCHEDULE\'!D516))'
CLEAN	C517	'=IF($A517="","",\'IMPORT SCHEDULE\'!C517)'	'=IF($A517="","",IF(\'IMPORT SCHEDULE\'!C517="","",\'IMPORT SCHEDULE\'!C517))'
CLEAN	D517	'=IF($A517="","",\'IMPORT SCHEDULE\'!D517)'	'=IF($A517="","",IF(\'IMPORT SCHEDULE\'!D517="","",\'IMPORT SCHEDULE\'!D517))'
CLEAN	C518	'=IF($A518="","",\'IMPORT SCHEDULE\'!C518)'	'=IF($A518="","",IF(\'IMPORT SCHEDULE\'!C518="","",\'IMPORT SCHEDULE\'!C518))'
CLEAN	D518	'=IF($A518="","",\'IMPORT SCHEDULE\'!D518)'	'=IF($A518="","",IF(\'IMPORT SCHEDULE\'!D518="","",\'IMPORT SCHEDULE\'!D518))'
CLEAN	C519	'=IF($A519="","",\'IMPORT SCHEDULE\'!C519)'	'=IF($A519="","",IF(\'IMPORT SCHEDULE\'!C519="","",\'IMPORT SCHEDULE\'!C519))'
CLEAN	D519	'=IF($A519="","",\'IMPORT SCHEDULE\'!D519)'	'=IF($A519="","",IF(\'IMPORT SCHEDULE\'!D519="","",\'IMPORT SCHEDULE\'!D519))'
CLEAN	C520	'=IF($A520="","",\'IMPORT SCHEDULE\'!C520)'	'=IF($A520="","",IF(\'IMPORT SCHEDULE\'!C520="","",\'IMPORT SCHEDULE\'!C520))'
CLEAN	D520	'=IF($A520="","",\'IMPORT SCHEDULE\'!D520)'	'=IF($A520="","",IF(\'IMPORT SCHEDULE\'!D520="","",\'IMPORT SCHEDULE\'!D520))'
CLEAN	C521	'=IF($A521="","",\'IMPORT SCHEDULE\'!C521)'	'=IF($A521="","",IF(\'IMPORT SCHEDULE\'!C521="","",\'IMPORT SCHEDULE\'!C521))'
CLEAN	D521	'=IF($A521="","",\'IMPORT SCHEDULE\'!D521)'	'=IF($A521="","",IF(\'IMPORT SCHEDULE\'!D521="","",\'IMPORT SCHEDULE\'!D521))'
CLEAN	C522	'=IF($A522="","",\'IMPORT SCHEDULE\'!C522)'	'=IF($A522="","",IF(\'IMPORT SCHEDULE\'!C522="","",\'IMPORT SCHEDULE\'!C522))'
CLEAN	D522	'=IF($A522="","",\'IMPORT SCHEDULE\'!D522)'	'=IF($A522="","",IF(\'IMPORT SCHEDULE\'!D522="","",\'IMPORT SCHEDULE\'!D522))'
CLEAN	C523	'=IF($A523="","",\'IMPORT SCHEDULE\'!C523)'	'=IF($A523="","",IF(\'IMPORT SCHEDULE\'!C523="","",\'IMPORT SCHEDULE\'!C523))'
CLEAN	D523	'=IF($A523="","",\'IMPORT SCHEDULE\'!D523)'	'=IF($A523="","",IF(\'IMPORT SCHEDULE\'!D523="","",\'IMPORT SCHEDULE\'!D523))'
CLEAN	C524	'=IF($A524="","",\'IMPORT SCHEDULE\'!C524)'	'=IF($A524="","",IF(\'IMPORT SCHEDULE\'!C524="","",\'IMPORT SCHEDULE\'!C524))'
CLEAN	D524	'=IF($A524="","",\'IMPORT SCHEDULE\'!D524)'	'=IF($A524="","",IF(\'IMPORT SCHEDULE\'!D524="","",\'IMPORT SCHEDULE\'!D524))'
CLEAN	C525	'=IF($A525="","",\'IMPORT SCHEDULE\'!C525)'	'=IF($A525="","",IF(\'IMPORT SCHEDULE\'!C525="","",\'IMPORT SCHEDULE\'!C525))'
CLEAN	D525	'=IF($A525="","",\'IMPORT SCHEDULE\'!D525)'	'=IF($A525="","",IF(\'IMPORT SCHEDULE\'!D525="","",\'IMPORT SCHEDULE\'!D525))'
CLEAN	C526	'=IF($A526="","",\'IMPORT SCHEDULE\'!C526)'	'=IF($A526="","",IF(\'IMPORT SCHEDULE\'!C526="","",\'IMPORT SCHEDULE\'!C526))'
CLEAN	D526	'=IF($A526="","",\'IMPORT SCHEDULE\'!D526)'	'=IF($A526="","",IF(\'IMPORT SCHEDULE\'!D526="","",\'IMPORT SCHEDULE\'!D526))'
CLEAN	C527	'=IF($A527="","",\'IMPORT SCHEDULE\'!C527)'	'=IF($A527="","",IF(\'IMPORT SCHEDULE\'!C527="","",\'IMPORT SCHEDULE\'!C527))'
CLEAN	D527	'=IF($A527="","",\'IMPORT SCHEDULE\'!D527)'	'=IF($A527="","",IF(\'IMPORT SCHEDULE\'!D527="","",\'IMPORT SCHEDULE\'!D527))'
CLEAN	C528	'=IF($A528="","",\'IMPORT SCHEDULE\'!C528)'	'=IF($A528="","",IF(\'IMPORT SCHEDULE\'!C528="","",\'IMPORT SCHEDULE\'!C528))'
CLEAN	D528	'=IF($A528="","",\'IMPORT SCHEDULE\'!D528)'	'=IF($A528="","",IF(\'IMPORT SCHEDULE\'!D528="","",\'IMPORT SCHEDULE\'!D528))'
CLEAN	C529	'=IF($A529="","",\'IMPORT SCHEDULE\'!C529)'	'=IF($A529="","",IF(\'IMPORT SCHEDULE\'!C529="","",\'IMPORT SCHEDULE\'!C529))'
CLEAN	D529	'=IF($A529="","",\'IMPORT SCHEDULE\'!D529)'	'=IF($A529="","",IF(\'IMPORT SCHEDULE\'!D529="","",\'IMPORT SCHEDULE\'!D529))'
CLEAN	C530	'=IF($A530="","",\'IMPORT SCHEDULE\'!C530)'	'=IF($A530="","",IF(\'IMPORT SCHEDULE\'!C530="","",\'IMPORT SCHEDULE\'!C530))'
CLEAN	D530	'=IF($A530="","",\'IMPORT SCHEDULE\'!D530)'	'=IF($A530="","",IF(\'IMPORT SCHEDULE\'!D530="","",\'IMPORT SCHEDULE\'!D530))'
CLEAN	C531	'=IF($A531="","",\'IMPORT SCHEDULE\'!C531)'	'=IF($A531="","",IF(\'IMPORT SCHEDULE\'!C531="","",\'IMPORT SCHEDULE\'!C531))'
CLEAN	D531	'=IF($A531="","",\'IMPORT SCHEDULE\'!D531)'	'=IF($A531="","",IF(\'IMPORT SCHEDULE\'!D531="","",\'IMPORT SCHEDULE\'!D531))'
CLEAN	C532	'=IF($A532="","",\'IMPORT SCHEDULE\'!C532)'	'=IF($A532="","",IF(\'IMPORT SCHEDULE\'!C532="","",\'IMPORT SCHEDULE\'!C532))'
CLEAN	D532	'=IF($A532="","",\'IMPORT SCHEDULE\'!D532)'	'=IF($A532="","",IF(\'IMPORT SCHEDULE\'!D532="","",\'IMPORT SCHEDULE\'!D532))'
CLEAN	C533	'=IF($A533="","",\'IMPORT SCHEDULE\'!C533)'	'=IF($A533="","",IF(\'IMPORT SCHEDULE\'!C533="","",\'IMPORT SCHEDULE\'!C533))'
CLEAN	D533	'=IF($A533="","",\'IMPORT SCHEDULE\'!D533)'	'=IF($A533="","",IF(\'IMPORT SCHEDULE\'!D533="","",\'IMPORT SCHEDULE\'!D533))'
CLEAN	C534	'=IF($A534="","",\'IMPORT SCHEDULE\'!C534)'	'=IF($A534="","",IF(\'IMPORT SCHEDULE\'!C534="","",\'IMPORT SCHEDULE\'!C534))'
CLEAN	D534	'=IF($A534="","",\'IMPORT SCHEDULE\'!D534)'	'=IF($A534="","",IF(\'IMPORT SCHEDULE\'!D534="","",\'IMPORT SCHEDULE\'!D534))'
CLEAN	C535	'=IF($A535="","",\'IMPORT SCHEDULE\'!C535)'	'=IF($A535="","",IF(\'IMPORT SCHEDULE\'!C535="","",\'IMPORT SCHEDULE\'!C535))'
CLEAN	D535	'=IF($A535="","",\'IMPORT SCHEDULE\'!D535)'	'=IF($A535="","",IF(\'IMPORT SCHEDULE\'!D535="","",\'IMPORT SCHEDULE\'!D535))'
CLEAN	C536	'=IF($A536="","",\'IMPORT SCHEDULE\'!C536)'	'=IF($A536="","",IF(\'IMPORT SCHEDULE\'!C536="","",\'IMPORT SCHEDULE\'!C536))'
CLEAN	D536	'=IF($A536="","",\'IMPORT SCHEDULE\'!D536)'	'=IF($A536="","",IF(\'IMPORT SCHEDULE\'!D536="","",\'IMPORT SCHEDULE\'!D536))'
CLEAN	C537	'=IF($A537="","",\'IMPORT SCHEDULE\'!C537)'	'=IF($A537="","",IF(\'IMPORT SCHEDULE\'!C537="","",\'IMPORT SCHEDULE\'!C537))'
CLEAN	D537	'=IF($A537="","",\'IMPORT SCHEDULE\'!D537)'	'=IF($A537="","",IF(\'IMPORT SCHEDULE\'!D537="","",\'IMPORT SCHEDULE\'!D537))'
CLEAN	C538	'=IF($A538="","",\'IMPORT SCHEDULE\'!C538)'	'=IF($A538="","",IF(\'IMPORT SCHEDULE\'!C538="","",\'IMPORT SCHEDULE\'!C538))'
CLEAN	D538	'=IF($A538="","",\'IMPORT SCHEDULE\'!D538)'	'=IF($A538="","",IF(\'IMPORT SCHEDULE\'!D538="","",\'IMPORT SCHEDULE\'!D538))'
CLEAN	C539	'=IF($A539="","",\'IMPORT SCHEDULE\'!C539)'	'=IF($A539="","",IF(\'IMPORT SCHEDULE\'!C539="","",\'IMPORT SCHEDULE\'!C539))'
CLEAN	D539	'=IF($A539="","",\'IMPORT SCHEDULE\'!D539)'	'=IF($A539="","",IF(\'IMPORT SCHEDULE\'!D539="","",\'IMPORT SCHEDULE\'!D539))'
CLEAN	C540	'=IF($A540="","",\'IMPORT SCHEDULE\'!C540)'	'=IF($A540="","",IF(\'IMPORT SCHEDULE\'!C540="","",\'IMPORT SCHEDULE\'!C540))'
CLEAN	D540	'=IF($A540="","",\'IMPORT SCHEDULE\'!D540)'	'=IF($A540="","",IF(\'IMPORT SCHEDULE\'!D540="","",\'IMPORT SCHEDULE\'!D540))'
CLEAN	C541	'=IF($A541="","",\'IMPORT SCHEDULE\'!C541)'	'=IF($A541="","",IF(\'IMPORT SCHEDULE\'!C541="","",\'IMPORT SCHEDULE\'!C541))'
CLEAN	D541	'=IF($A541="","",\'IMPORT SCHEDULE\'!D541)'	'=IF($A541="","",IF(\'IMPORT SCHEDULE\'!D541="","",\'IMPORT SCHEDULE\'!D541))'
CLEAN	C542	'=IF($A542="","",\'IMPORT SCHEDULE\'!C542)'	'=IF($A542="","",IF(\'IMPORT SCHEDULE\'!C542="","",\'IMPORT SCHEDULE\'!C542))'
CLEAN	D542	'=IF($A542="","",\'IMPORT SCHEDULE\'!D542)'	'=IF($A542="","",IF(\'IMPORT SCHEDULE\'!D542="","",\'IMPORT SCHEDULE\'!D542))'
CLEAN	C543	'=IF($A543="","",\'IMPORT SCHEDULE\'!C543)'	'=IF($A543="","",IF(\'IMPORT SCHEDULE\'!C543="","",\'IMPORT SCHEDULE\'!C543))'
CLEAN	D543	'=IF($A543="","",\'IMPORT SCHEDULE\'!D543)'	'=IF($A543="","",IF(\'IMPORT SCHEDULE\'!D543="","",\'IMPORT SCHEDULE\'!D543))'
CLEAN	C544	'=IF($A544="","",\'IMPORT SCHEDULE\'!C544)'	'=IF($A544="","",IF(\'IMPORT SCHEDULE\'!C544="","",\'IMPORT SCHEDULE\'!C544))'
CLEAN	D544	'=IF($A544="","",\'IMPORT SCHEDULE\'!D544)'	'=IF($A544="","",IF(\'IMPORT SCHEDULE\'!D544="","",\'IMPORT SCHEDULE\'!D544))'
CLEAN	C545	'=IF($A545="","",\'IMPORT SCHEDULE\'!C545)'	'=IF($A545="","",IF(\'IMPORT SCHEDULE\'!C545="","",\'IMPORT SCHEDULE\'!C545))'
CLEAN	D545	'=IF($A545="","",\'IMPORT SCHEDULE\'!D545)'	'=IF($A545="","",IF(\'IMPORT SCHEDULE\'!D545="","",\'IMPORT SCHEDULE\'!D545))'
CLEAN	C546	'=IF($A546="","",\'IMPORT SCHEDULE\'!C546)'	'=IF($A546="","",IF(\'IMPORT SCHEDULE\'!C546="","",\'IMPORT SCHEDULE\'!C546))'
CLEAN	D546	'=IF($A546="","",\'IMPORT SCHEDULE\'!D546)'	'=IF($A546="","",IF(\'IMPORT SCHEDULE\'!D546="","",\'IMPORT SCHEDULE\'!D546))'
CLEAN	C547	'=IF($A547="","",\'IMPORT SCHEDULE\'!C547)'	'=IF($A547="","",IF(\'IMPORT SCHEDULE\'!C547="","",\'IMPORT SCHEDULE\'!C547))'
CLEAN	D547	'=IF($A547="","",\'IMPORT SCHEDULE\'!D547)'	'=IF($A547="","",IF(\'IMPORT SCHEDULE\'!D547="","",\'IMPORT SCHEDULE\'!D547))'
CLEAN	C548	'=IF($A548="","",\'IMPORT SCHEDULE\'!C548)'	'=IF($A548="","",IF(\'IMPORT SCHEDULE\'!C548="","",\'IMPORT SCHEDULE\'!C548))'
CLEAN	D548	'=IF($A548="","",\'IMPORT SCHEDULE\'!D548)'	'=IF($A548="","",IF(\'IMPORT SCHEDULE\'!D548="","",\'IMPORT SCHEDULE\'!D548))'
CLEAN	C549	'=IF($A549="","",\'IMPORT SCHEDULE\'!C549)'	'=IF($A549="","",IF(\'IMPORT SCHEDULE\'!C549="","",\'IMPORT SCHEDULE\'!C549))'
CLEAN	D549	'=IF($A549="","",\'IMPORT SCHEDULE\'!D549)'	'=IF($A549="","",IF(\'IMPORT SCHEDULE\'!D549="","",\'IMPORT SCHEDULE\'!D549))'
CLEAN	C550	'=IF($A550="","",\'IMPORT SCHEDULE\'!C550)'	'=IF($A550="","",IF(\'IMPORT SCHEDULE\'!C550="","",\'IMPORT SCHEDULE\'!C550))'
CLEAN	D550	'=IF($A550="","",\'IMPORT SCHEDULE\'!D550)'	'=IF($A550="","",IF(\'IMPORT SCHEDULE\'!D550="","",\'IMPORT SCHEDULE\'!D550))'
CLEAN	C551	'=IF($A551="","",\'IMPORT SCHEDULE\'!C551)'	'=IF($A551="","",IF(\'IMPORT SCHEDULE\'!C551="","",\'IMPORT SCHEDULE\'!C551))'
CLEAN	D551	'=IF($A551="","",\'IMPORT SCHEDULE\'!D551)'	'=IF($A551="","",IF(\'IMPORT SCHEDULE\'!D551="","",\'IMPORT SCHEDULE\'!D551))'
CLEAN	C552	'=IF($A552="","",\'IMPORT SCHEDULE\'!C552)'	'=IF($A552="","",IF(\'IMPORT SCHEDULE\'!C552="","",\'IMPORT SCHEDULE\'!C552))'
CLEAN	D552	'=IF($A552="","",\'IMPORT SCHEDULE\'!D552)'	'=IF($A552="","",IF(\'IMPORT SCHEDULE\'!D552="","",\'IMPORT SCHEDULE\'!D552))'
CLEAN	C553	'=IF($A553="","",\'IMPORT SCHEDULE\'!C553)'	'=IF($A553="","",IF(\'IMPORT SCHEDULE\'!C553="","",\'IMPORT SCHEDULE\'!C553))'
CLEAN	D553	'=IF($A553="","",\'IMPORT SCHEDULE\'!D553)'	'=IF($A553="","",IF(\'IMPORT SCHEDULE\'!D553="","",\'IMPORT SCHEDULE\'!D553))'
CLEAN	C554	'=IF($A554="","",\'IMPORT SCHEDULE\'!C554)'	'=IF($A554="","",IF(\'IMPORT SCHEDULE\'!C554="","",\'IMPORT SCHEDULE\'!C554))'
CLEAN	D554	'=IF($A554="","",\'IMPORT SCHEDULE\'!D554)'	'=IF($A554="","",IF(\'IMPORT SCHEDULE\'!D554="","",\'IMPORT SCHEDULE\'!D554))'
CLEAN	C555	'=IF($A555="","",\'IMPORT SCHEDULE\'!C555)'	'=IF($A555="","",IF(\'IMPORT SCHEDULE\'!C555="","",\'IMPORT SCHEDULE\'!C555))'
CLEAN	D555	'=IF($A555="","",\'IMPORT SCHEDULE\'!D555)'	'=IF($A555="","",IF(\'IMPORT SCHEDULE\'!D555="","",\'IMPORT SCHEDULE\'!D555))'
CLEAN	C556	'=IF($A556="","",\'IMPORT SCHEDULE\'!C556)'	'=IF($A556="","",IF(\'IMPORT SCHEDULE\'!C556="","",\'IMPORT SCHEDULE\'!C556))'
CLEAN	D556	'=IF($A556="","",\'IMPORT SCHEDULE\'!D556)'	'=IF($A556="","",IF(\'IMPORT SCHEDULE\'!D556="","",\'IMPORT SCHEDULE\'!D556))'
CLEAN	C557	'=IF($A557="","",\'IMPORT SCHEDULE\'!C557)'	'=IF($A557="","",IF(\'IMPORT SCHEDULE\'!C557="","",\'IMPORT SCHEDULE\'!C557))'
CLEAN	D557	'=IF($A557="","",\'IMPORT SCHEDULE\'!D557)'	'=IF($A557="","",IF(\'IMPORT SCHEDULE\'!D557="","",\'IMPORT SCHEDULE\'!D557))'
CLEAN	C558	'=IF($A558="","",\'IMPORT SCHEDULE\'!C558)'	'=IF($A558="","",IF(\'IMPORT SCHEDULE\'!C558="","",\'IMPORT SCHEDULE\'!C558))'
CLEAN	D558	'=IF($A558="","",\'IMPORT SCHEDULE\'!D558)'	'=IF($A558="","",IF(\'IMPORT SCHEDULE\'!D558="","",\'IMPORT SCHEDULE\'!D558))'
CLEAN	C559	'=IF($A559="","",\'IMPORT SCHEDULE\'!C559)'	'=IF($A559="","",IF(\'IMPORT SCHEDULE\'!C559="","",\'IMPORT SCHEDULE\'!C559))'
CLEAN	D559	'=IF($A559="","",\'IMPORT SCHEDULE\'!D559)'	'=IF($A559="","",IF(\'IMPORT SCHEDULE\'!D559="","",\'IMPORT SCHEDULE\'!D559))'
CLEAN	C560	'=IF($A560="","",\'IMPORT SCHEDULE\'!C560)'	'=IF($A560="","",IF(\'IMPORT SCHEDULE\'!C560="","",\'IMPORT SCHEDULE\'!C560))'
CLEAN	D560	'=IF($A560="","",\'IMPORT SCHEDULE\'!D560)'	'=IF($A560="","",IF(\'IMPORT SCHEDULE\'!D560="","",\'IMPORT SCHEDULE\'!D560))'
CLEAN	C561	'=IF($A561="","",\'IMPORT SCHEDULE\'!C561)'	'=IF($A561="","",IF(\'IMPORT SCHEDULE\'!C561="","",\'IMPORT SCHEDULE\'!C561))'
CLEAN	D561	'=IF($A561="","",\'IMPORT SCHEDULE\'!D561)'	'=IF($A561="","",IF(\'IMPORT SCHEDULE\'!D561="","",\'IMPORT SCHEDULE\'!D561))'
CLEAN	C562	'=IF($A562="","",\'IMPORT SCHEDULE\'!C562)'	'=IF($A562="","",IF(\'IMPORT SCHEDULE\'!C562="","",\'IMPORT SCHEDULE\'!C562))'
CLEAN	D562	'=IF($A562="","",\'IMPORT SCHEDULE\'!D562)'	'=IF($A562="","",IF(\'IMPORT SCHEDULE\'!D562="","",\'IMPORT SCHEDULE\'!D562))'
CLEAN	C563	'=IF($A563="","",\'IMPORT SCHEDULE\'!C563)'	'=IF($A563="","",IF(\'IMPORT SCHEDULE\'!C563="","",\'IMPORT SCHEDULE\'!C563))'
CLEAN	D563	'=IF($A563="","",\'IMPORT SCHEDULE\'!D563)'	'=IF($A563="","",IF(\'IMPORT SCHEDULE\'!D563="","",\'IMPORT SCHEDULE\'!D563))'
CLEAN	C564	'=IF($A564="","",\'IMPORT SCHEDULE\'!C564)'	'=IF($A564="","",IF(\'IMPORT SCHEDULE\'!C564="","",\'IMPORT SCHEDULE\'!C564))'
CLEAN	D564	'=IF($A564="","",\'IMPORT SCHEDULE\'!D564)'	'=IF($A564="","",IF(\'IMPORT SCHEDULE\'!D564="","",\'IMPORT SCHEDULE\'!D564))'
CLEAN	C565	'=IF($A565="","",\'IMPORT SCHEDULE\'!C565)'	'=IF($A565="","",IF(\'IMPORT SCHEDULE\'!C565="","",\'IMPORT SCHEDULE\'!C565))'
CLEAN	D565	'=IF($A565="","",\'IMPORT SCHEDULE\'!D565)'	'=IF($A565="","",IF(\'IMPORT SCHEDULE\'!D565="","",\'IMPORT SCHEDULE\'!D565))'
CLEAN	C566	'=IF($A566="","",\'IMPORT SCHEDULE\'!C566)'	'=IF($A566="","",IF(\'IMPORT SCHEDULE\'!C566="","",\'IMPORT SCHEDULE\'!C566))'
CLEAN	D566	'=IF($A566="","",\'IMPORT SCHEDULE\'!D566)'	'=IF($A566="","",IF(\'IMPORT SCHEDULE\'!D566="","",\'IMPORT SCHEDULE\'!D566))'
CLEAN	C567	'=IF($A567="","",\'IMPORT SCHEDULE\'!C567)'	'=IF($A567="","",IF(\'IMPORT SCHEDULE\'!C567="","",\'IMPORT SCHEDULE\'!C567))'
CLEAN	D567	'=IF($A567="","",\'IMPORT SCHEDULE\'!D567)'	'=IF($A567="","",IF(\'IMPORT SCHEDULE\'!D567="","",\'IMPORT SCHEDULE\'!D567))'
CLEAN	C568	'=IF($A568="","",\'IMPORT SCHEDULE\'!C568)'	'=IF($A568="","",IF(\'IMPORT SCHEDULE\'!C568="","",\'IMPORT SCHEDULE\'!C568))'
CLEAN	D568	'=IF($A568="","",\'IMPORT SCHEDULE\'!D568)'	'=IF($A568="","",IF(\'IMPORT SCHEDULE\'!D568="","",\'IMPORT SCHEDULE\'!D568))'
CLEAN	C569	'=IF($A569="","",\'IMPORT SCHEDULE\'!C569)'	'=IF($A569="","",IF(\'IMPORT SCHEDULE\'!C569="","",\'IMPORT SCHEDULE\'!C569))'
CLEAN	D569	'=IF($A569="","",\'IMPORT SCHEDULE\'!D569)'	'=IF($A569="","",IF(\'IMPORT SCHEDULE\'!D569="","",\'IMPORT SCHEDULE\'!D569))'
CLEAN	C570	'=IF($A570="","",\'IMPORT SCHEDULE\'!C570)'	'=IF($A570="","",IF(\'IMPORT SCHEDULE\'!C570="","",\'IMPORT SCHEDULE\'!C570))'
CLEAN	D570	'=IF($A570="","",\'IMPORT SCHEDULE\'!D570)'	'=IF($A570="","",IF(\'IMPORT SCHEDULE\'!D570="","",\'IMPORT SCHEDULE\'!D570))'
CLEAN	C571	'=IF($A571="","",\'IMPORT SCHEDULE\'!C571)'	'=IF($A571="","",IF(\'IMPORT SCHEDULE\'!C571="","",\'IMPORT SCHEDULE\'!C571))'
CLEAN	D571	'=IF($A571="","",\'IMPORT SCHEDULE\'!D571)'	'=IF($A571="","",IF(\'IMPORT SCHEDULE\'!D571="","",\'IMPORT SCHEDULE\'!D571))'
CLEAN	C572	'=IF($A572="","",\'IMPORT SCHEDULE\'!C572)'	'=IF($A572="","",IF(\'IMPORT SCHEDULE\'!C572="","",\'IMPORT SCHEDULE\'!C572))'
CLEAN	D572	'=IF($A572="","",\'IMPORT SCHEDULE\'!D572)'	'=IF($A572="","",IF(\'IMPORT SCHEDULE\'!D572="","",\'IMPORT SCHEDULE\'!D572))'
CLEAN	C573	'=IF($A573="","",\'IMPORT SCHEDULE\'!C573)'	'=IF($A573="","",IF(\'IMPORT SCHEDULE\'!C573="","",\'IMPORT SCHEDULE\'!C573))'
CLEAN	D573	'=IF($A573="","",\'IMPORT SCHEDULE\'!D573)'	'=IF($A573="","",IF(\'IMPORT SCHEDULE\'!D573="","",\'IMPORT SCHEDULE\'!D573))'
CLEAN	C574	'=IF($A574="","",\'IMPORT SCHEDULE\'!C574)'	'=IF($A574="","",IF(\'IMPORT SCHEDULE\'!C574="","",\'IMPORT SCHEDULE\'!C574))'
CLEAN	D574	'=IF($A574="","",\'IMPORT SCHEDULE\'!D574)'	'=IF($A574="","",IF(\'IMPORT SCHEDULE\'!D574="","",\'IMPORT SCHEDULE\'!D574))'
CLEAN	C575	'=IF($A575="","",\'IMPORT SCHEDULE\'!C575)'	'=IF($A575="","",IF(\'IMPORT SCHEDULE\'!C575="","",\'IMPORT SCHEDULE\'!C575))'
CLEAN	D575	'=IF($A575="","",\'IMPORT SCHEDULE\'!D575)'	'=IF($A575="","",IF(\'IMPORT SCHEDULE\'!D575="","",\'IMPORT SCHEDULE\'!D575))'
CLEAN	C576	'=IF($A576="","",\'IMPORT SCHEDULE\'!C576)'	'=IF($A576="","",IF(\'IMPORT SCHEDULE\'!C576="","",\'IMPORT SCHEDULE\'!C576))'
CLEAN	D576	'=IF($A576="","",\'IMPORT SCHEDULE\'!D576)'	'=IF($A576="","",IF(\'IMPORT SCHEDULE\'!D576="","",\'IMPORT SCHEDULE\'!D576))'
CLEAN	C577	'=IF($A577="","",\'IMPORT SCHEDULE\'!C577)'	'=IF($A577="","",IF(\'IMPORT SCHEDULE\'!C577="","",\'IMPORT SCHEDULE\'!C577))'
CLEAN	D577	'=IF($A577="","",\'IMPORT SCHEDULE\'!D577)'	'=IF($A577="","",IF(\'IMPORT SCHEDULE\'!D577="","",\'IMPORT SCHEDULE\'!D577))'
CLEAN	C578	'=IF($A578="","",\'IMPORT SCHEDULE\'!C578)'	'=IF($A578="","",IF(\'IMPORT SCHEDULE\'!C578="","",\'IMPORT SCHEDULE\'!C578))'
CLEAN	D578	'=IF($A578="","",\'IMPORT SCHEDULE\'!D578)'	'=IF($A578="","",IF(\'IMPORT SCHEDULE\'!D578="","",\'IMPORT SCHEDULE\'!D578))'
CLEAN	C579	'=IF($A579="","",\'IMPORT SCHEDULE\'!C579)'	'=IF($A579="","",IF(\'IMPORT SCHEDULE\'!C579="","",\'IMPORT SCHEDULE\'!C579))'
CLEAN	D579	'=IF($A579="","",\'IMPORT SCHEDULE\'!D579)'	'=IF($A579="","",IF(\'IMPORT SCHEDULE\'!D579="","",\'IMPORT SCHEDULE\'!D579))'
CLEAN	C580	'=IF($A580="","",\'IMPORT SCHEDULE\'!C580)'	'=IF($A580="","",IF(\'IMPORT SCHEDULE\'!C580="","",\'IMPORT SCHEDULE\'!C580))'
CLEAN	D580	'=IF($A580="","",\'IMPORT SCHEDULE\'!D580)'	'=IF($A580="","",IF(\'IMPORT SCHEDULE\'!D580="","",\'IMPORT SCHEDULE\'!D580))'
CLEAN	C581	'=IF($A581="","",\'IMPORT SCHEDULE\'!C581)'	'=IF($A581="","",IF(\'IMPORT SCHEDULE\'!C581="","",\'IMPORT SCHEDULE\'!C581))'
CLEAN	D581	'=IF($A581="","",\'IMPORT SCHEDULE\'!D581)'	'=IF($A581="","",IF(\'IMPORT SCHEDULE\'!D581="","",\'IMPORT SCHEDULE\'!D581))'
CLEAN	C582	'=IF($A582="","",\'IMPORT SCHEDULE\'!C582)'	'=IF($A582="","",IF(\'IMPORT SCHEDULE\'!C582="","",\'IMPORT SCHEDULE\'!C582))'
CLEAN	D582	'=IF($A582="","",\'IMPORT SCHEDULE\'!D582)'	'=IF($A582="","",IF(\'IMPORT SCHEDULE\'!D582="","",\'IMPORT SCHEDULE\'!D582))'
CLEAN	C583	'=IF($A583="","",\'IMPORT SCHEDULE\'!C583)'	'=IF($A583="","",IF(\'IMPORT SCHEDULE\'!C583="","",\'IMPORT SCHEDULE\'!C583))'
CLEAN	D583	'=IF($A583="","",\'IMPORT SCHEDULE\'!D583)'	'=IF($A583="","",IF(\'IMPORT SCHEDULE\'!D583="","",\'IMPORT SCHEDULE\'!D583))'
CLEAN	C584	'=IF($A584="","",\'IMPORT SCHEDULE\'!C584)'	'=IF($A584="","",IF(\'IMPORT SCHEDULE\'!C584="","",\'IMPORT SCHEDULE\'!C584))'
CLEAN	D584	'=IF($A584="","",\'IMPORT SCHEDULE\'!D584)'	'=IF($A584="","",IF(\'IMPORT SCHEDULE\'!D584="","",\'IMPORT SCHEDULE\'!D584))'
CLEAN	C585	'=IF($A585="","",\'IMPORT SCHEDULE\'!C585)'	'=IF($A585="","",IF(\'IMPORT SCHEDULE\'!C585="","",\'IMPORT SCHEDULE\'!C585))'
CLEAN	D585	'=IF($A585="","",\'IMPORT SCHEDULE\'!D585)'	'=IF($A585="","",IF(\'IMPORT SCHEDULE\'!D585="","",\'IMPORT SCHEDULE\'!D585))'
CLEAN	C586	'=IF($A586="","",\'IMPORT SCHEDULE\'!C586)'	'=IF($A586="","",IF(\'IMPORT SCHEDULE\'!C586="","",\'IMPORT SCHEDULE\'!C586))'
CLEAN	D586	'=IF($A586="","",\'IMPORT SCHEDULE\'!D586)'	'=IF($A586="","",IF(\'IMPORT SCHEDULE\'!D586="","",\'IMPORT SCHEDULE\'!D586))'
CLEAN	C587	'=IF($A587="","",\'IMPORT SCHEDULE\'!C587)'	'=IF($A587="","",IF(\'IMPORT SCHEDULE\'!C587="","",\'IMPORT SCHEDULE\'!C587))'
CLEAN	D587	'=IF($A587="","",\'IMPORT SCHEDULE\'!D587)'	'=IF($A587="","",IF(\'IMPORT SCHEDULE\'!D587="","",\'IMPORT SCHEDULE\'!D587))'
CLEAN	C588	'=IF($A588="","",\'IMPORT SCHEDULE\'!C588)'	'=IF($A588="","",IF(\'IMPORT SCHEDULE\'!C588="","",\'IMPORT SCHEDULE\'!C588))'
CLEAN	D588	'=IF($A588="","",\'IMPORT SCHEDULE\'!D588)'	'=IF($A588="","",IF(\'IMPORT SCHEDULE\'!D588="","",\'IMPORT SCHEDULE\'!D588))'
CLEAN	C589	'=IF($A589="","",\'IMPORT SCHEDULE\'!C589)'	'=IF($A589="","",IF(\'IMPORT SCHEDULE\'!C589="","",\'IMPORT SCHEDULE\'!C589))'
CLEAN	D589	'=IF($A589="","",\'IMPORT SCHEDULE\'!D589)'	'=IF($A589="","",IF(\'IMPORT SCHEDULE\'!D589="","",\'IMPORT SCHEDULE\'!D589))'
CLEAN	C590	'=IF($A590="","",\'IMPORT SCHEDULE\'!C590)'	'=IF($A590="","",IF(\'IMPORT SCHEDULE\'!C590="","",\'IMPORT SCHEDULE\'!C590))'
CLEAN	D590	'=IF($A590="","",\'IMPORT SCHEDULE\'!D590)'	'=IF($A590="","",IF(\'IMPORT SCHEDULE\'!D590="","",\'IMPORT SCHEDULE\'!D590))'
CLEAN	C591	'=IF($A591="","",\'IMPORT SCHEDULE\'!C591)'	'=IF($A591="","",IF(\'IMPORT SCHEDULE\'!C591="","",\'IMPORT SCHEDULE\'!C591))'
CLEAN	D591	'=IF($A591="","",\'IMPORT SCHEDULE\'!D591)'	'=IF($A591="","",IF(\'IMPORT SCHEDULE\'!D591="","",\'IMPORT SCHEDULE\'!D591))'
CLEAN	C592	'=IF($A592="","",\'IMPORT SCHEDULE\'!C592)'	'=IF($A592="","",IF(\'IMPORT SCHEDULE\'!C592="","",\'IMPORT SCHEDULE\'!C592))'
CLEAN	D592	'=IF($A592="","",\'IMPORT SCHEDULE\'!D592)'	'=IF($A592="","",IF(\'IMPORT SCHEDULE\'!D592="","",\'IMPORT SCHEDULE\'!D592))'
CLEAN	C593	'=IF($A593="","",\'IMPORT SCHEDULE\'!C593)'	'=IF($A593="","",IF(\'IMPORT SCHEDULE\'!C593="","",\'IMPORT SCHEDULE\'!C593))'
CLEAN	D593	'=IF($A593="","",\'IMPORT SCHEDULE\'!D593)'	'=IF($A593="","",IF(\'IMPORT SCHEDULE\'!D593="","",\'IMPORT SCHEDULE\'!D593))'
CLEAN	C594	'=IF($A594="","",\'IMPORT SCHEDULE\'!C594)'	'=IF($A594="","",IF(\'IMPORT SCHEDULE\'!C594="","",\'IMPORT SCHEDULE\'!C594))'
CLEAN	D594	'=IF($A594="","",\'IMPORT SCHEDULE\'!D594)'	'=IF($A594="","",IF(\'IMPORT SCHEDULE\'!D594="","",\'IMPORT SCHEDULE\'!D594))'
CLEAN	C595	'=IF($A595="","",\'IMPORT SCHEDULE\'!C595)'	'=IF($A595="","",IF(\'IMPORT SCHEDULE\'!C595="","",\'IMPORT SCHEDULE\'!C595))'
CLEAN	D595	'=IF($A595="","",\'IMPORT SCHEDULE\'!D595)'	'=IF($A595="","",IF(\'IMPORT SCHEDULE\'!D595="","",\'IMPORT SCHEDULE\'!D595))'
CLEAN	C596	'=IF($A596="","",\'IMPORT SCHEDULE\'!C596)'	'=IF($A596="","",IF(\'IMPORT SCHEDULE\'!C596="","",\'IMPORT SCHEDULE\'!C596))'
CLEAN	D596	'=IF($A596="","",\'IMPORT SCHEDULE\'!D596)'	'=IF($A596="","",IF(\'IMPORT SCHEDULE\'!D596="","",\'IMPORT SCHEDULE\'!D596))'
CLEAN	C597	'=IF($A597="","",\'IMPORT SCHEDULE\'!C597)'	'=IF($A597="","",IF(\'IMPORT SCHEDULE\'!C597="","",\'IMPORT SCHEDULE\'!C597))'
CLEAN	D597	'=IF($A597="","",\'IMPORT SCHEDULE\'!D597)'	'=IF($A597="","",IF(\'IMPORT SCHEDULE\'!D597="","",\'IMPORT SCHEDULE\'!D597))'
CLEAN	C598	'=IF($A598="","",\'IMPORT SCHEDULE\'!C598)'	'=IF($A598="","",IF(\'IMPORT SCHEDULE\'!C598="","",\'IMPORT SCHEDULE\'!C598))'
CLEAN	D598	'=IF($A598="","",\'IMPORT SCHEDULE\'!D598)'	'=IF($A598="","",IF(\'IMPORT SCHEDULE\'!D598="","",\'IMPORT SCHEDULE\'!D598))'
CLEAN	C599	'=IF($A599="","",\'IMPORT SCHEDULE\'!C599)'	'=IF($A599="","",IF(\'IMPORT SCHEDULE\'!C599="","",\'IMPORT SCHEDULE\'!C599))'
CLEAN	D599	'=IF($A599="","",\'IMPORT SCHEDULE\'!D599)'	'=IF($A599="","",IF(\'IMPORT SCHEDULE\'!D599="","",\'IMPORT SCHEDULE\'!D599))'
CLEAN	C600	'=IF($A600="","",\'IMPORT SCHEDULE\'!C600)'	'=IF($A600="","",IF(\'IMPORT SCHEDULE\'!C600="","",\'IMPORT SCHEDULE\'!C600))'
CLEAN	D600	'=IF($A600="","",\'IMPORT SCHEDULE\'!D600)'	'=IF($A600="","",IF(\'IMPORT SCHEDULE\'!D600="","",\'IMPORT SCHEDULE\'!D600))'
CLEAN	C601	'=IF($A601="","",\'IMPORT SCHEDULE\'!C601)'	'=IF($A601="","",IF(\'IMPORT SCHEDULE\'!C601="","",\'IMPORT SCHEDULE\'!C601))'
CLEAN	D601	'=IF($A601="","",\'IMPORT SCHEDULE\'!D601)'	'=IF($A601="","",IF(\'IMPORT SCHEDULE\'!D601="","",\'IMPORT SCHEDULE\'!D601))'
CLEAN	C602	'=IF($A602="","",\'IMPORT SCHEDULE\'!C602)'	'=IF($A602="","",IF(\'IMPORT SCHEDULE\'!C602="","",\'IMPORT SCHEDULE\'!C602))'
CLEAN	D602	'=IF($A602="","",\'IMPORT SCHEDULE\'!D602)'	'=IF($A602="","",IF(\'IMPORT SCHEDULE\'!D602="","",\'IMPORT SCHEDULE\'!D602))'
CLEAN	C603	'=IF($A603="","",\'IMPORT SCHEDULE\'!C603)'	'=IF($A603="","",IF(\'IMPORT SCHEDULE\'!C603="","",\'IMPORT SCHEDULE\'!C603))'
CLEAN	D603	'=IF($A603="","",\'IMPORT SCHEDULE\'!D603)'	'=IF($A603="","",IF(\'IMPORT SCHEDULE\'!D603="","",\'IMPORT SCHEDULE\'!D603))'
CLEAN	C604	'=IF($A604="","",\'IMPORT SCHEDULE\'!C604)'	'=IF($A604="","",IF(\'IMPORT SCHEDULE\'!C604="","",\'IMPORT SCHEDULE\'!C604))'
CLEAN	D604	'=IF($A604="","",\'IMPORT SCHEDULE\'!D604)'	'=IF($A604="","",IF(\'IMPORT SCHEDULE\'!D604="","",\'IMPORT SCHEDULE\'!D604))'
CLEAN	C605	'=IF($A605="","",\'IMPORT SCHEDULE\'!C605)'	'=IF($A605="","",IF(\'IMPORT SCHEDULE\'!C605="","",\'IMPORT SCHEDULE\'!C605))'
CLEAN	D605	'=IF($A605="","",\'IMPORT SCHEDULE\'!D605)'	'=IF($A605="","",IF(\'IMPORT SCHEDULE\'!D605="","",\'IMPORT SCHEDULE\'!D605))'
CLEAN	C606	'=IF($A606="","",\'IMPORT SCHEDULE\'!C606)'	'=IF($A606="","",IF(\'IMPORT SCHEDULE\'!C606="","",\'IMPORT SCHEDULE\'!C606))'
CLEAN	D606	'=IF($A606="","",\'IMPORT SCHEDULE\'!D606)'	'=IF($A606="","",IF(\'IMPORT SCHEDULE\'!D606="","",\'IMPORT SCHEDULE\'!D606))'
CLEAN	C607	'=IF($A607="","",\'IMPORT SCHEDULE\'!C607)'	'=IF($A607="","",IF(\'IMPORT SCHEDULE\'!C607="","",\'IMPORT SCHEDULE\'!C607))'
CLEAN	D607	'=IF($A607="","",\'IMPORT SCHEDULE\'!D607)'	'=IF($A607="","",IF(\'IMPORT SCHEDULE\'!D607="","",\'IMPORT SCHEDULE\'!D607))'
CLEAN	C608	'=IF($A608="","",\'IMPORT SCHEDULE\'!C608)'	'=IF($A608="","",IF(\'IMPORT SCHEDULE\'!C608="","",\'IMPORT SCHEDULE\'!C608))'
CLEAN	D608	'=IF($A608="","",\'IMPORT SCHEDULE\'!D608)'	'=IF($A608="","",IF(\'IMPORT SCHEDULE\'!D608="","",\'IMPORT SCHEDULE\'!D608))'
CLEAN	C609	'=IF($A609="","",\'IMPORT SCHEDULE\'!C609)'	'=IF($A609="","",IF(\'IMPORT SCHEDULE\'!C609="","",\'IMPORT SCHEDULE\'!C609))'
CLEAN	D609	'=IF($A609="","",\'IMPORT SCHEDULE\'!D609)'	'=IF($A609="","",IF(\'IMPORT SCHEDULE\'!D609="","",\'IMPORT SCHEDULE\'!D609))'
CLEAN	C610	'=IF($A610="","",\'IMPORT SCHEDULE\'!C610)'	'=IF($A610="","",IF(\'IMPORT SCHEDULE\'!C610="","",\'IMPORT SCHEDULE\'!C610))'
CLEAN	D610	'=IF($A610="","",\'IMPORT SCHEDULE\'!D610)'	'=IF($A610="","",IF(\'IMPORT SCHEDULE\'!D610="","",\'IMPORT SCHEDULE\'!D610))'
CLEAN	C611	'=IF($A611="","",\'IMPORT SCHEDULE\'!C611)'	'=IF($A611="","",IF(\'IMPORT SCHEDULE\'!C611="","",\'IMPORT SCHEDULE\'!C611))'
CLEAN	D611	'=IF($A611="","",\'IMPORT SCHEDULE\'!D611)'	'=IF($A611="","",IF(\'IMPORT SCHEDULE\'!D611="","",\'IMPORT SCHEDULE\'!D611))'
CLEAN	C612	'=IF($A612="","",\'IMPORT SCHEDULE\'!C612)'	'=IF($A612="","",IF(\'IMPORT SCHEDULE\'!C612="","",\'IMPORT SCHEDULE\'!C612))'
CLEAN	D612	'=IF($A612="","",\'IMPORT SCHEDULE\'!D612)'	'=IF($A612="","",IF(\'IMPORT SCHEDULE\'!D612="","",\'IMPORT SCHEDULE\'!D612))'
CLEAN	C613	'=IF($A613="","",\'IMPORT SCHEDULE\'!C613)'	'=IF($A613="","",IF(\'IMPORT SCHEDULE\'!C613="","",\'IMPORT SCHEDULE\'!C613))'
CLEAN	D613	'=IF($A613="","",\'IMPORT SCHEDULE\'!D613)'	'=IF($A613="","",IF(\'IMPORT SCHEDULE\'!D613="","",\'IMPORT SCHEDULE\'!D613))'
CLEAN	C614	'=IF($A614="","",\'IMPORT SCHEDULE\'!C614)'	'=IF($A614="","",IF(\'IMPORT SCHEDULE\'!C614="","",\'IMPORT SCHEDULE\'!C614))'
CLEAN	D614	'=IF($A614="","",\'IMPORT SCHEDULE\'!D614)'	'=IF($A614="","",IF(\'IMPORT SCHEDULE\'!D614="","",\'IMPORT SCHEDULE\'!D614))'
CLEAN	C615	'=IF($A615="","",\'IMPORT SCHEDULE\'!C615)'	'=IF($A615="","",IF(\'IMPORT SCHEDULE\'!C615="","",\'IMPORT SCHEDULE\'!C615))'
CLEAN	D615	'=IF($A615="","",\'IMPORT SCHEDULE\'!D615)'	'=IF($A615="","",IF(\'IMPORT SCHEDULE\'!D615="","",\'IMPORT SCHEDULE\'!D615))'
CLEAN	C616	'=IF($A616="","",\'IMPORT SCHEDULE\'!C616)'	'=IF($A616="","",IF(\'IMPORT SCHEDULE\'!C616="","",\'IMPORT SCHEDULE\'!C616))'
CLEAN	D616	'=IF($A616="","",\'IMPORT SCHEDULE\'!D616)'	'=IF($A616="","",IF(\'IMPORT SCHEDULE\'!D616="","",\'IMPORT SCHEDULE\'!D616))'
CLEAN	C617	'=IF($A617="","",\'IMPORT SCHEDULE\'!C617)'	'=IF($A617="","",IF(\'IMPORT SCHEDULE\'!C617="","",\'IMPORT SCHEDULE\'!C617))'
CLEAN	D617	'=IF($A617="","",\'IMPORT SCHEDULE\'!D617)'	'=IF($A617="","",IF(\'IMPORT SCHEDULE\'!D617="","",\'IMPORT SCHEDULE\'!D617))'
CLEAN	C618	'=IF($A618="","",\'IMPORT SCHEDULE\'!C618)'	'=IF($A618="","",IF(\'IMPORT SCHEDULE\'!C618="","",\'IMPORT SCHEDULE\'!C618))'
CLEAN	D618	'=IF($A618="","",\'IMPORT SCHEDULE\'!D618)'	'=IF($A618="","",IF(\'IMPORT SCHEDULE\'!D618="","",\'IMPORT SCHEDULE\'!D618))'
CLEAN	C619	'=IF($A619="","",\'IMPORT SCHEDULE\'!C619)'	'=IF($A619="","",IF(\'IMPORT SCHEDULE\'!C619="","",\'IMPORT SCHEDULE\'!C619))'
CLEAN	D619	'=IF($A619="","",\'IMPORT SCHEDULE\'!D619)'	'=IF($A619="","",IF(\'IMPORT SCHEDULE\'!D619="","",\'IMPORT SCHEDULE\'!D619))'
CLEAN	C620	'=IF($A620="","",\'IMPORT SCHEDULE\'!C620)'	'=IF($A620="","",IF(\'IMPORT SCHEDULE\'!C620="","",\'IMPORT SCHEDULE\'!C620))'
CLEAN	D620	'=IF($A620="","",\'IMPORT SCHEDULE\'!D620)'	'=IF($A620="","",IF(\'IMPORT SCHEDULE\'!D620="","",\'IMPORT SCHEDULE\'!D620))'
CLEAN	C621	'=IF($A621="","",\'IMPORT SCHEDULE\'!C621)'	'=IF($A621="","",IF(\'IMPORT SCHEDULE\'!C621="","",\'IMPORT SCHEDULE\'!C621))'
CLEAN	D621	'=IF($A621="","",\'IMPORT SCHEDULE\'!D621)'	'=IF($A621="","",IF(\'IMPORT SCHEDULE\'!D621="","",\'IMPORT SCHEDULE\'!D621))'
CLEAN	C622	'=IF($A622="","",\'IMPORT SCHEDULE\'!C622)'	'=IF($A622="","",IF(\'IMPORT SCHEDULE\'!C622="","",\'IMPORT SCHEDULE\'!C622))'
CLEAN	D622	'=IF($A622="","",\'IMPORT SCHEDULE\'!D622)'	'=IF($A622="","",IF(\'IMPORT SCHEDULE\'!D622="","",\'IMPORT SCHEDULE\'!D622))'
CLEAN	C623	'=IF($A623="","",\'IMPORT SCHEDULE\'!C623)'	'=IF($A623="","",IF(\'IMPORT SCHEDULE\'!C623="","",\'IMPORT SCHEDULE\'!C623))'
CLEAN	D623	'=IF($A623="","",\'IMPORT SCHEDULE\'!D623)'	'=IF($A623="","",IF(\'IMPORT SCHEDULE\'!D623="","",\'IMPORT SCHEDULE\'!D623))'
CLEAN	C624	'=IF($A624="","",\'IMPORT SCHEDULE\'!C624)'	'=IF($A624="","",IF(\'IMPORT SCHEDULE\'!C624="","",\'IMPORT SCHEDULE\'!C624))'
CLEAN	D624	'=IF($A624="","",\'IMPORT SCHEDULE\'!D624)'	'=IF($A624="","",IF(\'IMPORT SCHEDULE\'!D624="","",\'IMPORT SCHEDULE\'!D624))'
CLEAN	C625	'=IF($A625="","",\'IMPORT SCHEDULE\'!C625)'	'=IF($A625="","",IF(\'IMPORT SCHEDULE\'!C625="","",\'IMPORT SCHEDULE\'!C625))'
CLEAN	D625	'=IF($A625="","",\'IMPORT SCHEDULE\'!D625)'	'=IF($A625="","",IF(\'IMPORT SCHEDULE\'!D625="","",\'IMPORT SCHEDULE\'!D625))'
CLEAN	C626	'=IF($A626="","",\'IMPORT SCHEDULE\'!C626)'	'=IF($A626="","",IF(\'IMPORT SCHEDULE\'!C626="","",\'IMPORT SCHEDULE\'!C626))'
CLEAN	D626	'=IF($A626="","",\'IMPORT SCHEDULE\'!D626)'	'=IF($A626="","",IF(\'IMPORT SCHEDULE\'!D626="","",\'IMPORT SCHEDULE\'!D626))'
CLEAN	C627	'=IF($A627="","",\'IMPORT SCHEDULE\'!C627)'	'=IF($A627="","",IF(\'IMPORT SCHEDULE\'!C627="","",\'IMPORT SCHEDULE\'!C627))'
CLEAN	D627	'=IF($A627="","",\'IMPORT SCHEDULE\'!D627)'	'=IF($A627="","",IF(\'IMPORT SCHEDULE\'!D627="","",\'IMPORT SCHEDULE\'!D627))'
CLEAN	C628	'=IF($A628="","",\'IMPORT SCHEDULE\'!C628)'	'=IF($A628="","",IF(\'IMPORT SCHEDULE\'!C628="","",\'IMPORT SCHEDULE\'!C628))'
CLEAN	D628	'=IF($A628="","",\'IMPORT SCHEDULE\'!D628)'	'=IF($A628="","",IF(\'IMPORT SCHEDULE\'!D628="","",\'IMPORT SCHEDULE\'!D628))'
CLEAN	C629	'=IF($A629="","",\'IMPORT SCHEDULE\'!C629)'	'=IF($A629="","",IF(\'IMPORT SCHEDULE\'!C629="","",\'IMPORT SCHEDULE\'!C629))'
CLEAN	D629	'=IF($A629="","",\'IMPORT SCHEDULE\'!D629)'	'=IF($A629="","",IF(\'IMPORT SCHEDULE\'!D629="","",\'IMPORT SCHEDULE\'!D629))'
CLEAN	C630	'=IF($A630="","",\'IMPORT SCHEDULE\'!C630)'	'=IF($A630="","",IF(\'IMPORT SCHEDULE\'!C630="","",\'IMPORT SCHEDULE\'!C630))'
CLEAN	D630	'=IF($A630="","",\'IMPORT SCHEDULE\'!D630)'	'=IF($A630="","",IF(\'IMPORT SCHEDULE\'!D630="","",\'IMPORT SCHEDULE\'!D630))'
CLEAN	C631	'=IF($A631="","",\'IMPORT SCHEDULE\'!C631)'	'=IF($A631="","",IF(\'IMPORT SCHEDULE\'!C631="","",\'IMPORT SCHEDULE\'!C631))'
CLEAN	D631	'=IF($A631="","",\'IMPORT SCHEDULE\'!D631)'	'=IF($A631="","",IF(\'IMPORT SCHEDULE\'!D631="","",\'IMPORT SCHEDULE\'!D631))'
CLEAN	C632	'=IF($A632="","",\'IMPORT SCHEDULE\'!C632)'	'=IF($A632="","",IF(\'IMPORT SCHEDULE\'!C632="","",\'IMPORT SCHEDULE\'!C632))'
CLEAN	D632	'=IF($A632="","",\'IMPORT SCHEDULE\'!D632)'	'=IF($A632="","",IF(\'IMPORT SCHEDULE\'!D632="","",\'IMPORT SCHEDULE\'!D632))'
CLEAN	C633	'=IF($A633="","",\'IMPORT SCHEDULE\'!C633)'	'=IF($A633="","",IF(\'IMPORT SCHEDULE\'!C633="","",\'IMPORT SCHEDULE\'!C633))'
CLEAN	D633	'=IF($A633="","",\'IMPORT SCHEDULE\'!D633)'	'=IF($A633="","",IF(\'IMPORT SCHEDULE\'!D633="","",\'IMPORT SCHEDULE\'!D633))'
CLEAN	C634	'=IF($A634="","",\'IMPORT SCHEDULE\'!C634)'	'=IF($A634="","",IF(\'IMPORT SCHEDULE\'!C634="","",\'IMPORT SCHEDULE\'!C634))'
CLEAN	D634	'=IF($A634="","",\'IMPORT SCHEDULE\'!D634)'	'=IF($A634="","",IF(\'IMPORT SCHEDULE\'!D634="","",\'IMPORT SCHEDULE\'!D634))'
CLEAN	C635	'=IF($A635="","",\'IMPORT SCHEDULE\'!C635)'	'=IF($A635="","",IF(\'IMPORT SCHEDULE\'!C635="","",\'IMPORT SCHEDULE\'!C635))'
CLEAN	D635	'=IF($A635="","",\'IMPORT SCHEDULE\'!D635)'	'=IF($A635="","",IF(\'IMPORT SCHEDULE\'!D635="","",\'IMPORT SCHEDULE\'!D635))'
CLEAN	C636	'=IF($A636="","",\'IMPORT SCHEDULE\'!C636)'	'=IF($A636="","",IF(\'IMPORT SCHEDULE\'!C636="","",\'IMPORT SCHEDULE\'!C636))'
CLEAN	D636	'=IF($A636="","",\'IMPORT SCHEDULE\'!D636)'	'=IF($A636="","",IF(\'IMPORT SCHEDULE\'!D636="","",\'IMPORT SCHEDULE\'!D636))'
CLEAN	C637	'=IF($A637="","",\'IMPORT SCHEDULE\'!C637)'	'=IF($A637="","",IF(\'IMPORT SCHEDULE\'!C637="","",\'IMPORT SCHEDULE\'!C637))'
CLEAN	D637	'=IF($A637="","",\'IMPORT SCHEDULE\'!D637)'	'=IF($A637="","",IF(\'IMPORT SCHEDULE\'!D637="","",\'IMPORT SCHEDULE\'!D637))'
CLEAN	C638	'=IF($A638="","",\'IMPORT SCHEDULE\'!C638)'	'=IF($A638="","",IF(\'IMPORT SCHEDULE\'!C638="","",\'IMPORT SCHEDULE\'!C638))'
CLEAN	D638	'=IF($A638="","",\'IMPORT SCHEDULE\'!D638)'	'=IF($A638="","",IF(\'IMPORT SCHEDULE\'!D638="","",\'IMPORT SCHEDULE\'!D638))'
CLEAN	C639	'=IF($A639="","",\'IMPORT SCHEDULE\'!C639)'	'=IF($A639="","",IF(\'IMPORT SCHEDULE\'!C639="","",\'IMPORT SCHEDULE\'!C639))'
CLEAN	D639	'=IF($A639="","",\'IMPORT SCHEDULE\'!D639)'	'=IF($A639="","",IF(\'IMPORT SCHEDULE\'!D639="","",\'IMPORT SCHEDULE\'!D639))'
CLEAN	C640	'=IF($A640="","",\'IMPORT SCHEDULE\'!C640)'	'=IF($A640="","",IF(\'IMPORT SCHEDULE\'!C640="","",\'IMPORT SCHEDULE\'!C640))'
CLEAN	D640	'=IF($A640="","",\'IMPORT SCHEDULE\'!D640)'	'=IF($A640="","",IF(\'IMPORT SCHEDULE\'!D640="","",\'IMPORT SCHEDULE\'!D640))'
CLEAN	C641	'=IF($A641="","",\'IMPORT SCHEDULE\'!C641)'	'=IF($A641="","",IF(\'IMPORT SCHEDULE\'!C641="","",\'IMPORT SCHEDULE\'!C641))'
CLEAN	D641	'=IF($A641="","",\'IMPORT SCHEDULE\'!D641)'	'=IF($A641="","",IF(\'IMPORT SCHEDULE\'!D641="","",\'IMPORT SCHEDULE\'!D641))'
CLEAN	C642	'=IF($A642="","",\'IMPORT SCHEDULE\'!C642)'	'=IF($A642="","",IF(\'IMPORT SCHEDULE\'!C642="","",\'IMPORT SCHEDULE\'!C642))'
CLEAN	D642	'=IF($A642="","",\'IMPORT SCHEDULE\'!D642)'	'=IF($A642="","",IF(\'IMPORT SCHEDULE\'!D642="","",\'IMPORT SCHEDULE\'!D642))'
CLEAN	C643	'=IF($A643="","",\'IMPORT SCHEDULE\'!C643)'	'=IF($A643="","",IF(\'IMPORT SCHEDULE\'!C643="","",\'IMPORT SCHEDULE\'!C643))'
CLEAN	D643	'=IF($A643="","",\'IMPORT SCHEDULE\'!D643)'	'=IF($A643="","",IF(\'IMPORT SCHEDULE\'!D643="","",\'IMPORT SCHEDULE\'!D643))'
CLEAN	C644	'=IF($A644="","",\'IMPORT SCHEDULE\'!C644)'	'=IF($A644="","",IF(\'IMPORT SCHEDULE\'!C644="","",\'IMPORT SCHEDULE\'!C644))'
CLEAN	D644	'=IF($A644="","",\'IMPORT SCHEDULE\'!D644)'	'=IF($A644="","",IF(\'IMPORT SCHEDULE\'!D644="","",\'IMPORT SCHEDULE\'!D644))'
CLEAN	C645	'=IF($A645="","",\'IMPORT SCHEDULE\'!C645)'	'=IF($A645="","",IF(\'IMPORT SCHEDULE\'!C645="","",\'IMPORT SCHEDULE\'!C645))'
CLEAN	D645	'=IF($A645="","",\'IMPORT SCHEDULE\'!D645)'	'=IF($A645="","",IF(\'IMPORT SCHEDULE\'!D645="","",\'IMPORT SCHEDULE\'!D645))'
CLEAN	C646	'=IF($A646="","",\'IMPORT SCHEDULE\'!C646)'	'=IF($A646="","",IF(\'IMPORT SCHEDULE\'!C646="","",\'IMPORT SCHEDULE\'!C646))'
CLEAN	D646	'=IF($A646="","",\'IMPORT SCHEDULE\'!D646)'	'=IF($A646="","",IF(\'IMPORT SCHEDULE\'!D646="","",\'IMPORT SCHEDULE\'!D646))'
CLEAN	C647	'=IF($A647="","",\'IMPORT SCHEDULE\'!C647)'	'=IF($A647="","",IF(\'IMPORT SCHEDULE\'!C647="","",\'IMPORT SCHEDULE\'!C647))'
CLEAN	D647	'=IF($A647="","",\'IMPORT SCHEDULE\'!D647)'	'=IF($A647="","",IF(\'IMPORT SCHEDULE\'!D647="","",\'IMPORT SCHEDULE\'!D647))'
CLEAN	C648	'=IF($A648="","",\'IMPORT SCHEDULE\'!C648)'	'=IF($A648="","",IF(\'IMPORT SCHEDULE\'!C648="","",\'IMPORT SCHEDULE\'!C648))'
CLEAN	D648	'=IF($A648="","",\'IMPORT SCHEDULE\'!D648)'	'=IF($A648="","",IF(\'IMPORT SCHEDULE\'!D648="","",\'IMPORT SCHEDULE\'!D648))'
CLEAN	C649	'=IF($A649="","",\'IMPORT SCHEDULE\'!C649)'	'=IF($A649="","",IF(\'IMPORT SCHEDULE\'!C649="","",\'IMPORT SCHEDULE\'!C649))'
CLEAN	D649	'=IF($A649="","",\'IMPORT SCHEDULE\'!D649)'	'=IF($A649="","",IF(\'IMPORT SCHEDULE\'!D649="","",\'IMPORT SCHEDULE\'!D649))'
CLEAN	C650	'=IF($A650="","",\'IMPORT SCHEDULE\'!C650)'	'=IF($A650="","",IF(\'IMPORT SCHEDULE\'!C650="","",\'IMPORT SCHEDULE\'!C650))'
CLEAN	D650	'=IF($A650="","",\'IMPORT SCHEDULE\'!D650)'	'=IF($A650="","",IF(\'IMPORT SCHEDULE\'!D650="","",\'IMPORT SCHEDULE\'!D650))'
CLEAN	C651	'=IF($A651="","",\'IMPORT SCHEDULE\'!C651)'	'=IF($A651="","",IF(\'IMPORT SCHEDULE\'!C651="","",\'IMPORT SCHEDULE\'!C651))'
CLEAN	D651	'=IF($A651="","",\'IMPORT SCHEDULE\'!D651)'	'=IF($A651="","",IF(\'IMPORT SCHEDULE\'!D651="","",\'IMPORT SCHEDULE\'!D651))'
CLEAN	C652	'=IF($A652="","",\'IMPORT SCHEDULE\'!C652)'	'=IF($A652="","",IF(\'IMPORT SCHEDULE\'!C652="","",\'IMPORT SCHEDULE\'!C652))'
CLEAN	D652	'=IF($A652="","",\'IMPORT SCHEDULE\'!D652)'	'=IF($A652="","",IF(\'IMPORT SCHEDULE\'!D652="","",\'IMPORT SCHEDULE\'!D652))'
CLEAN	C653	'=IF($A653="","",\'IMPORT SCHEDULE\'!C653)'	'=IF($A653="","",IF(\'IMPORT SCHEDULE\'!C653="","",\'IMPORT SCHEDULE\'!C653))'
CLEAN	D653	'=IF($A653="","",\'IMPORT SCHEDULE\'!D653)'	'=IF($A653="","",IF(\'IMPORT SCHEDULE\'!D653="","",\'IMPORT SCHEDULE\'!D653))'
CLEAN	C654	'=IF($A654="","",\'IMPORT SCHEDULE\'!C654)'	'=IF($A654="","",IF(\'IMPORT SCHEDULE\'!C654="","",\'IMPORT SCHEDULE\'!C654))'
CLEAN	D654	'=IF($A654="","",\'IMPORT SCHEDULE\'!D654)'	'=IF($A654="","",IF(\'IMPORT SCHEDULE\'!D654="","",\'IMPORT SCHEDULE\'!D654))'
CLEAN	C655	'=IF($A655="","",\'IMPORT SCHEDULE\'!C655)'	'=IF($A655="","",IF(\'IMPORT SCHEDULE\'!C655="","",\'IMPORT SCHEDULE\'!C655))'
CLEAN	D655	'=IF($A655="","",\'IMPORT SCHEDULE\'!D655)'	'=IF($A655="","",IF(\'IMPORT SCHEDULE\'!D655="","",\'IMPORT SCHEDULE\'!D655))'
CLEAN	C656	'=IF($A656="","",\'IMPORT SCHEDULE\'!C656)'	'=IF($A656="","",IF(\'IMPORT SCHEDULE\'!C656="","",\'IMPORT SCHEDULE\'!C656))'
CLEAN	D656	'=IF($A656="","",\'IMPORT SCHEDULE\'!D656)'	'=IF($A656="","",IF(\'IMPORT SCHEDULE\'!D656="","",\'IMPORT SCHEDULE\'!D656))'
CLEAN	C657	'=IF($A657="","",\'IMPORT SCHEDULE\'!C657)'	'=IF($A657="","",IF(\'IMPORT SCHEDULE\'!C657="","",\'IMPORT SCHEDULE\'!C657))'
CLEAN	D657	'=IF($A657="","",\'IMPORT SCHEDULE\'!D657)'	'=IF($A657="","",IF(\'IMPORT SCHEDULE\'!D657="","",\'IMPORT SCHEDULE\'!D657))'
CLEAN	C658	'=IF($A658="","",\'IMPORT SCHEDULE\'!C658)'	'=IF($A658="","",IF(\'IMPORT SCHEDULE\'!C658="","",\'IMPORT SCHEDULE\'!C658))'
CLEAN	D658	'=IF($A658="","",\'IMPORT SCHEDULE\'!D658)'	'=IF($A658="","",IF(\'IMPORT SCHEDULE\'!D658="","",\'IMPORT SCHEDULE\'!D658))'
CLEAN	C659	'=IF($A659="","",\'IMPORT SCHEDULE\'!C659)'	'=IF($A659="","",IF(\'IMPORT SCHEDULE\'!C659="","",\'IMPORT SCHEDULE\'!C659))'
CLEAN	D659	'=IF($A659="","",\'IMPORT SCHEDULE\'!D659)'	'=IF($A659="","",IF(\'IMPORT SCHEDULE\'!D659="","",\'IMPORT SCHEDULE\'!D659))'
CLEAN	C660	'=IF($A660="","",\'IMPORT SCHEDULE\'!C660)'	'=IF($A660="","",IF(\'IMPORT SCHEDULE\'!C660="","",\'IMPORT SCHEDULE\'!C660))'
CLEAN	D660	'=IF($A660="","",\'IMPORT SCHEDULE\'!D660)'	'=IF($A660="","",IF(\'IMPORT SCHEDULE\'!D660="","",\'IMPORT SCHEDULE\'!D660))'
CLEAN	C661	'=IF($A661="","",\'IMPORT SCHEDULE\'!C661)'	'=IF($A661="","",IF(\'IMPORT SCHEDULE\'!C661="","",\'IMPORT SCHEDULE\'!C661))'
CLEAN	D661	'=IF($A661="","",\'IMPORT SCHEDULE\'!D661)'	'=IF($A661="","",IF(\'IMPORT SCHEDULE\'!D661="","",\'IMPORT SCHEDULE\'!D661))'
CLEAN	C662	'=IF($A662="","",\'IMPORT SCHEDULE\'!C662)'	'=IF($A662="","",IF(\'IMPORT SCHEDULE\'!C662="","",\'IMPORT SCHEDULE\'!C662))'
CLEAN	D662	'=IF($A662="","",\'IMPORT SCHEDULE\'!D662)'	'=IF($A662="","",IF(\'IMPORT SCHEDULE\'!D662="","",\'IMPORT SCHEDULE\'!D662))'
CLEAN	C663	'=IF($A663="","",\'IMPORT SCHEDULE\'!C663)'	'=IF($A663="","",IF(\'IMPORT SCHEDULE\'!C663="","",\'IMPORT SCHEDULE\'!C663))'
CLEAN	D663	'=IF($A663="","",\'IMPORT SCHEDULE\'!D663)'	'=IF($A663="","",IF(\'IMPORT SCHEDULE\'!D663="","",\'IMPORT SCHEDULE\'!D663))'
CLEAN	C664	'=IF($A664="","",\'IMPORT SCHEDULE\'!C664)'	'=IF($A664="","",IF(\'IMPORT SCHEDULE\'!C664="","",\'IMPORT SCHEDULE\'!C664))'
CLEAN	D664	'=IF($A664="","",\'IMPORT SCHEDULE\'!D664)'	'=IF($A664="","",IF(\'IMPORT SCHEDULE\'!D664="","",\'IMPORT SCHEDULE\'!D664))'
CLEAN	C665	'=IF($A665="","",\'IMPORT SCHEDULE\'!C665)'	'=IF($A665="","",IF(\'IMPORT SCHEDULE\'!C665="","",\'IMPORT SCHEDULE\'!C665))'
CLEAN	D665	'=IF($A665="","",\'IMPORT SCHEDULE\'!D665)'	'=IF($A665="","",IF(\'IMPORT SCHEDULE\'!D665="","",\'IMPORT SCHEDULE\'!D665))'
CLEAN	C666	'=IF($A666="","",\'IMPORT SCHEDULE\'!C666)'	'=IF($A666="","",IF(\'IMPORT SCHEDULE\'!C666="","",\'IMPORT SCHEDULE\'!C666))'
CLEAN	D666	'=IF($A666="","",\'IMPORT SCHEDULE\'!D666)'	'=IF($A666="","",IF(\'IMPORT SCHEDULE\'!D666="","",\'IMPORT SCHEDULE\'!D666))'
CLEAN	C667	'=IF($A667="","",\'IMPORT SCHEDULE\'!C667)'	'=IF($A667="","",IF(\'IMPORT SCHEDULE\'!C667="","",\'IMPORT SCHEDULE\'!C667))'
CLEAN	D667	'=IF($A667="","",\'IMPORT SCHEDULE\'!D667)'	'=IF($A667="","",IF(\'IMPORT SCHEDULE\'!D667="","",\'IMPORT SCHEDULE\'!D667))'
CLEAN	C668	'=IF($A668="","",\'IMPORT SCHEDULE\'!C668)'	'=IF($A668="","",IF(\'IMPORT SCHEDULE\'!C668="","",\'IMPORT SCHEDULE\'!C668))'
CLEAN	D668	'=IF($A668="","",\'IMPORT SCHEDULE\'!D668)'	'=IF($A668="","",IF(\'IMPORT SCHEDULE\'!D668="","",\'IMPORT SCHEDULE\'!D668))'
CLEAN	C669	'=IF($A669="","",\'IMPORT SCHEDULE\'!C669)'	'=IF($A669="","",IF(\'IMPORT SCHEDULE\'!C669="","",\'IMPORT SCHEDULE\'!C669))'
CLEAN	D669	'=IF($A669="","",\'IMPORT SCHEDULE\'!D669)'	'=IF($A669="","",IF(\'IMPORT SCHEDULE\'!D669="","",\'IMPORT SCHEDULE\'!D669))'
CLEAN	C670	'=IF($A670="","",\'IMPORT SCHEDULE\'!C670)'	'=IF($A670="","",IF(\'IMPORT SCHEDULE\'!C670="","",\'IMPORT SCHEDULE\'!C670))'
CLEAN	D670	'=IF($A670="","",\'IMPORT SCHEDULE\'!D670)'	'=IF($A670="","",IF(\'IMPORT SCHEDULE\'!D670="","",\'IMPORT SCHEDULE\'!D670))'
CLEAN	C671	'=IF($A671="","",\'IMPORT SCHEDULE\'!C671)'	'=IF($A671="","",IF(\'IMPORT SCHEDULE\'!C671="","",\'IMPORT SCHEDULE\'!C671))'
CLEAN	D671	'=IF($A671="","",\'IMPORT SCHEDULE\'!D671)'	'=IF($A671="","",IF(\'IMPORT SCHEDULE\'!D671="","",\'IMPORT SCHEDULE\'!D671))'
CLEAN	C672	'=IF($A672="","",\'IMPORT SCHEDULE\'!C672)'	'=IF($A672="","",IF(\'IMPORT SCHEDULE\'!C672="","",\'IMPORT SCHEDULE\'!C672))'
CLEAN	D672	'=IF($A672="","",\'IMPORT SCHEDULE\'!D672)'	'=IF($A672="","",IF(\'IMPORT SCHEDULE\'!D672="","",\'IMPORT SCHEDULE\'!D672))'
CLEAN	C673	'=IF($A673="","",\'IMPORT SCHEDULE\'!C673)'	'=IF($A673="","",IF(\'IMPORT SCHEDULE\'!C673="","",\'IMPORT SCHEDULE\'!C673))'
CLEAN	D673	'=IF($A673="","",\'IMPORT SCHEDULE\'!D673)'	'=IF($A673="","",IF(\'IMPORT SCHEDULE\'!D673="","",\'IMPORT SCHEDULE\'!D673))'
CLEAN	C674	'=IF($A674="","",\'IMPORT SCHEDULE\'!C674)'	'=IF($A674="","",IF(\'IMPORT SCHEDULE\'!C674="","",\'IMPORT SCHEDULE\'!C674))'
CLEAN	D674	'=IF($A674="","",\'IMPORT SCHEDULE\'!D674)'	'=IF($A674="","",IF(\'IMPORT SCHEDULE\'!D674="","",\'IMPORT SCHEDULE\'!D674))'
CLEAN	C675	'=IF($A675="","",\'IMPORT SCHEDULE\'!C675)'	'=IF($A675="","",IF(\'IMPORT SCHEDULE\'!C675="","",\'IMPORT SCHEDULE\'!C675))'
CLEAN	D675	'=IF($A675="","",\'IMPORT SCHEDULE\'!D675)'	'=IF($A675="","",IF(\'IMPORT SCHEDULE\'!D675="","",\'IMPORT SCHEDULE\'!D675))'
CLEAN	C676	'=IF($A676="","",\'IMPORT SCHEDULE\'!C676)'	'=IF($A676="","",IF(\'IMPORT SCHEDULE\'!C676="","",\'IMPORT SCHEDULE\'!C676))'
CLEAN	D676	'=IF($A676="","",\'IMPORT SCHEDULE\'!D676)'	'=IF($A676="","",IF(\'IMPORT SCHEDULE\'!D676="","",\'IMPORT SCHEDULE\'!D676))'
CLEAN	C677	'=IF($A677="","",\'IMPORT SCHEDULE\'!C677)'	'=IF($A677="","",IF(\'IMPORT SCHEDULE\'!C677="","",\'IMPORT SCHEDULE\'!C677))'
CLEAN	D677	'=IF($A677="","",\'IMPORT SCHEDULE\'!D677)'	'=IF($A677="","",IF(\'IMPORT SCHEDULE\'!D677="","",\'IMPORT SCHEDULE\'!D677))'
CLEAN	C678	'=IF($A678="","",\'IMPORT SCHEDULE\'!C678)'	'=IF($A678="","",IF(\'IMPORT SCHEDULE\'!C678="","",\'IMPORT SCHEDULE\'!C678))'
CLEAN	D678	'=IF($A678="","",\'IMPORT SCHEDULE\'!D678)'	'=IF($A678="","",IF(\'IMPORT SCHEDULE\'!D678="","",\'IMPORT SCHEDULE\'!D678))'
CLEAN	C679	'=IF($A679="","",\'IMPORT SCHEDULE\'!C679)'	'=IF($A679="","",IF(\'IMPORT SCHEDULE\'!C679="","",\'IMPORT SCHEDULE\'!C679))'
CLEAN	D679	'=IF($A679="","",\'IMPORT SCHEDULE\'!D679)'	'=IF($A679="","",IF(\'IMPORT SCHEDULE\'!D679="","",\'IMPORT SCHEDULE\'!D679))'
CLEAN	C680	'=IF($A680="","",\'IMPORT SCHEDULE\'!C680)'	'=IF($A680="","",IF(\'IMPORT SCHEDULE\'!C680="","",\'IMPORT SCHEDULE\'!C680))'
CLEAN	D680	'=IF($A680="","",\'IMPORT SCHEDULE\'!D680)'	'=IF($A680="","",IF(\'IMPORT SCHEDULE\'!D680="","",\'IMPORT SCHEDULE\'!D680))'
CLEAN	C681	'=IF($A681="","",\'IMPORT SCHEDULE\'!C681)'	'=IF($A681="","",IF(\'IMPORT SCHEDULE\'!C681="","",\'IMPORT SCHEDULE\'!C681))'
CLEAN	D681	'=IF($A681="","",\'IMPORT SCHEDULE\'!D681)'	'=IF($A681="","",IF(\'IMPORT SCHEDULE\'!D681="","",\'IMPORT SCHEDULE\'!D681))'
CLEAN	C682	'=IF($A682="","",\'IMPORT SCHEDULE\'!C682)'	'=IF($A682="","",IF(\'IMPORT SCHEDULE\'!C682="","",\'IMPORT SCHEDULE\'!C682))'
CLEAN	D682	'=IF($A682="","",\'IMPORT SCHEDULE\'!D682)'	'=IF($A682="","",IF(\'IMPORT SCHEDULE\'!D682="","",\'IMPORT SCHEDULE\'!D682))'
CLEAN	C683	'=IF($A683="","",\'IMPORT SCHEDULE\'!C683)'	'=IF($A683="","",IF(\'IMPORT SCHEDULE\'!C683="","",\'IMPORT SCHEDULE\'!C683))'
CLEAN	D683	'=IF($A683="","",\'IMPORT SCHEDULE\'!D683)'	'=IF($A683="","",IF(\'IMPORT SCHEDULE\'!D683="","",\'IMPORT SCHEDULE\'!D683))'
CLEAN	C684	'=IF($A684="","",\'IMPORT SCHEDULE\'!C684)'	'=IF($A684="","",IF(\'IMPORT SCHEDULE\'!C684="","",\'IMPORT SCHEDULE\'!C684))'
CLEAN	D684	'=IF($A684="","",\'IMPORT SCHEDULE\'!D684)'	'=IF($A684="","",IF(\'IMPORT SCHEDULE\'!D684="","",\'IMPORT SCHEDULE\'!D684))'
CLEAN	C685	'=IF($A685="","",\'IMPORT SCHEDULE\'!C685)'	'=IF($A685="","",IF(\'IMPORT SCHEDULE\'!C685="","",\'IMPORT SCHEDULE\'!C685))'
CLEAN	D685	'=IF($A685="","",\'IMPORT SCHEDULE\'!D685)'	'=IF($A685="","",IF(\'IMPORT SCHEDULE\'!D685="","",\'IMPORT SCHEDULE\'!D685))'
CLEAN	C686	'=IF($A686="","",\'IMPORT SCHEDULE\'!C686)'	'=IF($A686="","",IF(\'IMPORT SCHEDULE\'!C686="","",\'IMPORT SCHEDULE\'!C686))'
CLEAN	D686	'=IF($A686="","",\'IMPORT SCHEDULE\'!D686)'	'=IF($A686="","",IF(\'IMPORT SCHEDULE\'!D686="","",\'IMPORT SCHEDULE\'!D686))'
CLEAN	C687	'=IF($A687="","",\'IMPORT SCHEDULE\'!C687)'	'=IF($A687="","",IF(\'IMPORT SCHEDULE\'!C687="","",\'IMPORT SCHEDULE\'!C687))'
CLEAN	D687	'=IF($A687="","",\'IMPORT SCHEDULE\'!D687)'	'=IF($A687="","",IF(\'IMPORT SCHEDULE\'!D687="","",\'IMPORT SCHEDULE\'!D687))'
CLEAN	C688	'=IF($A688="","",\'IMPORT SCHEDULE\'!C688)'	'=IF($A688="","",IF(\'IMPORT SCHEDULE\'!C688="","",\'IMPORT SCHEDULE\'!C688))'
CLEAN	D688	'=IF($A688="","",\'IMPORT SCHEDULE\'!D688)'	'=IF($A688="","",IF(\'IMPORT SCHEDULE\'!D688="","",\'IMPORT SCHEDULE\'!D688))'
CLEAN	C689	'=IF($A689="","",\'IMPORT SCHEDULE\'!C689)'	'=IF($A689="","",IF(\'IMPORT SCHEDULE\'!C689="","",\'IMPORT SCHEDULE\'!C689))'
CLEAN	D689	'=IF($A689="","",\'IMPORT SCHEDULE\'!D689)'	'=IF($A689="","",IF(\'IMPORT SCHEDULE\'!D689="","",\'IMPORT SCHEDULE\'!D689))'
CLEAN	C690	'=IF($A690="","",\'IMPORT SCHEDULE\'!C690)'	'=IF($A690="","",IF(\'IMPORT SCHEDULE\'!C690="","",\'IMPORT SCHEDULE\'!C690))'
CLEAN	D690	'=IF($A690="","",\'IMPORT SCHEDULE\'!D690)'	'=IF($A690="","",IF(\'IMPORT SCHEDULE\'!D690="","",\'IMPORT SCHEDULE\'!D690))'
CLEAN	C691	'=IF($A691="","",\'IMPORT SCHEDULE\'!C691)'	'=IF($A691="","",IF(\'IMPORT SCHEDULE\'!C691="","",\'IMPORT SCHEDULE\'!C691))'
CLEAN	D691	'=IF($A691="","",\'IMPORT SCHEDULE\'!D691)'	'=IF($A691="","",IF(\'IMPORT SCHEDULE\'!D691="","",\'IMPORT SCHEDULE\'!D691))'
CLEAN	C692	'=IF($A692="","",\'IMPORT SCHEDULE\'!C692)'	'=IF($A692="","",IF(\'IMPORT SCHEDULE\'!C692="","",\'IMPORT SCHEDULE\'!C692))'
CLEAN	D692	'=IF($A692="","",\'IMPORT SCHEDULE\'!D692)'	'=IF($A692="","",IF(\'IMPORT SCHEDULE\'!D692="","",\'IMPORT SCHEDULE\'!D692))'
CLEAN	C693	'=IF($A693="","",\'IMPORT SCHEDULE\'!C693)'	'=IF($A693="","",IF(\'IMPORT SCHEDULE\'!C693="","",\'IMPORT SCHEDULE\'!C693))'
CLEAN	D693	'=IF($A693="","",\'IMPORT SCHEDULE\'!D693)'	'=IF($A693="","",IF(\'IMPORT SCHEDULE\'!D693="","",\'IMPORT SCHEDULE\'!D693))'
CLEAN	C694	'=IF($A694="","",\'IMPORT SCHEDULE\'!C694)'	'=IF($A694="","",IF(\'IMPORT SCHEDULE\'!C694="","",\'IMPORT SCHEDULE\'!C694))'
CLEAN	D694	'=IF($A694="","",\'IMPORT SCHEDULE\'!D694)'	'=IF($A694="","",IF(\'IMPORT SCHEDULE\'!D694="","",\'IMPORT SCHEDULE\'!D694))'
CLEAN	C695	'=IF($A695="","",\'IMPORT SCHEDULE\'!C695)'	'=IF($A695="","",IF(\'IMPORT SCHEDULE\'!C695="","",\'IMPORT SCHEDULE\'!C695))'
CLEAN	D695	'=IF($A695="","",\'IMPORT SCHEDULE\'!D695)'	'=IF($A695="","",IF(\'IMPORT SCHEDULE\'!D695="","",\'IMPORT SCHEDULE\'!D695))'
CLEAN	C696	'=IF($A696="","",\'IMPORT SCHEDULE\'!C696)'	'=IF($A696="","",IF(\'IMPORT SCHEDULE\'!C696="","",\'IMPORT SCHEDULE\'!C696))'
CLEAN	D696	'=IF($A696="","",\'IMPORT SCHEDULE\'!D696)'	'=IF($A696="","",IF(\'IMPORT SCHEDULE\'!D696="","",\'IMPORT SCHEDULE\'!D696))'
CLEAN	C697	'=IF($A697="","",\'IMPORT SCHEDULE\'!C697)'	'=IF($A697="","",IF(\'IMPORT SCHEDULE\'!C697="","",\'IMPORT SCHEDULE\'!C697))'
CLEAN	D697	'=IF($A697="","",\'IMPORT SCHEDULE\'!D697)'	'=IF($A697="","",IF(\'IMPORT SCHEDULE\'!D697="","",\'IMPORT SCHEDULE\'!D697))'
CLEAN	C698	'=IF($A698="","",\'IMPORT SCHEDULE\'!C698)'	'=IF($A698="","",IF(\'IMPORT SCHEDULE\'!C698="","",\'IMPORT SCHEDULE\'!C698))'
CLEAN	D698	'=IF($A698="","",\'IMPORT SCHEDULE\'!D698)'	'=IF($A698="","",IF(\'IMPORT SCHEDULE\'!D698="","",\'IMPORT SCHEDULE\'!D698))'
CLEAN	C699	'=IF($A699="","",\'IMPORT SCHEDULE\'!C699)'	'=IF($A699="","",IF(\'IMPORT SCHEDULE\'!C699="","",\'IMPORT SCHEDULE\'!C699))'
CLEAN	D699	'=IF($A699="","",\'IMPORT SCHEDULE\'!D699)'	'=IF($A699="","",IF(\'IMPORT SCHEDULE\'!D699="","",\'IMPORT SCHEDULE\'!D699))'
CLEAN	C700	'=IF($A700="","",\'IMPORT SCHEDULE\'!C700)'	'=IF($A700="","",IF(\'IMPORT SCHEDULE\'!C700="","",\'IMPORT SCHEDULE\'!C700))'
CLEAN	D700	'=IF($A700="","",\'IMPORT SCHEDULE\'!D700)'	'=IF($A700="","",IF(\'IMPORT SCHEDULE\'!D700="","",\'IMPORT SCHEDULE\'!D700))'
CLEAN	C701	'=IF($A701="","",\'IMPORT SCHEDULE\'!C701)'	'=IF($A701="","",IF(\'IMPORT SCHEDULE\'!C701="","",\'IMPORT SCHEDULE\'!C701))'
CLEAN	D701	'=IF($A701="","",\'IMPORT SCHEDULE\'!D701)'	'=IF($A701="","",IF(\'IMPORT SCHEDULE\'!D701="","",\'IMPORT SCHEDULE\'!D701))'
CLEAN	C702	'=IF($A702="","",\'IMPORT SCHEDULE\'!C702)'	'=IF($A702="","",IF(\'IMPORT SCHEDULE\'!C702="","",\'IMPORT SCHEDULE\'!C702))'
CLEAN	D702	'=IF($A702="","",\'IMPORT SCHEDULE\'!D702)'	'=IF($A702="","",IF(\'IMPORT SCHEDULE\'!D702="","",\'IMPORT SCHEDULE\'!D702))'
CLEAN	C703	'=IF($A703="","",\'IMPORT SCHEDULE\'!C703)'	'=IF($A703="","",IF(\'IMPORT SCHEDULE\'!C703="","",\'IMPORT SCHEDULE\'!C703))'
CLEAN	D703	'=IF($A703="","",\'IMPORT SCHEDULE\'!D703)'	'=IF($A703="","",IF(\'IMPORT SCHEDULE\'!D703="","",\'IMPORT SCHEDULE\'!D703))'
CLEAN	C704	'=IF($A704="","",\'IMPORT SCHEDULE\'!C704)'	'=IF($A704="","",IF(\'IMPORT SCHEDULE\'!C704="","",\'IMPORT SCHEDULE\'!C704))'
CLEAN	D704	'=IF($A704="","",\'IMPORT SCHEDULE\'!D704)'	'=IF($A704="","",IF(\'IMPORT SCHEDULE\'!D704="","",\'IMPORT SCHEDULE\'!D704))'
CLEAN	C705	'=IF($A705="","",\'IMPORT SCHEDULE\'!C705)'	'=IF($A705="","",IF(\'IMPORT SCHEDULE\'!C705="","",\'IMPORT SCHEDULE\'!C705))'
CLEAN	D705	'=IF($A705="","",\'IMPORT SCHEDULE\'!D705)'	'=IF($A705="","",IF(\'IMPORT SCHEDULE\'!D705="","",\'IMPORT SCHEDULE\'!D705))'
CLEAN	C706	'=IF($A706="","",\'IMPORT SCHEDULE\'!C706)'	'=IF($A706="","",IF(\'IMPORT SCHEDULE\'!C706="","",\'IMPORT SCHEDULE\'!C706))'
CLEAN	D706	'=IF($A706="","",\'IMPORT SCHEDULE\'!D706)'	'=IF($A706="","",IF(\'IMPORT SCHEDULE\'!D706="","",\'IMPORT SCHEDULE\'!D706))'
CLEAN	C707	'=IF($A707="","",\'IMPORT SCHEDULE\'!C707)'	'=IF($A707="","",IF(\'IMPORT SCHEDULE\'!C707="","",\'IMPORT SCHEDULE\'!C707))'
CLEAN	D707	'=IF($A707="","",\'IMPORT SCHEDULE\'!D707)'	'=IF($A707="","",IF(\'IMPORT SCHEDULE\'!D707="","",\'IMPORT SCHEDULE\'!D707))'
CLEAN	C708	'=IF($A708="","",\'IMPORT SCHEDULE\'!C708)'	'=IF($A708="","",IF(\'IMPORT SCHEDULE\'!C708="","",\'IMPORT SCHEDULE\'!C708))'
CLEAN	D708	'=IF($A708="","",\'IMPORT SCHEDULE\'!D708)'	'=IF($A708="","",IF(\'IMPORT SCHEDULE\'!D708="","",\'IMPORT SCHEDULE\'!D708))'
CLEAN	C709	'=IF($A709="","",\'IMPORT SCHEDULE\'!C709)'	'=IF($A709="","",IF(\'IMPORT SCHEDULE\'!C709="","",\'IMPORT SCHEDULE\'!C709))'
CLEAN	D709	'=IF($A709="","",\'IMPORT SCHEDULE\'!D709)'	'=IF($A709="","",IF(\'IMPORT SCHEDULE\'!D709="","",\'IMPORT SCHEDULE\'!D709))'
CLEAN	C710	'=IF($A710="","",\'IMPORT SCHEDULE\'!C710)'	'=IF($A710="","",IF(\'IMPORT SCHEDULE\'!C710="","",\'IMPORT SCHEDULE\'!C710))'
CLEAN	D710	'=IF($A710="","",\'IMPORT SCHEDULE\'!D710)'	'=IF($A710="","",IF(\'IMPORT SCHEDULE\'!D710="","",\'IMPORT SCHEDULE\'!D710))'
CLEAN	C711	'=IF($A711="","",\'IMPORT SCHEDULE\'!C711)'	'=IF($A711="","",IF(\'IMPORT SCHEDULE\'!C711="","",\'IMPORT SCHEDULE\'!C711))'
CLEAN	D711	'=IF($A711="","",\'IMPORT SCHEDULE\'!D711)'	'=IF($A711="","",IF(\'IMPORT SCHEDULE\'!D711="","",\'IMPORT SCHEDULE\'!D711))'
CLEAN	C712	'=IF($A712="","",\'IMPORT SCHEDULE\'!C712)'	'=IF($A712="","",IF(\'IMPORT SCHEDULE\'!C712="","",\'IMPORT SCHEDULE\'!C712))'
CLEAN	D712	'=IF($A712="","",\'IMPORT SCHEDULE\'!D712)'	'=IF($A712="","",IF(\'IMPORT SCHEDULE\'!D712="","",\'IMPORT SCHEDULE\'!D712))'
CLEAN	C713	'=IF($A713="","",\'IMPORT SCHEDULE\'!C713)'	'=IF($A713="","",IF(\'IMPORT SCHEDULE\'!C713="","",\'IMPORT SCHEDULE\'!C713))'
CLEAN	D713	'=IF($A713="","",\'IMPORT SCHEDULE\'!D713)'	'=IF($A713="","",IF(\'IMPORT SCHEDULE\'!D713="","",\'IMPORT SCHEDULE\'!D713))'
CLEAN	C714	'=IF($A714="","",\'IMPORT SCHEDULE\'!C714)'	'=IF($A714="","",IF(\'IMPORT SCHEDULE\'!C714="","",\'IMPORT SCHEDULE\'!C714))'
CLEAN	D714	'=IF($A714="","",\'IMPORT SCHEDULE\'!D714)'	'=IF($A714="","",IF(\'IMPORT SCHEDULE\'!D714="","",\'IMPORT SCHEDULE\'!D714))'
CLEAN	C715	'=IF($A715="","",\'IMPORT SCHEDULE\'!C715)'	'=IF($A715="","",IF(\'IMPORT SCHEDULE\'!C715="","",\'IMPORT SCHEDULE\'!C715))'
CLEAN	D715	'=IF($A715="","",\'IMPORT SCHEDULE\'!D715)'	'=IF($A715="","",IF(\'IMPORT SCHEDULE\'!D715="","",\'IMPORT SCHEDULE\'!D715))'
CLEAN	C716	'=IF($A716="","",\'IMPORT SCHEDULE\'!C716)'	'=IF($A716="","",IF(\'IMPORT SCHEDULE\'!C716="","",\'IMPORT SCHEDULE\'!C716))'
CLEAN	D716	'=IF($A716="","",\'IMPORT SCHEDULE\'!D716)'	'=IF($A716="","",IF(\'IMPORT SCHEDULE\'!D716="","",\'IMPORT SCHEDULE\'!D716))'
CLEAN	C717	'=IF($A717="","",\'IMPORT SCHEDULE\'!C717)'	'=IF($A717="","",IF(\'IMPORT SCHEDULE\'!C717="","",\'IMPORT SCHEDULE\'!C717))'
CLEAN	D717	'=IF($A717="","",\'IMPORT SCHEDULE\'!D717)'	'=IF($A717="","",IF(\'IMPORT SCHEDULE\'!D717="","",\'IMPORT SCHEDULE\'!D717))'
CLEAN	C718	'=IF($A718="","",\'IMPORT SCHEDULE\'!C718)'	'=IF($A718="","",IF(\'IMPORT SCHEDULE\'!C718="","",\'IMPORT SCHEDULE\'!C718))'
CLEAN	D718	'=IF($A718="","",\'IMPORT SCHEDULE\'!D718)'	'=IF($A718="","",IF(\'IMPORT SCHEDULE\'!D718="","",\'IMPORT SCHEDULE\'!D718))'
CLEAN	C719	'=IF($A719="","",\'IMPORT SCHEDULE\'!C719)'	'=IF($A719="","",IF(\'IMPORT SCHEDULE\'!C719="","",\'IMPORT SCHEDULE\'!C719))'
CLEAN	D719	'=IF($A719="","",\'IMPORT SCHEDULE\'!D719)'	'=IF($A719="","",IF(\'IMPORT SCHEDULE\'!D719="","",\'IMPORT SCHEDULE\'!D719))'
CLEAN	C720	'=IF($A720="","",\'IMPORT SCHEDULE\'!C720)'	'=IF($A720="","",IF(\'IMPORT SCHEDULE\'!C720="","",\'IMPORT SCHEDULE\'!C720))'
CLEAN	D720	'=IF($A720="","",\'IMPORT SCHEDULE\'!D720)'	'=IF($A720="","",IF(\'IMPORT SCHEDULE\'!D720="","",\'IMPORT SCHEDULE\'!D720))'
CLEAN	C721	'=IF($A721="","",\'IMPORT SCHEDULE\'!C721)'	'=IF($A721="","",IF(\'IMPORT SCHEDULE\'!C721="","",\'IMPORT SCHEDULE\'!C721))'
CLEAN	D721	'=IF($A721="","",\'IMPORT SCHEDULE\'!D721)'	'=IF($A721="","",IF(\'IMPORT SCHEDULE\'!D721="","",\'IMPORT SCHEDULE\'!D721))'
CLEAN	C722	'=IF($A722="","",\'IMPORT SCHEDULE\'!C722)'	'=IF($A722="","",IF(\'IMPORT SCHEDULE\'!C722="","",\'IMPORT SCHEDULE\'!C722))'
CLEAN	D722	'=IF($A722="","",\'IMPORT SCHEDULE\'!D722)'	'=IF($A722="","",IF(\'IMPORT SCHEDULE\'!D722="","",\'IMPORT SCHEDULE\'!D722))'
CLEAN	C723	'=IF($A723="","",\'IMPORT SCHEDULE\'!C723)'	'=IF($A723="","",IF(\'IMPORT SCHEDULE\'!C723="","",\'IMPORT SCHEDULE\'!C723))'
CLEAN	D723	'=IF($A723="","",\'IMPORT SCHEDULE\'!D723)'	'=IF($A723="","",IF(\'IMPORT SCHEDULE\'!D723="","",\'IMPORT SCHEDULE\'!D723))'
CLEAN	C724	'=IF($A724="","",\'IMPORT SCHEDULE\'!C724)'	'=IF($A724="","",IF(\'IMPORT SCHEDULE\'!C724="","",\'IMPORT SCHEDULE\'!C724))'
CLEAN	D724	'=IF($A724="","",\'IMPORT SCHEDULE\'!D724)'	'=IF($A724="","",IF(\'IMPORT SCHEDULE\'!D724="","",\'IMPORT SCHEDULE\'!D724))'
CLEAN	C725	'=IF($A725="","",\'IMPORT SCHEDULE\'!C725)'	'=IF($A725="","",IF(\'IMPORT SCHEDULE\'!C725="","",\'IMPORT SCHEDULE\'!C725))'
CLEAN	D725	'=IF($A725="","",\'IMPORT SCHEDULE\'!D725)'	'=IF($A725="","",IF(\'IMPORT SCHEDULE\'!D725="","",\'IMPORT SCHEDULE\'!D725))'
CLEAN	C726	'=IF($A726="","",\'IMPORT SCHEDULE\'!C726)'	'=IF($A726="","",IF(\'IMPORT SCHEDULE\'!C726="","",\'IMPORT SCHEDULE\'!C726))'
CLEAN	D726	'=IF($A726="","",\'IMPORT SCHEDULE\'!D726)'	'=IF($A726="","",IF(\'IMPORT SCHEDULE\'!D726="","",\'IMPORT SCHEDULE\'!D726))'
CLEAN	C727	'=IF($A727="","",\'IMPORT SCHEDULE\'!C727)'	'=IF($A727="","",IF(\'IMPORT SCHEDULE\'!C727="","",\'IMPORT SCHEDULE\'!C727))'
CLEAN	D727	'=IF($A727="","",\'IMPORT SCHEDULE\'!D727)'	'=IF($A727="","",IF(\'IMPORT SCHEDULE\'!D727="","",\'IMPORT SCHEDULE\'!D727))'
CLEAN	C728	'=IF($A728="","",\'IMPORT SCHEDULE\'!C728)'	'=IF($A728="","",IF(\'IMPORT SCHEDULE\'!C728="","",\'IMPORT SCHEDULE\'!C728))'
CLEAN	D728	'=IF($A728="","",\'IMPORT SCHEDULE\'!D728)'	'=IF($A728="","",IF(\'IMPORT SCHEDULE\'!D728="","",\'IMPORT SCHEDULE\'!D728))'
CLEAN	C729	'=IF($A729="","",\'IMPORT SCHEDULE\'!C729)'	'=IF($A729="","",IF(\'IMPORT SCHEDULE\'!C729="","",\'IMPORT SCHEDULE\'!C729))'
CLEAN	D729	'=IF($A729="","",\'IMPORT SCHEDULE\'!D729)'	'=IF($A729="","",IF(\'IMPORT SCHEDULE\'!D729="","",\'IMPORT SCHEDULE\'!D729))'
CLEAN	C730	'=IF($A730="","",\'IMPORT SCHEDULE\'!C730)'	'=IF($A730="","",IF(\'IMPORT SCHEDULE\'!C730="","",\'IMPORT SCHEDULE\'!C730))'
CLEAN	D730	'=IF($A730="","",\'IMPORT SCHEDULE\'!D730)'	'=IF($A730="","",IF(\'IMPORT SCHEDULE\'!D730="","",\'IMPORT SCHEDULE\'!D730))'
CLEAN	C731	'=IF($A731="","",\'IMPORT SCHEDULE\'!C731)'	'=IF($A731="","",IF(\'IMPORT SCHEDULE\'!C731="","",\'IMPORT SCHEDULE\'!C731))'
CLEAN	D731	'=IF($A731="","",\'IMPORT SCHEDULE\'!D731)'	'=IF($A731="","",IF(\'IMPORT SCHEDULE\'!D731="","",\'IMPORT SCHEDULE\'!D731))'
CLEAN	C732	'=IF($A732="","",\'IMPORT SCHEDULE\'!C732)'	'=IF($A732="","",IF(\'IMPORT SCHEDULE\'!C732="","",\'IMPORT SCHEDULE\'!C732))'
CLEAN	D732	'=IF($A732="","",\'IMPORT SCHEDULE\'!D732)'	'=IF($A732="","",IF(\'IMPORT SCHEDULE\'!D732="","",\'IMPORT SCHEDULE\'!D732))'
CLEAN	C733	'=IF($A733="","",\'IMPORT SCHEDULE\'!C733)'	'=IF($A733="","",IF(\'IMPORT SCHEDULE\'!C733="","",\'IMPORT SCHEDULE\'!C733))'
CLEAN	D733	'=IF($A733="","",\'IMPORT SCHEDULE\'!D733)'	'=IF($A733="","",IF(\'IMPORT SCHEDULE\'!D733="","",\'IMPORT SCHEDULE\'!D733))'
CLEAN	C734	'=IF($A734="","",\'IMPORT SCHEDULE\'!C734)'	'=IF($A734="","",IF(\'IMPORT SCHEDULE\'!C734="","",\'IMPORT SCHEDULE\'!C734))'
CLEAN	D734	'=IF($A734="","",\'IMPORT SCHEDULE\'!D734)'	'=IF($A734="","",IF(\'IMPORT SCHEDULE\'!D734="","",\'IMPORT SCHEDULE\'!D734))'
CLEAN	C735	'=IF($A735="","",\'IMPORT SCHEDULE\'!C735)'	'=IF($A735="","",IF(\'IMPORT SCHEDULE\'!C735="","",\'IMPORT SCHEDULE\'!C735))'
CLEAN	D735	'=IF($A735="","",\'IMPORT SCHEDULE\'!D735)'	'=IF($A735="","",IF(\'IMPORT SCHEDULE\'!D735="","",\'IMPORT SCHEDULE\'!D735))'
CLEAN	C736	'=IF($A736="","",\'IMPORT SCHEDULE\'!C736)'	'=IF($A736="","",IF(\'IMPORT SCHEDULE\'!C736="","",\'IMPORT SCHEDULE\'!C736))'
CLEAN	D736	'=IF($A736="","",\'IMPORT SCHEDULE\'!D736)'	'=IF($A736="","",IF(\'IMPORT SCHEDULE\'!D736="","",\'IMPORT SCHEDULE\'!D736))'
CLEAN	C737	'=IF($A737="","",\'IMPORT SCHEDULE\'!C737)'	'=IF($A737="","",IF(\'IMPORT SCHEDULE\'!C737="","",\'IMPORT SCHEDULE\'!C737))'
CLEAN	D737	'=IF($A737="","",\'IMPORT SCHEDULE\'!D737)'	'=IF($A737="","",IF(\'IMPORT SCHEDULE\'!D737="","",\'IMPORT SCHEDULE\'!D737))'
CLEAN	C738	'=IF($A738="","",\'IMPORT SCHEDULE\'!C738)'	'=IF($A738="","",IF(\'IMPORT SCHEDULE\'!C738="","",\'IMPORT SCHEDULE\'!C738))'
CLEAN	D738	'=IF($A738="","",\'IMPORT SCHEDULE\'!D738)'	'=IF($A738="","",IF(\'IMPORT SCHEDULE\'!D738="","",\'IMPORT SCHEDULE\'!D738))'
CLEAN	C739	'=IF($A739="","",\'IMPORT SCHEDULE\'!C739)'	'=IF($A739="","",IF(\'IMPORT SCHEDULE\'!C739="","",\'IMPORT SCHEDULE\'!C739))'
CLEAN	D739	'=IF($A739="","",\'IMPORT SCHEDULE\'!D739)'	'=IF($A739="","",IF(\'IMPORT SCHEDULE\'!D739="","",\'IMPORT SCHEDULE\'!D739))'
CLEAN	C740	'=IF($A740="","",\'IMPORT SCHEDULE\'!C740)'	'=IF($A740="","",IF(\'IMPORT SCHEDULE\'!C740="","",\'IMPORT SCHEDULE\'!C740))'
CLEAN	D740	'=IF($A740="","",\'IMPORT SCHEDULE\'!D740)'	'=IF($A740="","",IF(\'IMPORT SCHEDULE\'!D740="","",\'IMPORT SCHEDULE\'!D740))'
CLEAN	C741	'=IF($A741="","",\'IMPORT SCHEDULE\'!C741)'	'=IF($A741="","",IF(\'IMPORT SCHEDULE\'!C741="","",\'IMPORT SCHEDULE\'!C741))'
CLEAN	D741	'=IF($A741="","",\'IMPORT SCHEDULE\'!D741)'	'=IF($A741="","",IF(\'IMPORT SCHEDULE\'!D741="","",\'IMPORT SCHEDULE\'!D741))'
CLEAN	C742	'=IF($A742="","",\'IMPORT SCHEDULE\'!C742)'	'=IF($A742="","",IF(\'IMPORT SCHEDULE\'!C742="","",\'IMPORT SCHEDULE\'!C742))'
CLEAN	D742	'=IF($A742="","",\'IMPORT SCHEDULE\'!D742)'	'=IF($A742="","",IF(\'IMPORT SCHEDULE\'!D742="","",\'IMPORT SCHEDULE\'!D742))'
CLEAN	C743	'=IF($A743="","",\'IMPORT SCHEDULE\'!C743)'	'=IF($A743="","",IF(\'IMPORT SCHEDULE\'!C743="","",\'IMPORT SCHEDULE\'!C743))'
CLEAN	D743	'=IF($A743="","",\'IMPORT SCHEDULE\'!D743)'	'=IF($A743="","",IF(\'IMPORT SCHEDULE\'!D743="","",\'IMPORT SCHEDULE\'!D743))'
CLEAN	C744	'=IF($A744="","",\'IMPORT SCHEDULE\'!C744)'	'=IF($A744="","",IF(\'IMPORT SCHEDULE\'!C744="","",\'IMPORT SCHEDULE\'!C744))'
CLEAN	D744	'=IF($A744="","",\'IMPORT SCHEDULE\'!D744)'	'=IF($A744="","",IF(\'IMPORT SCHEDULE\'!D744="","",\'IMPORT SCHEDULE\'!D744))'
CLEAN	C745	'=IF($A745="","",\'IMPORT SCHEDULE\'!C745)'	'=IF($A745="","",IF(\'IMPORT SCHEDULE\'!C745="","",\'IMPORT SCHEDULE\'!C745))'
CLEAN	D745	'=IF($A745="","",\'IMPORT SCHEDULE\'!D745)'	'=IF($A745="","",IF(\'IMPORT SCHEDULE\'!D745="","",\'IMPORT SCHEDULE\'!D745))'
CLEAN	C746	'=IF($A746="","",\'IMPORT SCHEDULE\'!C746)'	'=IF($A746="","",IF(\'IMPORT SCHEDULE\'!C746="","",\'IMPORT SCHEDULE\'!C746))'
CLEAN	D746	'=IF($A746="","",\'IMPORT SCHEDULE\'!D746)'	'=IF($A746="","",IF(\'IMPORT SCHEDULE\'!D746="","",\'IMPORT SCHEDULE\'!D746))'
CLEAN	C747	'=IF($A747="","",\'IMPORT SCHEDULE\'!C747)'	'=IF($A747="","",IF(\'IMPORT SCHEDULE\'!C747="","",\'IMPORT SCHEDULE\'!C747))'
CLEAN	D747	'=IF($A747="","",\'IMPORT SCHEDULE\'!D747)'	'=IF($A747="","",IF(\'IMPORT SCHEDULE\'!D747="","",\'IMPORT SCHEDULE\'!D747))'
CLEAN	C748	'=IF($A748="","",\'IMPORT SCHEDULE\'!C748)'	'=IF($A748="","",IF(\'IMPORT SCHEDULE\'!C748="","",\'IMPORT SCHEDULE\'!C748))'
CLEAN	D748	'=IF($A748="","",\'IMPORT SCHEDULE\'!D748)'	'=IF($A748="","",IF(\'IMPORT SCHEDULE\'!D748="","",\'IMPORT SCHEDULE\'!D748))'
CLEAN	C749	'=IF($A749="","",\'IMPORT SCHEDULE\'!C749)'	'=IF($A749="","",IF(\'IMPORT SCHEDULE\'!C749="","",\'IMPORT SCHEDULE\'!C749))'
CLEAN	D749	'=IF($A749="","",\'IMPORT SCHEDULE\'!D749)'	'=IF($A749="","",IF(\'IMPORT SCHEDULE\'!D749="","",\'IMPORT SCHEDULE\'!D749))'
CLEAN	C750	'=IF($A750="","",\'IMPORT SCHEDULE\'!C750)'	'=IF($A750="","",IF(\'IMPORT SCHEDULE\'!C750="","",\'IMPORT SCHEDULE\'!C750))'
CLEAN	D750	'=IF($A750="","",\'IMPORT SCHEDULE\'!D750)'	'=IF($A750="","",IF(\'IMPORT SCHEDULE\'!D750="","",\'IMPORT SCHEDULE\'!D750))'
CLEAN	C751	'=IF($A751="","",\'IMPORT SCHEDULE\'!C751)'	'=IF($A751="","",IF(\'IMPORT SCHEDULE\'!C751="","",\'IMPORT SCHEDULE\'!C751))'
CLEAN	D751	'=IF($A751="","",\'IMPORT SCHEDULE\'!D751)'	'=IF($A751="","",IF(\'IMPORT SCHEDULE\'!D751="","",\'IMPORT SCHEDULE\'!D751))'
CLEAN	C752	'=IF($A752="","",\'IMPORT SCHEDULE\'!C752)'	'=IF($A752="","",IF(\'IMPORT SCHEDULE\'!C752="","",\'IMPORT SCHEDULE\'!C752))'
CLEAN	D752	'=IF($A752="","",\'IMPORT SCHEDULE\'!D752)'	'=IF($A752="","",IF(\'IMPORT SCHEDULE\'!D752="","",\'IMPORT SCHEDULE\'!D752))'
CLEAN	C753	'=IF($A753="","",\'IMPORT SCHEDULE\'!C753)'	'=IF($A753="","",IF(\'IMPORT SCHEDULE\'!C753="","",\'IMPORT SCHEDULE\'!C753))'
CLEAN	D753	'=IF($A753="","",\'IMPORT SCHEDULE\'!D753)'	'=IF($A753="","",IF(\'IMPORT SCHEDULE\'!D753="","",\'IMPORT SCHEDULE\'!D753))'
CLEAN	C754	'=IF($A754="","",\'IMPORT SCHEDULE\'!C754)'	'=IF($A754="","",IF(\'IMPORT SCHEDULE\'!C754="","",\'IMPORT SCHEDULE\'!C754))'
CLEAN	D754	'=IF($A754="","",\'IMPORT SCHEDULE\'!D754)'	'=IF($A754="","",IF(\'IMPORT SCHEDULE\'!D754="","",\'IMPORT SCHEDULE\'!D754))'
CLEAN	C755	'=IF($A755="","",\'IMPORT SCHEDULE\'!C755)'	'=IF($A755="","",IF(\'IMPORT SCHEDULE\'!C755="","",\'IMPORT SCHEDULE\'!C755))'
CLEAN	D755	'=IF($A755="","",\'IMPORT SCHEDULE\'!D755)'	'=IF($A755="","",IF(\'IMPORT SCHEDULE\'!D755="","",\'IMPORT SCHEDULE\'!D755))'
CLEAN	C756	'=IF($A756="","",\'IMPORT SCHEDULE\'!C756)'	'=IF($A756="","",IF(\'IMPORT SCHEDULE\'!C756="","",\'IMPORT SCHEDULE\'!C756))'
CLEAN	D756	'=IF($A756="","",\'IMPORT SCHEDULE\'!D756)'	'=IF($A756="","",IF(\'IMPORT SCHEDULE\'!D756="","",\'IMPORT SCHEDULE\'!D756))'
CLEAN	C757	'=IF($A757="","",\'IMPORT SCHEDULE\'!C757)'	'=IF($A757="","",IF(\'IMPORT SCHEDULE\'!C757="","",\'IMPORT SCHEDULE\'!C757))'
CLEAN	D757	'=IF($A757="","",\'IMPORT SCHEDULE\'!D757)'	'=IF($A757="","",IF(\'IMPORT SCHEDULE\'!D757="","",\'IMPORT SCHEDULE\'!D757))'
CLEAN	C758	'=IF($A758="","",\'IMPORT SCHEDULE\'!C758)'	'=IF($A758="","",IF(\'IMPORT SCHEDULE\'!C758="","",\'IMPORT SCHEDULE\'!C758))'
CLEAN	D758	'=IF($A758="","",\'IMPORT SCHEDULE\'!D758)'	'=IF($A758="","",IF(\'IMPORT SCHEDULE\'!D758="","",\'IMPORT SCHEDULE\'!D758))'
CLEAN	C759	'=IF($A759="","",\'IMPORT SCHEDULE\'!C759)'	'=IF($A759="","",IF(\'IMPORT SCHEDULE\'!C759="","",\'IMPORT SCHEDULE\'!C759))'
CLEAN	D759	'=IF($A759="","",\'IMPORT SCHEDULE\'!D759)'	'=IF($A759="","",IF(\'IMPORT SCHEDULE\'!D759="","",\'IMPORT SCHEDULE\'!D759))'
CLEAN	C760	'=IF($A760="","",\'IMPORT SCHEDULE\'!C760)'	'=IF($A760="","",IF(\'IMPORT SCHEDULE\'!C760="","",\'IMPORT SCHEDULE\'!C760))'
CLEAN	D760	'=IF($A760="","",\'IMPORT SCHEDULE\'!D760)'	'=IF($A760="","",IF(\'IMPORT SCHEDULE\'!D760="","",\'IMPORT SCHEDULE\'!D760))'
CLEAN	C761	'=IF($A761="","",\'IMPORT SCHEDULE\'!C761)'	'=IF($A761="","",IF(\'IMPORT SCHEDULE\'!C761="","",\'IMPORT SCHEDULE\'!C761))'
CLEAN	D761	'=IF($A761="","",\'IMPORT SCHEDULE\'!D761)'	'=IF($A761="","",IF(\'IMPORT SCHEDULE\'!D761="","",\'IMPORT SCHEDULE\'!D761))'
CLEAN	C762	'=IF($A762="","",\'IMPORT SCHEDULE\'!C762)'	'=IF($A762="","",IF(\'IMPORT SCHEDULE\'!C762="","",\'IMPORT SCHEDULE\'!C762))'
CLEAN	D762	'=IF($A762="","",\'IMPORT SCHEDULE\'!D762)'	'=IF($A762="","",IF(\'IMPORT SCHEDULE\'!D762="","",\'IMPORT SCHEDULE\'!D762))'
CLEAN	C763	'=IF($A763="","",\'IMPORT SCHEDULE\'!C763)'	'=IF($A763="","",IF(\'IMPORT SCHEDULE\'!C763="","",\'IMPORT SCHEDULE\'!C763))'
CLEAN	D763	'=IF($A763="","",\'IMPORT SCHEDULE\'!D763)'	'=IF($A763="","",IF(\'IMPORT SCHEDULE\'!D763="","",\'IMPORT SCHEDULE\'!D763))'
CLEAN	C764	'=IF($A764="","",\'IMPORT SCHEDULE\'!C764)'	'=IF($A764="","",IF(\'IMPORT SCHEDULE\'!C764="","",\'IMPORT SCHEDULE\'!C764))'
CLEAN	D764	'=IF($A764="","",\'IMPORT SCHEDULE\'!D764)'	'=IF($A764="","",IF(\'IMPORT SCHEDULE\'!D764="","",\'IMPORT SCHEDULE\'!D764))'
CLEAN	C765	'=IF($A765="","",\'IMPORT SCHEDULE\'!C765)'	'=IF($A765="","",IF(\'IMPORT SCHEDULE\'!C765="","",\'IMPORT SCHEDULE\'!C765))'
CLEAN	D765	'=IF($A765="","",\'IMPORT SCHEDULE\'!D765)'	'=IF($A765="","",IF(\'IMPORT SCHEDULE\'!D765="","",\'IMPORT SCHEDULE\'!D765))'
CLEAN	C766	'=IF($A766="","",\'IMPORT SCHEDULE\'!C766)'	'=IF($A766="","",IF(\'IMPORT SCHEDULE\'!C766="","",\'IMPORT SCHEDULE\'!C766))'
CLEAN	D766	'=IF($A766="","",\'IMPORT SCHEDULE\'!D766)'	'=IF($A766="","",IF(\'IMPORT SCHEDULE\'!D766="","",\'IMPORT SCHEDULE\'!D766))'
CLEAN	C767	'=IF($A767="","",\'IMPORT SCHEDULE\'!C767)'	'=IF($A767="","",IF(\'IMPORT SCHEDULE\'!C767="","",\'IMPORT SCHEDULE\'!C767))'
CLEAN	D767	'=IF($A767="","",\'IMPORT SCHEDULE\'!D767)'	'=IF($A767="","",IF(\'IMPORT SCHEDULE\'!D767="","",\'IMPORT SCHEDULE\'!D767))'
CLEAN	C768	'=IF($A768="","",\'IMPORT SCHEDULE\'!C768)'	'=IF($A768="","",IF(\'IMPORT SCHEDULE\'!C768="","",\'IMPORT SCHEDULE\'!C768))'
CLEAN	D768	'=IF($A768="","",\'IMPORT SCHEDULE\'!D768)'	'=IF($A768="","",IF(\'IMPORT SCHEDULE\'!D768="","",\'IMPORT SCHEDULE\'!D768))'
CLEAN	C769	'=IF($A769="","",\'IMPORT SCHEDULE\'!C769)'	'=IF($A769="","",IF(\'IMPORT SCHEDULE\'!C769="","",\'IMPORT SCHEDULE\'!C769))'
CLEAN	D769	'=IF($A769="","",\'IMPORT SCHEDULE\'!D769)'	'=IF($A769="","",IF(\'IMPORT SCHEDULE\'!D769="","",\'IMPORT SCHEDULE\'!D769))'
CLEAN	C770	'=IF($A770="","",\'IMPORT SCHEDULE\'!C770)'	'=IF($A770="","",IF(\'IMPORT SCHEDULE\'!C770="","",\'IMPORT SCHEDULE\'!C770))'
CLEAN	D770	'=IF($A770="","",\'IMPORT SCHEDULE\'!D770)'	'=IF($A770="","",IF(\'IMPORT SCHEDULE\'!D770="","",\'IMPORT SCHEDULE\'!D770))'
CLEAN	C771	'=IF($A771="","",\'IMPORT SCHEDULE\'!C771)'	'=IF($A771="","",IF(\'IMPORT SCHEDULE\'!C771="","",\'IMPORT SCHEDULE\'!C771))'
CLEAN	D771	'=IF($A771="","",\'IMPORT SCHEDULE\'!D771)'	'=IF($A771="","",IF(\'IMPORT SCHEDULE\'!D771="","",\'IMPORT SCHEDULE\'!D771))'
CLEAN	C772	'=IF($A772="","",\'IMPORT SCHEDULE\'!C772)'	'=IF($A772="","",IF(\'IMPORT SCHEDULE\'!C772="","",\'IMPORT SCHEDULE\'!C772))'
CLEAN	D772	'=IF($A772="","",\'IMPORT SCHEDULE\'!D772)'	'=IF($A772="","",IF(\'IMPORT SCHEDULE\'!D772="","",\'IMPORT SCHEDULE\'!D772))'
CLEAN	C773	'=IF($A773="","",\'IMPORT SCHEDULE\'!C773)'	'=IF($A773="","",IF(\'IMPORT SCHEDULE\'!C773="","",\'IMPORT SCHEDULE\'!C773))'
CLEAN	D773	'=IF($A773="","",\'IMPORT SCHEDULE\'!D773)'	'=IF($A773="","",IF(\'IMPORT SCHEDULE\'!D773="","",\'IMPORT SCHEDULE\'!D773))'
CLEAN	C774	'=IF($A774="","",\'IMPORT SCHEDULE\'!C774)'	'=IF($A774="","",IF(\'IMPORT SCHEDULE\'!C774="","",\'IMPORT SCHEDULE\'!C774))'
CLEAN	D774	'=IF($A774="","",\'IMPORT SCHEDULE\'!D774)'	'=IF($A774="","",IF(\'IMPORT SCHEDULE\'!D774="","",\'IMPORT SCHEDULE\'!D774))'
CLEAN	C775	'=IF($A775="","",\'IMPORT SCHEDULE\'!C775)'	'=IF($A775="","",IF(\'IMPORT SCHEDULE\'!C775="","",\'IMPORT SCHEDULE\'!C775))'
CLEAN	D775	'=IF($A775="","",\'IMPORT SCHEDULE\'!D775)'	'=IF($A775="","",IF(\'IMPORT SCHEDULE\'!D775="","",\'IMPORT SCHEDULE\'!D775))'
CLEAN	C776	'=IF($A776="","",\'IMPORT SCHEDULE\'!C776)'	'=IF($A776="","",IF(\'IMPORT SCHEDULE\'!C776="","",\'IMPORT SCHEDULE\'!C776))'
CLEAN	D776	'=IF($A776="","",\'IMPORT SCHEDULE\'!D776)'	'=IF($A776="","",IF(\'IMPORT SCHEDULE\'!D776="","",\'IMPORT SCHEDULE\'!D776))'
CLEAN	C777	'=IF($A777="","",\'IMPORT SCHEDULE\'!C777)'	'=IF($A777="","",IF(\'IMPORT SCHEDULE\'!C777="","",\'IMPORT SCHEDULE\'!C777))'
CLEAN	D777	'=IF($A777="","",\'IMPORT SCHEDULE\'!D777)'	'=IF($A777="","",IF(\'IMPORT SCHEDULE\'!D777="","",\'IMPORT SCHEDULE\'!D777))'
CLEAN	C778	'=IF($A778="","",\'IMPORT SCHEDULE\'!C778)'	'=IF($A778="","",IF(\'IMPORT SCHEDULE\'!C778="","",\'IMPORT SCHEDULE\'!C778))'
CLEAN	D778	'=IF($A778="","",\'IMPORT SCHEDULE\'!D778)'	'=IF($A778="","",IF(\'IMPORT SCHEDULE\'!D778="","",\'IMPORT SCHEDULE\'!D778))'
CLEAN	C779	'=IF($A779="","",\'IMPORT SCHEDULE\'!C779)'	'=IF($A779="","",IF(\'IMPORT SCHEDULE\'!C779="","",\'IMPORT SCHEDULE\'!C779))'
CLEAN	D779	'=IF($A779="","",\'IMPORT SCHEDULE\'!D779)'	'=IF($A779="","",IF(\'IMPORT SCHEDULE\'!D779="","",\'IMPORT SCHEDULE\'!D779))'
CLEAN	C780	'=IF($A780="","",\'IMPORT SCHEDULE\'!C780)'	'=IF($A780="","",IF(\'IMPORT SCHEDULE\'!C780="","",\'IMPORT SCHEDULE\'!C780))'
CLEAN	D780	'=IF($A780="","",\'IMPORT SCHEDULE\'!D780)'	'=IF($A780="","",IF(\'IMPORT SCHEDULE\'!D780="","",\'IMPORT SCHEDULE\'!D780))'
CLEAN	C781	'=IF($A781="","",\'IMPORT SCHEDULE\'!C781)'	'=IF($A781="","",IF(\'IMPORT SCHEDULE\'!C781="","",\'IMPORT SCHEDULE\'!C781))'
CLEAN	D781	'=IF($A781="","",\'IMPORT SCHEDULE\'!D781)'	'=IF($A781="","",IF(\'IMPORT SCHEDULE\'!D781="","",\'IMPORT SCHEDULE\'!D781))'
CLEAN	C782	'=IF($A782="","",\'IMPORT SCHEDULE\'!C782)'	'=IF($A782="","",IF(\'IMPORT SCHEDULE\'!C782="","",\'IMPORT SCHEDULE\'!C782))'
CLEAN	D782	'=IF($A782="","",\'IMPORT SCHEDULE\'!D782)'	'=IF($A782="","",IF(\'IMPORT SCHEDULE\'!D782="","",\'IMPORT SCHEDULE\'!D782))'
CLEAN	C783	'=IF($A783="","",\'IMPORT SCHEDULE\'!C783)'	'=IF($A783="","",IF(\'IMPORT SCHEDULE\'!C783="","",\'IMPORT SCHEDULE\'!C783))'
CLEAN	D783	'=IF($A783="","",\'IMPORT SCHEDULE\'!D783)'	'=IF($A783="","",IF(\'IMPORT SCHEDULE\'!D783="","",\'IMPORT SCHEDULE\'!D783))'
CLEAN	C784	'=IF($A784="","",\'IMPORT SCHEDULE\'!C784)'	'=IF($A784="","",IF(\'IMPORT SCHEDULE\'!C784="","",\'IMPORT SCHEDULE\'!C784))'
CLEAN	D784	'=IF($A784="","",\'IMPORT SCHEDULE\'!D784)'	'=IF($A784="","",IF(\'IMPORT SCHEDULE\'!D784="","",\'IMPORT SCHEDULE\'!D784))'
CLEAN	C785	'=IF($A785="","",\'IMPORT SCHEDULE\'!C785)'	'=IF($A785="","",IF(\'IMPORT SCHEDULE\'!C785="","",\'IMPORT SCHEDULE\'!C785))'
CLEAN	D785	'=IF($A785="","",\'IMPORT SCHEDULE\'!D785)'	'=IF($A785="","",IF(\'IMPORT SCHEDULE\'!D785="","",\'IMPORT SCHEDULE\'!D785))'
CLEAN	C786	'=IF($A786="","",\'IMPORT SCHEDULE\'!C786)'	'=IF($A786="","",IF(\'IMPORT SCHEDULE\'!C786="","",\'IMPORT SCHEDULE\'!C786))'
CLEAN	D786	'=IF($A786="","",\'IMPORT SCHEDULE\'!D786)'	'=IF($A786="","",IF(\'IMPORT SCHEDULE\'!D786="","",\'IMPORT SCHEDULE\'!D786))'
CLEAN	C787	'=IF($A787="","",\'IMPORT SCHEDULE\'!C787)'	'=IF($A787="","",IF(\'IMPORT SCHEDULE\'!C787="","",\'IMPORT SCHEDULE\'!C787))'
CLEAN	D787	'=IF($A787="","",\'IMPORT SCHEDULE\'!D787)'	'=IF($A787="","",IF(\'IMPORT SCHEDULE\'!D787="","",\'IMPORT SCHEDULE\'!D787))'
CLEAN	C788	'=IF($A788="","",\'IMPORT SCHEDULE\'!C788)'	'=IF($A788="","",IF(\'IMPORT SCHEDULE\'!C788="","",\'IMPORT SCHEDULE\'!C788))'
CLEAN	D788	'=IF($A788="","",\'IMPORT SCHEDULE\'!D788)'	'=IF($A788="","",IF(\'IMPORT SCHEDULE\'!D788="","",\'IMPORT SCHEDULE\'!D788))'
CLEAN	C789	'=IF($A789="","",\'IMPORT SCHEDULE\'!C789)'	'=IF($A789="","",IF(\'IMPORT SCHEDULE\'!C789="","",\'IMPORT SCHEDULE\'!C789))'
CLEAN	D789	'=IF($A789="","",\'IMPORT SCHEDULE\'!D789)'	'=IF($A789="","",IF(\'IMPORT SCHEDULE\'!D789="","",\'IMPORT SCHEDULE\'!D789))'
CLEAN	C790	'=IF($A790="","",\'IMPORT SCHEDULE\'!C790)'	'=IF($A790="","",IF(\'IMPORT SCHEDULE\'!C790="","",\'IMPORT SCHEDULE\'!C790))'
CLEAN	D790	'=IF($A790="","",\'IMPORT SCHEDULE\'!D790)'	'=IF($A790="","",IF(\'IMPORT SCHEDULE\'!D790="","",\'IMPORT SCHEDULE\'!D790))'
CLEAN	C791	'=IF($A791="","",\'IMPORT SCHEDULE\'!C791)'	'=IF($A791="","",IF(\'IMPORT SCHEDULE\'!C791="","",\'IMPORT SCHEDULE\'!C791))'
CLEAN	D791	'=IF($A791="","",\'IMPORT SCHEDULE\'!D791)'	'=IF($A791="","",IF(\'IMPORT SCHEDULE\'!D791="","",\'IMPORT SCHEDULE\'!D791))'
CLEAN	C792	'=IF($A792="","",\'IMPORT SCHEDULE\'!C792)'	'=IF($A792="","",IF(\'IMPORT SCHEDULE\'!C792="","",\'IMPORT SCHEDULE\'!C792))'
CLEAN	D792	'=IF($A792="","",\'IMPORT SCHEDULE\'!D792)'	'=IF($A792="","",IF(\'IMPORT SCHEDULE\'!D792="","",\'IMPORT SCHEDULE\'!D792))'
CLEAN	C793	'=IF($A793="","",\'IMPORT SCHEDULE\'!C793)'	'=IF($A793="","",IF(\'IMPORT SCHEDULE\'!C793="","",\'IMPORT SCHEDULE\'!C793))'
CLEAN	D793	'=IF($A793="","",\'IMPORT SCHEDULE\'!D793)'	'=IF($A793="","",IF(\'IMPORT SCHEDULE\'!D793="","",\'IMPORT SCHEDULE\'!D793))'
CLEAN	C794	'=IF($A794="","",\'IMPORT SCHEDULE\'!C794)'	'=IF($A794="","",IF(\'IMPORT SCHEDULE\'!C794="","",\'IMPORT SCHEDULE\'!C794))'
CLEAN	D794	'=IF($A794="","",\'IMPORT SCHEDULE\'!D794)'	'=IF($A794="","",IF(\'IMPORT SCHEDULE\'!D794="","",\'IMPORT SCHEDULE\'!D794))'
CLEAN	C795	'=IF($A795="","",\'IMPORT SCHEDULE\'!C795)'	'=IF($A795="","",IF(\'IMPORT SCHEDULE\'!C795="","",\'IMPORT SCHEDULE\'!C795))'
CLEAN	D795	'=IF($A795="","",\'IMPORT SCHEDULE\'!D795)'	'=IF($A795="","",IF(\'IMPORT SCHEDULE\'!D795="","",\'IMPORT SCHEDULE\'!D795))'
CLEAN	C796	'=IF($A796="","",\'IMPORT SCHEDULE\'!C796)'	'=IF($A796="","",IF(\'IMPORT SCHEDULE\'!C796="","",\'IMPORT SCHEDULE\'!C796))'
CLEAN	D796	'=IF($A796="","",\'IMPORT SCHEDULE\'!D796)'	'=IF($A796="","",IF(\'IMPORT SCHEDULE\'!D796="","",\'IMPORT SCHEDULE\'!D796))'
CLEAN	C797	'=IF($A797="","",\'IMPORT SCHEDULE\'!C797)'	'=IF($A797="","",IF(\'IMPORT SCHEDULE\'!C797="","",\'IMPORT SCHEDULE\'!C797))'
CLEAN	D797	'=IF($A797="","",\'IMPORT SCHEDULE\'!D797)'	'=IF($A797="","",IF(\'IMPORT SCHEDULE\'!D797="","",\'IMPORT SCHEDULE\'!D797))'
CLEAN	C798	'=IF($A798="","",\'IMPORT SCHEDULE\'!C798)'	'=IF($A798="","",IF(\'IMPORT SCHEDULE\'!C798="","",\'IMPORT SCHEDULE\'!C798))'
CLEAN	D798	'=IF($A798="","",\'IMPORT SCHEDULE\'!D798)'	'=IF($A798="","",IF(\'IMPORT SCHEDULE\'!D798="","",\'IMPORT SCHEDULE\'!D798))'
CLEAN	C799	'=IF($A799="","",\'IMPORT SCHEDULE\'!C799)'	'=IF($A799="","",IF(\'IMPORT SCHEDULE\'!C799="","",\'IMPORT SCHEDULE\'!C799))'
CLEAN	D799	'=IF($A799="","",\'IMPORT SCHEDULE\'!D799)'	'=IF($A799="","",IF(\'IMPORT SCHEDULE\'!D799="","",\'IMPORT SCHEDULE\'!D799))'
CLEAN	C800	'=IF($A800="","",\'IMPORT SCHEDULE\'!C800)'	'=IF($A800="","",IF(\'IMPORT SCHEDULE\'!C800="","",\'IMPORT SCHEDULE\'!C800))'
CLEAN	D800	'=IF($A800="","",\'IMPORT SCHEDULE\'!D800)'	'=IF($A800="","",IF(\'IMPORT SCHEDULE\'!D800="","",\'IMPORT SCHEDULE\'!D800))'
CLEAN	C801	'=IF($A801="","",\'IMPORT SCHEDULE\'!C801)'	'=IF($A801="","",IF(\'IMPORT SCHEDULE\'!C801="","",\'IMPORT SCHEDULE\'!C801))'
CLEAN	D801	'=IF($A801="","",\'IMPORT SCHEDULE\'!D801)'	'=IF($A801="","",IF(\'IMPORT SCHEDULE\'!D801="","",\'IMPORT SCHEDULE\'!D801))'
CLEAN	C802	'=IF($A802="","",\'IMPORT SCHEDULE\'!C802)'	'=IF($A802="","",IF(\'IMPORT SCHEDULE\'!C802="","",\'IMPORT SCHEDULE\'!C802))'
CLEAN	D802	'=IF($A802="","",\'IMPORT SCHEDULE\'!D802)'	'=IF($A802="","",IF(\'IMPORT SCHEDULE\'!D802="","",\'IMPORT SCHEDULE\'!D802))'
CLEAN	C803	'=IF($A803="","",\'IMPORT SCHEDULE\'!C803)'	'=IF($A803="","",IF(\'IMPORT SCHEDULE\'!C803="","",\'IMPORT SCHEDULE\'!C803))'
CLEAN	D803	'=IF($A803="","",\'IMPORT SCHEDULE\'!D803)'	'=IF($A803="","",IF(\'IMPORT SCHEDULE\'!D803="","",\'IMPORT SCHEDULE\'!D803))'
CLEAN	C804	'=IF($A804="","",\'IMPORT SCHEDULE\'!C804)'	'=IF($A804="","",IF(\'IMPORT SCHEDULE\'!C804="","",\'IMPORT SCHEDULE\'!C804))'
CLEAN	D804	'=IF($A804="","",\'IMPORT SCHEDULE\'!D804)'	'=IF($A804="","",IF(\'IMPORT SCHEDULE\'!D804="","",\'IMPORT SCHEDULE\'!D804))'
CLEAN	C805	'=IF($A805="","",\'IMPORT SCHEDULE\'!C805)'	'=IF($A805="","",IF(\'IMPORT SCHEDULE\'!C805="","",\'IMPORT SCHEDULE\'!C805))'
CLEAN	D805	'=IF($A805="","",\'IMPORT SCHEDULE\'!D805)'	'=IF($A805="","",IF(\'IMPORT SCHEDULE\'!D805="","",\'IMPORT SCHEDULE\'!D805))'
CLEAN	C806	'=IF($A806="","",\'IMPORT SCHEDULE\'!C806)'	'=IF($A806="","",IF(\'IMPORT SCHEDULE\'!C806="","",\'IMPORT SCHEDULE\'!C806))'
CLEAN	D806	'=IF($A806="","",\'IMPORT SCHEDULE\'!D806)'	'=IF($A806="","",IF(\'IMPORT SCHEDULE\'!D806="","",\'IMPORT SCHEDULE\'!D806))'
CLEAN	C807	'=IF($A807="","",\'IMPORT SCHEDULE\'!C807)'	'=IF($A807="","",IF(\'IMPORT SCHEDULE\'!C807="","",\'IMPORT SCHEDULE\'!C807))'
CLEAN	D807	'=IF($A807="","",\'IMPORT SCHEDULE\'!D807)'	'=IF($A807="","",IF(\'IMPORT SCHEDULE\'!D807="","",\'IMPORT SCHEDULE\'!D807))'
CLEAN	C808	'=IF($A808="","",\'IMPORT SCHEDULE\'!C808)'	'=IF($A808="","",IF(\'IMPORT SCHEDULE\'!C808="","",\'IMPORT SCHEDULE\'!C808))'
CLEAN	D808	'=IF($A808="","",\'IMPORT SCHEDULE\'!D808)'	'=IF($A808="","",IF(\'IMPORT SCHEDULE\'!D808="","",\'IMPORT SCHEDULE\'!D808))'
CLEAN	C809	'=IF($A809="","",\'IMPORT SCHEDULE\'!C809)'	'=IF($A809="","",IF(\'IMPORT SCHEDULE\'!C809="","",\'IMPORT SCHEDULE\'!C809))'
CLEAN	D809	'=IF($A809="","",\'IMPORT SCHEDULE\'!D809)'	'=IF($A809="","",IF(\'IMPORT SCHEDULE\'!D809="","",\'IMPORT SCHEDULE\'!D809))'
CLEAN	C810	'=IF($A810="","",\'IMPORT SCHEDULE\'!C810)'	'=IF($A810="","",IF(\'IMPORT SCHEDULE\'!C810="","",\'IMPORT SCHEDULE\'!C810))'
CLEAN	D810	'=IF($A810="","",\'IMPORT SCHEDULE\'!D810)'	'=IF($A810="","",IF(\'IMPORT SCHEDULE\'!D810="","",\'IMPORT SCHEDULE\'!D810))'
CLEAN	C811	'=IF($A811="","",\'IMPORT SCHEDULE\'!C811)'	'=IF($A811="","",IF(\'IMPORT SCHEDULE\'!C811="","",\'IMPORT SCHEDULE\'!C811))'
CLEAN	D811	'=IF($A811="","",\'IMPORT SCHEDULE\'!D811)'	'=IF($A811="","",IF(\'IMPORT SCHEDULE\'!D811="","",\'IMPORT SCHEDULE\'!D811))'
CLEAN	C812	'=IF($A812="","",\'IMPORT SCHEDULE\'!C812)'	'=IF($A812="","",IF(\'IMPORT SCHEDULE\'!C812="","",\'IMPORT SCHEDULE\'!C812))'
CLEAN	D812	'=IF($A812="","",\'IMPORT SCHEDULE\'!D812)'	'=IF($A812="","",IF(\'IMPORT SCHEDULE\'!D812="","",\'IMPORT SCHEDULE\'!D812))'
CLEAN	C813	'=IF($A813="","",\'IMPORT SCHEDULE\'!C813)'	'=IF($A813="","",IF(\'IMPORT SCHEDULE\'!C813="","",\'IMPORT SCHEDULE\'!C813))'
CLEAN	D813	'=IF($A813="","",\'IMPORT SCHEDULE\'!D813)'	'=IF($A813="","",IF(\'IMPORT SCHEDULE\'!D813="","",\'IMPORT SCHEDULE\'!D813))'
CLEAN	C814	'=IF($A814="","",\'IMPORT SCHEDULE\'!C814)'	'=IF($A814="","",IF(\'IMPORT SCHEDULE\'!C814="","",\'IMPORT SCHEDULE\'!C814))'
CLEAN	D814	'=IF($A814="","",\'IMPORT SCHEDULE\'!D814)'	'=IF($A814="","",IF(\'IMPORT SCHEDULE\'!D814="","",\'IMPORT SCHEDULE\'!D814))'
CLEAN	C815	'=IF($A815="","",\'IMPORT SCHEDULE\'!C815)'	'=IF($A815="","",IF(\'IMPORT SCHEDULE\'!C815="","",\'IMPORT SCHEDULE\'!C815))'
CLEAN	D815	'=IF($A815="","",\'IMPORT SCHEDULE\'!D815)'	'=IF($A815="","",IF(\'IMPORT SCHEDULE\'!D815="","",\'IMPORT SCHEDULE\'!D815))'
CLEAN	C816	'=IF($A816="","",\'IMPORT SCHEDULE\'!C816)'	'=IF($A816="","",IF(\'IMPORT SCHEDULE\'!C816="","",\'IMPORT SCHEDULE\'!C816))'
CLEAN	D816	'=IF($A816="","",\'IMPORT SCHEDULE\'!D816)'	'=IF($A816="","",IF(\'IMPORT SCHEDULE\'!D816="","",\'IMPORT SCHEDULE\'!D816))'
CLEAN	C817	'=IF($A817="","",\'IMPORT SCHEDULE\'!C817)'	'=IF($A817="","",IF(\'IMPORT SCHEDULE\'!C817="","",\'IMPORT SCHEDULE\'!C817))'
CLEAN	D817	'=IF($A817="","",\'IMPORT SCHEDULE\'!D817)'	'=IF($A817="","",IF(\'IMPORT SCHEDULE\'!D817="","",\'IMPORT SCHEDULE\'!D817))'
CLEAN	C818	'=IF($A818="","",\'IMPORT SCHEDULE\'!C818)'	'=IF($A818="","",IF(\'IMPORT SCHEDULE\'!C818="","",\'IMPORT SCHEDULE\'!C818))'
CLEAN	D818	'=IF($A818="","",\'IMPORT SCHEDULE\'!D818)'	'=IF($A818="","",IF(\'IMPORT SCHEDULE\'!D818="","",\'IMPORT SCHEDULE\'!D818))'
CLEAN	C819	'=IF($A819="","",\'IMPORT SCHEDULE\'!C819)'	'=IF($A819="","",IF(\'IMPORT SCHEDULE\'!C819="","",\'IMPORT SCHEDULE\'!C819))'
CLEAN	D819	'=IF($A819="","",\'IMPORT SCHEDULE\'!D819)'	'=IF($A819="","",IF(\'IMPORT SCHEDULE\'!D819="","",\'IMPORT SCHEDULE\'!D819))'
CLEAN	C820	'=IF($A820="","",\'IMPORT SCHEDULE\'!C820)'	'=IF($A820="","",IF(\'IMPORT SCHEDULE\'!C820="","",\'IMPORT SCHEDULE\'!C820))'
CLEAN	D820	'=IF($A820="","",\'IMPORT SCHEDULE\'!D820)'	'=IF($A820="","",IF(\'IMPORT SCHEDULE\'!D820="","",\'IMPORT SCHEDULE\'!D820))'
CLEAN	C821	'=IF($A821="","",\'IMPORT SCHEDULE\'!C821)'	'=IF($A821="","",IF(\'IMPORT SCHEDULE\'!C821="","",\'IMPORT SCHEDULE\'!C821))'
CLEAN	D821	'=IF($A821="","",\'IMPORT SCHEDULE\'!D821)'	'=IF($A821="","",IF(\'IMPORT SCHEDULE\'!D821="","",\'IMPORT SCHEDULE\'!D821))'
CLEAN	C822	'=IF($A822="","",\'IMPORT SCHEDULE\'!C822)'	'=IF($A822="","",IF(\'IMPORT SCHEDULE\'!C822="","",\'IMPORT SCHEDULE\'!C822))'
CLEAN	D822	'=IF($A822="","",\'IMPORT SCHEDULE\'!D822)'	'=IF($A822="","",IF(\'IMPORT SCHEDULE\'!D822="","",\'IMPORT SCHEDULE\'!D822))'
CLEAN	C823	'=IF($A823="","",\'IMPORT SCHEDULE\'!C823)'	'=IF($A823="","",IF(\'IMPORT SCHEDULE\'!C823="","",\'IMPORT SCHEDULE\'!C823))'
CLEAN	D823	'=IF($A823="","",\'IMPORT SCHEDULE\'!D823)'	'=IF($A823="","",IF(\'IMPORT SCHEDULE\'!D823="","",\'IMPORT SCHEDULE\'!D823))'
CLEAN	C824	'=IF($A824="","",\'IMPORT SCHEDULE\'!C824)'	'=IF($A824="","",IF(\'IMPORT SCHEDULE\'!C824="","",\'IMPORT SCHEDULE\'!C824))'
CLEAN	D824	'=IF($A824="","",\'IMPORT SCHEDULE\'!D824)'	'=IF($A824="","",IF(\'IMPORT SCHEDULE\'!D824="","",\'IMPORT SCHEDULE\'!D824))'
CLEAN	C825	'=IF($A825="","",\'IMPORT SCHEDULE\'!C825)'	'=IF($A825="","",IF(\'IMPORT SCHEDULE\'!C825="","",\'IMPORT SCHEDULE\'!C825))'
CLEAN	D825	'=IF($A825="","",\'IMPORT SCHEDULE\'!D825)'	'=IF($A825="","",IF(\'IMPORT SCHEDULE\'!D825="","",\'IMPORT SCHEDULE\'!D825))'
CLEAN	C826	'=IF($A826="","",\'IMPORT SCHEDULE\'!C826)'	'=IF($A826="","",IF(\'IMPORT SCHEDULE\'!C826="","",\'IMPORT SCHEDULE\'!C826))'
CLEAN	D826	'=IF($A826="","",\'IMPORT SCHEDULE\'!D826)'	'=IF($A826="","",IF(\'IMPORT SCHEDULE\'!D826="","",\'IMPORT SCHEDULE\'!D826))'
CLEAN	C827	'=IF($A827="","",\'IMPORT SCHEDULE\'!C827)'	'=IF($A827="","",IF(\'IMPORT SCHEDULE\'!C827="","",\'IMPORT SCHEDULE\'!C827))'
CLEAN	D827	'=IF($A827="","",\'IMPORT SCHEDULE\'!D827)'	'=IF($A827="","",IF(\'IMPORT SCHEDULE\'!D827="","",\'IMPORT SCHEDULE\'!D827))'
CLEAN	C828	'=IF($A828="","",\'IMPORT SCHEDULE\'!C828)'	'=IF($A828="","",IF(\'IMPORT SCHEDULE\'!C828="","",\'IMPORT SCHEDULE\'!C828))'
CLEAN	D828	'=IF($A828="","",\'IMPORT SCHEDULE\'!D828)'	'=IF($A828="","",IF(\'IMPORT SCHEDULE\'!D828="","",\'IMPORT SCHEDULE\'!D828))'
CLEAN	C829	'=IF($A829="","",\'IMPORT SCHEDULE\'!C829)'	'=IF($A829="","",IF(\'IMPORT SCHEDULE\'!C829="","",\'IMPORT SCHEDULE\'!C829))'
CLEAN	D829	'=IF($A829="","",\'IMPORT SCHEDULE\'!D829)'	'=IF($A829="","",IF(\'IMPORT SCHEDULE\'!D829="","",\'IMPORT SCHEDULE\'!D829))'
CLEAN	C830	'=IF($A830="","",\'IMPORT SCHEDULE\'!C830)'	'=IF($A830="","",IF(\'IMPORT SCHEDULE\'!C830="","",\'IMPORT SCHEDULE\'!C830))'
CLEAN	D830	'=IF($A830="","",\'IMPORT SCHEDULE\'!D830)'	'=IF($A830="","",IF(\'IMPORT SCHEDULE\'!D830="","",\'IMPORT SCHEDULE\'!D830))'
CLEAN	C831	'=IF($A831="","",\'IMPORT SCHEDULE\'!C831)'	'=IF($A831="","",IF(\'IMPORT SCHEDULE\'!C831="","",\'IMPORT SCHEDULE\'!C831))'
CLEAN	D831	'=IF($A831="","",\'IMPORT SCHEDULE\'!D831)'	'=IF($A831="","",IF(\'IMPORT SCHEDULE\'!D831="","",\'IMPORT SCHEDULE\'!D831))'
CLEAN	C832	'=IF($A832="","",\'IMPORT SCHEDULE\'!C832)'	'=IF($A832="","",IF(\'IMPORT SCHEDULE\'!C832="","",\'IMPORT SCHEDULE\'!C832))'
CLEAN	D832	'=IF($A832="","",\'IMPORT SCHEDULE\'!D832)'	'=IF($A832="","",IF(\'IMPORT SCHEDULE\'!D832="","",\'IMPORT SCHEDULE\'!D832))'
CLEAN	C833	'=IF($A833="","",\'IMPORT SCHEDULE\'!C833)'	'=IF($A833="","",IF(\'IMPORT SCHEDULE\'!C833="","",\'IMPORT SCHEDULE\'!C833))'
CLEAN	D833	'=IF($A833="","",\'IMPORT SCHEDULE\'!D833)'	'=IF($A833="","",IF(\'IMPORT SCHEDULE\'!D833="","",\'IMPORT SCHEDULE\'!D833))'
CLEAN	C834	'=IF($A834="","",\'IMPORT SCHEDULE\'!C834)'	'=IF($A834="","",IF(\'IMPORT SCHEDULE\'!C834="","",\'IMPORT SCHEDULE\'!C834))'
CLEAN	D834	'=IF($A834="","",\'IMPORT SCHEDULE\'!D834)'	'=IF($A834="","",IF(\'IMPORT SCHEDULE\'!D834="","",\'IMPORT SCHEDULE\'!D834))'
CLEAN	C835	'=IF($A835="","",\'IMPORT SCHEDULE\'!C835)'	'=IF($A835="","",IF(\'IMPORT SCHEDULE\'!C835="","",\'IMPORT SCHEDULE\'!C835))'
CLEAN	D835	'=IF($A835="","",\'IMPORT SCHEDULE\'!D835)'	'=IF($A835="","",IF(\'IMPORT SCHEDULE\'!D835="","",\'IMPORT SCHEDULE\'!D835))'
CLEAN	C836	'=IF($A836="","",\'IMPORT SCHEDULE\'!C836)'	'=IF($A836="","",IF(\'IMPORT SCHEDULE\'!C836="","",\'IMPORT SCHEDULE\'!C836))'
CLEAN	D836	'=IF($A836="","",\'IMPORT SCHEDULE\'!D836)'	'=IF($A836="","",IF(\'IMPORT SCHEDULE\'!D836="","",\'IMPORT SCHEDULE\'!D836))'
CLEAN	C837	'=IF($A837="","",\'IMPORT SCHEDULE\'!C837)'	'=IF($A837="","",IF(\'IMPORT SCHEDULE\'!C837="","",\'IMPORT SCHEDULE\'!C837))'
CLEAN	D837	'=IF($A837="","",\'IMPORT SCHEDULE\'!D837)'	'=IF($A837="","",IF(\'IMPORT SCHEDULE\'!D837="","",\'IMPORT SCHEDULE\'!D837))'
CLEAN	C838	'=IF($A838="","",\'IMPORT SCHEDULE\'!C838)'	'=IF($A838="","",IF(\'IMPORT SCHEDULE\'!C838="","",\'IMPORT SCHEDULE\'!C838))'
CLEAN	D838	'=IF($A838="","",\'IMPORT SCHEDULE\'!D838)'	'=IF($A838="","",IF(\'IMPORT SCHEDULE\'!D838="","",\'IMPORT SCHEDULE\'!D838))'
CLEAN	C839	'=IF($A839="","",\'IMPORT SCHEDULE\'!C839)'	'=IF($A839="","",IF(\'IMPORT SCHEDULE\'!C839="","",\'IMPORT SCHEDULE\'!C839))'
CLEAN	D839	'=IF($A839="","",\'IMPORT SCHEDULE\'!D839)'	'=IF($A839="","",IF(\'IMPORT SCHEDULE\'!D839="","",\'IMPORT SCHEDULE\'!D839))'
CLEAN	C840	'=IF($A840="","",\'IMPORT SCHEDULE\'!C840)'	'=IF($A840="","",IF(\'IMPORT SCHEDULE\'!C840="","",\'IMPORT SCHEDULE\'!C840))'
CLEAN	D840	'=IF($A840="","",\'IMPORT SCHEDULE\'!D840)'	'=IF($A840="","",IF(\'IMPORT SCHEDULE\'!D840="","",\'IMPORT SCHEDULE\'!D840))'
CLEAN	C841	'=IF($A841="","",\'IMPORT SCHEDULE\'!C841)'	'=IF($A841="","",IF(\'IMPORT SCHEDULE\'!C841="","",\'IMPORT SCHEDULE\'!C841))'
CLEAN	D841	'=IF($A841="","",\'IMPORT SCHEDULE\'!D841)'	'=IF($A841="","",IF(\'IMPORT SCHEDULE\'!D841="","",\'IMPORT SCHEDULE\'!D841))'
CLEAN	C842	'=IF($A842="","",\'IMPORT SCHEDULE\'!C842)'	'=IF($A842="","",IF(\'IMPORT SCHEDULE\'!C842="","",\'IMPORT SCHEDULE\'!C842))'
CLEAN	D842	'=IF($A842="","",\'IMPORT SCHEDULE\'!D842)'	'=IF($A842="","",IF(\'IMPORT SCHEDULE\'!D842="","",\'IMPORT SCHEDULE\'!D842))'
CLEAN	C843	'=IF($A843="","",\'IMPORT SCHEDULE\'!C843)'	'=IF($A843="","",IF(\'IMPORT SCHEDULE\'!C843="","",\'IMPORT SCHEDULE\'!C843))'
CLEAN	D843	'=IF($A843="","",\'IMPORT SCHEDULE\'!D843)'	'=IF($A843="","",IF(\'IMPORT SCHEDULE\'!D843="","",\'IMPORT SCHEDULE\'!D843))'
CLEAN	C844	'=IF($A844="","",\'IMPORT SCHEDULE\'!C844)'	'=IF($A844="","",IF(\'IMPORT SCHEDULE\'!C844="","",\'IMPORT SCHEDULE\'!C844))'
CLEAN	D844	'=IF($A844="","",\'IMPORT SCHEDULE\'!D844)'	'=IF($A844="","",IF(\'IMPORT SCHEDULE\'!D844="","",\'IMPORT SCHEDULE\'!D844))'
CLEAN	C845	'=IF($A845="","",\'IMPORT SCHEDULE\'!C845)'	'=IF($A845="","",IF(\'IMPORT SCHEDULE\'!C845="","",\'IMPORT SCHEDULE\'!C845))'
CLEAN	D845	'=IF($A845="","",\'IMPORT SCHEDULE\'!D845)'	'=IF($A845="","",IF(\'IMPORT SCHEDULE\'!D845="","",\'IMPORT SCHEDULE\'!D845))'
CLEAN	C846	'=IF($A846="","",\'IMPORT SCHEDULE\'!C846)'	'=IF($A846="","",IF(\'IMPORT SCHEDULE\'!C846="","",\'IMPORT SCHEDULE\'!C846))'
CLEAN	D846	'=IF($A846="","",\'IMPORT SCHEDULE\'!D846)'	'=IF($A846="","",IF(\'IMPORT SCHEDULE\'!D846="","",\'IMPORT SCHEDULE\'!D846))'
CLEAN	C847	'=IF($A847="","",\'IMPORT SCHEDULE\'!C847)'	'=IF($A847="","",IF(\'IMPORT SCHEDULE\'!C847="","",\'IMPORT SCHEDULE\'!C847))'
CLEAN	D847	'=IF($A847="","",\'IMPORT SCHEDULE\'!D847)'	'=IF($A847="","",IF(\'IMPORT SCHEDULE\'!D847="","",\'IMPORT SCHEDULE\'!D847))'
CLEAN	C848	'=IF($A848="","",\'IMPORT SCHEDULE\'!C848)'	'=IF($A848="","",IF(\'IMPORT SCHEDULE\'!C848="","",\'IMPORT SCHEDULE\'!C848))'
CLEAN	D848	'=IF($A848="","",\'IMPORT SCHEDULE\'!D848)'	'=IF($A848="","",IF(\'IMPORT SCHEDULE\'!D848="","",\'IMPORT SCHEDULE\'!D848))'
CLEAN	C849	'=IF($A849="","",\'IMPORT SCHEDULE\'!C849)'	'=IF($A849="","",IF(\'IMPORT SCHEDULE\'!C849="","",\'IMPORT SCHEDULE\'!C849))'
CLEAN	D849	'=IF($A849="","",\'IMPORT SCHEDULE\'!D849)'	'=IF($A849="","",IF(\'IMPORT SCHEDULE\'!D849="","",\'IMPORT SCHEDULE\'!D849))'
CLEAN	C850	'=IF($A850="","",\'IMPORT SCHEDULE\'!C850)'	'=IF($A850="","",IF(\'IMPORT SCHEDULE\'!C850="","",\'IMPORT SCHEDULE\'!C850))'
CLEAN	D850	'=IF($A850="","",\'IMPORT SCHEDULE\'!D850)'	'=IF($A850="","",IF(\'IMPORT SCHEDULE\'!D850="","",\'IMPORT SCHEDULE\'!D850))'
CLEAN	C851	'=IF($A851="","",\'IMPORT SCHEDULE\'!C851)'	'=IF($A851="","",IF(\'IMPORT SCHEDULE\'!C851="","",\'IMPORT SCHEDULE\'!C851))'
CLEAN	D851	'=IF($A851="","",\'IMPORT SCHEDULE\'!D851)'	'=IF($A851="","",IF(\'IMPORT SCHEDULE\'!D851="","",\'IMPORT SCHEDULE\'!D851))'
CLEAN	C852	'=IF($A852="","",\'IMPORT SCHEDULE\'!C852)'	'=IF($A852="","",IF(\'IMPORT SCHEDULE\'!C852="","",\'IMPORT SCHEDULE\'!C852))'
CLEAN	D852	'=IF($A852="","",\'IMPORT SCHEDULE\'!D852)'	'=IF($A852="","",IF(\'IMPORT SCHEDULE\'!D852="","",\'IMPORT SCHEDULE\'!D852))'
CLEAN	C853	'=IF($A853="","",\'IMPORT SCHEDULE\'!C853)'	'=IF($A853="","",IF(\'IMPORT SCHEDULE\'!C853="","",\'IMPORT SCHEDULE\'!C853))'
CLEAN	D853	'=IF($A853="","",\'IMPORT SCHEDULE\'!D853)'	'=IF($A853="","",IF(\'IMPORT SCHEDULE\'!D853="","",\'IMPORT SCHEDULE\'!D853))'
CLEAN	C854	'=IF($A854="","",\'IMPORT SCHEDULE\'!C854)'	'=IF($A854="","",IF(\'IMPORT SCHEDULE\'!C854="","",\'IMPORT SCHEDULE\'!C854))'
CLEAN	D854	'=IF($A854="","",\'IMPORT SCHEDULE\'!D854)'	'=IF($A854="","",IF(\'IMPORT SCHEDULE\'!D854="","",\'IMPORT SCHEDULE\'!D854))'
CLEAN	C855	'=IF($A855="","",\'IMPORT SCHEDULE\'!C855)'	'=IF($A855="","",IF(\'IMPORT SCHEDULE\'!C855="","",\'IMPORT SCHEDULE\'!C855))'
CLEAN	D855	'=IF($A855="","",\'IMPORT SCHEDULE\'!D855)'	'=IF($A855="","",IF(\'IMPORT SCHEDULE\'!D855="","",\'IMPORT SCHEDULE\'!D855))'
CLEAN	C856	'=IF($A856="","",\'IMPORT SCHEDULE\'!C856)'	'=IF($A856="","",IF(\'IMPORT SCHEDULE\'!C856="","",\'IMPORT SCHEDULE\'!C856))'
CLEAN	D856	'=IF($A856="","",\'IMPORT SCHEDULE\'!D856)'	'=IF($A856="","",IF(\'IMPORT SCHEDULE\'!D856="","",\'IMPORT SCHEDULE\'!D856))'
CLEAN	C857	'=IF($A857="","",\'IMPORT SCHEDULE\'!C857)'	'=IF($A857="","",IF(\'IMPORT SCHEDULE\'!C857="","",\'IMPORT SCHEDULE\'!C857))'
CLEAN	D857	'=IF($A857="","",\'IMPORT SCHEDULE\'!D857)'	'=IF($A857="","",IF(\'IMPORT SCHEDULE\'!D857="","",\'IMPORT SCHEDULE\'!D857))'
CLEAN	C858	'=IF($A858="","",\'IMPORT SCHEDULE\'!C858)'	'=IF($A858="","",IF(\'IMPORT SCHEDULE\'!C858="","",\'IMPORT SCHEDULE\'!C858))'
CLEAN	D858	'=IF($A858="","",\'IMPORT SCHEDULE\'!D858)'	'=IF($A858="","",IF(\'IMPORT SCHEDULE\'!D858="","",\'IMPORT SCHEDULE\'!D858))'
CLEAN	C859	'=IF($A859="","",\'IMPORT SCHEDULE\'!C859)'	'=IF($A859="","",IF(\'IMPORT SCHEDULE\'!C859="","",\'IMPORT SCHEDULE\'!C859))'
CLEAN	D859	'=IF($A859="","",\'IMPORT SCHEDULE\'!D859)'	'=IF($A859="","",IF(\'IMPORT SCHEDULE\'!D859="","",\'IMPORT SCHEDULE\'!D859))'
CLEAN	C860	'=IF($A860="","",\'IMPORT SCHEDULE\'!C860)'	'=IF($A860="","",IF(\'IMPORT SCHEDULE\'!C860="","",\'IMPORT SCHEDULE\'!C860))'
CLEAN	D860	'=IF($A860="","",\'IMPORT SCHEDULE\'!D860)'	'=IF($A860="","",IF(\'IMPORT SCHEDULE\'!D860="","",\'IMPORT SCHEDULE\'!D860))'
CLEAN	C861	'=IF($A861="","",\'IMPORT SCHEDULE\'!C861)'	'=IF($A861="","",IF(\'IMPORT SCHEDULE\'!C861="","",\'IMPORT SCHEDULE\'!C861))'
CLEAN	D861	'=IF($A861="","",\'IMPORT SCHEDULE\'!D861)'	'=IF($A861="","",IF(\'IMPORT SCHEDULE\'!D861="","",\'IMPORT SCHEDULE\'!D861))'
CLEAN	C862	'=IF($A862="","",\'IMPORT SCHEDULE\'!C862)'	'=IF($A862="","",IF(\'IMPORT SCHEDULE\'!C862="","",\'IMPORT SCHEDULE\'!C862))'
CLEAN	D862	'=IF($A862="","",\'IMPORT SCHEDULE\'!D862)'	'=IF($A862="","",IF(\'IMPORT SCHEDULE\'!D862="","",\'IMPORT SCHEDULE\'!D862))'
CLEAN	C863	'=IF($A863="","",\'IMPORT SCHEDULE\'!C863)'	'=IF($A863="","",IF(\'IMPORT SCHEDULE\'!C863="","",\'IMPORT SCHEDULE\'!C863))'
CLEAN	D863	'=IF($A863="","",\'IMPORT SCHEDULE\'!D863)'	'=IF($A863="","",IF(\'IMPORT SCHEDULE\'!D863="","",\'IMPORT SCHEDULE\'!D863))'
CLEAN	C864	'=IF($A864="","",\'IMPORT SCHEDULE\'!C864)'	'=IF($A864="","",IF(\'IMPORT SCHEDULE\'!C864="","",\'IMPORT SCHEDULE\'!C864))'
CLEAN	D864	'=IF($A864="","",\'IMPORT SCHEDULE\'!D864)'	'=IF($A864="","",IF(\'IMPORT SCHEDULE\'!D864="","",\'IMPORT SCHEDULE\'!D864))'
CLEAN	C865	'=IF($A865="","",\'IMPORT SCHEDULE\'!C865)'	'=IF($A865="","",IF(\'IMPORT SCHEDULE\'!C865="","",\'IMPORT SCHEDULE\'!C865))'
CLEAN	D865	'=IF($A865="","",\'IMPORT SCHEDULE\'!D865)'	'=IF($A865="","",IF(\'IMPORT SCHEDULE\'!D865="","",\'IMPORT SCHEDULE\'!D865))'
CLEAN	C866	'=IF($A866="","",\'IMPORT SCHEDULE\'!C866)'	'=IF($A866="","",IF(\'IMPORT SCHEDULE\'!C866="","",\'IMPORT SCHEDULE\'!C866))'
CLEAN	D866	'=IF($A866="","",\'IMPORT SCHEDULE\'!D866)'	'=IF($A866="","",IF(\'IMPORT SCHEDULE\'!D866="","",\'IMPORT SCHEDULE\'!D866))'
CLEAN	C867	'=IF($A867="","",\'IMPORT SCHEDULE\'!C867)'	'=IF($A867="","",IF(\'IMPORT SCHEDULE\'!C867="","",\'IMPORT SCHEDULE\'!C867))'
CLEAN	D867	'=IF($A867="","",\'IMPORT SCHEDULE\'!D867)'	'=IF($A867="","",IF(\'IMPORT SCHEDULE\'!D867="","",\'IMPORT SCHEDULE\'!D867))'
CLEAN	C868	'=IF($A868="","",\'IMPORT SCHEDULE\'!C868)'	'=IF($A868="","",IF(\'IMPORT SCHEDULE\'!C868="","",\'IMPORT SCHEDULE\'!C868))'
CLEAN	D868	'=IF($A868="","",\'IMPORT SCHEDULE\'!D868)'	'=IF($A868="","",IF(\'IMPORT SCHEDULE\'!D868="","",\'IMPORT SCHEDULE\'!D868))'
CLEAN	C869	'=IF($A869="","",\'IMPORT SCHEDULE\'!C869)'	'=IF($A869="","",IF(\'IMPORT SCHEDULE\'!C869="","",\'IMPORT SCHEDULE\'!C869))'
CLEAN	D869	'=IF($A869="","",\'IMPORT SCHEDULE\'!D869)'	'=IF($A869="","",IF(\'IMPORT SCHEDULE\'!D869="","",\'IMPORT SCHEDULE\'!D869))'
CLEAN	C870	'=IF($A870="","",\'IMPORT SCHEDULE\'!C870)'	'=IF($A870="","",IF(\'IMPORT SCHEDULE\'!C870="","",\'IMPORT SCHEDULE\'!C870))'
CLEAN	D870	'=IF($A870="","",\'IMPORT SCHEDULE\'!D870)'	'=IF($A870="","",IF(\'IMPORT SCHEDULE\'!D870="","",\'IMPORT SCHEDULE\'!D870))'
CLEAN	C871	'=IF($A871="","",\'IMPORT SCHEDULE\'!C871)'	'=IF($A871="","",IF(\'IMPORT SCHEDULE\'!C871="","",\'IMPORT SCHEDULE\'!C871))'
CLEAN	D871	'=IF($A871="","",\'IMPORT SCHEDULE\'!D871)'	'=IF($A871="","",IF(\'IMPORT SCHEDULE\'!D871="","",\'IMPORT SCHEDULE\'!D871))'
CLEAN	C872	'=IF($A872="","",\'IMPORT SCHEDULE\'!C872)'	'=IF($A872="","",IF(\'IMPORT SCHEDULE\'!C872="","",\'IMPORT SCHEDULE\'!C872))'
CLEAN	D872	'=IF($A872="","",\'IMPORT SCHEDULE\'!D872)'	'=IF($A872="","",IF(\'IMPORT SCHEDULE\'!D872="","",\'IMPORT SCHEDULE\'!D872))'
CLEAN	C873	'=IF($A873="","",\'IMPORT SCHEDULE\'!C873)'	'=IF($A873="","",IF(\'IMPORT SCHEDULE\'!C873="","",\'IMPORT SCHEDULE\'!C873))'
CLEAN	D873	'=IF($A873="","",\'IMPORT SCHEDULE\'!D873)'	'=IF($A873="","",IF(\'IMPORT SCHEDULE\'!D873="","",\'IMPORT SCHEDULE\'!D873))'
CLEAN	C874	'=IF($A874="","",\'IMPORT SCHEDULE\'!C874)'	'=IF($A874="","",IF(\'IMPORT SCHEDULE\'!C874="","",\'IMPORT SCHEDULE\'!C874))'
CLEAN	D874	'=IF($A874="","",\'IMPORT SCHEDULE\'!D874)'	'=IF($A874="","",IF(\'IMPORT SCHEDULE\'!D874="","",\'IMPORT SCHEDULE\'!D874))'
CLEAN	C875	'=IF($A875="","",\'IMPORT SCHEDULE\'!C875)'	'=IF($A875="","",IF(\'IMPORT SCHEDULE\'!C875="","",\'IMPORT SCHEDULE\'!C875))'
CLEAN	D875	'=IF($A875="","",\'IMPORT SCHEDULE\'!D875)'	'=IF($A875="","",IF(\'IMPORT SCHEDULE\'!D875="","",\'IMPORT SCHEDULE\'!D875))'
CLEAN	C876	'=IF($A876="","",\'IMPORT SCHEDULE\'!C876)'	'=IF($A876="","",IF(\'IMPORT SCHEDULE\'!C876="","",\'IMPORT SCHEDULE\'!C876))'
CLEAN	D876	'=IF($A876="","",\'IMPORT SCHEDULE\'!D876)'	'=IF($A876="","",IF(\'IMPORT SCHEDULE\'!D876="","",\'IMPORT SCHEDULE\'!D876))'
CLEAN	C877	'=IF($A877="","",\'IMPORT SCHEDULE\'!C877)'	'=IF($A877="","",IF(\'IMPORT SCHEDULE\'!C877="","",\'IMPORT SCHEDULE\'!C877))'
CLEAN	D877	'=IF($A877="","",\'IMPORT SCHEDULE\'!D877)'	'=IF($A877="","",IF(\'IMPORT SCHEDULE\'!D877="","",\'IMPORT SCHEDULE\'!D877))'
CLEAN	C878	'=IF($A878="","",\'IMPORT SCHEDULE\'!C878)'	'=IF($A878="","",IF(\'IMPORT SCHEDULE\'!C878="","",\'IMPORT SCHEDULE\'!C878))'
CLEAN	D878	'=IF($A878="","",\'IMPORT SCHEDULE\'!D878)'	'=IF($A878="","",IF(\'IMPORT SCHEDULE\'!D878="","",\'IMPORT SCHEDULE\'!D878))'
CLEAN	C879	'=IF($A879="","",\'IMPORT SCHEDULE\'!C879)'	'=IF($A879="","",IF(\'IMPORT SCHEDULE\'!C879="","",\'IMPORT SCHEDULE\'!C879))'
CLEAN	D879	'=IF($A879="","",\'IMPORT SCHEDULE\'!D879)'	'=IF($A879="","",IF(\'IMPORT SCHEDULE\'!D879="","",\'IMPORT SCHEDULE\'!D879))'
CLEAN	C880	'=IF($A880="","",\'IMPORT SCHEDULE\'!C880)'	'=IF($A880="","",IF(\'IMPORT SCHEDULE\'!C880="","",\'IMPORT SCHEDULE\'!C880))'
CLEAN	D880	'=IF($A880="","",\'IMPORT SCHEDULE\'!D880)'	'=IF($A880="","",IF(\'IMPORT SCHEDULE\'!D880="","",\'IMPORT SCHEDULE\'!D880))'
CLEAN	C881	'=IF($A881="","",\'IMPORT SCHEDULE\'!C881)'	'=IF($A881="","",IF(\'IMPORT SCHEDULE\'!C881="","",\'IMPORT SCHEDULE\'!C881))'
CLEAN	D881	'=IF($A881="","",\'IMPORT SCHEDULE\'!D881)'	'=IF($A881="","",IF(\'IMPORT SCHEDULE\'!D881="","",\'IMPORT SCHEDULE\'!D881))'
CLEAN	C882	'=IF($A882="","",\'IMPORT SCHEDULE\'!C882)'	'=IF($A882="","",IF(\'IMPORT SCHEDULE\'!C882="","",\'IMPORT SCHEDULE\'!C882))'
CLEAN	D882	'=IF($A882="","",\'IMPORT SCHEDULE\'!D882)'	'=IF($A882="","",IF(\'IMPORT SCHEDULE\'!D882="","",\'IMPORT SCHEDULE\'!D882))'
CLEAN	C883	'=IF($A883="","",\'IMPORT SCHEDULE\'!C883)'	'=IF($A883="","",IF(\'IMPORT SCHEDULE\'!C883="","",\'IMPORT SCHEDULE\'!C883))'
CLEAN	D883	'=IF($A883="","",\'IMPORT SCHEDULE\'!D883)'	'=IF($A883="","",IF(\'IMPORT SCHEDULE\'!D883="","",\'IMPORT SCHEDULE\'!D883))'
CLEAN	C884	'=IF($A884="","",\'IMPORT SCHEDULE\'!C884)'	'=IF($A884="","",IF(\'IMPORT SCHEDULE\'!C884="","",\'IMPORT SCHEDULE\'!C884))'
CLEAN	D884	'=IF($A884="","",\'IMPORT SCHEDULE\'!D884)'	'=IF($A884="","",IF(\'IMPORT SCHEDULE\'!D884="","",\'IMPORT SCHEDULE\'!D884))'
CLEAN	C885	'=IF($A885="","",\'IMPORT SCHEDULE\'!C885)'	'=IF($A885="","",IF(\'IMPORT SCHEDULE\'!C885="","",\'IMPORT SCHEDULE\'!C885))'
CLEAN	D885	'=IF($A885="","",\'IMPORT SCHEDULE\'!D885)'	'=IF($A885="","",IF(\'IMPORT SCHEDULE\'!D885="","",\'IMPORT SCHEDULE\'!D885))'
CLEAN	C886	'=IF($A886="","",\'IMPORT SCHEDULE\'!C886)'	'=IF($A886="","",IF(\'IMPORT SCHEDULE\'!C886="","",\'IMPORT SCHEDULE\'!C886))'
CLEAN	D886	'=IF($A886="","",\'IMPORT SCHEDULE\'!D886)'	'=IF($A886="","",IF(\'IMPORT SCHEDULE\'!D886="","",\'IMPORT SCHEDULE\'!D886))'
CLEAN	C887	'=IF($A887="","",\'IMPORT SCHEDULE\'!C887)'	'=IF($A887="","",IF(\'IMPORT SCHEDULE\'!C887="","",\'IMPORT SCHEDULE\'!C887))'
CLEAN	D887	'=IF($A887="","",\'IMPORT SCHEDULE\'!D887)'	'=IF($A887="","",IF(\'IMPORT SCHEDULE\'!D887="","",\'IMPORT SCHEDULE\'!D887))'
CLEAN	C888	'=IF($A888="","",\'IMPORT SCHEDULE\'!C888)'	'=IF($A888="","",IF(\'IMPORT SCHEDULE\'!C888="","",\'IMPORT SCHEDULE\'!C888))'
CLEAN	D888	'=IF($A888="","",\'IMPORT SCHEDULE\'!D888)'	'=IF($A888="","",IF(\'IMPORT SCHEDULE\'!D888="","",\'IMPORT SCHEDULE\'!D888))'
CLEAN	C889	'=IF($A889="","",\'IMPORT SCHEDULE\'!C889)'	'=IF($A889="","",IF(\'IMPORT SCHEDULE\'!C889="","",\'IMPORT SCHEDULE\'!C889))'
CLEAN	D889	'=IF($A889="","",\'IMPORT SCHEDULE\'!D889)'	'=IF($A889="","",IF(\'IMPORT SCHEDULE\'!D889="","",\'IMPORT SCHEDULE\'!D889))'
CLEAN	C890	'=IF($A890="","",\'IMPORT SCHEDULE\'!C890)'	'=IF($A890="","",IF(\'IMPORT SCHEDULE\'!C890="","",\'IMPORT SCHEDULE\'!C890))'
CLEAN	D890	'=IF($A890="","",\'IMPORT SCHEDULE\'!D890)'	'=IF($A890="","",IF(\'IMPORT SCHEDULE\'!D890="","",\'IMPORT SCHEDULE\'!D890))'
CLEAN	C891	'=IF($A891="","",\'IMPORT SCHEDULE\'!C891)'	'=IF($A891="","",IF(\'IMPORT SCHEDULE\'!C891="","",\'IMPORT SCHEDULE\'!C891))'
CLEAN	D891	'=IF($A891="","",\'IMPORT SCHEDULE\'!D891)'	'=IF($A891="","",IF(\'IMPORT SCHEDULE\'!D891="","",\'IMPORT SCHEDULE\'!D891))'
CLEAN	C892	'=IF($A892="","",\'IMPORT SCHEDULE\'!C892)'	'=IF($A892="","",IF(\'IMPORT SCHEDULE\'!C892="","",\'IMPORT SCHEDULE\'!C892))'
CLEAN	D892	'=IF($A892="","",\'IMPORT SCHEDULE\'!D892)'	'=IF($A892="","",IF(\'IMPORT SCHEDULE\'!D892="","",\'IMPORT SCHEDULE\'!D892))'
CLEAN	C893	'=IF($A893="","",\'IMPORT SCHEDULE\'!C893)'	'=IF($A893="","",IF(\'IMPORT SCHEDULE\'!C893="","",\'IMPORT SCHEDULE\'!C893))'
CLEAN	D893	'=IF($A893="","",\'IMPORT SCHEDULE\'!D893)'	'=IF($A893="","",IF(\'IMPORT SCHEDULE\'!D893="","",\'IMPORT SCHEDULE\'!D893))'
CLEAN	C894	'=IF($A894="","",\'IMPORT SCHEDULE\'!C894)'	'=IF($A894="","",IF(\'IMPORT SCHEDULE\'!C894="","",\'IMPORT SCHEDULE\'!C894))'
CLEAN	D894	'=IF($A894="","",\'IMPORT SCHEDULE\'!D894)'	'=IF($A894="","",IF(\'IMPORT SCHEDULE\'!D894="","",\'IMPORT SCHEDULE\'!D894))'
CLEAN	C895	'=IF($A895="","",\'IMPORT SCHEDULE\'!C895)'	'=IF($A895="","",IF(\'IMPORT SCHEDULE\'!C895="","",\'IMPORT SCHEDULE\'!C895))'
CLEAN	D895	'=IF($A895="","",\'IMPORT SCHEDULE\'!D895)'	'=IF($A895="","",IF(\'IMPORT SCHEDULE\'!D895="","",\'IMPORT SCHEDULE\'!D895))'
CLEAN	C896	'=IF($A896="","",\'IMPORT SCHEDULE\'!C896)'	'=IF($A896="","",IF(\'IMPORT SCHEDULE\'!C896="","",\'IMPORT SCHEDULE\'!C896))'
CLEAN	D896	'=IF($A896="","",\'IMPORT SCHEDULE\'!D896)'	'=IF($A896="","",IF(\'IMPORT SCHEDULE\'!D896="","",\'IMPORT SCHEDULE\'!D896))'
CLEAN	C897	'=IF($A897="","",\'IMPORT SCHEDULE\'!C897)'	'=IF($A897="","",IF(\'IMPORT SCHEDULE\'!C897="","",\'IMPORT SCHEDULE\'!C897))'
CLEAN	D897	'=IF($A897="","",\'IMPORT SCHEDULE\'!D897)'	'=IF($A897="","",IF(\'IMPORT SCHEDULE\'!D897="","",\'IMPORT SCHEDULE\'!D897))'
CLEAN	C898	'=IF($A898="","",\'IMPORT SCHEDULE\'!C898)'	'=IF($A898="","",IF(\'IMPORT SCHEDULE\'!C898="","",\'IMPORT SCHEDULE\'!C898))'
CLEAN	D898	'=IF($A898="","",\'IMPORT SCHEDULE\'!D898)'	'=IF($A898="","",IF(\'IMPORT SCHEDULE\'!D898="","",\'IMPORT SCHEDULE\'!D898))'
CLEAN	C899	'=IF($A899="","",\'IMPORT SCHEDULE\'!C899)'	'=IF($A899="","",IF(\'IMPORT SCHEDULE\'!C899="","",\'IMPORT SCHEDULE\'!C899))'
CLEAN	D899	'=IF($A899="","",\'IMPORT SCHEDULE\'!D899)'	'=IF($A899="","",IF(\'IMPORT SCHEDULE\'!D899="","",\'IMPORT SCHEDULE\'!D899))'
CLEAN	C900	'=IF($A900="","",\'IMPORT SCHEDULE\'!C900)'	'=IF($A900="","",IF(\'IMPORT SCHEDULE\'!C900="","",\'IMPORT SCHEDULE\'!C900))'
CLEAN	D900	'=IF($A900="","",\'IMPORT SCHEDULE\'!D900)'	'=IF($A900="","",IF(\'IMPORT SCHEDULE\'!D900="","",\'IMPORT SCHEDULE\'!D900))'
CLEAN	C901	'=IF($A901="","",\'IMPORT SCHEDULE\'!C901)'	'=IF($A901="","",IF(\'IMPORT SCHEDULE\'!C901="","",\'IMPORT SCHEDULE\'!C901))'
CLEAN	D901	'=IF($A901="","",\'IMPORT SCHEDULE\'!D901)'	'=IF($A901="","",IF(\'IMPORT SCHEDULE\'!D901="","",\'IMPORT SCHEDULE\'!D901))'
CLEAN	C902	'=IF($A902="","",\'IMPORT SCHEDULE\'!C902)'	'=IF($A902="","",IF(\'IMPORT SCHEDULE\'!C902="","",\'IMPORT SCHEDULE\'!C902))'
CLEAN	D902	'=IF($A902="","",\'IMPORT SCHEDULE\'!D902)'	'=IF($A902="","",IF(\'IMPORT SCHEDULE\'!D902="","",\'IMPORT SCHEDULE\'!D902))'
CLEAN	C903	'=IF($A903="","",\'IMPORT SCHEDULE\'!C903)'	'=IF($A903="","",IF(\'IMPORT SCHEDULE\'!C903="","",\'IMPORT SCHEDULE\'!C903))'
CLEAN	D903	'=IF($A903="","",\'IMPORT SCHEDULE\'!D903)'	'=IF($A903="","",IF(\'IMPORT SCHEDULE\'!D903="","",\'IMPORT SCHEDULE\'!D903))'
CLEAN	C904	'=IF($A904="","",\'IMPORT SCHEDULE\'!C904)'	'=IF($A904="","",IF(\'IMPORT SCHEDULE\'!C904="","",\'IMPORT SCHEDULE\'!C904))'
CLEAN	D904	'=IF($A904="","",\'IMPORT SCHEDULE\'!D904)'	'=IF($A904="","",IF(\'IMPORT SCHEDULE\'!D904="","",\'IMPORT SCHEDULE\'!D904))'
CLEAN	C905	'=IF($A905="","",\'IMPORT SCHEDULE\'!C905)'	'=IF($A905="","",IF(\'IMPORT SCHEDULE\'!C905="","",\'IMPORT SCHEDULE\'!C905))'
CLEAN	D905	'=IF($A905="","",\'IMPORT SCHEDULE\'!D905)'	'=IF($A905="","",IF(\'IMPORT SCHEDULE\'!D905="","",\'IMPORT SCHEDULE\'!D905))'
CLEAN	C906	'=IF($A906="","",\'IMPORT SCHEDULE\'!C906)'	'=IF($A906="","",IF(\'IMPORT SCHEDULE\'!C906="","",\'IMPORT SCHEDULE\'!C906))'
CLEAN	D906	'=IF($A906="","",\'IMPORT SCHEDULE\'!D906)'	'=IF($A906="","",IF(\'IMPORT SCHEDULE\'!D906="","",\'IMPORT SCHEDULE\'!D906))'
CLEAN	C907	'=IF($A907="","",\'IMPORT SCHEDULE\'!C907)'	'=IF($A907="","",IF(\'IMPORT SCHEDULE\'!C907="","",\'IMPORT SCHEDULE\'!C907))'
CLEAN	D907	'=IF($A907="","",\'IMPORT SCHEDULE\'!D907)'	'=IF($A907="","",IF(\'IMPORT SCHEDULE\'!D907="","",\'IMPORT SCHEDULE\'!D907))'
CLEAN	C908	'=IF($A908="","",\'IMPORT SCHEDULE\'!C908)'	'=IF($A908="","",IF(\'IMPORT SCHEDULE\'!C908="","",\'IMPORT SCHEDULE\'!C908))'
CLEAN	D908	'=IF($A908="","",\'IMPORT SCHEDULE\'!D908)'	'=IF($A908="","",IF(\'IMPORT SCHEDULE\'!D908="","",\'IMPORT SCHEDULE\'!D908))'
CLEAN	C909	'=IF($A909="","",\'IMPORT SCHEDULE\'!C909)'	'=IF($A909="","",IF(\'IMPORT SCHEDULE\'!C909="","",\'IMPORT SCHEDULE\'!C909))'
CLEAN	D909	'=IF($A909="","",\'IMPORT SCHEDULE\'!D909)'	'=IF($A909="","",IF(\'IMPORT SCHEDULE\'!D909="","",\'IMPORT SCHEDULE\'!D909))'
CLEAN	C910	'=IF($A910="","",\'IMPORT SCHEDULE\'!C910)'	'=IF($A910="","",IF(\'IMPORT SCHEDULE\'!C910="","",\'IMPORT SCHEDULE\'!C910))'
CLEAN	D910	'=IF($A910="","",\'IMPORT SCHEDULE\'!D910)'	'=IF($A910="","",IF(\'IMPORT SCHEDULE\'!D910="","",\'IMPORT SCHEDULE\'!D910))'
CLEAN	C911	'=IF($A911="","",\'IMPORT SCHEDULE\'!C911)'	'=IF($A911="","",IF(\'IMPORT SCHEDULE\'!C911="","",\'IMPORT SCHEDULE\'!C911))'
CLEAN	D911	'=IF($A911="","",\'IMPORT SCHEDULE\'!D911)'	'=IF($A911="","",IF(\'IMPORT SCHEDULE\'!D911="","",\'IMPORT SCHEDULE\'!D911))'
CLEAN	C912	'=IF($A912="","",\'IMPORT SCHEDULE\'!C912)'	'=IF($A912="","",IF(\'IMPORT SCHEDULE\'!C912="","",\'IMPORT SCHEDULE\'!C912))'
CLEAN	D912	'=IF($A912="","",\'IMPORT SCHEDULE\'!D912)'	'=IF($A912="","",IF(\'IMPORT SCHEDULE\'!D912="","",\'IMPORT SCHEDULE\'!D912))'
CLEAN	C913	'=IF($A913="","",\'IMPORT SCHEDULE\'!C913)'	'=IF($A913="","",IF(\'IMPORT SCHEDULE\'!C913="","",\'IMPORT SCHEDULE\'!C913))'
CLEAN	D913	'=IF($A913="","",\'IMPORT SCHEDULE\'!D913)'	'=IF($A913="","",IF(\'IMPORT SCHEDULE\'!D913="","",\'IMPORT SCHEDULE\'!D913))'
CLEAN	C914	'=IF($A914="","",\'IMPORT SCHEDULE\'!C914)'	'=IF($A914="","",IF(\'IMPORT SCHEDULE\'!C914="","",\'IMPORT SCHEDULE\'!C914))'
CLEAN	D914	'=IF($A914="","",\'IMPORT SCHEDULE\'!D914)'	'=IF($A914="","",IF(\'IMPORT SCHEDULE\'!D914="","",\'IMPORT SCHEDULE\'!D914))'
CLEAN	C915	'=IF($A915="","",\'IMPORT SCHEDULE\'!C915)'	'=IF($A915="","",IF(\'IMPORT SCHEDULE\'!C915="","",\'IMPORT SCHEDULE\'!C915))'
CLEAN	D915	'=IF($A915="","",\'IMPORT SCHEDULE\'!D915)'	'=IF($A915="","",IF(\'IMPORT SCHEDULE\'!D915="","",\'IMPORT SCHEDULE\'!D915))'
CLEAN	C916	'=IF($A916="","",\'IMPORT SCHEDULE\'!C916)'	'=IF($A916="","",IF(\'IMPORT SCHEDULE\'!C916="","",\'IMPORT SCHEDULE\'!C916))'
CLEAN	D916	'=IF($A916="","",\'IMPORT SCHEDULE\'!D916)'	'=IF($A916="","",IF(\'IMPORT SCHEDULE\'!D916="","",\'IMPORT SCHEDULE\'!D916))'
CLEAN	C917	'=IF($A917="","",\'IMPORT SCHEDULE\'!C917)'	'=IF($A917="","",IF(\'IMPORT SCHEDULE\'!C917="","",\'IMPORT SCHEDULE\'!C917))'
CLEAN	D917	'=IF($A917="","",\'IMPORT SCHEDULE\'!D917)'	'=IF($A917="","",IF(\'IMPORT SCHEDULE\'!D917="","",\'IMPORT SCHEDULE\'!D917))'
CLEAN	C918	'=IF($A918="","",\'IMPORT SCHEDULE\'!C918)'	'=IF($A918="","",IF(\'IMPORT SCHEDULE\'!C918="","",\'IMPORT SCHEDULE\'!C918))'
CLEAN	D918	'=IF($A918="","",\'IMPORT SCHEDULE\'!D918)'	'=IF($A918="","",IF(\'IMPORT SCHEDULE\'!D918="","",\'IMPORT SCHEDULE\'!D918))'
CLEAN	C919	'=IF($A919="","",\'IMPORT SCHEDULE\'!C919)'	'=IF($A919="","",IF(\'IMPORT SCHEDULE\'!C919="","",\'IMPORT SCHEDULE\'!C919))'
CLEAN	D919	'=IF($A919="","",\'IMPORT SCHEDULE\'!D919)'	'=IF($A919="","",IF(\'IMPORT SCHEDULE\'!D919="","",\'IMPORT SCHEDULE\'!D919))'
CLEAN	C920	'=IF($A920="","",\'IMPORT SCHEDULE\'!C920)'	'=IF($A920="","",IF(\'IMPORT SCHEDULE\'!C920="","",\'IMPORT SCHEDULE\'!C920))'
CLEAN	D920	'=IF($A920="","",\'IMPORT SCHEDULE\'!D920)'	'=IF($A920="","",IF(\'IMPORT SCHEDULE\'!D920="","",\'IMPORT SCHEDULE\'!D920))'
CLEAN	C921	'=IF($A921="","",\'IMPORT SCHEDULE\'!C921)'	'=IF($A921="","",IF(\'IMPORT SCHEDULE\'!C921="","",\'IMPORT SCHEDULE\'!C921))'
CLEAN	D921	'=IF($A921="","",\'IMPORT SCHEDULE\'!D921)'	'=IF($A921="","",IF(\'IMPORT SCHEDULE\'!D921="","",\'IMPORT SCHEDULE\'!D921))'
CLEAN	C922	'=IF($A922="","",\'IMPORT SCHEDULE\'!C922)'	'=IF($A922="","",IF(\'IMPORT SCHEDULE\'!C922="","",\'IMPORT SCHEDULE\'!C922))'
CLEAN	D922	'=IF($A922="","",\'IMPORT SCHEDULE\'!D922)'	'=IF($A922="","",IF(\'IMPORT SCHEDULE\'!D922="","",\'IMPORT SCHEDULE\'!D922))'
CLEAN	C923	'=IF($A923="","",\'IMPORT SCHEDULE\'!C923)'	'=IF($A923="","",IF(\'IMPORT SCHEDULE\'!C923="","",\'IMPORT SCHEDULE\'!C923))'
CLEAN	D923	'=IF($A923="","",\'IMPORT SCHEDULE\'!D923)'	'=IF($A923="","",IF(\'IMPORT SCHEDULE\'!D923="","",\'IMPORT SCHEDULE\'!D923))'
CLEAN	C924	'=IF($A924="","",\'IMPORT SCHEDULE\'!C924)'	'=IF($A924="","",IF(\'IMPORT SCHEDULE\'!C924="","",\'IMPORT SCHEDULE\'!C924))'
CLEAN	D924	'=IF($A924="","",\'IMPORT SCHEDULE\'!D924)'	'=IF($A924="","",IF(\'IMPORT SCHEDULE\'!D924="","",\'IMPORT SCHEDULE\'!D924))'
CLEAN	C925	'=IF($A925="","",\'IMPORT SCHEDULE\'!C925)'	'=IF($A925="","",IF(\'IMPORT SCHEDULE\'!C925="","",\'IMPORT SCHEDULE\'!C925))'
CLEAN	D925	'=IF($A925="","",\'IMPORT SCHEDULE\'!D925)'	'=IF($A925="","",IF(\'IMPORT SCHEDULE\'!D925="","",\'IMPORT SCHEDULE\'!D925))'
CLEAN	C926	'=IF($A926="","",\'IMPORT SCHEDULE\'!C926)'	'=IF($A926="","",IF(\'IMPORT SCHEDULE\'!C926="","",\'IMPORT SCHEDULE\'!C926))'
CLEAN	D926	'=IF($A926="","",\'IMPORT SCHEDULE\'!D926)'	'=IF($A926="","",IF(\'IMPORT SCHEDULE\'!D926="","",\'IMPORT SCHEDULE\'!D926))'
CLEAN	C927	'=IF($A927="","",\'IMPORT SCHEDULE\'!C927)'	'=IF($A927="","",IF(\'IMPORT SCHEDULE\'!C927="","",\'IMPORT SCHEDULE\'!C927))'
CLEAN	D927	'=IF($A927="","",\'IMPORT SCHEDULE\'!D927)'	'=IF($A927="","",IF(\'IMPORT SCHEDULE\'!D927="","",\'IMPORT SCHEDULE\'!D927))'
CLEAN	C928	'=IF($A928="","",\'IMPORT SCHEDULE\'!C928)'	'=IF($A928="","",IF(\'IMPORT SCHEDULE\'!C928="","",\'IMPORT SCHEDULE\'!C928))'
CLEAN	D928	'=IF($A928="","",\'IMPORT SCHEDULE\'!D928)'	'=IF($A928="","",IF(\'IMPORT SCHEDULE\'!D928="","",\'IMPORT SCHEDULE\'!D928))'
CLEAN	C929	'=IF($A929="","",\'IMPORT SCHEDULE\'!C929)'	'=IF($A929="","",IF(\'IMPORT SCHEDULE\'!C929="","",\'IMPORT SCHEDULE\'!C929))'
CLEAN	D929	'=IF($A929="","",\'IMPORT SCHEDULE\'!D929)'	'=IF($A929="","",IF(\'IMPORT SCHEDULE\'!D929="","",\'IMPORT SCHEDULE\'!D929))'
CLEAN	C930	'=IF($A930="","",\'IMPORT SCHEDULE\'!C930)'	'=IF($A930="","",IF(\'IMPORT SCHEDULE\'!C930="","",\'IMPORT SCHEDULE\'!C930))'
CLEAN	D930	'=IF($A930="","",\'IMPORT SCHEDULE\'!D930)'	'=IF($A930="","",IF(\'IMPORT SCHEDULE\'!D930="","",\'IMPORT SCHEDULE\'!D930))'
CLEAN	C931	'=IF($A931="","",\'IMPORT SCHEDULE\'!C931)'	'=IF($A931="","",IF(\'IMPORT SCHEDULE\'!C931="","",\'IMPORT SCHEDULE\'!C931))'
CLEAN	D931	'=IF($A931="","",\'IMPORT SCHEDULE\'!D931)'	'=IF($A931="","",IF(\'IMPORT SCHEDULE\'!D931="","",\'IMPORT SCHEDULE\'!D931))'
CLEAN	C932	'=IF($A932="","",\'IMPORT SCHEDULE\'!C932)'	'=IF($A932="","",IF(\'IMPORT SCHEDULE\'!C932="","",\'IMPORT SCHEDULE\'!C932))'
CLEAN	D932	'=IF($A932="","",\'IMPORT SCHEDULE\'!D932)'	'=IF($A932="","",IF(\'IMPORT SCHEDULE\'!D932="","",\'IMPORT SCHEDULE\'!D932))'
CLEAN	C933	'=IF($A933="","",\'IMPORT SCHEDULE\'!C933)'	'=IF($A933="","",IF(\'IMPORT SCHEDULE\'!C933="","",\'IMPORT SCHEDULE\'!C933))'
CLEAN	D933	'=IF($A933="","",\'IMPORT SCHEDULE\'!D933)'	'=IF($A933="","",IF(\'IMPORT SCHEDULE\'!D933="","",\'IMPORT SCHEDULE\'!D933))'
CLEAN	C934	'=IF($A934="","",\'IMPORT SCHEDULE\'!C934)'	'=IF($A934="","",IF(\'IMPORT SCHEDULE\'!C934="","",\'IMPORT SCHEDULE\'!C934))'
CLEAN	D934	'=IF($A934="","",\'IMPORT SCHEDULE\'!D934)'	'=IF($A934="","",IF(\'IMPORT SCHEDULE\'!D934="","",\'IMPORT SCHEDULE\'!D934))'
CLEAN	C935	'=IF($A935="","",\'IMPORT SCHEDULE\'!C935)'	'=IF($A935="","",IF(\'IMPORT SCHEDULE\'!C935="","",\'IMPORT SCHEDULE\'!C935))'
CLEAN	D935	'=IF($A935="","",\'IMPORT SCHEDULE\'!D935)'	'=IF($A935="","",IF(\'IMPORT SCHEDULE\'!D935="","",\'IMPORT SCHEDULE\'!D935))'
CLEAN	C936	'=IF($A936="","",\'IMPORT SCHEDULE\'!C936)'	'=IF($A936="","",IF(\'IMPORT SCHEDULE\'!C936="","",\'IMPORT SCHEDULE\'!C936))'
CLEAN	D936	'=IF($A936="","",\'IMPORT SCHEDULE\'!D936)'	'=IF($A936="","",IF(\'IMPORT SCHEDULE\'!D936="","",\'IMPORT SCHEDULE\'!D936))'
CLEAN	C937	'=IF($A937="","",\'IMPORT SCHEDULE\'!C937)'	'=IF($A937="","",IF(\'IMPORT SCHEDULE\'!C937="","",\'IMPORT SCHEDULE\'!C937))'
CLEAN	D937	'=IF($A937="","",\'IMPORT SCHEDULE\'!D937)'	'=IF($A937="","",IF(\'IMPORT SCHEDULE\'!D937="","",\'IMPORT SCHEDULE\'!D937))'
CLEAN	C938	'=IF($A938="","",\'IMPORT SCHEDULE\'!C938)'	'=IF($A938="","",IF(\'IMPORT SCHEDULE\'!C938="","",\'IMPORT SCHEDULE\'!C938))'
CLEAN	D938	'=IF($A938="","",\'IMPORT SCHEDULE\'!D938)'	'=IF($A938="","",IF(\'IMPORT SCHEDULE\'!D938="","",\'IMPORT SCHEDULE\'!D938))'
CLEAN	C939	'=IF($A939="","",\'IMPORT SCHEDULE\'!C939)'	'=IF($A939="","",IF(\'IMPORT SCHEDULE\'!C939="","",\'IMPORT SCHEDULE\'!C939))'
CLEAN	D939	'=IF($A939="","",\'IMPORT SCHEDULE\'!D939)'	'=IF($A939="","",IF(\'IMPORT SCHEDULE\'!D939="","",\'IMPORT SCHEDULE\'!D939))'
CLEAN	C940	'=IF($A940="","",\'IMPORT SCHEDULE\'!C940)'	'=IF($A940="","",IF(\'IMPORT SCHEDULE\'!C940="","",\'IMPORT SCHEDULE\'!C940))'
CLEAN	D940	'=IF($A940="","",\'IMPORT SCHEDULE\'!D940)'	'=IF($A940="","",IF(\'IMPORT SCHEDULE\'!D940="","",\'IMPORT SCHEDULE\'!D940))'
CLEAN	C941	'=IF($A941="","",\'IMPORT SCHEDULE\'!C941)'	'=IF($A941="","",IF(\'IMPORT SCHEDULE\'!C941="","",\'IMPORT SCHEDULE\'!C941))'
CLEAN	D941	'=IF($A941="","",\'IMPORT SCHEDULE\'!D941)'	'=IF($A941="","",IF(\'IMPORT SCHEDULE\'!D941="","",\'IMPORT SCHEDULE\'!D941))'
CLEAN	C942	'=IF($A942="","",\'IMPORT SCHEDULE\'!C942)'	'=IF($A942="","",IF(\'IMPORT SCHEDULE\'!C942="","",\'IMPORT SCHEDULE\'!C942))'
CLEAN	D942	'=IF($A942="","",\'IMPORT SCHEDULE\'!D942)'	'=IF($A942="","",IF(\'IMPORT SCHEDULE\'!D942="","",\'IMPORT SCHEDULE\'!D942))'
CLEAN	C943	'=IF($A943="","",\'IMPORT SCHEDULE\'!C943)'	'=IF($A943="","",IF(\'IMPORT SCHEDULE\'!C943="","",\'IMPORT SCHEDULE\'!C943))'
CLEAN	D943	'=IF($A943="","",\'IMPORT SCHEDULE\'!D943)'	'=IF($A943="","",IF(\'IMPORT SCHEDULE\'!D943="","",\'IMPORT SCHEDULE\'!D943))'
CLEAN	C944	'=IF($A944="","",\'IMPORT SCHEDULE\'!C944)'	'=IF($A944="","",IF(\'IMPORT SCHEDULE\'!C944="","",\'IMPORT SCHEDULE\'!C944))'
CLEAN	D944	'=IF($A944="","",\'IMPORT SCHEDULE\'!D944)'	'=IF($A944="","",IF(\'IMPORT SCHEDULE\'!D944="","",\'IMPORT SCHEDULE\'!D944))'
CLEAN	C945	'=IF($A945="","",\'IMPORT SCHEDULE\'!C945)'	'=IF($A945="","",IF(\'IMPORT SCHEDULE\'!C945="","",\'IMPORT SCHEDULE\'!C945))'
CLEAN	D945	'=IF($A945="","",\'IMPORT SCHEDULE\'!D945)'	'=IF($A945="","",IF(\'IMPORT SCHEDULE\'!D945="","",\'IMPORT SCHEDULE\'!D945))'
CLEAN	C946	'=IF($A946="","",\'IMPORT SCHEDULE\'!C946)'	'=IF($A946="","",IF(\'IMPORT SCHEDULE\'!C946="","",\'IMPORT SCHEDULE\'!C946))'
CLEAN	D946	'=IF($A946="","",\'IMPORT SCHEDULE\'!D946)'	'=IF($A946="","",IF(\'IMPORT SCHEDULE\'!D946="","",\'IMPORT SCHEDULE\'!D946))'
CLEAN	C947	'=IF($A947="","",\'IMPORT SCHEDULE\'!C947)'	'=IF($A947="","",IF(\'IMPORT SCHEDULE\'!C947="","",\'IMPORT SCHEDULE\'!C947))'
CLEAN	D947	'=IF($A947="","",\'IMPORT SCHEDULE\'!D947)'	'=IF($A947="","",IF(\'IMPORT SCHEDULE\'!D947="","",\'IMPORT SCHEDULE\'!D947))'
CLEAN	C948	'=IF($A948="","",\'IMPORT SCHEDULE\'!C948)'	'=IF($A948="","",IF(\'IMPORT SCHEDULE\'!C948="","",\'IMPORT SCHEDULE\'!C948))'
CLEAN	D948	'=IF($A948="","",\'IMPORT SCHEDULE\'!D948)'	'=IF($A948="","",IF(\'IMPORT SCHEDULE\'!D948="","",\'IMPORT SCHEDULE\'!D948))'
CLEAN	C949	'=IF($A949="","",\'IMPORT SCHEDULE\'!C949)'	'=IF($A949="","",IF(\'IMPORT SCHEDULE\'!C949="","",\'IMPORT SCHEDULE\'!C949))'
CLEAN	D949	'=IF($A949="","",\'IMPORT SCHEDULE\'!D949)'	'=IF($A949="","",IF(\'IMPORT SCHEDULE\'!D949="","",\'IMPORT SCHEDULE\'!D949))'
CLEAN	C950	'=IF($A950="","",\'IMPORT SCHEDULE\'!C950)'	'=IF($A950="","",IF(\'IMPORT SCHEDULE\'!C950="","",\'IMPORT SCHEDULE\'!C950))'
CLEAN	D950	'=IF($A950="","",\'IMPORT SCHEDULE\'!D950)'	'=IF($A950="","",IF(\'IMPORT SCHEDULE\'!D950="","",\'IMPORT SCHEDULE\'!D950))'
CLEAN	C951	'=IF($A951="","",\'IMPORT SCHEDULE\'!C951)'	'=IF($A951="","",IF(\'IMPORT SCHEDULE\'!C951="","",\'IMPORT SCHEDULE\'!C951))'
CLEAN	D951	'=IF($A951="","",\'IMPORT SCHEDULE\'!D951)'	'=IF($A951="","",IF(\'IMPORT SCHEDULE\'!D951="","",\'IMPORT SCHEDULE\'!D951))'
CLEAN	C952	'=IF($A952="","",\'IMPORT SCHEDULE\'!C952)'	'=IF($A952="","",IF(\'IMPORT SCHEDULE\'!C952="","",\'IMPORT SCHEDULE\'!C952))'
CLEAN	D952	'=IF($A952="","",\'IMPORT SCHEDULE\'!D952)'	'=IF($A952="","",IF(\'IMPORT SCHEDULE\'!D952="","",\'IMPORT SCHEDULE\'!D952))'
CLEAN	C953	'=IF($A953="","",\'IMPORT SCHEDULE\'!C953)'	'=IF($A953="","",IF(\'IMPORT SCHEDULE\'!C953="","",\'IMPORT SCHEDULE\'!C953))'
CLEAN	D953	'=IF($A953="","",\'IMPORT SCHEDULE\'!D953)'	'=IF($A953="","",IF(\'IMPORT SCHEDULE\'!D953="","",\'IMPORT SCHEDULE\'!D953))'
CLEAN	C954	'=IF($A954="","",\'IMPORT SCHEDULE\'!C954)'	'=IF($A954="","",IF(\'IMPORT SCHEDULE\'!C954="","",\'IMPORT SCHEDULE\'!C954))'
CLEAN	D954	'=IF($A954="","",\'IMPORT SCHEDULE\'!D954)'	'=IF($A954="","",IF(\'IMPORT SCHEDULE\'!D954="","",\'IMPORT SCHEDULE\'!D954))'
CLEAN	C955	'=IF($A955="","",\'IMPORT SCHEDULE\'!C955)'	'=IF($A955="","",IF(\'IMPORT SCHEDULE\'!C955="","",\'IMPORT SCHEDULE\'!C955))'
CLEAN	D955	'=IF($A955="","",\'IMPORT SCHEDULE\'!D955)'	'=IF($A955="","",IF(\'IMPORT SCHEDULE\'!D955="","",\'IMPORT SCHEDULE\'!D955))'
CLEAN	C956	'=IF($A956="","",\'IMPORT SCHEDULE\'!C956)'	'=IF($A956="","",IF(\'IMPORT SCHEDULE\'!C956="","",\'IMPORT SCHEDULE\'!C956))'
CLEAN	D956	'=IF($A956="","",\'IMPORT SCHEDULE\'!D956)'	'=IF($A956="","",IF(\'IMPORT SCHEDULE\'!D956="","",\'IMPORT SCHEDULE\'!D956))'
CLEAN	C957	'=IF($A957="","",\'IMPORT SCHEDULE\'!C957)'	'=IF($A957="","",IF(\'IMPORT SCHEDULE\'!C957="","",\'IMPORT SCHEDULE\'!C957))'
CLEAN	D957	'=IF($A957="","",\'IMPORT SCHEDULE\'!D957)'	'=IF($A957="","",IF(\'IMPORT SCHEDULE\'!D957="","",\'IMPORT SCHEDULE\'!D957))'
CLEAN	C958	'=IF($A958="","",\'IMPORT SCHEDULE\'!C958)'	'=IF($A958="","",IF(\'IMPORT SCHEDULE\'!C958="","",\'IMPORT SCHEDULE\'!C958))'
CLEAN	D958	'=IF($A958="","",\'IMPORT SCHEDULE\'!D958)'	'=IF($A958="","",IF(\'IMPORT SCHEDULE\'!D958="","",\'IMPORT SCHEDULE\'!D958))'
CLEAN	C959	'=IF($A959="","",\'IMPORT SCHEDULE\'!C959)'	'=IF($A959="","",IF(\'IMPORT SCHEDULE\'!C959="","",\'IMPORT SCHEDULE\'!C959))'
CLEAN	D959	'=IF($A959="","",\'IMPORT SCHEDULE\'!D959)'	'=IF($A959="","",IF(\'IMPORT SCHEDULE\'!D959="","",\'IMPORT SCHEDULE\'!D959))'
CLEAN	C960	'=IF($A960="","",\'IMPORT SCHEDULE\'!C960)'	'=IF($A960="","",IF(\'IMPORT SCHEDULE\'!C960="","",\'IMPORT SCHEDULE\'!C960))'
CLEAN	D960	'=IF($A960="","",\'IMPORT SCHEDULE\'!D960)'	'=IF($A960="","",IF(\'IMPORT SCHEDULE\'!D960="","",\'IMPORT SCHEDULE\'!D960))'
CLEAN	C961	'=IF($A961="","",\'IMPORT SCHEDULE\'!C961)'	'=IF($A961="","",IF(\'IMPORT SCHEDULE\'!C961="","",\'IMPORT SCHEDULE\'!C961))'
CLEAN	D961	'=IF($A961="","",\'IMPORT SCHEDULE\'!D961)'	'=IF($A961="","",IF(\'IMPORT SCHEDULE\'!D961="","",\'IMPORT SCHEDULE\'!D961))'
CLEAN	C962	'=IF($A962="","",\'IMPORT SCHEDULE\'!C962)'	'=IF($A962="","",IF(\'IMPORT SCHEDULE\'!C962="","",\'IMPORT SCHEDULE\'!C962))'
CLEAN	D962	'=IF($A962="","",\'IMPORT SCHEDULE\'!D962)'	'=IF($A962="","",IF(\'IMPORT SCHEDULE\'!D962="","",\'IMPORT SCHEDULE\'!D962))'
CLEAN	C963	'=IF($A963="","",\'IMPORT SCHEDULE\'!C963)'	'=IF($A963="","",IF(\'IMPORT SCHEDULE\'!C963="","",\'IMPORT SCHEDULE\'!C963))'
CLEAN	D963	'=IF($A963="","",\'IMPORT SCHEDULE\'!D963)'	'=IF($A963="","",IF(\'IMPORT SCHEDULE\'!D963="","",\'IMPORT SCHEDULE\'!D963))'
CLEAN	C964	'=IF($A964="","",\'IMPORT SCHEDULE\'!C964)'	'=IF($A964="","",IF(\'IMPORT SCHEDULE\'!C964="","",\'IMPORT SCHEDULE\'!C964))'
CLEAN	D964	'=IF($A964="","",\'IMPORT SCHEDULE\'!D964)'	'=IF($A964="","",IF(\'IMPORT SCHEDULE\'!D964="","",\'IMPORT SCHEDULE\'!D964))'
CLEAN	C965	'=IF($A965="","",\'IMPORT SCHEDULE\'!C965)'	'=IF($A965="","",IF(\'IMPORT SCHEDULE\'!C965="","",\'IMPORT SCHEDULE\'!C965))'
CLEAN	D965	'=IF($A965="","",\'IMPORT SCHEDULE\'!D965)'	'=IF($A965="","",IF(\'IMPORT SCHEDULE\'!D965="","",\'IMPORT SCHEDULE\'!D965))'
CLEAN	C966	'=IF($A966="","",\'IMPORT SCHEDULE\'!C966)'	'=IF($A966="","",IF(\'IMPORT SCHEDULE\'!C966="","",\'IMPORT SCHEDULE\'!C966))'
CLEAN	D966	'=IF($A966="","",\'IMPORT SCHEDULE\'!D966)'	'=IF($A966="","",IF(\'IMPORT SCHEDULE\'!D966="","",\'IMPORT SCHEDULE\'!D966))'
CLEAN	C967	'=IF($A967="","",\'IMPORT SCHEDULE\'!C967)'	'=IF($A967="","",IF(\'IMPORT SCHEDULE\'!C967="","",\'IMPORT SCHEDULE\'!C967))'
CLEAN	D967	'=IF($A967="","",\'IMPORT SCHEDULE\'!D967)'	'=IF($A967="","",IF(\'IMPORT SCHEDULE\'!D967="","",\'IMPORT SCHEDULE\'!D967))'
CLEAN	C968	'=IF($A968="","",\'IMPORT SCHEDULE\'!C968)'	'=IF($A968="","",IF(\'IMPORT SCHEDULE\'!C968="","",\'IMPORT SCHEDULE\'!C968))'
CLEAN	D968	'=IF($A968="","",\'IMPORT SCHEDULE\'!D968)'	'=IF($A968="","",IF(\'IMPORT SCHEDULE\'!D968="","",\'IMPORT SCHEDULE\'!D968))'
CLEAN	C969	'=IF($A969="","",\'IMPORT SCHEDULE\'!C969)'	'=IF($A969="","",IF(\'IMPORT SCHEDULE\'!C969="","",\'IMPORT SCHEDULE\'!C969))'
CLEAN	D969	'=IF($A969="","",\'IMPORT SCHEDULE\'!D969)'	'=IF($A969="","",IF(\'IMPORT SCHEDULE\'!D969="","",\'IMPORT SCHEDULE\'!D969))'
CLEAN	C970	'=IF($A970="","",\'IMPORT SCHEDULE\'!C970)'	'=IF($A970="","",IF(\'IMPORT SCHEDULE\'!C970="","",\'IMPORT SCHEDULE\'!C970))'
CLEAN	D970	'=IF($A970="","",\'IMPORT SCHEDULE\'!D970)'	'=IF($A970="","",IF(\'IMPORT SCHEDULE\'!D970="","",\'IMPORT SCHEDULE\'!D970))'
CLEAN	C971	'=IF($A971="","",\'IMPORT SCHEDULE\'!C971)'	'=IF($A971="","",IF(\'IMPORT SCHEDULE\'!C971="","",\'IMPORT SCHEDULE\'!C971))'
CLEAN	D971	'=IF($A971="","",\'IMPORT SCHEDULE\'!D971)'	'=IF($A971="","",IF(\'IMPORT SCHEDULE\'!D971="","",\'IMPORT SCHEDULE\'!D971))'
CLEAN	C972	'=IF($A972="","",\'IMPORT SCHEDULE\'!C972)'	'=IF($A972="","",IF(\'IMPORT SCHEDULE\'!C972="","",\'IMPORT SCHEDULE\'!C972))'
CLEAN	D972	'=IF($A972="","",\'IMPORT SCHEDULE\'!D972)'	'=IF($A972="","",IF(\'IMPORT SCHEDULE\'!D972="","",\'IMPORT SCHEDULE\'!D972))'
CLEAN	C973	'=IF($A973="","",\'IMPORT SCHEDULE\'!C973)'	'=IF($A973="","",IF(\'IMPORT SCHEDULE\'!C973="","",\'IMPORT SCHEDULE\'!C973))'
CLEAN	D973	'=IF($A973="","",\'IMPORT SCHEDULE\'!D973)'	'=IF($A973="","",IF(\'IMPORT SCHEDULE\'!D973="","",\'IMPORT SCHEDULE\'!D973))'
CLEAN	C974	'=IF($A974="","",\'IMPORT SCHEDULE\'!C974)'	'=IF($A974="","",IF(\'IMPORT SCHEDULE\'!C974="","",\'IMPORT SCHEDULE\'!C974))'
CLEAN	D974	'=IF($A974="","",\'IMPORT SCHEDULE\'!D974)'	'=IF($A974="","",IF(\'IMPORT SCHEDULE\'!D974="","",\'IMPORT SCHEDULE\'!D974))'
CLEAN	C975	'=IF($A975="","",\'IMPORT SCHEDULE\'!C975)'	'=IF($A975="","",IF(\'IMPORT SCHEDULE\'!C975="","",\'IMPORT SCHEDULE\'!C975))'
CLEAN	D975	'=IF($A975="","",\'IMPORT SCHEDULE\'!D975)'	'=IF($A975="","",IF(\'IMPORT SCHEDULE\'!D975="","",\'IMPORT SCHEDULE\'!D975))'
CLEAN	C976	'=IF($A976="","",\'IMPORT SCHEDULE\'!C976)'	'=IF($A976="","",IF(\'IMPORT SCHEDULE\'!C976="","",\'IMPORT SCHEDULE\'!C976))'
CLEAN	D976	'=IF($A976="","",\'IMPORT SCHEDULE\'!D976)'	'=IF($A976="","",IF(\'IMPORT SCHEDULE\'!D976="","",\'IMPORT SCHEDULE\'!D976))'
CLEAN	C977	'=IF($A977="","",\'IMPORT SCHEDULE\'!C977)'	'=IF($A977="","",IF(\'IMPORT SCHEDULE\'!C977="","",\'IMPORT SCHEDULE\'!C977))'
CLEAN	D977	'=IF($A977="","",\'IMPORT SCHEDULE\'!D977)'	'=IF($A977="","",IF(\'IMPORT SCHEDULE\'!D977="","",\'IMPORT SCHEDULE\'!D977))'
CLEAN	C978	'=IF($A978="","",\'IMPORT SCHEDULE\'!C978)'	'=IF($A978="","",IF(\'IMPORT SCHEDULE\'!C978="","",\'IMPORT SCHEDULE\'!C978))'
CLEAN	D978	'=IF($A978="","",\'IMPORT SCHEDULE\'!D978)'	'=IF($A978="","",IF(\'IMPORT SCHEDULE\'!D978="","",\'IMPORT SCHEDULE\'!D978))'
CLEAN	C979	'=IF($A979="","",\'IMPORT SCHEDULE\'!C979)'	'=IF($A979="","",IF(\'IMPORT SCHEDULE\'!C979="","",\'IMPORT SCHEDULE\'!C979))'
CLEAN	D979	'=IF($A979="","",\'IMPORT SCHEDULE\'!D979)'	'=IF($A979="","",IF(\'IMPORT SCHEDULE\'!D979="","",\'IMPORT SCHEDULE\'!D979))'
CLEAN	C980	'=IF($A980="","",\'IMPORT SCHEDULE\'!C980)'	'=IF($A980="","",IF(\'IMPORT SCHEDULE\'!C980="","",\'IMPORT SCHEDULE\'!C980))'
CLEAN	D980	'=IF($A980="","",\'IMPORT SCHEDULE\'!D980)'	'=IF($A980="","",IF(\'IMPORT SCHEDULE\'!D980="","",\'IMPORT SCHEDULE\'!D980))'
CLEAN	C981	'=IF($A981="","",\'IMPORT SCHEDULE\'!C981)'	'=IF($A981="","",IF(\'IMPORT SCHEDULE\'!C981="","",\'IMPORT SCHEDULE\'!C981))'
CLEAN	D981	'=IF($A981="","",\'IMPORT SCHEDULE\'!D981)'	'=IF($A981="","",IF(\'IMPORT SCHEDULE\'!D981="","",\'IMPORT SCHEDULE\'!D981))'
CLEAN	C982	'=IF($A982="","",\'IMPORT SCHEDULE\'!C982)'	'=IF($A982="","",IF(\'IMPORT SCHEDULE\'!C982="","",\'IMPORT SCHEDULE\'!C982))'
CLEAN	D982	'=IF($A982="","",\'IMPORT SCHEDULE\'!D982)'	'=IF($A982="","",IF(\'IMPORT SCHEDULE\'!D982="","",\'IMPORT SCHEDULE\'!D982))'
CLEAN	C983	'=IF($A983="","",\'IMPORT SCHEDULE\'!C983)'	'=IF($A983="","",IF(\'IMPORT SCHEDULE\'!C983="","",\'IMPORT SCHEDULE\'!C983))'
CLEAN	D983	'=IF($A983="","",\'IMPORT SCHEDULE\'!D983)'	'=IF($A983="","",IF(\'IMPORT SCHEDULE\'!D983="","",\'IMPORT SCHEDULE\'!D983))'
CLEAN	C984	'=IF($A984="","",\'IMPORT SCHEDULE\'!C984)'	'=IF($A984="","",IF(\'IMPORT SCHEDULE\'!C984="","",\'IMPORT SCHEDULE\'!C984))'
CLEAN	D984	'=IF($A984="","",\'IMPORT SCHEDULE\'!D984)'	'=IF($A984="","",IF(\'IMPORT SCHEDULE\'!D984="","",\'IMPORT SCHEDULE\'!D984))'
CLEAN	C985	'=IF($A985="","",\'IMPORT SCHEDULE\'!C985)'	'=IF($A985="","",IF(\'IMPORT SCHEDULE\'!C985="","",\'IMPORT SCHEDULE\'!C985))'
CLEAN	D985	'=IF($A985="","",\'IMPORT SCHEDULE\'!D985)'	'=IF($A985="","",IF(\'IMPORT SCHEDULE\'!D985="","",\'IMPORT SCHEDULE\'!D985))'
CLEAN	C986	'=IF($A986="","",\'IMPORT SCHEDULE\'!C986)'	'=IF($A986="","",IF(\'IMPORT SCHEDULE\'!C986="","",\'IMPORT SCHEDULE\'!C986))'
CLEAN	D986	'=IF($A986="","",\'IMPORT SCHEDULE\'!D986)'	'=IF($A986="","",IF(\'IMPORT SCHEDULE\'!D986="","",\'IMPORT SCHEDULE\'!D986))'
CLEAN	C987	'=IF($A987="","",\'IMPORT SCHEDULE\'!C987)'	'=IF($A987="","",IF(\'IMPORT SCHEDULE\'!C987="","",\'IMPORT SCHEDULE\'!C987))'
CLEAN	D987	'=IF($A987="","",\'IMPORT SCHEDULE\'!D987)'	'=IF($A987="","",IF(\'IMPORT SCHEDULE\'!D987="","",\'IMPORT SCHEDULE\'!D987))'
CLEAN	C988	'=IF($A988="","",\'IMPORT SCHEDULE\'!C988)'	'=IF($A988="","",IF(\'IMPORT SCHEDULE\'!C988="","",\'IMPORT SCHEDULE\'!C988))'
CLEAN	D988	'=IF($A988="","",\'IMPORT SCHEDULE\'!D988)'	'=IF($A988="","",IF(\'IMPORT SCHEDULE\'!D988="","",\'IMPORT SCHEDULE\'!D988))'
CLEAN	C989	'=IF($A989="","",\'IMPORT SCHEDULE\'!C989)'	'=IF($A989="","",IF(\'IMPORT SCHEDULE\'!C989="","",\'IMPORT SCHEDULE\'!C989))'
CLEAN	D989	'=IF($A989="","",\'IMPORT SCHEDULE\'!D989)'	'=IF($A989="","",IF(\'IMPORT SCHEDULE\'!D989="","",\'IMPORT SCHEDULE\'!D989))'
CLEAN	C990	'=IF($A990="","",\'IMPORT SCHEDULE\'!C990)'	'=IF($A990="","",IF(\'IMPORT SCHEDULE\'!C990="","",\'IMPORT SCHEDULE\'!C990))'
CLEAN	D990	'=IF($A990="","",\'IMPORT SCHEDULE\'!D990)'	'=IF($A990="","",IF(\'IMPORT SCHEDULE\'!D990="","",\'IMPORT SCHEDULE\'!D990))'
CLEAN	C991	'=IF($A991="","",\'IMPORT SCHEDULE\'!C991)'	'=IF($A991="","",IF(\'IMPORT SCHEDULE\'!C991="","",\'IMPORT SCHEDULE\'!C991))'
CLEAN	D991	'=IF($A991="","",\'IMPORT SCHEDULE\'!D991)'	'=IF($A991="","",IF(\'IMPORT SCHEDULE\'!D991="","",\'IMPORT SCHEDULE\'!D991))'
CLEAN	C992	'=IF($A992="","",\'IMPORT SCHEDULE\'!C992)'	'=IF($A992="","",IF(\'IMPORT SCHEDULE\'!C992="","",\'IMPORT SCHEDULE\'!C992))'
CLEAN	D992	'=IF($A992="","",\'IMPORT SCHEDULE\'!D992)'	'=IF($A992="","",IF(\'IMPORT SCHEDULE\'!D992="","",\'IMPORT SCHEDULE\'!D992))'
CLEAN	C993	'=IF($A993="","",\'IMPORT SCHEDULE\'!C993)'	'=IF($A993="","",IF(\'IMPORT SCHEDULE\'!C993="","",\'IMPORT SCHEDULE\'!C993))'
CLEAN	D993	'=IF($A993="","",\'IMPORT SCHEDULE\'!D993)'	'=IF($A993="","",IF(\'IMPORT SCHEDULE\'!D993="","",\'IMPORT SCHEDULE\'!D993))'
CLEAN	C994	'=IF($A994="","",\'IMPORT SCHEDULE\'!C994)'	'=IF($A994="","",IF(\'IMPORT SCHEDULE\'!C994="","",\'IMPORT SCHEDULE\'!C994))'
CLEAN	D994	'=IF($A994="","",\'IMPORT SCHEDULE\'!D994)'	'=IF($A994="","",IF(\'IMPORT SCHEDULE\'!D994="","",\'IMPORT SCHEDULE\'!D994))'
CLEAN	C995	'=IF($A995="","",\'IMPORT SCHEDULE\'!C995)'	'=IF($A995="","",IF(\'IMPORT SCHEDULE\'!C995="","",\'IMPORT SCHEDULE\'!C995))'
CLEAN	D995	'=IF($A995="","",\'IMPORT SCHEDULE\'!D995)'	'=IF($A995="","",IF(\'IMPORT SCHEDULE\'!D995="","",\'IMPORT SCHEDULE\'!D995))'
CLEAN	C996	'=IF($A996="","",\'IMPORT SCHEDULE\'!C996)'	'=IF($A996="","",IF(\'IMPORT SCHEDULE\'!C996="","",\'IMPORT SCHEDULE\'!C996))'
CLEAN	D996	'=IF($A996="","",\'IMPORT SCHEDULE\'!D996)'	'=IF($A996="","",IF(\'IMPORT SCHEDULE\'!D996="","",\'IMPORT SCHEDULE\'!D996))'
CLEAN	C997	'=IF($A997="","",\'IMPORT SCHEDULE\'!C997)'	'=IF($A997="","",IF(\'IMPORT SCHEDULE\'!C997="","",\'IMPORT SCHEDULE\'!C997))'
CLEAN	D997	'=IF($A997="","",\'IMPORT SCHEDULE\'!D997)'	'=IF($A997="","",IF(\'IMPORT SCHEDULE\'!D997="","",\'IMPORT SCHEDULE\'!D997))'
CLEAN	C998	'=IF($A998="","",\'IMPORT SCHEDULE\'!C998)'	'=IF($A998="","",IF(\'IMPORT SCHEDULE\'!C998="","",\'IMPORT SCHEDULE\'!C998))'
CLEAN	D998	'=IF($A998="","",\'IMPORT SCHEDULE\'!D998)'	'=IF($A998="","",IF(\'IMPORT SCHEDULE\'!D998="","",\'IMPORT SCHEDULE\'!D998))'
CLEAN	C999	'=IF($A999="","",\'IMPORT SCHEDULE\'!C999)'	'=IF($A999="","",IF(\'IMPORT SCHEDULE\'!C999="","",\'IMPORT SCHEDULE\'!C999))'
CLEAN	D999	'=IF($A999="","",\'IMPORT SCHEDULE\'!D999)'	'=IF($A999="","",IF(\'IMPORT SCHEDULE\'!D999="","",\'IMPORT SCHEDULE\'!D999))'
CLEAN	C1000	'=IF($A1000="","",\'IMPORT SCHEDULE\'!C1000)'	'=IF($A1000="","",IF(\'IMPORT SCHEDULE\'!C1000="","",\'IMPORT SCHEDULE\'!C1000))'
CLEAN	D1000	'=IF($A1000="","",\'IMPORT SCHEDULE\'!D1000)'	'=IF($A1000="","",IF(\'IMPORT SCHEDULE\'!D1000="","",\'IMPORT SCHEDULE\'!D1000))'
CLEAN	C1001	'=IF($A1001="","",\'IMPORT SCHEDULE\'!C1001)'	'=IF($A1001="","",IF(\'IMPORT SCHEDULE\'!C1001="","",\'IMPORT SCHEDULE\'!C1001))'
CLEAN	D1001	'=IF($A1001="","",\'IMPORT SCHEDULE\'!D1001)'	'=IF($A1001="","",IF(\'IMPORT SCHEDULE\'!D1001="","",\'IMPORT SCHEDULE\'!D1001))'
CLEAN	C1002	'=IF($A1002="","",\'IMPORT SCHEDULE\'!C1002)'	'=IF($A1002="","",IF(\'IMPORT SCHEDULE\'!C1002="","",\'IMPORT SCHEDULE\'!C1002))'
CLEAN	D1002	'=IF($A1002="","",\'IMPORT SCHEDULE\'!D1002)'	'=IF($A1002="","",IF(\'IMPORT SCHEDULE\'!D1002="","",\'IMPORT SCHEDULE\'!D1002))'
CLEAN	C1003	'=IF($A1003="","",\'IMPORT SCHEDULE\'!C1003)'	'=IF($A1003="","",IF(\'IMPORT SCHEDULE\'!C1003="","",\'IMPORT SCHEDULE\'!C1003))'
CLEAN	D1003	'=IF($A1003="","",\'IMPORT SCHEDULE\'!D1003)'	'=IF($A1003="","",IF(\'IMPORT SCHEDULE\'!D1003="","",\'IMPORT SCHEDULE\'!D1003))'
CLEAN	C1004	'=IF($A1004="","",\'IMPORT SCHEDULE\'!C1004)'	'=IF($A1004="","",IF(\'IMPORT SCHEDULE\'!C1004="","",\'IMPORT SCHEDULE\'!C1004))'
CLEAN	D1004	'=IF($A1004="","",\'IMPORT SCHEDULE\'!D1004)'	'=IF($A1004="","",IF(\'IMPORT SCHEDULE\'!D1004="","",\'IMPORT SCHEDULE\'!D1004))'
CLEAN	C1005	'=IF($A1005="","",\'IMPORT SCHEDULE\'!C1005)'	'=IF($A1005="","",IF(\'IMPORT SCHEDULE\'!C1005="","",\'IMPORT SCHEDULE\'!C1005))'
CLEAN	D1005	'=IF($A1005="","",\'IMPORT SCHEDULE\'!D1005)'	'=IF($A1005="","",IF(\'IMPORT SCHEDULE\'!D1005="","",\'IMPORT SCHEDULE\'!D1005))'
CHANGELOG	A57	None	'v0.6.2'
CHANGELOG	B57	None	'2026-07-21'
CHANGELOG	C57	None	'CORRECTION (user-authorized, Phase 6.2): repaired the documented DATA INCOMPLETE pathway defect. CLEAN!C6:C1005 (week) and CLEAN!D6:D1005 (date) previously fell through to a bare source reference, so a genuinely blank Week or Date was read as numeric 0 / epoch date and ENGINE!AI\'s OR($B6="",$C6="") check could never fire, making DATA INCOMPLETE unreachable. Both ranges now wrap the source in an explicit blank guard: =IF($A6="","",IF(\'IMPORT SCHEDULE\'!C6="","",\'IMPORT SCHEDULE\'!C6)) (and D-equivalent). A blank Week/Date now propagates as blank and the game reaches DATA INCOMPLETE; once restored it returns to its correct lower-priority status. Valid Week values (including Week 0) and Date values pass through unchanged. Only these 2000 formula cells, this banner, and this CHANGELOG row changed vs the authoritative v0.6.1.'
CHANGELOG	D57	None	'v0.6.2 - DATA INCOMPLETE pathway repair (CLEAN!C/D)'
