sheet	cell	v0.5.1_value	v0.5.2_value
START HERE	A1	'TO THE WINDOW — NCAAF POWER RATINGS 2026 (v0.5.1 FBS-vs-FCS SCOPE CHANGE — PENDING APPROVAL)'	'TO THE WINDOW — NCAAF POWER RATINGS 2026 (v0.5.2 CORRECTION BUILD — PENDING APPROVAL)'
ENGINE	AI6	'=IF($A6="","",IF($AH6<>"","BLOCKED",IF($AG6<>"","FCS — NO PLAY",IF(CALC!$S6=1,"PENDING LINE",IF(CALC!$Q6=1,"STALE LINE",IF($AE6="QB UNCERTAIN","QB UNCERTAIN",IF($AF6<>"","FCS/TRANSITION UNCERTAIN",IF(OR($B6="",$C6=""),"DATA INCOMPLETE","READY"))))))))'	'=IF($A6="","",IF($AH6<>"","BLOCKED",IF($AG6<>"","FCS — NO PLAY",IF(CALC!$S6=1,"PENDING LINE",IF(CALC!$Q6=1,"STALE LINE",IF($AE6="QB UNCERTAIN","QB UNCERTAIN",IF($AF6<>"","TRANSITION UNCERTAIN",IF(OR($B6="",$C6=""),"DATA INCOMPLETE","READY"))))))))'
ENGINE	AI7	'=IF($A7="","",IF($AH7<>"","BLOCKED",IF($AG7<>"","FCS — NO PLAY",IF(CALC!$S7=1,"PENDING LINE",IF(CALC!$Q7=1,"STALE LINE",IF($AE7="QB UNCERTAIN","QB UNCERTAIN",IF($AF7<>"","FCS/TRANSITION UNCERTAIN",IF(OR($B7="",$C7=""),"DATA INCOMPLETE","READY"))))))))'	'=IF($A7="","",IF($AH7<>"","BLOCKED",IF($AG7<>"","FCS — NO PLAY",IF(CALC!$S7=1,"PENDING LINE",IF(CALC!$Q7=1,"STALE LINE",IF($AE7="QB UNCERTAIN","QB UNCERTAIN",IF($AF7<>"","TRANSITION UNCERTAIN",IF(OR($B7="",$C7=""),"DATA INCOMPLETE","READY"))))))))'
ENGINE	AI8	'=IF($A8="","",IF($AH8<>"","BLOCKED",IF($AG8<>"","FCS — NO PLAY",IF(CALC!$S8=1,"PENDING LINE",IF(CALC!$Q8=1,"STALE LINE",IF($AE8="QB UNCERTAIN","QB UNCERTAIN",IF($AF8<>"","FCS/TRANSITION UNCERTAIN",IF(OR($B8="",$C8=""),"DATA INCOMPLETE","READY"))))))))'	'=IF($A8="","",IF($AH8<>"","BLOCKED",IF($AG8<>"","FCS — NO PLAY",IF(CALC!$S8=1,"PENDING LINE",IF(CALC!$Q8=1,"STALE LINE",IF($AE8="QB UNCERTAIN","QB UNCERTAIN",IF($AF8<>"","TRANSITION UNCERTAIN",IF(OR($B8="",$C8=""),"DATA INCOMPLETE","READY"))))))))'
ENGINE	AI9	'=IF($A9="","",IF($AH9<>"","BLOCKED",IF($AG9<>"","FCS — NO PLAY",IF(CALC!$S9=1,"PENDING LINE",IF(CALC!$Q9=1,"STALE LINE",IF($AE9="QB UNCERTAIN","QB UNCERTAIN",IF($AF9<>"","FCS/TRANSITION UNCERTAIN",IF(OR($B9="",$C9=""),"DATA INCOMPLETE","READY"))))))))'	'=IF($A9="","",IF($AH9<>"","BLOCKED",IF($AG9<>"","FCS — NO PLAY",IF(CALC!$S9=1,"PENDING LINE",IF(CALC!$Q9=1,"STALE LINE",IF($AE9="QB UNCERTAIN","QB UNCERTAIN",IF($AF9<>"","TRANSITION UNCERTAIN",IF(OR($B9="",$C9=""),"DATA INCOMPLETE","READY"))))))))'
ENGINE	AI10	'=IF($A10="","",IF($AH10<>"","BLOCKED",IF($AG10<>"","FCS — NO PLAY",IF(CALC!$S10=1,"PENDING LINE",IF(CALC!$Q10=1,"STALE LINE",IF($AE10="QB UNCERTAIN","QB UNCERTAIN",IF($AF10<>"","FCS/TRANSITION UNCERTAIN",IF(OR($B10="",$C10=""),"DATA INCOMPLETE","READY"))))))))'	'=IF($A10="","",IF($AH10<>"","BLOCKED",IF($AG10<>"","FCS — NO PLAY",IF(CALC!$S10=1,"PENDING LINE",IF(CALC!$Q10=1,"STALE LINE",IF($AE10="QB UNCERTAIN","QB UNCERTAIN",IF($AF10<>"","TRANSITION UNCERTAIN",IF(OR($B10="",$C10=""),"DATA INCOMPLETE","READY"))))))))'
ENGINE	AI11	'=IF($A11="","",IF($AH11<>"","BLOCKED",IF($AG11<>"","FCS — NO PLAY",IF(CALC!$S11=1,"PENDING LINE",IF(CALC!$Q11=1,"STALE LINE",IF($AE11="QB UNCERTAIN","QB UNCERTAIN",IF($AF11<>"","FCS/TRANSITION UNCERTAIN",IF(OR($B11="",$C11=""),"DATA INCOMPLETE","READY"))))))))'	'=IF($A11="","",IF($AH11<>"","BLOCKED",IF($AG11<>"","FCS — NO PLAY",IF(CALC!$S11=1,"PENDING LINE",IF(CALC!$Q11=1,"STALE LINE",IF($AE11="QB UNCERTAIN","QB UNCERTAIN",IF($AF11<>"","TRANSITION UNCERTAIN",IF(OR($B11="",$C11=""),"DATA INCOMPLETE","READY"))))))))'
ENGINE	AI12	'=IF($A12="","",IF($AH12<>"","BLOCKED",IF($AG12<>"","FCS — NO PLAY",IF(CALC!$S12=1,"PENDING LINE",IF(CALC!$Q12=1,"STALE LINE",IF($AE12="QB UNCERTAIN","QB UNCERTAIN",IF($AF12<>"","FCS/TRANSITION UNCERTAIN",IF(OR($B12="",$C12=""),"DATA INCOMPLETE","READY"))))))))'	'=IF($A12="","",IF($AH12<>"","BLOCKED",IF($AG12<>"","FCS — NO PLAY",IF(CALC!$S12=1,"PENDING LINE",IF(CALC!$Q12=1,"STALE LINE",IF($AE12="QB UNCERTAIN","QB UNCERTAIN",IF($AF12<>"","TRANSITION UNCERTAIN",IF(OR($B12="",$C12=""),"DATA INCOMPLETE","READY"))))))))'
ENGINE	AI13	'=IF($A13="","",IF($AH13<>"","BLOCKED",IF($AG13<>"","FCS — NO PLAY",IF(CALC!$S13=1,"PENDING LINE",IF(CALC!$Q13=1,"STALE LINE",IF($AE13="QB UNCERTAIN","QB UNCERTAIN",IF($AF13<>"","FCS/TRANSITION UNCERTAIN",IF(OR($B13="",$C13=""),"DATA INCOMPLETE","READY"))))))))'	'=IF($A13="","",IF($AH13<>"","BLOCKED",IF($AG13<>"","FCS — NO PLAY",IF(CALC!$S13=1,"PENDING LINE",IF(CALC!$Q13=1,"STALE LINE",IF($AE13="QB UNCERTAIN","QB UNCERTAIN",IF($AF13<>"","TRANSITION UNCERTAIN",IF(OR($B13="",$C13=""),"DATA INCOMPLETE","READY"))))))))'
ENGINE	AI14	'=IF($A14="","",IF($AH14<>"","BLOCKED",IF($AG14<>"","FCS — NO PLAY",IF(CALC!$S14=1,"PENDING LINE",IF(CALC!$Q14=1,"STALE LINE",IF($AE14="QB UNCERTAIN","QB UNCERTAIN",IF($AF14<>"","FCS/TRANSITION UNCERTAIN",IF(OR($B14="",$C14=""),"DATA INCOMPLETE","READY"))))))))'	'=IF($A14="","",IF($AH14<>"","BLOCKED",IF($AG14<>"","FCS — NO PLAY",IF(CALC!$S14=1,"PENDING LINE",IF(CALC!$Q14=1,"STALE LINE",IF($AE14="QB UNCERTAIN","QB UNCERTAIN",IF($AF14<>"","TRANSITION UNCERTAIN",IF(OR($B14="",$C14=""),"DATA INCOMPLETE","READY"))))))))'
ENGINE	AI15	'=IF($A15="","",IF($AH15<>"","BLOCKED",IF($AG15<>"","FCS — NO PLAY",IF(CALC!$S15=1,"PENDING LINE",IF(CALC!$Q15=1,"STALE LINE",IF($AE15="QB UNCERTAIN","QB UNCERTAIN",IF($AF15<>"","FCS/TRANSITION UNCERTAIN",IF(OR($B15="",$C15=""),"DATA INCOMPLETE","READY"))))))))'	'=IF($A15="","",IF($AH15<>"","BLOCKED",IF($AG15<>"","FCS — NO PLAY",IF(CALC!$S15=1,"PENDING LINE",IF(CALC!$Q15=1,"STALE LINE",IF($AE15="QB UNCERTAIN","QB UNCERTAIN",IF($AF15<>"","TRANSITION UNCERTAIN",IF(OR($B15="",$C15=""),"DATA INCOMPLETE","READY"))))))))'
ENGINE	AI16	'=IF($A16="","",IF($AH16<>"","BLOCKED",IF($AG16<>"","FCS — NO PLAY",IF(CALC!$S16=1,"PENDING LINE",IF(CALC!$Q16=1,"STALE LINE",IF($AE16="QB UNCERTAIN","QB UNCERTAIN",IF($AF16<>"","FCS/TRANSITION UNCERTAIN",IF(OR($B16="",$C16=""),"DATA INCOMPLETE","READY"))))))))'	'=IF($A16="","",IF($AH16<>"","BLOCKED",IF($AG16<>"","FCS — NO PLAY",IF(CALC!$S16=1,"PENDING LINE",IF(CALC!$Q16=1,"STALE LINE",IF($AE16="QB UNCERTAIN","QB UNCERTAIN",IF($AF16<>"","TRANSITION UNCERTAIN",IF(OR($B16="",$C16=""),"DATA INCOMPLETE","READY"))))))))'
ENGINE	AI17	'=IF($A17="","",IF($AH17<>"","BLOCKED",IF($AG17<>"","FCS — NO PLAY",IF(CALC!$S17=1,"PENDING LINE",IF(CALC!$Q17=1,"STALE LINE",IF($AE17="QB UNCERTAIN","QB UNCERTAIN",IF($AF17<>"","FCS/TRANSITION UNCERTAIN",IF(OR($B17="",$C17=""),"DATA INCOMPLETE","READY"))))))))'	'=IF($A17="","",IF($AH17<>"","BLOCKED",IF($AG17<>"","FCS — NO PLAY",IF(CALC!$S17=1,"PENDING LINE",IF(CALC!$Q17=1,"STALE LINE",IF($AE17="QB UNCERTAIN","QB UNCERTAIN",IF($AF17<>"","TRANSITION UNCERTAIN",IF(OR($B17="",$C17=""),"DATA INCOMPLETE","READY"))))))))'
ENGINE	AI18	'=IF($A18="","",IF($AH18<>"","BLOCKED",IF($AG18<>"","FCS — NO PLAY",IF(CALC!$S18=1,"PENDING LINE",IF(CALC!$Q18=1,"STALE LINE",IF($AE18="QB UNCERTAIN","QB UNCERTAIN",IF($AF18<>"","FCS/TRANSITION UNCERTAIN",IF(OR($B18="",$C18=""),"DATA INCOMPLETE","READY"))))))))'	'=IF($A18="","",IF($AH18<>"","BLOCKED",IF($AG18<>"","FCS — NO PLAY",IF(CALC!$S18=1,"PENDING LINE",IF(CALC!$Q18=1,"STALE LINE",IF($AE18="QB UNCERTAIN","QB UNCERTAIN",IF($AF18<>"","TRANSITION UNCERTAIN",IF(OR($B18="",$C18=""),"DATA INCOMPLETE","READY"))))))))'
ENGINE	AI19	'=IF($A19="","",IF($AH19<>"","BLOCKED",IF($AG19<>"","FCS — NO PLAY",IF(CALC!$S19=1,"PENDING LINE",IF(CALC!$Q19=1,"STALE LINE",IF($AE19="QB UNCERTAIN","QB UNCERTAIN",IF($AF19<>"","FCS/TRANSITION UNCERTAIN",IF(OR($B19="",$C19=""),"DATA INCOMPLETE","READY"))))))))'	'=IF($A19="","",IF($AH19<>"","BLOCKED",IF($AG19<>"","FCS — NO PLAY",IF(CALC!$S19=1,"PENDING LINE",IF(CALC!$Q19=1,"STALE LINE",IF($AE19="QB UNCERTAIN","QB UNCERTAIN",IF($AF19<>"","TRANSITION UNCERTAIN",IF(OR($B19="",$C19=""),"DATA INCOMPLETE","READY"))))))))'
ENGINE	AI20	'=IF($A20="","",IF($AH20<>"","BLOCKED",IF($AG20<>"","FCS — NO PLAY",IF(CALC!$S20=1,"PENDING LINE",IF(CALC!$Q20=1,"STALE LINE",IF($AE20="QB UNCERTAIN","QB UNCERTAIN",IF($AF20<>"","FCS/TRANSITION UNCERTAIN",IF(OR($B20="",$C20=""),"DATA INCOMPLETE","READY"))))))))'	'=IF($A20="","",IF($AH20<>"","BLOCKED",IF($AG20<>"","FCS — NO PLAY",IF(CALC!$S20=1,"PENDING LINE",IF(CALC!$Q20=1,"STALE LINE",IF($AE20="QB UNCERTAIN","QB UNCERTAIN",IF($AF20<>"","TRANSITION UNCERTAIN",IF(OR($B20="",$C20=""),"DATA INCOMPLETE","READY"))))))))'
ENGINE	AI21	'=IF($A21="","",IF($AH21<>"","BLOCKED",IF($AG21<>"","FCS — NO PLAY",IF(CALC!$S21=1,"PENDING LINE",IF(CALC!$Q21=1,"STALE LINE",IF($AE21="QB UNCERTAIN","QB UNCERTAIN",IF($AF21<>"","FCS/TRANSITION UNCERTAIN",IF(OR($B21="",$C21=""),"DATA INCOMPLETE","READY"))))))))'	'=IF($A21="","",IF($AH21<>"","BLOCKED",IF($AG21<>"","FCS — NO PLAY",IF(CALC!$S21=1,"PENDING LINE",IF(CALC!$Q21=1,"STALE LINE",IF($AE21="QB UNCERTAIN","QB UNCERTAIN",IF($AF21<>"","TRANSITION UNCERTAIN",IF(OR($B21="",$C21=""),"DATA INCOMPLETE","READY"))))))))'
ENGINE	AI22	'=IF($A22="","",IF($AH22<>"","BLOCKED",IF($AG22<>"","FCS — NO PLAY",IF(CALC!$S22=1,"PENDING LINE",IF(CALC!$Q22=1,"STALE LINE",IF($AE22="QB UNCERTAIN","QB UNCERTAIN",IF($AF22<>"","FCS/TRANSITION UNCERTAIN",IF(OR($B22="",$C22=""),"DATA INCOMPLETE","READY"))))))))'	'=IF($A22="","",IF($AH22<>"","BLOCKED",IF($AG22<>"","FCS — NO PLAY",IF(CALC!$S22=1,"PENDING LINE",IF(CALC!$Q22=1,"STALE LINE",IF($AE22="QB UNCERTAIN","QB UNCERTAIN",IF($AF22<>"","TRANSITION UNCERTAIN",IF(OR($B22="",$C22=""),"DATA INCOMPLETE","READY"))))))))'
ENGINE	AI23	'=IF($A23="","",IF($AH23<>"","BLOCKED",IF($AG23<>"","FCS — NO PLAY",IF(CALC!$S23=1,"PENDING LINE",IF(CALC!$Q23=1,"STALE LINE",IF($AE23="QB UNCERTAIN","QB UNCERTAIN",IF($AF23<>"","FCS/TRANSITION UNCERTAIN",IF(OR($B23="",$C23=""),"DATA INCOMPLETE","READY"))))))))'	'=IF($A23="","",IF($AH23<>"","BLOCKED",IF($AG23<>"","FCS — NO PLAY",IF(CALC!$S23=1,"PENDING LINE",IF(CALC!$Q23=1,"STALE LINE",IF($AE23="QB UNCERTAIN","QB UNCERTAIN",IF($AF23<>"","TRANSITION UNCERTAIN",IF(OR($B23="",$C23=""),"DATA INCOMPLETE","READY"))))))))'
ENGINE	AI24	'=IF($A24="","",IF($AH24<>"","BLOCKED",IF($AG24<>"","FCS — NO PLAY",IF(CALC!$S24=1,"PENDING LINE",IF(CALC!$Q24=1,"STALE LINE",IF($AE24="QB UNCERTAIN","QB UNCERTAIN",IF($AF24<>"","FCS/TRANSITION UNCERTAIN",IF(OR($B24="",$C24=""),"DATA INCOMPLETE","READY"))))))))'	'=IF($A24="","",IF($AH24<>"","BLOCKED",IF($AG24<>"","FCS — NO PLAY",IF(CALC!$S24=1,"PENDING LINE",IF(CALC!$Q24=1,"STALE LINE",IF($AE24="QB UNCERTAIN","QB UNCERTAIN",IF($AF24<>"","TRANSITION UNCERTAIN",IF(OR($B24="",$C24=""),"DATA INCOMPLETE","READY"))))))))'
ENGINE	AI25	'=IF($A25="","",IF($AH25<>"","BLOCKED",IF($AG25<>"","FCS — NO PLAY",IF(CALC!$S25=1,"PENDING LINE",IF(CALC!$Q25=1,"STALE LINE",IF($AE25="QB UNCERTAIN","QB UNCERTAIN",IF($AF25<>"","FCS/TRANSITION UNCERTAIN",IF(OR($B25="",$C25=""),"DATA INCOMPLETE","READY"))))))))'	'=IF($A25="","",IF($AH25<>"","BLOCKED",IF($AG25<>"","FCS — NO PLAY",IF(CALC!$S25=1,"PENDING LINE",IF(CALC!$Q25=1,"STALE LINE",IF($AE25="QB UNCERTAIN","QB UNCERTAIN",IF($AF25<>"","TRANSITION UNCERTAIN",IF(OR($B25="",$C25=""),"DATA INCOMPLETE","READY"))))))))'
ENGINE	AI26	'=IF($A26="","",IF($AH26<>"","BLOCKED",IF($AG26<>"","FCS — NO PLAY",IF(CALC!$S26=1,"PENDING LINE",IF(CALC!$Q26=1,"STALE LINE",IF($AE26="QB UNCERTAIN","QB UNCERTAIN",IF($AF26<>"","FCS/TRANSITION UNCERTAIN",IF(OR($B26="",$C26=""),"DATA INCOMPLETE","READY"))))))))'	'=IF($A26="","",IF($AH26<>"","BLOCKED",IF($AG26<>"","FCS — NO PLAY",IF(CALC!$S26=1,"PENDING LINE",IF(CALC!$Q26=1,"STALE LINE",IF($AE26="QB UNCERTAIN","QB UNCERTAIN",IF($AF26<>"","TRANSITION UNCERTAIN",IF(OR($B26="",$C26=""),"DATA INCOMPLETE","READY"))))))))'
ENGINE	AI27	'=IF($A27="","",IF($AH27<>"","BLOCKED",IF($AG27<>"","FCS — NO PLAY",IF(CALC!$S27=1,"PENDING LINE",IF(CALC!$Q27=1,"STALE LINE",IF($AE27="QB UNCERTAIN","QB UNCERTAIN",IF($AF27<>"","FCS/TRANSITION UNCERTAIN",IF(OR($B27="",$C27=""),"DATA INCOMPLETE","READY"))))))))'	'=IF($A27="","",IF($AH27<>"","BLOCKED",IF($AG27<>"","FCS — NO PLAY",IF(CALC!$S27=1,"PENDING LINE",IF(CALC!$Q27=1,"STALE LINE",IF($AE27="QB UNCERTAIN","QB UNCERTAIN",IF($AF27<>"","TRANSITION UNCERTAIN",IF(OR($B27="",$C27=""),"DATA INCOMPLETE","READY"))))))))'
ENGINE	AI28	'=IF($A28="","",IF($AH28<>"","BLOCKED",IF($AG28<>"","FCS — NO PLAY",IF(CALC!$S28=1,"PENDING LINE",IF(CALC!$Q28=1,"STALE LINE",IF($AE28="QB UNCERTAIN","QB UNCERTAIN",IF($AF28<>"","FCS/TRANSITION UNCERTAIN",IF(OR($B28="",$C28=""),"DATA INCOMPLETE","READY"))))))))'	'=IF($A28="","",IF($AH28<>"","BLOCKED",IF($AG28<>"","FCS — NO PLAY",IF(CALC!$S28=1,"PENDING LINE",IF(CALC!$Q28=1,"STALE LINE",IF($AE28="QB UNCERTAIN","QB UNCERTAIN",IF($AF28<>"","TRANSITION UNCERTAIN",IF(OR($B28="",$C28=""),"DATA INCOMPLETE","READY"))))))))'
ENGINE	AI29	'=IF($A29="","",IF($AH29<>"","BLOCKED",IF($AG29<>"","FCS — NO PLAY",IF(CALC!$S29=1,"PENDING LINE",IF(CALC!$Q29=1,"STALE LINE",IF($AE29="QB UNCERTAIN","QB UNCERTAIN",IF($AF29<>"","FCS/TRANSITION UNCERTAIN",IF(OR($B29="",$C29=""),"DATA INCOMPLETE","READY"))))))))'	'=IF($A29="","",IF($AH29<>"","BLOCKED",IF($AG29<>"","FCS — NO PLAY",IF(CALC!$S29=1,"PENDING LINE",IF(CALC!$Q29=1,"STALE LINE",IF($AE29="QB UNCERTAIN","QB UNCERTAIN",IF($AF29<>"","TRANSITION UNCERTAIN",IF(OR($B29="",$C29=""),"DATA INCOMPLETE","READY"))))))))'
ENGINE	AI30	'=IF($A30="","",IF($AH30<>"","BLOCKED",IF($AG30<>"","FCS — NO PLAY",IF(CALC!$S30=1,"PENDING LINE",IF(CALC!$Q30=1,"STALE LINE",IF($AE30="QB UNCERTAIN","QB UNCERTAIN",IF($AF30<>"","FCS/TRANSITION UNCERTAIN",IF(OR($B30="",$C30=""),"DATA INCOMPLETE","READY"))))))))'	'=IF($A30="","",IF($AH30<>"","BLOCKED",IF($AG30<>"","FCS — NO PLAY",IF(CALC!$S30=1,"PENDING LINE",IF(CALC!$Q30=1,"STALE LINE",IF($AE30="QB UNCERTAIN","QB UNCERTAIN",IF($AF30<>"","TRANSITION UNCERTAIN",IF(OR($B30="",$C30=""),"DATA INCOMPLETE","READY"))))))))'
ENGINE	AI31	'=IF($A31="","",IF($AH31<>"","BLOCKED",IF($AG31<>"","FCS — NO PLAY",IF(CALC!$S31=1,"PENDING LINE",IF(CALC!$Q31=1,"STALE LINE",IF($AE31="QB UNCERTAIN","QB UNCERTAIN",IF($AF31<>"","FCS/TRANSITION UNCERTAIN",IF(OR($B31="",$C31=""),"DATA INCOMPLETE","READY"))))))))'	'=IF($A31="","",IF($AH31<>"","BLOCKED",IF($AG31<>"","FCS — NO PLAY",IF(CALC!$S31=1,"PENDING LINE",IF(CALC!$Q31=1,"STALE LINE",IF($AE31="QB UNCERTAIN","QB UNCERTAIN",IF($AF31<>"","TRANSITION UNCERTAIN",IF(OR($B31="",$C31=""),"DATA INCOMPLETE","READY"))))))))'
ENGINE	AI32	'=IF($A32="","",IF($AH32<>"","BLOCKED",IF($AG32<>"","FCS — NO PLAY",IF(CALC!$S32=1,"PENDING LINE",IF(CALC!$Q32=1,"STALE LINE",IF($AE32="QB UNCERTAIN","QB UNCERTAIN",IF($AF32<>"","FCS/TRANSITION UNCERTAIN",IF(OR($B32="",$C32=""),"DATA INCOMPLETE","READY"))))))))'	'=IF($A32="","",IF($AH32<>"","BLOCKED",IF($AG32<>"","FCS — NO PLAY",IF(CALC!$S32=1,"PENDING LINE",IF(CALC!$Q32=1,"STALE LINE",IF($AE32="QB UNCERTAIN","QB UNCERTAIN",IF($AF32<>"","TRANSITION UNCERTAIN",IF(OR($B32="",$C32=""),"DATA INCOMPLETE","READY"))))))))'
ENGINE	AI33	'=IF($A33="","",IF($AH33<>"","BLOCKED",IF($AG33<>"","FCS — NO PLAY",IF(CALC!$S33=1,"PENDING LINE",IF(CALC!$Q33=1,"STALE LINE",IF($AE33="QB UNCERTAIN","QB UNCERTAIN",IF($AF33<>"","FCS/TRANSITION UNCERTAIN",IF(OR($B33="",$C33=""),"DATA INCOMPLETE","READY"))))))))'	'=IF($A33="","",IF($AH33<>"","BLOCKED",IF($AG33<>"","FCS — NO PLAY",IF(CALC!$S33=1,"PENDING LINE",IF(CALC!$Q33=1,"STALE LINE",IF($AE33="QB UNCERTAIN","QB UNCERTAIN",IF($AF33<>"","TRANSITION UNCERTAIN",IF(OR($B33="",$C33=""),"DATA INCOMPLETE","READY"))))))))'
ENGINE	AI34	'=IF($A34="","",IF($AH34<>"","BLOCKED",IF($AG34<>"","FCS — NO PLAY",IF(CALC!$S34=1,"PENDING LINE",IF(CALC!$Q34=1,"STALE LINE",IF($AE34="QB UNCERTAIN","QB UNCERTAIN",IF($AF34<>"","FCS/TRANSITION UNCERTAIN",IF(OR($B34="",$C34=""),"DATA INCOMPLETE","READY"))))))))'	'=IF($A34="","",IF($AH34<>"","BLOCKED",IF($AG34<>"","FCS — NO PLAY",IF(CALC!$S34=1,"PENDING LINE",IF(CALC!$Q34=1,"STALE LINE",IF($AE34="QB UNCERTAIN","QB UNCERTAIN",IF($AF34<>"","TRANSITION UNCERTAIN",IF(OR($B34="",$C34=""),"DATA INCOMPLETE","READY"))))))))'
ENGINE	AI35	'=IF($A35="","",IF($AH35<>"","BLOCKED",IF($AG35<>"","FCS — NO PLAY",IF(CALC!$S35=1,"PENDING LINE",IF(CALC!$Q35=1,"STALE LINE",IF($AE35="QB UNCERTAIN","QB UNCERTAIN",IF($AF35<>"","FCS/TRANSITION UNCERTAIN",IF(OR($B35="",$C35=""),"DATA INCOMPLETE","READY"))))))))'	'=IF($A35="","",IF($AH35<>"","BLOCKED",IF($AG35<>"","FCS — NO PLAY",IF(CALC!$S35=1,"PENDING LINE",IF(CALC!$Q35=1,"STALE LINE",IF($AE35="QB UNCERTAIN","QB UNCERTAIN",IF($AF35<>"","TRANSITION UNCERTAIN",IF(OR($B35="",$C35=""),"DATA INCOMPLETE","READY"))))))))'
ENGINE	AI36	'=IF($A36="","",IF($AH36<>"","BLOCKED",IF($AG36<>"","FCS — NO PLAY",IF(CALC!$S36=1,"PENDING LINE",IF(CALC!$Q36=1,"STALE LINE",IF($AE36="QB UNCERTAIN","QB UNCERTAIN",IF($AF36<>"","FCS/TRANSITION UNCERTAIN",IF(OR($B36="",$C36=""),"DATA INCOMPLETE","READY"))))))))'	'=IF($A36="","",IF($AH36<>"","BLOCKED",IF($AG36<>"","FCS — NO PLAY",IF(CALC!$S36=1,"PENDING LINE",IF(CALC!$Q36=1,"STALE LINE",IF($AE36="QB UNCERTAIN","QB UNCERTAIN",IF($AF36<>"","TRANSITION UNCERTAIN",IF(OR($B36="",$C36=""),"DATA INCOMPLETE","READY"))))))))'
ENGINE	AI37	'=IF($A37="","",IF($AH37<>"","BLOCKED",IF($AG37<>"","FCS — NO PLAY",IF(CALC!$S37=1,"PENDING LINE",IF(CALC!$Q37=1,"STALE LINE",IF($AE37="QB UNCERTAIN","QB UNCERTAIN",IF($AF37<>"","FCS/TRANSITION UNCERTAIN",IF(OR($B37="",$C37=""),"DATA INCOMPLETE","READY"))))))))'	'=IF($A37="","",IF($AH37<>"","BLOCKED",IF($AG37<>"","FCS — NO PLAY",IF(CALC!$S37=1,"PENDING LINE",IF(CALC!$Q37=1,"STALE LINE",IF($AE37="QB UNCERTAIN","QB UNCERTAIN",IF($AF37<>"","TRANSITION UNCERTAIN",IF(OR($B37="",$C37=""),"DATA INCOMPLETE","READY"))))))))'
ENGINE	AI38	'=IF($A38="","",IF($AH38<>"","BLOCKED",IF($AG38<>"","FCS — NO PLAY",IF(CALC!$S38=1,"PENDING LINE",IF(CALC!$Q38=1,"STALE LINE",IF($AE38="QB UNCERTAIN","QB UNCERTAIN",IF($AF38<>"","FCS/TRANSITION UNCERTAIN",IF(OR($B38="",$C38=""),"DATA INCOMPLETE","READY"))))))))'	'=IF($A38="","",IF($AH38<>"","BLOCKED",IF($AG38<>"","FCS — NO PLAY",IF(CALC!$S38=1,"PENDING LINE",IF(CALC!$Q38=1,"STALE LINE",IF($AE38="QB UNCERTAIN","QB UNCERTAIN",IF($AF38<>"","TRANSITION UNCERTAIN",IF(OR($B38="",$C38=""),"DATA INCOMPLETE","READY"))))))))'
ENGINE	AI39	'=IF($A39="","",IF($AH39<>"","BLOCKED",IF($AG39<>"","FCS — NO PLAY",IF(CALC!$S39=1,"PENDING LINE",IF(CALC!$Q39=1,"STALE LINE",IF($AE39="QB UNCERTAIN","QB UNCERTAIN",IF($AF39<>"","FCS/TRANSITION UNCERTAIN",IF(OR($B39="",$C39=""),"DATA INCOMPLETE","READY"))))))))'	'=IF($A39="","",IF($AH39<>"","BLOCKED",IF($AG39<>"","FCS — NO PLAY",IF(CALC!$S39=1,"PENDING LINE",IF(CALC!$Q39=1,"STALE LINE",IF($AE39="QB UNCERTAIN","QB UNCERTAIN",IF($AF39<>"","TRANSITION UNCERTAIN",IF(OR($B39="",$C39=""),"DATA INCOMPLETE","READY"))))))))'
ENGINE	AI40	'=IF($A40="","",IF($AH40<>"","BLOCKED",IF($AG40<>"","FCS — NO PLAY",IF(CALC!$S40=1,"PENDING LINE",IF(CALC!$Q40=1,"STALE LINE",IF($AE40="QB UNCERTAIN","QB UNCERTAIN",IF($AF40<>"","FCS/TRANSITION UNCERTAIN",IF(OR($B40="",$C40=""),"DATA INCOMPLETE","READY"))))))))'	'=IF($A40="","",IF($AH40<>"","BLOCKED",IF($AG40<>"","FCS — NO PLAY",IF(CALC!$S40=1,"PENDING LINE",IF(CALC!$Q40=1,"STALE LINE",IF($AE40="QB UNCERTAIN","QB UNCERTAIN",IF($AF40<>"","TRANSITION UNCERTAIN",IF(OR($B40="",$C40=""),"DATA INCOMPLETE","READY"))))))))'
ENGINE	AI41	'=IF($A41="","",IF($AH41<>"","BLOCKED",IF($AG41<>"","FCS — NO PLAY",IF(CALC!$S41=1,"PENDING LINE",IF(CALC!$Q41=1,"STALE LINE",IF($AE41="QB UNCERTAIN","QB UNCERTAIN",IF($AF41<>"","FCS/TRANSITION UNCERTAIN",IF(OR($B41="",$C41=""),"DATA INCOMPLETE","READY"))))))))'	'=IF($A41="","",IF($AH41<>"","BLOCKED",IF($AG41<>"","FCS — NO PLAY",IF(CALC!$S41=1,"PENDING LINE",IF(CALC!$Q41=1,"STALE LINE",IF($AE41="QB UNCERTAIN","QB UNCERTAIN",IF($AF41<>"","TRANSITION UNCERTAIN",IF(OR($B41="",$C41=""),"DATA INCOMPLETE","READY"))))))))'
ENGINE	AI42	'=IF($A42="","",IF($AH42<>"","BLOCKED",IF($AG42<>"","FCS — NO PLAY",IF(CALC!$S42=1,"PENDING LINE",IF(CALC!$Q42=1,"STALE LINE",IF($AE42="QB UNCERTAIN","QB UNCERTAIN",IF($AF42<>"","FCS/TRANSITION UNCERTAIN",IF(OR($B42="",$C42=""),"DATA INCOMPLETE","READY"))))))))'	'=IF($A42="","",IF($AH42<>"","BLOCKED",IF($AG42<>"","FCS — NO PLAY",IF(CALC!$S42=1,"PENDING LINE",IF(CALC!$Q42=1,"STALE LINE",IF($AE42="QB UNCERTAIN","QB UNCERTAIN",IF($AF42<>"","TRANSITION UNCERTAIN",IF(OR($B42="",$C42=""),"DATA INCOMPLETE","READY"))))))))'
ENGINE	AI43	'=IF($A43="","",IF($AH43<>"","BLOCKED",IF($AG43<>"","FCS — NO PLAY",IF(CALC!$S43=1,"PENDING LINE",IF(CALC!$Q43=1,"STALE LINE",IF($AE43="QB UNCERTAIN","QB UNCERTAIN",IF($AF43<>"","FCS/TRANSITION UNCERTAIN",IF(OR($B43="",$C43=""),"DATA INCOMPLETE","READY"))))))))'	'=IF($A43="","",IF($AH43<>"","BLOCKED",IF($AG43<>"","FCS — NO PLAY",IF(CALC!$S43=1,"PENDING LINE",IF(CALC!$Q43=1,"STALE LINE",IF($AE43="QB UNCERTAIN","QB UNCERTAIN",IF($AF43<>"","TRANSITION UNCERTAIN",IF(OR($B43="",$C43=""),"DATA INCOMPLETE","READY"))))))))'
ENGINE	AI44	'=IF($A44="","",IF($AH44<>"","BLOCKED",IF($AG44<>"","FCS — NO PLAY",IF(CALC!$S44=1,"PENDING LINE",IF(CALC!$Q44=1,"STALE LINE",IF($AE44="QB UNCERTAIN","QB UNCERTAIN",IF($AF44<>"","FCS/TRANSITION UNCERTAIN",IF(OR($B44="",$C44=""),"DATA INCOMPLETE","READY"))))))))'	'=IF($A44="","",IF($AH44<>"","BLOCKED",IF($AG44<>"","FCS — NO PLAY",IF(CALC!$S44=1,"PENDING LINE",IF(CALC!$Q44=1,"STALE LINE",IF($AE44="QB UNCERTAIN","QB UNCERTAIN",IF($AF44<>"","TRANSITION UNCERTAIN",IF(OR($B44="",$C44=""),"DATA INCOMPLETE","READY"))))))))'
ENGINE	AI45	'=IF($A45="","",IF($AH45<>"","BLOCKED",IF($AG45<>"","FCS — NO PLAY",IF(CALC!$S45=1,"PENDING LINE",IF(CALC!$Q45=1,"STALE LINE",IF($AE45="QB UNCERTAIN","QB UNCERTAIN",IF($AF45<>"","FCS/TRANSITION UNCERTAIN",IF(OR($B45="",$C45=""),"DATA INCOMPLETE","READY"))))))))'	'=IF($A45="","",IF($AH45<>"","BLOCKED",IF($AG45<>"","FCS — NO PLAY",IF(CALC!$S45=1,"PENDING LINE",IF(CALC!$Q45=1,"STALE LINE",IF($AE45="QB UNCERTAIN","QB UNCERTAIN",IF($AF45<>"","TRANSITION UNCERTAIN",IF(OR($B45="",$C45=""),"DATA INCOMPLETE","READY"))))))))'
ENGINE	AI46	'=IF($A46="","",IF($AH46<>"","BLOCKED",IF($AG46<>"","FCS — NO PLAY",IF(CALC!$S46=1,"PENDING LINE",IF(CALC!$Q46=1,"STALE LINE",IF($AE46="QB UNCERTAIN","QB UNCERTAIN",IF($AF46<>"","FCS/TRANSITION UNCERTAIN",IF(OR($B46="",$C46=""),"DATA INCOMPLETE","READY"))))))))'	'=IF($A46="","",IF($AH46<>"","BLOCKED",IF($AG46<>"","FCS — NO PLAY",IF(CALC!$S46=1,"PENDING LINE",IF(CALC!$Q46=1,"STALE LINE",IF($AE46="QB UNCERTAIN","QB UNCERTAIN",IF($AF46<>"","TRANSITION UNCERTAIN",IF(OR($B46="",$C46=""),"DATA INCOMPLETE","READY"))))))))'
ENGINE	AI47	'=IF($A47="","",IF($AH47<>"","BLOCKED",IF($AG47<>"","FCS — NO PLAY",IF(CALC!$S47=1,"PENDING LINE",IF(CALC!$Q47=1,"STALE LINE",IF($AE47="QB UNCERTAIN","QB UNCERTAIN",IF($AF47<>"","FCS/TRANSITION UNCERTAIN",IF(OR($B47="",$C47=""),"DATA INCOMPLETE","READY"))))))))'	'=IF($A47="","",IF($AH47<>"","BLOCKED",IF($AG47<>"","FCS — NO PLAY",IF(CALC!$S47=1,"PENDING LINE",IF(CALC!$Q47=1,"STALE LINE",IF($AE47="QB UNCERTAIN","QB UNCERTAIN",IF($AF47<>"","TRANSITION UNCERTAIN",IF(OR($B47="",$C47=""),"DATA INCOMPLETE","READY"))))))))'
ENGINE	AI48	'=IF($A48="","",IF($AH48<>"","BLOCKED",IF($AG48<>"","FCS — NO PLAY",IF(CALC!$S48=1,"PENDING LINE",IF(CALC!$Q48=1,"STALE LINE",IF($AE48="QB UNCERTAIN","QB UNCERTAIN",IF($AF48<>"","FCS/TRANSITION UNCERTAIN",IF(OR($B48="",$C48=""),"DATA INCOMPLETE","READY"))))))))'	'=IF($A48="","",IF($AH48<>"","BLOCKED",IF($AG48<>"","FCS — NO PLAY",IF(CALC!$S48=1,"PENDING LINE",IF(CALC!$Q48=1,"STALE LINE",IF($AE48="QB UNCERTAIN","QB UNCERTAIN",IF($AF48<>"","TRANSITION UNCERTAIN",IF(OR($B48="",$C48=""),"DATA INCOMPLETE","READY"))))))))'
ENGINE	AI49	'=IF($A49="","",IF($AH49<>"","BLOCKED",IF($AG49<>"","FCS — NO PLAY",IF(CALC!$S49=1,"PENDING LINE",IF(CALC!$Q49=1,"STALE LINE",IF($AE49="QB UNCERTAIN","QB UNCERTAIN",IF($AF49<>"","FCS/TRANSITION UNCERTAIN",IF(OR($B49="",$C49=""),"DATA INCOMPLETE","READY"))))))))'	'=IF($A49="","",IF($AH49<>"","BLOCKED",IF($AG49<>"","FCS — NO PLAY",IF(CALC!$S49=1,"PENDING LINE",IF(CALC!$Q49=1,"STALE LINE",IF($AE49="QB UNCERTAIN","QB UNCERTAIN",IF($AF49<>"","TRANSITION UNCERTAIN",IF(OR($B49="",$C49=""),"DATA INCOMPLETE","READY"))))))))'
ENGINE	AI50	'=IF($A50="","",IF($AH50<>"","BLOCKED",IF($AG50<>"","FCS — NO PLAY",IF(CALC!$S50=1,"PENDING LINE",IF(CALC!$Q50=1,"STALE LINE",IF($AE50="QB UNCERTAIN","QB UNCERTAIN",IF($AF50<>"","FCS/TRANSITION UNCERTAIN",IF(OR($B50="",$C50=""),"DATA INCOMPLETE","READY"))))))))'	'=IF($A50="","",IF($AH50<>"","BLOCKED",IF($AG50<>"","FCS — NO PLAY",IF(CALC!$S50=1,"PENDING LINE",IF(CALC!$Q50=1,"STALE LINE",IF($AE50="QB UNCERTAIN","QB UNCERTAIN",IF($AF50<>"","TRANSITION UNCERTAIN",IF(OR($B50="",$C50=""),"DATA INCOMPLETE","READY"))))))))'
ENGINE	AI51	'=IF($A51="","",IF($AH51<>"","BLOCKED",IF($AG51<>"","FCS — NO PLAY",IF(CALC!$S51=1,"PENDING LINE",IF(CALC!$Q51=1,"STALE LINE",IF($AE51="QB UNCERTAIN","QB UNCERTAIN",IF($AF51<>"","FCS/TRANSITION UNCERTAIN",IF(OR($B51="",$C51=""),"DATA INCOMPLETE","READY"))))))))'	'=IF($A51="","",IF($AH51<>"","BLOCKED",IF($AG51<>"","FCS — NO PLAY",IF(CALC!$S51=1,"PENDING LINE",IF(CALC!$Q51=1,"STALE LINE",IF($AE51="QB UNCERTAIN","QB UNCERTAIN",IF($AF51<>"","TRANSITION UNCERTAIN",IF(OR($B51="",$C51=""),"DATA INCOMPLETE","READY"))))))))'
ENGINE	AI52	'=IF($A52="","",IF($AH52<>"","BLOCKED",IF($AG52<>"","FCS — NO PLAY",IF(CALC!$S52=1,"PENDING LINE",IF(CALC!$Q52=1,"STALE LINE",IF($AE52="QB UNCERTAIN","QB UNCERTAIN",IF($AF52<>"","FCS/TRANSITION UNCERTAIN",IF(OR($B52="",$C52=""),"DATA INCOMPLETE","READY"))))))))'	'=IF($A52="","",IF($AH52<>"","BLOCKED",IF($AG52<>"","FCS — NO PLAY",IF(CALC!$S52=1,"PENDING LINE",IF(CALC!$Q52=1,"STALE LINE",IF($AE52="QB UNCERTAIN","QB UNCERTAIN",IF($AF52<>"","TRANSITION UNCERTAIN",IF(OR($B52="",$C52=""),"DATA INCOMPLETE","READY"))))))))'
ENGINE	AI53	'=IF($A53="","",IF($AH53<>"","BLOCKED",IF($AG53<>"","FCS — NO PLAY",IF(CALC!$S53=1,"PENDING LINE",IF(CALC!$Q53=1,"STALE LINE",IF($AE53="QB UNCERTAIN","QB UNCERTAIN",IF($AF53<>"","FCS/TRANSITION UNCERTAIN",IF(OR($B53="",$C53=""),"DATA INCOMPLETE","READY"))))))))'	'=IF($A53="","",IF($AH53<>"","BLOCKED",IF($AG53<>"","FCS — NO PLAY",IF(CALC!$S53=1,"PENDING LINE",IF(CALC!$Q53=1,"STALE LINE",IF($AE53="QB UNCERTAIN","QB UNCERTAIN",IF($AF53<>"","TRANSITION UNCERTAIN",IF(OR($B53="",$C53=""),"DATA INCOMPLETE","READY"))))))))'
ENGINE	AI54	'=IF($A54="","",IF($AH54<>"","BLOCKED",IF($AG54<>"","FCS — NO PLAY",IF(CALC!$S54=1,"PENDING LINE",IF(CALC!$Q54=1,"STALE LINE",IF($AE54="QB UNCERTAIN","QB UNCERTAIN",IF($AF54<>"","FCS/TRANSITION UNCERTAIN",IF(OR($B54="",$C54=""),"DATA INCOMPLETE","READY"))))))))'	'=IF($A54="","",IF($AH54<>"","BLOCKED",IF($AG54<>"","FCS — NO PLAY",IF(CALC!$S54=1,"PENDING LINE",IF(CALC!$Q54=1,"STALE LINE",IF($AE54="QB UNCERTAIN","QB UNCERTAIN",IF($AF54<>"","TRANSITION UNCERTAIN",IF(OR($B54="",$C54=""),"DATA INCOMPLETE","READY"))))))))'
ENGINE	AI55	'=IF($A55="","",IF($AH55<>"","BLOCKED",IF($AG55<>"","FCS — NO PLAY",IF(CALC!$S55=1,"PENDING LINE",IF(CALC!$Q55=1,"STALE LINE",IF($AE55="QB UNCERTAIN","QB UNCERTAIN",IF($AF55<>"","FCS/TRANSITION UNCERTAIN",IF(OR($B55="",$C55=""),"DATA INCOMPLETE","READY"))))))))'	'=IF($A55="","",IF($AH55<>"","BLOCKED",IF($AG55<>"","FCS — NO PLAY",IF(CALC!$S55=1,"PENDING LINE",IF(CALC!$Q55=1,"STALE LINE",IF($AE55="QB UNCERTAIN","QB UNCERTAIN",IF($AF55<>"","TRANSITION UNCERTAIN",IF(OR($B55="",$C55=""),"DATA INCOMPLETE","READY"))))))))'
ENGINE	AI56	'=IF($A56="","",IF($AH56<>"","BLOCKED",IF($AG56<>"","FCS — NO PLAY",IF(CALC!$S56=1,"PENDING LINE",IF(CALC!$Q56=1,"STALE LINE",IF($AE56="QB UNCERTAIN","QB UNCERTAIN",IF($AF56<>"","FCS/TRANSITION UNCERTAIN",IF(OR($B56="",$C56=""),"DATA INCOMPLETE","READY"))))))))'	'=IF($A56="","",IF($AH56<>"","BLOCKED",IF($AG56<>"","FCS — NO PLAY",IF(CALC!$S56=1,"PENDING LINE",IF(CALC!$Q56=1,"STALE LINE",IF($AE56="QB UNCERTAIN","QB UNCERTAIN",IF($AF56<>"","TRANSITION UNCERTAIN",IF(OR($B56="",$C56=""),"DATA INCOMPLETE","READY"))))))))'
ENGINE	AI57	'=IF($A57="","",IF($AH57<>"","BLOCKED",IF($AG57<>"","FCS — NO PLAY",IF(CALC!$S57=1,"PENDING LINE",IF(CALC!$Q57=1,"STALE LINE",IF($AE57="QB UNCERTAIN","QB UNCERTAIN",IF($AF57<>"","FCS/TRANSITION UNCERTAIN",IF(OR($B57="",$C57=""),"DATA INCOMPLETE","READY"))))))))'	'=IF($A57="","",IF($AH57<>"","BLOCKED",IF($AG57<>"","FCS — NO PLAY",IF(CALC!$S57=1,"PENDING LINE",IF(CALC!$Q57=1,"STALE LINE",IF($AE57="QB UNCERTAIN","QB UNCERTAIN",IF($AF57<>"","TRANSITION UNCERTAIN",IF(OR($B57="",$C57=""),"DATA INCOMPLETE","READY"))))))))'
ENGINE	AI58	'=IF($A58="","",IF($AH58<>"","BLOCKED",IF($AG58<>"","FCS — NO PLAY",IF(CALC!$S58=1,"PENDING LINE",IF(CALC!$Q58=1,"STALE LINE",IF($AE58="QB UNCERTAIN","QB UNCERTAIN",IF($AF58<>"","FCS/TRANSITION UNCERTAIN",IF(OR($B58="",$C58=""),"DATA INCOMPLETE","READY"))))))))'	'=IF($A58="","",IF($AH58<>"","BLOCKED",IF($AG58<>"","FCS — NO PLAY",IF(CALC!$S58=1,"PENDING LINE",IF(CALC!$Q58=1,"STALE LINE",IF($AE58="QB UNCERTAIN","QB UNCERTAIN",IF($AF58<>"","TRANSITION UNCERTAIN",IF(OR($B58="",$C58=""),"DATA INCOMPLETE","READY"))))))))'
ENGINE	AI59	'=IF($A59="","",IF($AH59<>"","BLOCKED",IF($AG59<>"","FCS — NO PLAY",IF(CALC!$S59=1,"PENDING LINE",IF(CALC!$Q59=1,"STALE LINE",IF($AE59="QB UNCERTAIN","QB UNCERTAIN",IF($AF59<>"","FCS/TRANSITION UNCERTAIN",IF(OR($B59="",$C59=""),"DATA INCOMPLETE","READY"))))))))'	'=IF($A59="","",IF($AH59<>"","BLOCKED",IF($AG59<>"","FCS — NO PLAY",IF(CALC!$S59=1,"PENDING LINE",IF(CALC!$Q59=1,"STALE LINE",IF($AE59="QB UNCERTAIN","QB UNCERTAIN",IF($AF59<>"","TRANSITION UNCERTAIN",IF(OR($B59="",$C59=""),"DATA INCOMPLETE","READY"))))))))'
ENGINE	AI60	'=IF($A60="","",IF($AH60<>"","BLOCKED",IF($AG60<>"","FCS — NO PLAY",IF(CALC!$S60=1,"PENDING LINE",IF(CALC!$Q60=1,"STALE LINE",IF($AE60="QB UNCERTAIN","QB UNCERTAIN",IF($AF60<>"","FCS/TRANSITION UNCERTAIN",IF(OR($B60="",$C60=""),"DATA INCOMPLETE","READY"))))))))'	'=IF($A60="","",IF($AH60<>"","BLOCKED",IF($AG60<>"","FCS — NO PLAY",IF(CALC!$S60=1,"PENDING LINE",IF(CALC!$Q60=1,"STALE LINE",IF($AE60="QB UNCERTAIN","QB UNCERTAIN",IF($AF60<>"","TRANSITION UNCERTAIN",IF(OR($B60="",$C60=""),"DATA INCOMPLETE","READY"))))))))'
ENGINE	AI61	'=IF($A61="","",IF($AH61<>"","BLOCKED",IF($AG61<>"","FCS — NO PLAY",IF(CALC!$S61=1,"PENDING LINE",IF(CALC!$Q61=1,"STALE LINE",IF($AE61="QB UNCERTAIN","QB UNCERTAIN",IF($AF61<>"","FCS/TRANSITION UNCERTAIN",IF(OR($B61="",$C61=""),"DATA INCOMPLETE","READY"))))))))'	'=IF($A61="","",IF($AH61<>"","BLOCKED",IF($AG61<>"","FCS — NO PLAY",IF(CALC!$S61=1,"PENDING LINE",IF(CALC!$Q61=1,"STALE LINE",IF($AE61="QB UNCERTAIN","QB UNCERTAIN",IF($AF61<>"","TRANSITION UNCERTAIN",IF(OR($B61="",$C61=""),"DATA INCOMPLETE","READY"))))))))'
ENGINE	AI62	'=IF($A62="","",IF($AH62<>"","BLOCKED",IF($AG62<>"","FCS — NO PLAY",IF(CALC!$S62=1,"PENDING LINE",IF(CALC!$Q62=1,"STALE LINE",IF($AE62="QB UNCERTAIN","QB UNCERTAIN",IF($AF62<>"","FCS/TRANSITION UNCERTAIN",IF(OR($B62="",$C62=""),"DATA INCOMPLETE","READY"))))))))'	'=IF($A62="","",IF($AH62<>"","BLOCKED",IF($AG62<>"","FCS — NO PLAY",IF(CALC!$S62=1,"PENDING LINE",IF(CALC!$Q62=1,"STALE LINE",IF($AE62="QB UNCERTAIN","QB UNCERTAIN",IF($AF62<>"","TRANSITION UNCERTAIN",IF(OR($B62="",$C62=""),"DATA INCOMPLETE","READY"))))))))'
ENGINE	AI63	'=IF($A63="","",IF($AH63<>"","BLOCKED",IF($AG63<>"","FCS — NO PLAY",IF(CALC!$S63=1,"PENDING LINE",IF(CALC!$Q63=1,"STALE LINE",IF($AE63="QB UNCERTAIN","QB UNCERTAIN",IF($AF63<>"","FCS/TRANSITION UNCERTAIN",IF(OR($B63="",$C63=""),"DATA INCOMPLETE","READY"))))))))'	'=IF($A63="","",IF($AH63<>"","BLOCKED",IF($AG63<>"","FCS — NO PLAY",IF(CALC!$S63=1,"PENDING LINE",IF(CALC!$Q63=1,"STALE LINE",IF($AE63="QB UNCERTAIN","QB UNCERTAIN",IF($AF63<>"","TRANSITION UNCERTAIN",IF(OR($B63="",$C63=""),"DATA INCOMPLETE","READY"))))))))'
ENGINE	AI64	'=IF($A64="","",IF($AH64<>"","BLOCKED",IF($AG64<>"","FCS — NO PLAY",IF(CALC!$S64=1,"PENDING LINE",IF(CALC!$Q64=1,"STALE LINE",IF($AE64="QB UNCERTAIN","QB UNCERTAIN",IF($AF64<>"","FCS/TRANSITION UNCERTAIN",IF(OR($B64="",$C64=""),"DATA INCOMPLETE","READY"))))))))'	'=IF($A64="","",IF($AH64<>"","BLOCKED",IF($AG64<>"","FCS — NO PLAY",IF(CALC!$S64=1,"PENDING LINE",IF(CALC!$Q64=1,"STALE LINE",IF($AE64="QB UNCERTAIN","QB UNCERTAIN",IF($AF64<>"","TRANSITION UNCERTAIN",IF(OR($B64="",$C64=""),"DATA INCOMPLETE","READY"))))))))'
ENGINE	AI65	'=IF($A65="","",IF($AH65<>"","BLOCKED",IF($AG65<>"","FCS — NO PLAY",IF(CALC!$S65=1,"PENDING LINE",IF(CALC!$Q65=1,"STALE LINE",IF($AE65="QB UNCERTAIN","QB UNCERTAIN",IF($AF65<>"","FCS/TRANSITION UNCERTAIN",IF(OR($B65="",$C65=""),"DATA INCOMPLETE","READY"))))))))'	'=IF($A65="","",IF($AH65<>"","BLOCKED",IF($AG65<>"","FCS — NO PLAY",IF(CALC!$S65=1,"PENDING LINE",IF(CALC!$Q65=1,"STALE LINE",IF($AE65="QB UNCERTAIN","QB UNCERTAIN",IF($AF65<>"","TRANSITION UNCERTAIN",IF(OR($B65="",$C65=""),"DATA INCOMPLETE","READY"))))))))'
ENGINE	AI66	'=IF($A66="","",IF($AH66<>"","BLOCKED",IF($AG66<>"","FCS — NO PLAY",IF(CALC!$S66=1,"PENDING LINE",IF(CALC!$Q66=1,"STALE LINE",IF($AE66="QB UNCERTAIN","QB UNCERTAIN",IF($AF66<>"","FCS/TRANSITION UNCERTAIN",IF(OR($B66="",$C66=""),"DATA INCOMPLETE","READY"))))))))'	'=IF($A66="","",IF($AH66<>"","BLOCKED",IF($AG66<>"","FCS — NO PLAY",IF(CALC!$S66=1,"PENDING LINE",IF(CALC!$Q66=1,"STALE LINE",IF($AE66="QB UNCERTAIN","QB UNCERTAIN",IF($AF66<>"","TRANSITION UNCERTAIN",IF(OR($B66="",$C66=""),"DATA INCOMPLETE","READY"))))))))'
ENGINE	AI67	'=IF($A67="","",IF($AH67<>"","BLOCKED",IF($AG67<>"","FCS — NO PLAY",IF(CALC!$S67=1,"PENDING LINE",IF(CALC!$Q67=1,"STALE LINE",IF($AE67="QB UNCERTAIN","QB UNCERTAIN",IF($AF67<>"","FCS/TRANSITION UNCERTAIN",IF(OR($B67="",$C67=""),"DATA INCOMPLETE","READY"))))))))'	'=IF($A67="","",IF($AH67<>"","BLOCKED",IF($AG67<>"","FCS — NO PLAY",IF(CALC!$S67=1,"PENDING LINE",IF(CALC!$Q67=1,"STALE LINE",IF($AE67="QB UNCERTAIN","QB UNCERTAIN",IF($AF67<>"","TRANSITION UNCERTAIN",IF(OR($B67="",$C67=""),"DATA INCOMPLETE","READY"))))))))'
ENGINE	AI68	'=IF($A68="","",IF($AH68<>"","BLOCKED",IF($AG68<>"","FCS — NO PLAY",IF(CALC!$S68=1,"PENDING LINE",IF(CALC!$Q68=1,"STALE LINE",IF($AE68="QB UNCERTAIN","QB UNCERTAIN",IF($AF68<>"","FCS/TRANSITION UNCERTAIN",IF(OR($B68="",$C68=""),"DATA INCOMPLETE","READY"))))))))'	'=IF($A68="","",IF($AH68<>"","BLOCKED",IF($AG68<>"","FCS — NO PLAY",IF(CALC!$S68=1,"PENDING LINE",IF(CALC!$Q68=1,"STALE LINE",IF($AE68="QB UNCERTAIN","QB UNCERTAIN",IF($AF68<>"","TRANSITION UNCERTAIN",IF(OR($B68="",$C68=""),"DATA INCOMPLETE","READY"))))))))'
ENGINE	AI69	'=IF($A69="","",IF($AH69<>"","BLOCKED",IF($AG69<>"","FCS — NO PLAY",IF(CALC!$S69=1,"PENDING LINE",IF(CALC!$Q69=1,"STALE LINE",IF($AE69="QB UNCERTAIN","QB UNCERTAIN",IF($AF69<>"","FCS/TRANSITION UNCERTAIN",IF(OR($B69="",$C69=""),"DATA INCOMPLETE","READY"))))))))'	'=IF($A69="","",IF($AH69<>"","BLOCKED",IF($AG69<>"","FCS — NO PLAY",IF(CALC!$S69=1,"PENDING LINE",IF(CALC!$Q69=1,"STALE LINE",IF($AE69="QB UNCERTAIN","QB UNCERTAIN",IF($AF69<>"","TRANSITION UNCERTAIN",IF(OR($B69="",$C69=""),"DATA INCOMPLETE","READY"))))))))'
ENGINE	AI70	'=IF($A70="","",IF($AH70<>"","BLOCKED",IF($AG70<>"","FCS — NO PLAY",IF(CALC!$S70=1,"PENDING LINE",IF(CALC!$Q70=1,"STALE LINE",IF($AE70="QB UNCERTAIN","QB UNCERTAIN",IF($AF70<>"","FCS/TRANSITION UNCERTAIN",IF(OR($B70="",$C70=""),"DATA INCOMPLETE","READY"))))))))'	'=IF($A70="","",IF($AH70<>"","BLOCKED",IF($AG70<>"","FCS — NO PLAY",IF(CALC!$S70=1,"PENDING LINE",IF(CALC!$Q70=1,"STALE LINE",IF($AE70="QB UNCERTAIN","QB UNCERTAIN",IF($AF70<>"","TRANSITION UNCERTAIN",IF(OR($B70="",$C70=""),"DATA INCOMPLETE","READY"))))))))'
ENGINE	AI71	'=IF($A71="","",IF($AH71<>"","BLOCKED",IF($AG71<>"","FCS — NO PLAY",IF(CALC!$S71=1,"PENDING LINE",IF(CALC!$Q71=1,"STALE LINE",IF($AE71="QB UNCERTAIN","QB UNCERTAIN",IF($AF71<>"","FCS/TRANSITION UNCERTAIN",IF(OR($B71="",$C71=""),"DATA INCOMPLETE","READY"))))))))'	'=IF($A71="","",IF($AH71<>"","BLOCKED",IF($AG71<>"","FCS — NO PLAY",IF(CALC!$S71=1,"PENDING LINE",IF(CALC!$Q71=1,"STALE LINE",IF($AE71="QB UNCERTAIN","QB UNCERTAIN",IF($AF71<>"","TRANSITION UNCERTAIN",IF(OR($B71="",$C71=""),"DATA INCOMPLETE","READY"))))))))'
ENGINE	AI72	'=IF($A72="","",IF($AH72<>"","BLOCKED",IF($AG72<>"","FCS — NO PLAY",IF(CALC!$S72=1,"PENDING LINE",IF(CALC!$Q72=1,"STALE LINE",IF($AE72="QB UNCERTAIN","QB UNCERTAIN",IF($AF72<>"","FCS/TRANSITION UNCERTAIN",IF(OR($B72="",$C72=""),"DATA INCOMPLETE","READY"))))))))'	'=IF($A72="","",IF($AH72<>"","BLOCKED",IF($AG72<>"","FCS — NO PLAY",IF(CALC!$S72=1,"PENDING LINE",IF(CALC!$Q72=1,"STALE LINE",IF($AE72="QB UNCERTAIN","QB UNCERTAIN",IF($AF72<>"","TRANSITION UNCERTAIN",IF(OR($B72="",$C72=""),"DATA INCOMPLETE","READY"))))))))'
ENGINE	AI73	'=IF($A73="","",IF($AH73<>"","BLOCKED",IF($AG73<>"","FCS — NO PLAY",IF(CALC!$S73=1,"PENDING LINE",IF(CALC!$Q73=1,"STALE LINE",IF($AE73="QB UNCERTAIN","QB UNCERTAIN",IF($AF73<>"","FCS/TRANSITION UNCERTAIN",IF(OR($B73="",$C73=""),"DATA INCOMPLETE","READY"))))))))'	'=IF($A73="","",IF($AH73<>"","BLOCKED",IF($AG73<>"","FCS — NO PLAY",IF(CALC!$S73=1,"PENDING LINE",IF(CALC!$Q73=1,"STALE LINE",IF($AE73="QB UNCERTAIN","QB UNCERTAIN",IF($AF73<>"","TRANSITION UNCERTAIN",IF(OR($B73="",$C73=""),"DATA INCOMPLETE","READY"))))))))'
ENGINE	AI74	'=IF($A74="","",IF($AH74<>"","BLOCKED",IF($AG74<>"","FCS — NO PLAY",IF(CALC!$S74=1,"PENDING LINE",IF(CALC!$Q74=1,"STALE LINE",IF($AE74="QB UNCERTAIN","QB UNCERTAIN",IF($AF74<>"","FCS/TRANSITION UNCERTAIN",IF(OR($B74="",$C74=""),"DATA INCOMPLETE","READY"))))))))'	'=IF($A74="","",IF($AH74<>"","BLOCKED",IF($AG74<>"","FCS — NO PLAY",IF(CALC!$S74=1,"PENDING LINE",IF(CALC!$Q74=1,"STALE LINE",IF($AE74="QB UNCERTAIN","QB UNCERTAIN",IF($AF74<>"","TRANSITION UNCERTAIN",IF(OR($B74="",$C74=""),"DATA INCOMPLETE","READY"))))))))'
ENGINE	AI75	'=IF($A75="","",IF($AH75<>"","BLOCKED",IF($AG75<>"","FCS — NO PLAY",IF(CALC!$S75=1,"PENDING LINE",IF(CALC!$Q75=1,"STALE LINE",IF($AE75="QB UNCERTAIN","QB UNCERTAIN",IF($AF75<>"","FCS/TRANSITION UNCERTAIN",IF(OR($B75="",$C75=""),"DATA INCOMPLETE","READY"))))))))'	'=IF($A75="","",IF($AH75<>"","BLOCKED",IF($AG75<>"","FCS — NO PLAY",IF(CALC!$S75=1,"PENDING LINE",IF(CALC!$Q75=1,"STALE LINE",IF($AE75="QB UNCERTAIN","QB UNCERTAIN",IF($AF75<>"","TRANSITION UNCERTAIN",IF(OR($B75="",$C75=""),"DATA INCOMPLETE","READY"))))))))'
ENGINE	AI76	'=IF($A76="","",IF($AH76<>"","BLOCKED",IF($AG76<>"","FCS — NO PLAY",IF(CALC!$S76=1,"PENDING LINE",IF(CALC!$Q76=1,"STALE LINE",IF($AE76="QB UNCERTAIN","QB UNCERTAIN",IF($AF76<>"","FCS/TRANSITION UNCERTAIN",IF(OR($B76="",$C76=""),"DATA INCOMPLETE","READY"))))))))'	'=IF($A76="","",IF($AH76<>"","BLOCKED",IF($AG76<>"","FCS — NO PLAY",IF(CALC!$S76=1,"PENDING LINE",IF(CALC!$Q76=1,"STALE LINE",IF($AE76="QB UNCERTAIN","QB UNCERTAIN",IF($AF76<>"","TRANSITION UNCERTAIN",IF(OR($B76="",$C76=""),"DATA INCOMPLETE","READY"))))))))'
ENGINE	AI77	'=IF($A77="","",IF($AH77<>"","BLOCKED",IF($AG77<>"","FCS — NO PLAY",IF(CALC!$S77=1,"PENDING LINE",IF(CALC!$Q77=1,"STALE LINE",IF($AE77="QB UNCERTAIN","QB UNCERTAIN",IF($AF77<>"","FCS/TRANSITION UNCERTAIN",IF(OR($B77="",$C77=""),"DATA INCOMPLETE","READY"))))))))'	'=IF($A77="","",IF($AH77<>"","BLOCKED",IF($AG77<>"","FCS — NO PLAY",IF(CALC!$S77=1,"PENDING LINE",IF(CALC!$Q77=1,"STALE LINE",IF($AE77="QB UNCERTAIN","QB UNCERTAIN",IF($AF77<>"","TRANSITION UNCERTAIN",IF(OR($B77="",$C77=""),"DATA INCOMPLETE","READY"))))))))'
ENGINE	AI78	'=IF($A78="","",IF($AH78<>"","BLOCKED",IF($AG78<>"","FCS — NO PLAY",IF(CALC!$S78=1,"PENDING LINE",IF(CALC!$Q78=1,"STALE LINE",IF($AE78="QB UNCERTAIN","QB UNCERTAIN",IF($AF78<>"","FCS/TRANSITION UNCERTAIN",IF(OR($B78="",$C78=""),"DATA INCOMPLETE","READY"))))))))'	'=IF($A78="","",IF($AH78<>"","BLOCKED",IF($AG78<>"","FCS — NO PLAY",IF(CALC!$S78=1,"PENDING LINE",IF(CALC!$Q78=1,"STALE LINE",IF($AE78="QB UNCERTAIN","QB UNCERTAIN",IF($AF78<>"","TRANSITION UNCERTAIN",IF(OR($B78="",$C78=""),"DATA INCOMPLETE","READY"))))))))'
ENGINE	AI79	'=IF($A79="","",IF($AH79<>"","BLOCKED",IF($AG79<>"","FCS — NO PLAY",IF(CALC!$S79=1,"PENDING LINE",IF(CALC!$Q79=1,"STALE LINE",IF($AE79="QB UNCERTAIN","QB UNCERTAIN",IF($AF79<>"","FCS/TRANSITION UNCERTAIN",IF(OR($B79="",$C79=""),"DATA INCOMPLETE","READY"))))))))'	'=IF($A79="","",IF($AH79<>"","BLOCKED",IF($AG79<>"","FCS — NO PLAY",IF(CALC!$S79=1,"PENDING LINE",IF(CALC!$Q79=1,"STALE LINE",IF($AE79="QB UNCERTAIN","QB UNCERTAIN",IF($AF79<>"","TRANSITION UNCERTAIN",IF(OR($B79="",$C79=""),"DATA INCOMPLETE","READY"))))))))'
ENGINE	AI80	'=IF($A80="","",IF($AH80<>"","BLOCKED",IF($AG80<>"","FCS — NO PLAY",IF(CALC!$S80=1,"PENDING LINE",IF(CALC!$Q80=1,"STALE LINE",IF($AE80="QB UNCERTAIN","QB UNCERTAIN",IF($AF80<>"","FCS/TRANSITION UNCERTAIN",IF(OR($B80="",$C80=""),"DATA INCOMPLETE","READY"))))))))'	'=IF($A80="","",IF($AH80<>"","BLOCKED",IF($AG80<>"","FCS — NO PLAY",IF(CALC!$S80=1,"PENDING LINE",IF(CALC!$Q80=1,"STALE LINE",IF($AE80="QB UNCERTAIN","QB UNCERTAIN",IF($AF80<>"","TRANSITION UNCERTAIN",IF(OR($B80="",$C80=""),"DATA INCOMPLETE","READY"))))))))'
ENGINE	AI81	'=IF($A81="","",IF($AH81<>"","BLOCKED",IF($AG81<>"","FCS — NO PLAY",IF(CALC!$S81=1,"PENDING LINE",IF(CALC!$Q81=1,"STALE LINE",IF($AE81="QB UNCERTAIN","QB UNCERTAIN",IF($AF81<>"","FCS/TRANSITION UNCERTAIN",IF(OR($B81="",$C81=""),"DATA INCOMPLETE","READY"))))))))'	'=IF($A81="","",IF($AH81<>"","BLOCKED",IF($AG81<>"","FCS — NO PLAY",IF(CALC!$S81=1,"PENDING LINE",IF(CALC!$Q81=1,"STALE LINE",IF($AE81="QB UNCERTAIN","QB UNCERTAIN",IF($AF81<>"","TRANSITION UNCERTAIN",IF(OR($B81="",$C81=""),"DATA INCOMPLETE","READY"))))))))'
ENGINE	AI82	'=IF($A82="","",IF($AH82<>"","BLOCKED",IF($AG82<>"","FCS — NO PLAY",IF(CALC!$S82=1,"PENDING LINE",IF(CALC!$Q82=1,"STALE LINE",IF($AE82="QB UNCERTAIN","QB UNCERTAIN",IF($AF82<>"","FCS/TRANSITION UNCERTAIN",IF(OR($B82="",$C82=""),"DATA INCOMPLETE","READY"))))))))'	'=IF($A82="","",IF($AH82<>"","BLOCKED",IF($AG82<>"","FCS — NO PLAY",IF(CALC!$S82=1,"PENDING LINE",IF(CALC!$Q82=1,"STALE LINE",IF($AE82="QB UNCERTAIN","QB UNCERTAIN",IF($AF82<>"","TRANSITION UNCERTAIN",IF(OR($B82="",$C82=""),"DATA INCOMPLETE","READY"))))))))'
ENGINE	AI83	'=IF($A83="","",IF($AH83<>"","BLOCKED",IF($AG83<>"","FCS — NO PLAY",IF(CALC!$S83=1,"PENDING LINE",IF(CALC!$Q83=1,"STALE LINE",IF($AE83="QB UNCERTAIN","QB UNCERTAIN",IF($AF83<>"","FCS/TRANSITION UNCERTAIN",IF(OR($B83="",$C83=""),"DATA INCOMPLETE","READY"))))))))'	'=IF($A83="","",IF($AH83<>"","BLOCKED",IF($AG83<>"","FCS — NO PLAY",IF(CALC!$S83=1,"PENDING LINE",IF(CALC!$Q83=1,"STALE LINE",IF($AE83="QB UNCERTAIN","QB UNCERTAIN",IF($AF83<>"","TRANSITION UNCERTAIN",IF(OR($B83="",$C83=""),"DATA INCOMPLETE","READY"))))))))'
ENGINE	AI84	'=IF($A84="","",IF($AH84<>"","BLOCKED",IF($AG84<>"","FCS — NO PLAY",IF(CALC!$S84=1,"PENDING LINE",IF(CALC!$Q84=1,"STALE LINE",IF($AE84="QB UNCERTAIN","QB UNCERTAIN",IF($AF84<>"","FCS/TRANSITION UNCERTAIN",IF(OR($B84="",$C84=""),"DATA INCOMPLETE","READY"))))))))'	'=IF($A84="","",IF($AH84<>"","BLOCKED",IF($AG84<>"","FCS — NO PLAY",IF(CALC!$S84=1,"PENDING LINE",IF(CALC!$Q84=1,"STALE LINE",IF($AE84="QB UNCERTAIN","QB UNCERTAIN",IF($AF84<>"","TRANSITION UNCERTAIN",IF(OR($B84="",$C84=""),"DATA INCOMPLETE","READY"))))))))'
ENGINE	AI85	'=IF($A85="","",IF($AH85<>"","BLOCKED",IF($AG85<>"","FCS — NO PLAY",IF(CALC!$S85=1,"PENDING LINE",IF(CALC!$Q85=1,"STALE LINE",IF($AE85="QB UNCERTAIN","QB UNCERTAIN",IF($AF85<>"","FCS/TRANSITION UNCERTAIN",IF(OR($B85="",$C85=""),"DATA INCOMPLETE","READY"))))))))'	'=IF($A85="","",IF($AH85<>"","BLOCKED",IF($AG85<>"","FCS — NO PLAY",IF(CALC!$S85=1,"PENDING LINE",IF(CALC!$Q85=1,"STALE LINE",IF($AE85="QB UNCERTAIN","QB UNCERTAIN",IF($AF85<>"","TRANSITION UNCERTAIN",IF(OR($B85="",$C85=""),"DATA INCOMPLETE","READY"))))))))'
ENGINE	AI86	'=IF($A86="","",IF($AH86<>"","BLOCKED",IF($AG86<>"","FCS — NO PLAY",IF(CALC!$S86=1,"PENDING LINE",IF(CALC!$Q86=1,"STALE LINE",IF($AE86="QB UNCERTAIN","QB UNCERTAIN",IF($AF86<>"","FCS/TRANSITION UNCERTAIN",IF(OR($B86="",$C86=""),"DATA INCOMPLETE","READY"))))))))'	'=IF($A86="","",IF($AH86<>"","BLOCKED",IF($AG86<>"","FCS — NO PLAY",IF(CALC!$S86=1,"PENDING LINE",IF(CALC!$Q86=1,"STALE LINE",IF($AE86="QB UNCERTAIN","QB UNCERTAIN",IF($AF86<>"","TRANSITION UNCERTAIN",IF(OR($B86="",$C86=""),"DATA INCOMPLETE","READY"))))))))'
ENGINE	AI87	'=IF($A87="","",IF($AH87<>"","BLOCKED",IF($AG87<>"","FCS — NO PLAY",IF(CALC!$S87=1,"PENDING LINE",IF(CALC!$Q87=1,"STALE LINE",IF($AE87="QB UNCERTAIN","QB UNCERTAIN",IF($AF87<>"","FCS/TRANSITION UNCERTAIN",IF(OR($B87="",$C87=""),"DATA INCOMPLETE","READY"))))))))'	'=IF($A87="","",IF($AH87<>"","BLOCKED",IF($AG87<>"","FCS — NO PLAY",IF(CALC!$S87=1,"PENDING LINE",IF(CALC!$Q87=1,"STALE LINE",IF($AE87="QB UNCERTAIN","QB UNCERTAIN",IF($AF87<>"","TRANSITION UNCERTAIN",IF(OR($B87="",$C87=""),"DATA INCOMPLETE","READY"))))))))'
ENGINE	AI88	'=IF($A88="","",IF($AH88<>"","BLOCKED",IF($AG88<>"","FCS — NO PLAY",IF(CALC!$S88=1,"PENDING LINE",IF(CALC!$Q88=1,"STALE LINE",IF($AE88="QB UNCERTAIN","QB UNCERTAIN",IF($AF88<>"","FCS/TRANSITION UNCERTAIN",IF(OR($B88="",$C88=""),"DATA INCOMPLETE","READY"))))))))'	'=IF($A88="","",IF($AH88<>"","BLOCKED",IF($AG88<>"","FCS — NO PLAY",IF(CALC!$S88=1,"PENDING LINE",IF(CALC!$Q88=1,"STALE LINE",IF($AE88="QB UNCERTAIN","QB UNCERTAIN",IF($AF88<>"","TRANSITION UNCERTAIN",IF(OR($B88="",$C88=""),"DATA INCOMPLETE","READY"))))))))'
ENGINE	AI89	'=IF($A89="","",IF($AH89<>"","BLOCKED",IF($AG89<>"","FCS — NO PLAY",IF(CALC!$S89=1,"PENDING LINE",IF(CALC!$Q89=1,"STALE LINE",IF($AE89="QB UNCERTAIN","QB UNCERTAIN",IF($AF89<>"","FCS/TRANSITION UNCERTAIN",IF(OR($B89="",$C89=""),"DATA INCOMPLETE","READY"))))))))'	'=IF($A89="","",IF($AH89<>"","BLOCKED",IF($AG89<>"","FCS — NO PLAY",IF(CALC!$S89=1,"PENDING LINE",IF(CALC!$Q89=1,"STALE LINE",IF($AE89="QB UNCERTAIN","QB UNCERTAIN",IF($AF89<>"","TRANSITION UNCERTAIN",IF(OR($B89="",$C89=""),"DATA INCOMPLETE","READY"))))))))'
ENGINE	AI90	'=IF($A90="","",IF($AH90<>"","BLOCKED",IF($AG90<>"","FCS — NO PLAY",IF(CALC!$S90=1,"PENDING LINE",IF(CALC!$Q90=1,"STALE LINE",IF($AE90="QB UNCERTAIN","QB UNCERTAIN",IF($AF90<>"","FCS/TRANSITION UNCERTAIN",IF(OR($B90="",$C90=""),"DATA INCOMPLETE","READY"))))))))'	'=IF($A90="","",IF($AH90<>"","BLOCKED",IF($AG90<>"","FCS — NO PLAY",IF(CALC!$S90=1,"PENDING LINE",IF(CALC!$Q90=1,"STALE LINE",IF($AE90="QB UNCERTAIN","QB UNCERTAIN",IF($AF90<>"","TRANSITION UNCERTAIN",IF(OR($B90="",$C90=""),"DATA INCOMPLETE","READY"))))))))'
ENGINE	AI91	'=IF($A91="","",IF($AH91<>"","BLOCKED",IF($AG91<>"","FCS — NO PLAY",IF(CALC!$S91=1,"PENDING LINE",IF(CALC!$Q91=1,"STALE LINE",IF($AE91="QB UNCERTAIN","QB UNCERTAIN",IF($AF91<>"","FCS/TRANSITION UNCERTAIN",IF(OR($B91="",$C91=""),"DATA INCOMPLETE","READY"))))))))'	'=IF($A91="","",IF($AH91<>"","BLOCKED",IF($AG91<>"","FCS — NO PLAY",IF(CALC!$S91=1,"PENDING LINE",IF(CALC!$Q91=1,"STALE LINE",IF($AE91="QB UNCERTAIN","QB UNCERTAIN",IF($AF91<>"","TRANSITION UNCERTAIN",IF(OR($B91="",$C91=""),"DATA INCOMPLETE","READY"))))))))'
ENGINE	AI92	'=IF($A92="","",IF($AH92<>"","BLOCKED",IF($AG92<>"","FCS — NO PLAY",IF(CALC!$S92=1,"PENDING LINE",IF(CALC!$Q92=1,"STALE LINE",IF($AE92="QB UNCERTAIN","QB UNCERTAIN",IF($AF92<>"","FCS/TRANSITION UNCERTAIN",IF(OR($B92="",$C92=""),"DATA INCOMPLETE","READY"))))))))'	'=IF($A92="","",IF($AH92<>"","BLOCKED",IF($AG92<>"","FCS — NO PLAY",IF(CALC!$S92=1,"PENDING LINE",IF(CALC!$Q92=1,"STALE LINE",IF($AE92="QB UNCERTAIN","QB UNCERTAIN",IF($AF92<>"","TRANSITION UNCERTAIN",IF(OR($B92="",$C92=""),"DATA INCOMPLETE","READY"))))))))'
ENGINE	AI93	'=IF($A93="","",IF($AH93<>"","BLOCKED",IF($AG93<>"","FCS — NO PLAY",IF(CALC!$S93=1,"PENDING LINE",IF(CALC!$Q93=1,"STALE LINE",IF($AE93="QB UNCERTAIN","QB UNCERTAIN",IF($AF93<>"","FCS/TRANSITION UNCERTAIN",IF(OR($B93="",$C93=""),"DATA INCOMPLETE","READY"))))))))'	'=IF($A93="","",IF($AH93<>"","BLOCKED",IF($AG93<>"","FCS — NO PLAY",IF(CALC!$S93=1,"PENDING LINE",IF(CALC!$Q93=1,"STALE LINE",IF($AE93="QB UNCERTAIN","QB UNCERTAIN",IF($AF93<>"","TRANSITION UNCERTAIN",IF(OR($B93="",$C93=""),"DATA INCOMPLETE","READY"))))))))'
ENGINE	AI94	'=IF($A94="","",IF($AH94<>"","BLOCKED",IF($AG94<>"","FCS — NO PLAY",IF(CALC!$S94=1,"PENDING LINE",IF(CALC!$Q94=1,"STALE LINE",IF($AE94="QB UNCERTAIN","QB UNCERTAIN",IF($AF94<>"","FCS/TRANSITION UNCERTAIN",IF(OR($B94="",$C94=""),"DATA INCOMPLETE","READY"))))))))'	'=IF($A94="","",IF($AH94<>"","BLOCKED",IF($AG94<>"","FCS — NO PLAY",IF(CALC!$S94=1,"PENDING LINE",IF(CALC!$Q94=1,"STALE LINE",IF($AE94="QB UNCERTAIN","QB UNCERTAIN",IF($AF94<>"","TRANSITION UNCERTAIN",IF(OR($B94="",$C94=""),"DATA INCOMPLETE","READY"))))))))'
ENGINE	AI95	'=IF($A95="","",IF($AH95<>"","BLOCKED",IF($AG95<>"","FCS — NO PLAY",IF(CALC!$S95=1,"PENDING LINE",IF(CALC!$Q95=1,"STALE LINE",IF($AE95="QB UNCERTAIN","QB UNCERTAIN",IF($AF95<>"","FCS/TRANSITION UNCERTAIN",IF(OR($B95="",$C95=""),"DATA INCOMPLETE","READY"))))))))'	'=IF($A95="","",IF($AH95<>"","BLOCKED",IF($AG95<>"","FCS — NO PLAY",IF(CALC!$S95=1,"PENDING LINE",IF(CALC!$Q95=1,"STALE LINE",IF($AE95="QB UNCERTAIN","QB UNCERTAIN",IF($AF95<>"","TRANSITION UNCERTAIN",IF(OR($B95="",$C95=""),"DATA INCOMPLETE","READY"))))))))'
ENGINE	AI96	'=IF($A96="","",IF($AH96<>"","BLOCKED",IF($AG96<>"","FCS — NO PLAY",IF(CALC!$S96=1,"PENDING LINE",IF(CALC!$Q96=1,"STALE LINE",IF($AE96="QB UNCERTAIN","QB UNCERTAIN",IF($AF96<>"","FCS/TRANSITION UNCERTAIN",IF(OR($B96="",$C96=""),"DATA INCOMPLETE","READY"))))))))'	'=IF($A96="","",IF($AH96<>"","BLOCKED",IF($AG96<>"","FCS — NO PLAY",IF(CALC!$S96=1,"PENDING LINE",IF(CALC!$Q96=1,"STALE LINE",IF($AE96="QB UNCERTAIN","QB UNCERTAIN",IF($AF96<>"","TRANSITION UNCERTAIN",IF(OR($B96="",$C96=""),"DATA INCOMPLETE","READY"))))))))'
ENGINE	AI97	'=IF($A97="","",IF($AH97<>"","BLOCKED",IF($AG97<>"","FCS — NO PLAY",IF(CALC!$S97=1,"PENDING LINE",IF(CALC!$Q97=1,"STALE LINE",IF($AE97="QB UNCERTAIN","QB UNCERTAIN",IF($AF97<>"","FCS/TRANSITION UNCERTAIN",IF(OR($B97="",$C97=""),"DATA INCOMPLETE","READY"))))))))'	'=IF($A97="","",IF($AH97<>"","BLOCKED",IF($AG97<>"","FCS — NO PLAY",IF(CALC!$S97=1,"PENDING LINE",IF(CALC!$Q97=1,"STALE LINE",IF($AE97="QB UNCERTAIN","QB UNCERTAIN",IF($AF97<>"","TRANSITION UNCERTAIN",IF(OR($B97="",$C97=""),"DATA INCOMPLETE","READY"))))))))'
ENGINE	AI98	'=IF($A98="","",IF($AH98<>"","BLOCKED",IF($AG98<>"","FCS — NO PLAY",IF(CALC!$S98=1,"PENDING LINE",IF(CALC!$Q98=1,"STALE LINE",IF($AE98="QB UNCERTAIN","QB UNCERTAIN",IF($AF98<>"","FCS/TRANSITION UNCERTAIN",IF(OR($B98="",$C98=""),"DATA INCOMPLETE","READY"))))))))'	'=IF($A98="","",IF($AH98<>"","BLOCKED",IF($AG98<>"","FCS — NO PLAY",IF(CALC!$S98=1,"PENDING LINE",IF(CALC!$Q98=1,"STALE LINE",IF($AE98="QB UNCERTAIN","QB UNCERTAIN",IF($AF98<>"","TRANSITION UNCERTAIN",IF(OR($B98="",$C98=""),"DATA INCOMPLETE","READY"))))))))'
ENGINE	AI99	'=IF($A99="","",IF($AH99<>"","BLOCKED",IF($AG99<>"","FCS — NO PLAY",IF(CALC!$S99=1,"PENDING LINE",IF(CALC!$Q99=1,"STALE LINE",IF($AE99="QB UNCERTAIN","QB UNCERTAIN",IF($AF99<>"","FCS/TRANSITION UNCERTAIN",IF(OR($B99="",$C99=""),"DATA INCOMPLETE","READY"))))))))'	'=IF($A99="","",IF($AH99<>"","BLOCKED",IF($AG99<>"","FCS — NO PLAY",IF(CALC!$S99=1,"PENDING LINE",IF(CALC!$Q99=1,"STALE LINE",IF($AE99="QB UNCERTAIN","QB UNCERTAIN",IF($AF99<>"","TRANSITION UNCERTAIN",IF(OR($B99="",$C99=""),"DATA INCOMPLETE","READY"))))))))'
ENGINE	AI100	'=IF($A100="","",IF($AH100<>"","BLOCKED",IF($AG100<>"","FCS — NO PLAY",IF(CALC!$S100=1,"PENDING LINE",IF(CALC!$Q100=1,"STALE LINE",IF($AE100="QB UNCERTAIN","QB UNCERTAIN",IF($AF100<>"","FCS/TRANSITION UNCERTAIN",IF(OR($B100="",$C100=""),"DATA INCOMPLETE","READY"))))))))'	'=IF($A100="","",IF($AH100<>"","BLOCKED",IF($AG100<>"","FCS — NO PLAY",IF(CALC!$S100=1,"PENDING LINE",IF(CALC!$Q100=1,"STALE LINE",IF($AE100="QB UNCERTAIN","QB UNCERTAIN",IF($AF100<>"","TRANSITION UNCERTAIN",IF(OR($B100="",$C100=""),"DATA INCOMPLETE","READY"))))))))'
ENGINE	AI101	'=IF($A101="","",IF($AH101<>"","BLOCKED",IF($AG101<>"","FCS — NO PLAY",IF(CALC!$S101=1,"PENDING LINE",IF(CALC!$Q101=1,"STALE LINE",IF($AE101="QB UNCERTAIN","QB UNCERTAIN",IF($AF101<>"","FCS/TRANSITION UNCERTAIN",IF(OR($B101="",$C101=""),"DATA INCOMPLETE","READY"))))))))'	'=IF($A101="","",IF($AH101<>"","BLOCKED",IF($AG101<>"","FCS — NO PLAY",IF(CALC!$S101=1,"PENDING LINE",IF(CALC!$Q101=1,"STALE LINE",IF($AE101="QB UNCERTAIN","QB UNCERTAIN",IF($AF101<>"","TRANSITION UNCERTAIN",IF(OR($B101="",$C101=""),"DATA INCOMPLETE","READY"))))))))'
ENGINE	AI102	'=IF($A102="","",IF($AH102<>"","BLOCKED",IF($AG102<>"","FCS — NO PLAY",IF(CALC!$S102=1,"PENDING LINE",IF(CALC!$Q102=1,"STALE LINE",IF($AE102="QB UNCERTAIN","QB UNCERTAIN",IF($AF102<>"","FCS/TRANSITION UNCERTAIN",IF(OR($B102="",$C102=""),"DATA INCOMPLETE","READY"))))))))'	'=IF($A102="","",IF($AH102<>"","BLOCKED",IF($AG102<>"","FCS — NO PLAY",IF(CALC!$S102=1,"PENDING LINE",IF(CALC!$Q102=1,"STALE LINE",IF($AE102="QB UNCERTAIN","QB UNCERTAIN",IF($AF102<>"","TRANSITION UNCERTAIN",IF(OR($B102="",$C102=""),"DATA INCOMPLETE","READY"))))))))'
ENGINE	AI103	'=IF($A103="","",IF($AH103<>"","BLOCKED",IF($AG103<>"","FCS — NO PLAY",IF(CALC!$S103=1,"PENDING LINE",IF(CALC!$Q103=1,"STALE LINE",IF($AE103="QB UNCERTAIN","QB UNCERTAIN",IF($AF103<>"","FCS/TRANSITION UNCERTAIN",IF(OR($B103="",$C103=""),"DATA INCOMPLETE","READY"))))))))'	'=IF($A103="","",IF($AH103<>"","BLOCKED",IF($AG103<>"","FCS — NO PLAY",IF(CALC!$S103=1,"PENDING LINE",IF(CALC!$Q103=1,"STALE LINE",IF($AE103="QB UNCERTAIN","QB UNCERTAIN",IF($AF103<>"","TRANSITION UNCERTAIN",IF(OR($B103="",$C103=""),"DATA INCOMPLETE","READY"))))))))'
ENGINE	AI104	'=IF($A104="","",IF($AH104<>"","BLOCKED",IF($AG104<>"","FCS — NO PLAY",IF(CALC!$S104=1,"PENDING LINE",IF(CALC!$Q104=1,"STALE LINE",IF($AE104="QB UNCERTAIN","QB UNCERTAIN",IF($AF104<>"","FCS/TRANSITION UNCERTAIN",IF(OR($B104="",$C104=""),"DATA INCOMPLETE","READY"))))))))'	'=IF($A104="","",IF($AH104<>"","BLOCKED",IF($AG104<>"","FCS — NO PLAY",IF(CALC!$S104=1,"PENDING LINE",IF(CALC!$Q104=1,"STALE LINE",IF($AE104="QB UNCERTAIN","QB UNCERTAIN",IF($AF104<>"","TRANSITION UNCERTAIN",IF(OR($B104="",$C104=""),"DATA INCOMPLETE","READY"))))))))'
ENGINE	AI105	'=IF($A105="","",IF($AH105<>"","BLOCKED",IF($AG105<>"","FCS — NO PLAY",IF(CALC!$S105=1,"PENDING LINE",IF(CALC!$Q105=1,"STALE LINE",IF($AE105="QB UNCERTAIN","QB UNCERTAIN",IF($AF105<>"","FCS/TRANSITION UNCERTAIN",IF(OR($B105="",$C105=""),"DATA INCOMPLETE","READY"))))))))'	'=IF($A105="","",IF($AH105<>"","BLOCKED",IF($AG105<>"","FCS — NO PLAY",IF(CALC!$S105=1,"PENDING LINE",IF(CALC!$Q105=1,"STALE LINE",IF($AE105="QB UNCERTAIN","QB UNCERTAIN",IF($AF105<>"","TRANSITION UNCERTAIN",IF(OR($B105="",$C105=""),"DATA INCOMPLETE","READY"))))))))'
ENGINE	AI106	'=IF($A106="","",IF($AH106<>"","BLOCKED",IF($AG106<>"","FCS — NO PLAY",IF(CALC!$S106=1,"PENDING LINE",IF(CALC!$Q106=1,"STALE LINE",IF($AE106="QB UNCERTAIN","QB UNCERTAIN",IF($AF106<>"","FCS/TRANSITION UNCERTAIN",IF(OR($B106="",$C106=""),"DATA INCOMPLETE","READY"))))))))'	'=IF($A106="","",IF($AH106<>"","BLOCKED",IF($AG106<>"","FCS — NO PLAY",IF(CALC!$S106=1,"PENDING LINE",IF(CALC!$Q106=1,"STALE LINE",IF($AE106="QB UNCERTAIN","QB UNCERTAIN",IF($AF106<>"","TRANSITION UNCERTAIN",IF(OR($B106="",$C106=""),"DATA INCOMPLETE","READY"))))))))'
ENGINE	AI107	'=IF($A107="","",IF($AH107<>"","BLOCKED",IF($AG107<>"","FCS — NO PLAY",IF(CALC!$S107=1,"PENDING LINE",IF(CALC!$Q107=1,"STALE LINE",IF($AE107="QB UNCERTAIN","QB UNCERTAIN",IF($AF107<>"","FCS/TRANSITION UNCERTAIN",IF(OR($B107="",$C107=""),"DATA INCOMPLETE","READY"))))))))'	'=IF($A107="","",IF($AH107<>"","BLOCKED",IF($AG107<>"","FCS — NO PLAY",IF(CALC!$S107=1,"PENDING LINE",IF(CALC!$Q107=1,"STALE LINE",IF($AE107="QB UNCERTAIN","QB UNCERTAIN",IF($AF107<>"","TRANSITION UNCERTAIN",IF(OR($B107="",$C107=""),"DATA INCOMPLETE","READY"))))))))'
ENGINE	AI108	'=IF($A108="","",IF($AH108<>"","BLOCKED",IF($AG108<>"","FCS — NO PLAY",IF(CALC!$S108=1,"PENDING LINE",IF(CALC!$Q108=1,"STALE LINE",IF($AE108="QB UNCERTAIN","QB UNCERTAIN",IF($AF108<>"","FCS/TRANSITION UNCERTAIN",IF(OR($B108="",$C108=""),"DATA INCOMPLETE","READY"))))))))'	'=IF($A108="","",IF($AH108<>"","BLOCKED",IF($AG108<>"","FCS — NO PLAY",IF(CALC!$S108=1,"PENDING LINE",IF(CALC!$Q108=1,"STALE LINE",IF($AE108="QB UNCERTAIN","QB UNCERTAIN",IF($AF108<>"","TRANSITION UNCERTAIN",IF(OR($B108="",$C108=""),"DATA INCOMPLETE","READY"))))))))'
ENGINE	AI109	'=IF($A109="","",IF($AH109<>"","BLOCKED",IF($AG109<>"","FCS — NO PLAY",IF(CALC!$S109=1,"PENDING LINE",IF(CALC!$Q109=1,"STALE LINE",IF($AE109="QB UNCERTAIN","QB UNCERTAIN",IF($AF109<>"","FCS/TRANSITION UNCERTAIN",IF(OR($B109="",$C109=""),"DATA INCOMPLETE","READY"))))))))'	'=IF($A109="","",IF($AH109<>"","BLOCKED",IF($AG109<>"","FCS — NO PLAY",IF(CALC!$S109=1,"PENDING LINE",IF(CALC!$Q109=1,"STALE LINE",IF($AE109="QB UNCERTAIN","QB UNCERTAIN",IF($AF109<>"","TRANSITION UNCERTAIN",IF(OR($B109="",$C109=""),"DATA INCOMPLETE","READY"))))))))'
ENGINE	AI110	'=IF($A110="","",IF($AH110<>"","BLOCKED",IF($AG110<>"","FCS — NO PLAY",IF(CALC!$S110=1,"PENDING LINE",IF(CALC!$Q110=1,"STALE LINE",IF($AE110="QB UNCERTAIN","QB UNCERTAIN",IF($AF110<>"","FCS/TRANSITION UNCERTAIN",IF(OR($B110="",$C110=""),"DATA INCOMPLETE","READY"))))))))'	'=IF($A110="","",IF($AH110<>"","BLOCKED",IF($AG110<>"","FCS — NO PLAY",IF(CALC!$S110=1,"PENDING LINE",IF(CALC!$Q110=1,"STALE LINE",IF($AE110="QB UNCERTAIN","QB UNCERTAIN",IF($AF110<>"","TRANSITION UNCERTAIN",IF(OR($B110="",$C110=""),"DATA INCOMPLETE","READY"))))))))'
ENGINE	AI111	'=IF($A111="","",IF($AH111<>"","BLOCKED",IF($AG111<>"","FCS — NO PLAY",IF(CALC!$S111=1,"PENDING LINE",IF(CALC!$Q111=1,"STALE LINE",IF($AE111="QB UNCERTAIN","QB UNCERTAIN",IF($AF111<>"","FCS/TRANSITION UNCERTAIN",IF(OR($B111="",$C111=""),"DATA INCOMPLETE","READY"))))))))'	'=IF($A111="","",IF($AH111<>"","BLOCKED",IF($AG111<>"","FCS — NO PLAY",IF(CALC!$S111=1,"PENDING LINE",IF(CALC!$Q111=1,"STALE LINE",IF($AE111="QB UNCERTAIN","QB UNCERTAIN",IF($AF111<>"","TRANSITION UNCERTAIN",IF(OR($B111="",$C111=""),"DATA INCOMPLETE","READY"))))))))'
ENGINE	AI112	'=IF($A112="","",IF($AH112<>"","BLOCKED",IF($AG112<>"","FCS — NO PLAY",IF(CALC!$S112=1,"PENDING LINE",IF(CALC!$Q112=1,"STALE LINE",IF($AE112="QB UNCERTAIN","QB UNCERTAIN",IF($AF112<>"","FCS/TRANSITION UNCERTAIN",IF(OR($B112="",$C112=""),"DATA INCOMPLETE","READY"))))))))'	'=IF($A112="","",IF($AH112<>"","BLOCKED",IF($AG112<>"","FCS — NO PLAY",IF(CALC!$S112=1,"PENDING LINE",IF(CALC!$Q112=1,"STALE LINE",IF($AE112="QB UNCERTAIN","QB UNCERTAIN",IF($AF112<>"","TRANSITION UNCERTAIN",IF(OR($B112="",$C112=""),"DATA INCOMPLETE","READY"))))))))'
ENGINE	AI113	'=IF($A113="","",IF($AH113<>"","BLOCKED",IF($AG113<>"","FCS — NO PLAY",IF(CALC!$S113=1,"PENDING LINE",IF(CALC!$Q113=1,"STALE LINE",IF($AE113="QB UNCERTAIN","QB UNCERTAIN",IF($AF113<>"","FCS/TRANSITION UNCERTAIN",IF(OR($B113="",$C113=""),"DATA INCOMPLETE","READY"))))))))'	'=IF($A113="","",IF($AH113<>"","BLOCKED",IF($AG113<>"","FCS — NO PLAY",IF(CALC!$S113=1,"PENDING LINE",IF(CALC!$Q113=1,"STALE LINE",IF($AE113="QB UNCERTAIN","QB UNCERTAIN",IF($AF113<>"","TRANSITION UNCERTAIN",IF(OR($B113="",$C113=""),"DATA INCOMPLETE","READY"))))))))'
ENGINE	AI114	'=IF($A114="","",IF($AH114<>"","BLOCKED",IF($AG114<>"","FCS — NO PLAY",IF(CALC!$S114=1,"PENDING LINE",IF(CALC!$Q114=1,"STALE LINE",IF($AE114="QB UNCERTAIN","QB UNCERTAIN",IF($AF114<>"","FCS/TRANSITION UNCERTAIN",IF(OR($B114="",$C114=""),"DATA INCOMPLETE","READY"))))))))'	'=IF($A114="","",IF($AH114<>"","BLOCKED",IF($AG114<>"","FCS — NO PLAY",IF(CALC!$S114=1,"PENDING LINE",IF(CALC!$Q114=1,"STALE LINE",IF($AE114="QB UNCERTAIN","QB UNCERTAIN",IF($AF114<>"","TRANSITION UNCERTAIN",IF(OR($B114="",$C114=""),"DATA INCOMPLETE","READY"))))))))'
ENGINE	AI115	'=IF($A115="","",IF($AH115<>"","BLOCKED",IF($AG115<>"","FCS — NO PLAY",IF(CALC!$S115=1,"PENDING LINE",IF(CALC!$Q115=1,"STALE LINE",IF($AE115="QB UNCERTAIN","QB UNCERTAIN",IF($AF115<>"","FCS/TRANSITION UNCERTAIN",IF(OR($B115="",$C115=""),"DATA INCOMPLETE","READY"))))))))'	'=IF($A115="","",IF($AH115<>"","BLOCKED",IF($AG115<>"","FCS — NO PLAY",IF(CALC!$S115=1,"PENDING LINE",IF(CALC!$Q115=1,"STALE LINE",IF($AE115="QB UNCERTAIN","QB UNCERTAIN",IF($AF115<>"","TRANSITION UNCERTAIN",IF(OR($B115="",$C115=""),"DATA INCOMPLETE","READY"))))))))'
ENGINE	AI116	'=IF($A116="","",IF($AH116<>"","BLOCKED",IF($AG116<>"","FCS — NO PLAY",IF(CALC!$S116=1,"PENDING LINE",IF(CALC!$Q116=1,"STALE LINE",IF($AE116="QB UNCERTAIN","QB UNCERTAIN",IF($AF116<>"","FCS/TRANSITION UNCERTAIN",IF(OR($B116="",$C116=""),"DATA INCOMPLETE","READY"))))))))'	'=IF($A116="","",IF($AH116<>"","BLOCKED",IF($AG116<>"","FCS — NO PLAY",IF(CALC!$S116=1,"PENDING LINE",IF(CALC!$Q116=1,"STALE LINE",IF($AE116="QB UNCERTAIN","QB UNCERTAIN",IF($AF116<>"","TRANSITION UNCERTAIN",IF(OR($B116="",$C116=""),"DATA INCOMPLETE","READY"))))))))'
ENGINE	AI117	'=IF($A117="","",IF($AH117<>"","BLOCKED",IF($AG117<>"","FCS — NO PLAY",IF(CALC!$S117=1,"PENDING LINE",IF(CALC!$Q117=1,"STALE LINE",IF($AE117="QB UNCERTAIN","QB UNCERTAIN",IF($AF117<>"","FCS/TRANSITION UNCERTAIN",IF(OR($B117="",$C117=""),"DATA INCOMPLETE","READY"))))))))'	'=IF($A117="","",IF($AH117<>"","BLOCKED",IF($AG117<>"","FCS — NO PLAY",IF(CALC!$S117=1,"PENDING LINE",IF(CALC!$Q117=1,"STALE LINE",IF($AE117="QB UNCERTAIN","QB UNCERTAIN",IF($AF117<>"","TRANSITION UNCERTAIN",IF(OR($B117="",$C117=""),"DATA INCOMPLETE","READY"))))))))'
ENGINE	AI118	'=IF($A118="","",IF($AH118<>"","BLOCKED",IF($AG118<>"","FCS — NO PLAY",IF(CALC!$S118=1,"PENDING LINE",IF(CALC!$Q118=1,"STALE LINE",IF($AE118="QB UNCERTAIN","QB UNCERTAIN",IF($AF118<>"","FCS/TRANSITION UNCERTAIN",IF(OR($B118="",$C118=""),"DATA INCOMPLETE","READY"))))))))'	'=IF($A118="","",IF($AH118<>"","BLOCKED",IF($AG118<>"","FCS — NO PLAY",IF(CALC!$S118=1,"PENDING LINE",IF(CALC!$Q118=1,"STALE LINE",IF($AE118="QB UNCERTAIN","QB UNCERTAIN",IF($AF118<>"","TRANSITION UNCERTAIN",IF(OR($B118="",$C118=""),"DATA INCOMPLETE","READY"))))))))'
ENGINE	AI119	'=IF($A119="","",IF($AH119<>"","BLOCKED",IF($AG119<>"","FCS — NO PLAY",IF(CALC!$S119=1,"PENDING LINE",IF(CALC!$Q119=1,"STALE LINE",IF($AE119="QB UNCERTAIN","QB UNCERTAIN",IF($AF119<>"","FCS/TRANSITION UNCERTAIN",IF(OR($B119="",$C119=""),"DATA INCOMPLETE","READY"))))))))'	'=IF($A119="","",IF($AH119<>"","BLOCKED",IF($AG119<>"","FCS — NO PLAY",IF(CALC!$S119=1,"PENDING LINE",IF(CALC!$Q119=1,"STALE LINE",IF($AE119="QB UNCERTAIN","QB UNCERTAIN",IF($AF119<>"","TRANSITION UNCERTAIN",IF(OR($B119="",$C119=""),"DATA INCOMPLETE","READY"))))))))'
ENGINE	AI120	'=IF($A120="","",IF($AH120<>"","BLOCKED",IF($AG120<>"","FCS — NO PLAY",IF(CALC!$S120=1,"PENDING LINE",IF(CALC!$Q120=1,"STALE LINE",IF($AE120="QB UNCERTAIN","QB UNCERTAIN",IF($AF120<>"","FCS/TRANSITION UNCERTAIN",IF(OR($B120="",$C120=""),"DATA INCOMPLETE","READY"))))))))'	'=IF($A120="","",IF($AH120<>"","BLOCKED",IF($AG120<>"","FCS — NO PLAY",IF(CALC!$S120=1,"PENDING LINE",IF(CALC!$Q120=1,"STALE LINE",IF($AE120="QB UNCERTAIN","QB UNCERTAIN",IF($AF120<>"","TRANSITION UNCERTAIN",IF(OR($B120="",$C120=""),"DATA INCOMPLETE","READY"))))))))'
ENGINE	AI121	'=IF($A121="","",IF($AH121<>"","BLOCKED",IF($AG121<>"","FCS — NO PLAY",IF(CALC!$S121=1,"PENDING LINE",IF(CALC!$Q121=1,"STALE LINE",IF($AE121="QB UNCERTAIN","QB UNCERTAIN",IF($AF121<>"","FCS/TRANSITION UNCERTAIN",IF(OR($B121="",$C121=""),"DATA INCOMPLETE","READY"))))))))'	'=IF($A121="","",IF($AH121<>"","BLOCKED",IF($AG121<>"","FCS — NO PLAY",IF(CALC!$S121=1,"PENDING LINE",IF(CALC!$Q121=1,"STALE LINE",IF($AE121="QB UNCERTAIN","QB UNCERTAIN",IF($AF121<>"","TRANSITION UNCERTAIN",IF(OR($B121="",$C121=""),"DATA INCOMPLETE","READY"))))))))'
ENGINE	AI122	'=IF($A122="","",IF($AH122<>"","BLOCKED",IF($AG122<>"","FCS — NO PLAY",IF(CALC!$S122=1,"PENDING LINE",IF(CALC!$Q122=1,"STALE LINE",IF($AE122="QB UNCERTAIN","QB UNCERTAIN",IF($AF122<>"","FCS/TRANSITION UNCERTAIN",IF(OR($B122="",$C122=""),"DATA INCOMPLETE","READY"))))))))'	'=IF($A122="","",IF($AH122<>"","BLOCKED",IF($AG122<>"","FCS — NO PLAY",IF(CALC!$S122=1,"PENDING LINE",IF(CALC!$Q122=1,"STALE LINE",IF($AE122="QB UNCERTAIN","QB UNCERTAIN",IF($AF122<>"","TRANSITION UNCERTAIN",IF(OR($B122="",$C122=""),"DATA INCOMPLETE","READY"))))))))'
ENGINE	AI123	'=IF($A123="","",IF($AH123<>"","BLOCKED",IF($AG123<>"","FCS — NO PLAY",IF(CALC!$S123=1,"PENDING LINE",IF(CALC!$Q123=1,"STALE LINE",IF($AE123="QB UNCERTAIN","QB UNCERTAIN",IF($AF123<>"","FCS/TRANSITION UNCERTAIN",IF(OR($B123="",$C123=""),"DATA INCOMPLETE","READY"))))))))'	'=IF($A123="","",IF($AH123<>"","BLOCKED",IF($AG123<>"","FCS — NO PLAY",IF(CALC!$S123=1,"PENDING LINE",IF(CALC!$Q123=1,"STALE LINE",IF($AE123="QB UNCERTAIN","QB UNCERTAIN",IF($AF123<>"","TRANSITION UNCERTAIN",IF(OR($B123="",$C123=""),"DATA INCOMPLETE","READY"))))))))'
ENGINE	AI124	'=IF($A124="","",IF($AH124<>"","BLOCKED",IF($AG124<>"","FCS — NO PLAY",IF(CALC!$S124=1,"PENDING LINE",IF(CALC!$Q124=1,"STALE LINE",IF($AE124="QB UNCERTAIN","QB UNCERTAIN",IF($AF124<>"","FCS/TRANSITION UNCERTAIN",IF(OR($B124="",$C124=""),"DATA INCOMPLETE","READY"))))))))'	'=IF($A124="","",IF($AH124<>"","BLOCKED",IF($AG124<>"","FCS — NO PLAY",IF(CALC!$S124=1,"PENDING LINE",IF(CALC!$Q124=1,"STALE LINE",IF($AE124="QB UNCERTAIN","QB UNCERTAIN",IF($AF124<>"","TRANSITION UNCERTAIN",IF(OR($B124="",$C124=""),"DATA INCOMPLETE","READY"))))))))'
ENGINE	AI125	'=IF($A125="","",IF($AH125<>"","BLOCKED",IF($AG125<>"","FCS — NO PLAY",IF(CALC!$S125=1,"PENDING LINE",IF(CALC!$Q125=1,"STALE LINE",IF($AE125="QB UNCERTAIN","QB UNCERTAIN",IF($AF125<>"","FCS/TRANSITION UNCERTAIN",IF(OR($B125="",$C125=""),"DATA INCOMPLETE","READY"))))))))'	'=IF($A125="","",IF($AH125<>"","BLOCKED",IF($AG125<>"","FCS — NO PLAY",IF(CALC!$S125=1,"PENDING LINE",IF(CALC!$Q125=1,"STALE LINE",IF($AE125="QB UNCERTAIN","QB UNCERTAIN",IF($AF125<>"","TRANSITION UNCERTAIN",IF(OR($B125="",$C125=""),"DATA INCOMPLETE","READY"))))))))'
ENGINE	AI126	'=IF($A126="","",IF($AH126<>"","BLOCKED",IF($AG126<>"","FCS — NO PLAY",IF(CALC!$S126=1,"PENDING LINE",IF(CALC!$Q126=1,"STALE LINE",IF($AE126="QB UNCERTAIN","QB UNCERTAIN",IF($AF126<>"","FCS/TRANSITION UNCERTAIN",IF(OR($B126="",$C126=""),"DATA INCOMPLETE","READY"))))))))'	'=IF($A126="","",IF($AH126<>"","BLOCKED",IF($AG126<>"","FCS — NO PLAY",IF(CALC!$S126=1,"PENDING LINE",IF(CALC!$Q126=1,"STALE LINE",IF($AE126="QB UNCERTAIN","QB UNCERTAIN",IF($AF126<>"","TRANSITION UNCERTAIN",IF(OR($B126="",$C126=""),"DATA INCOMPLETE","READY"))))))))'
ENGINE	AI127	'=IF($A127="","",IF($AH127<>"","BLOCKED",IF($AG127<>"","FCS — NO PLAY",IF(CALC!$S127=1,"PENDING LINE",IF(CALC!$Q127=1,"STALE LINE",IF($AE127="QB UNCERTAIN","QB UNCERTAIN",IF($AF127<>"","FCS/TRANSITION UNCERTAIN",IF(OR($B127="",$C127=""),"DATA INCOMPLETE","READY"))))))))'	'=IF($A127="","",IF($AH127<>"","BLOCKED",IF($AG127<>"","FCS — NO PLAY",IF(CALC!$S127=1,"PENDING LINE",IF(CALC!$Q127=1,"STALE LINE",IF($AE127="QB UNCERTAIN","QB UNCERTAIN",IF($AF127<>"","TRANSITION UNCERTAIN",IF(OR($B127="",$C127=""),"DATA INCOMPLETE","READY"))))))))'
ENGINE	AI128	'=IF($A128="","",IF($AH128<>"","BLOCKED",IF($AG128<>"","FCS — NO PLAY",IF(CALC!$S128=1,"PENDING LINE",IF(CALC!$Q128=1,"STALE LINE",IF($AE128="QB UNCERTAIN","QB UNCERTAIN",IF($AF128<>"","FCS/TRANSITION UNCERTAIN",IF(OR($B128="",$C128=""),"DATA INCOMPLETE","READY"))))))))'	'=IF($A128="","",IF($AH128<>"","BLOCKED",IF($AG128<>"","FCS — NO PLAY",IF(CALC!$S128=1,"PENDING LINE",IF(CALC!$Q128=1,"STALE LINE",IF($AE128="QB UNCERTAIN","QB UNCERTAIN",IF($AF128<>"","TRANSITION UNCERTAIN",IF(OR($B128="",$C128=""),"DATA INCOMPLETE","READY"))))))))'
ENGINE	AI129	'=IF($A129="","",IF($AH129<>"","BLOCKED",IF($AG129<>"","FCS — NO PLAY",IF(CALC!$S129=1,"PENDING LINE",IF(CALC!$Q129=1,"STALE LINE",IF($AE129="QB UNCERTAIN","QB UNCERTAIN",IF($AF129<>"","FCS/TRANSITION UNCERTAIN",IF(OR($B129="",$C129=""),"DATA INCOMPLETE","READY"))))))))'	'=IF($A129="","",IF($AH129<>"","BLOCKED",IF($AG129<>"","FCS — NO PLAY",IF(CALC!$S129=1,"PENDING LINE",IF(CALC!$Q129=1,"STALE LINE",IF($AE129="QB UNCERTAIN","QB UNCERTAIN",IF($AF129<>"","TRANSITION UNCERTAIN",IF(OR($B129="",$C129=""),"DATA INCOMPLETE","READY"))))))))'
ENGINE	AI130	'=IF($A130="","",IF($AH130<>"","BLOCKED",IF($AG130<>"","FCS — NO PLAY",IF(CALC!$S130=1,"PENDING LINE",IF(CALC!$Q130=1,"STALE LINE",IF($AE130="QB UNCERTAIN","QB UNCERTAIN",IF($AF130<>"","FCS/TRANSITION UNCERTAIN",IF(OR($B130="",$C130=""),"DATA INCOMPLETE","READY"))))))))'	'=IF($A130="","",IF($AH130<>"","BLOCKED",IF($AG130<>"","FCS — NO PLAY",IF(CALC!$S130=1,"PENDING LINE",IF(CALC!$Q130=1,"STALE LINE",IF($AE130="QB UNCERTAIN","QB UNCERTAIN",IF($AF130<>"","TRANSITION UNCERTAIN",IF(OR($B130="",$C130=""),"DATA INCOMPLETE","READY"))))))))'
ENGINE	AI131	'=IF($A131="","",IF($AH131<>"","BLOCKED",IF($AG131<>"","FCS — NO PLAY",IF(CALC!$S131=1,"PENDING LINE",IF(CALC!$Q131=1,"STALE LINE",IF($AE131="QB UNCERTAIN","QB UNCERTAIN",IF($AF131<>"","FCS/TRANSITION UNCERTAIN",IF(OR($B131="",$C131=""),"DATA INCOMPLETE","READY"))))))))'	'=IF($A131="","",IF($AH131<>"","BLOCKED",IF($AG131<>"","FCS — NO PLAY",IF(CALC!$S131=1,"PENDING LINE",IF(CALC!$Q131=1,"STALE LINE",IF($AE131="QB UNCERTAIN","QB UNCERTAIN",IF($AF131<>"","TRANSITION UNCERTAIN",IF(OR($B131="",$C131=""),"DATA INCOMPLETE","READY"))))))))'
ENGINE	AI132	'=IF($A132="","",IF($AH132<>"","BLOCKED",IF($AG132<>"","FCS — NO PLAY",IF(CALC!$S132=1,"PENDING LINE",IF(CALC!$Q132=1,"STALE LINE",IF($AE132="QB UNCERTAIN","QB UNCERTAIN",IF($AF132<>"","FCS/TRANSITION UNCERTAIN",IF(OR($B132="",$C132=""),"DATA INCOMPLETE","READY"))))))))'	'=IF($A132="","",IF($AH132<>"","BLOCKED",IF($AG132<>"","FCS — NO PLAY",IF(CALC!$S132=1,"PENDING LINE",IF(CALC!$Q132=1,"STALE LINE",IF($AE132="QB UNCERTAIN","QB UNCERTAIN",IF($AF132<>"","TRANSITION UNCERTAIN",IF(OR($B132="",$C132=""),"DATA INCOMPLETE","READY"))))))))'
ENGINE	AI133	'=IF($A133="","",IF($AH133<>"","BLOCKED",IF($AG133<>"","FCS — NO PLAY",IF(CALC!$S133=1,"PENDING LINE",IF(CALC!$Q133=1,"STALE LINE",IF($AE133="QB UNCERTAIN","QB UNCERTAIN",IF($AF133<>"","FCS/TRANSITION UNCERTAIN",IF(OR($B133="",$C133=""),"DATA INCOMPLETE","READY"))))))))'	'=IF($A133="","",IF($AH133<>"","BLOCKED",IF($AG133<>"","FCS — NO PLAY",IF(CALC!$S133=1,"PENDING LINE",IF(CALC!$Q133=1,"STALE LINE",IF($AE133="QB UNCERTAIN","QB UNCERTAIN",IF($AF133<>"","TRANSITION UNCERTAIN",IF(OR($B133="",$C133=""),"DATA INCOMPLETE","READY"))))))))'
ENGINE	AI134	'=IF($A134="","",IF($AH134<>"","BLOCKED",IF($AG134<>"","FCS — NO PLAY",IF(CALC!$S134=1,"PENDING LINE",IF(CALC!$Q134=1,"STALE LINE",IF($AE134="QB UNCERTAIN","QB UNCERTAIN",IF($AF134<>"","FCS/TRANSITION UNCERTAIN",IF(OR($B134="",$C134=""),"DATA INCOMPLETE","READY"))))))))'	'=IF($A134="","",IF($AH134<>"","BLOCKED",IF($AG134<>"","FCS — NO PLAY",IF(CALC!$S134=1,"PENDING LINE",IF(CALC!$Q134=1,"STALE LINE",IF($AE134="QB UNCERTAIN","QB UNCERTAIN",IF($AF134<>"","TRANSITION UNCERTAIN",IF(OR($B134="",$C134=""),"DATA INCOMPLETE","READY"))))))))'
ENGINE	AI135	'=IF($A135="","",IF($AH135<>"","BLOCKED",IF($AG135<>"","FCS — NO PLAY",IF(CALC!$S135=1,"PENDING LINE",IF(CALC!$Q135=1,"STALE LINE",IF($AE135="QB UNCERTAIN","QB UNCERTAIN",IF($AF135<>"","FCS/TRANSITION UNCERTAIN",IF(OR($B135="",$C135=""),"DATA INCOMPLETE","READY"))))))))'	'=IF($A135="","",IF($AH135<>"","BLOCKED",IF($AG135<>"","FCS — NO PLAY",IF(CALC!$S135=1,"PENDING LINE",IF(CALC!$Q135=1,"STALE LINE",IF($AE135="QB UNCERTAIN","QB UNCERTAIN",IF($AF135<>"","TRANSITION UNCERTAIN",IF(OR($B135="",$C135=""),"DATA INCOMPLETE","READY"))))))))'
ENGINE	AI136	'=IF($A136="","",IF($AH136<>"","BLOCKED",IF($AG136<>"","FCS — NO PLAY",IF(CALC!$S136=1,"PENDING LINE",IF(CALC!$Q136=1,"STALE LINE",IF($AE136="QB UNCERTAIN","QB UNCERTAIN",IF($AF136<>"","FCS/TRANSITION UNCERTAIN",IF(OR($B136="",$C136=""),"DATA INCOMPLETE","READY"))))))))'	'=IF($A136="","",IF($AH136<>"","BLOCKED",IF($AG136<>"","FCS — NO PLAY",IF(CALC!$S136=1,"PENDING LINE",IF(CALC!$Q136=1,"STALE LINE",IF($AE136="QB UNCERTAIN","QB UNCERTAIN",IF($AF136<>"","TRANSITION UNCERTAIN",IF(OR($B136="",$C136=""),"DATA INCOMPLETE","READY"))))))))'
ENGINE	AI137	'=IF($A137="","",IF($AH137<>"","BLOCKED",IF($AG137<>"","FCS — NO PLAY",IF(CALC!$S137=1,"PENDING LINE",IF(CALC!$Q137=1,"STALE LINE",IF($AE137="QB UNCERTAIN","QB UNCERTAIN",IF($AF137<>"","FCS/TRANSITION UNCERTAIN",IF(OR($B137="",$C137=""),"DATA INCOMPLETE","READY"))))))))'	'=IF($A137="","",IF($AH137<>"","BLOCKED",IF($AG137<>"","FCS — NO PLAY",IF(CALC!$S137=1,"PENDING LINE",IF(CALC!$Q137=1,"STALE LINE",IF($AE137="QB UNCERTAIN","QB UNCERTAIN",IF($AF137<>"","TRANSITION UNCERTAIN",IF(OR($B137="",$C137=""),"DATA INCOMPLETE","READY"))))))))'
ENGINE	AI138	'=IF($A138="","",IF($AH138<>"","BLOCKED",IF($AG138<>"","FCS — NO PLAY",IF(CALC!$S138=1,"PENDING LINE",IF(CALC!$Q138=1,"STALE LINE",IF($AE138="QB UNCERTAIN","QB UNCERTAIN",IF($AF138<>"","FCS/TRANSITION UNCERTAIN",IF(OR($B138="",$C138=""),"DATA INCOMPLETE","READY"))))))))'	'=IF($A138="","",IF($AH138<>"","BLOCKED",IF($AG138<>"","FCS — NO PLAY",IF(CALC!$S138=1,"PENDING LINE",IF(CALC!$Q138=1,"STALE LINE",IF($AE138="QB UNCERTAIN","QB UNCERTAIN",IF($AF138<>"","TRANSITION UNCERTAIN",IF(OR($B138="",$C138=""),"DATA INCOMPLETE","READY"))))))))'
ENGINE	AI139	'=IF($A139="","",IF($AH139<>"","BLOCKED",IF($AG139<>"","FCS — NO PLAY",IF(CALC!$S139=1,"PENDING LINE",IF(CALC!$Q139=1,"STALE LINE",IF($AE139="QB UNCERTAIN","QB UNCERTAIN",IF($AF139<>"","FCS/TRANSITION UNCERTAIN",IF(OR($B139="",$C139=""),"DATA INCOMPLETE","READY"))))))))'	'=IF($A139="","",IF($AH139<>"","BLOCKED",IF($AG139<>"","FCS — NO PLAY",IF(CALC!$S139=1,"PENDING LINE",IF(CALC!$Q139=1,"STALE LINE",IF($AE139="QB UNCERTAIN","QB UNCERTAIN",IF($AF139<>"","TRANSITION UNCERTAIN",IF(OR($B139="",$C139=""),"DATA INCOMPLETE","READY"))))))))'
ENGINE	AI140	'=IF($A140="","",IF($AH140<>"","BLOCKED",IF($AG140<>"","FCS — NO PLAY",IF(CALC!$S140=1,"PENDING LINE",IF(CALC!$Q140=1,"STALE LINE",IF($AE140="QB UNCERTAIN","QB UNCERTAIN",IF($AF140<>"","FCS/TRANSITION UNCERTAIN",IF(OR($B140="",$C140=""),"DATA INCOMPLETE","READY"))))))))'	'=IF($A140="","",IF($AH140<>"","BLOCKED",IF($AG140<>"","FCS — NO PLAY",IF(CALC!$S140=1,"PENDING LINE",IF(CALC!$Q140=1,"STALE LINE",IF($AE140="QB UNCERTAIN","QB UNCERTAIN",IF($AF140<>"","TRANSITION UNCERTAIN",IF(OR($B140="",$C140=""),"DATA INCOMPLETE","READY"))))))))'
ENGINE	AI141	'=IF($A141="","",IF($AH141<>"","BLOCKED",IF($AG141<>"","FCS — NO PLAY",IF(CALC!$S141=1,"PENDING LINE",IF(CALC!$Q141=1,"STALE LINE",IF($AE141="QB UNCERTAIN","QB UNCERTAIN",IF($AF141<>"","FCS/TRANSITION UNCERTAIN",IF(OR($B141="",$C141=""),"DATA INCOMPLETE","READY"))))))))'	'=IF($A141="","",IF($AH141<>"","BLOCKED",IF($AG141<>"","FCS — NO PLAY",IF(CALC!$S141=1,"PENDING LINE",IF(CALC!$Q141=1,"STALE LINE",IF($AE141="QB UNCERTAIN","QB UNCERTAIN",IF($AF141<>"","TRANSITION UNCERTAIN",IF(OR($B141="",$C141=""),"DATA INCOMPLETE","READY"))))))))'
ENGINE	AI142	'=IF($A142="","",IF($AH142<>"","BLOCKED",IF($AG142<>"","FCS — NO PLAY",IF(CALC!$S142=1,"PENDING LINE",IF(CALC!$Q142=1,"STALE LINE",IF($AE142="QB UNCERTAIN","QB UNCERTAIN",IF($AF142<>"","FCS/TRANSITION UNCERTAIN",IF(OR($B142="",$C142=""),"DATA INCOMPLETE","READY"))))))))'	'=IF($A142="","",IF($AH142<>"","BLOCKED",IF($AG142<>"","FCS — NO PLAY",IF(CALC!$S142=1,"PENDING LINE",IF(CALC!$Q142=1,"STALE LINE",IF($AE142="QB UNCERTAIN","QB UNCERTAIN",IF($AF142<>"","TRANSITION UNCERTAIN",IF(OR($B142="",$C142=""),"DATA INCOMPLETE","READY"))))))))'
ENGINE	AI143	'=IF($A143="","",IF($AH143<>"","BLOCKED",IF($AG143<>"","FCS — NO PLAY",IF(CALC!$S143=1,"PENDING LINE",IF(CALC!$Q143=1,"STALE LINE",IF($AE143="QB UNCERTAIN","QB UNCERTAIN",IF($AF143<>"","FCS/TRANSITION UNCERTAIN",IF(OR($B143="",$C143=""),"DATA INCOMPLETE","READY"))))))))'	'=IF($A143="","",IF($AH143<>"","BLOCKED",IF($AG143<>"","FCS — NO PLAY",IF(CALC!$S143=1,"PENDING LINE",IF(CALC!$Q143=1,"STALE LINE",IF($AE143="QB UNCERTAIN","QB UNCERTAIN",IF($AF143<>"","TRANSITION UNCERTAIN",IF(OR($B143="",$C143=""),"DATA INCOMPLETE","READY"))))))))'
ENGINE	AI144	'=IF($A144="","",IF($AH144<>"","BLOCKED",IF($AG144<>"","FCS — NO PLAY",IF(CALC!$S144=1,"PENDING LINE",IF(CALC!$Q144=1,"STALE LINE",IF($AE144="QB UNCERTAIN","QB UNCERTAIN",IF($AF144<>"","FCS/TRANSITION UNCERTAIN",IF(OR($B144="",$C144=""),"DATA INCOMPLETE","READY"))))))))'	'=IF($A144="","",IF($AH144<>"","BLOCKED",IF($AG144<>"","FCS — NO PLAY",IF(CALC!$S144=1,"PENDING LINE",IF(CALC!$Q144=1,"STALE LINE",IF($AE144="QB UNCERTAIN","QB UNCERTAIN",IF($AF144<>"","TRANSITION UNCERTAIN",IF(OR($B144="",$C144=""),"DATA INCOMPLETE","READY"))))))))'
ENGINE	AI145	'=IF($A145="","",IF($AH145<>"","BLOCKED",IF($AG145<>"","FCS — NO PLAY",IF(CALC!$S145=1,"PENDING LINE",IF(CALC!$Q145=1,"STALE LINE",IF($AE145="QB UNCERTAIN","QB UNCERTAIN",IF($AF145<>"","FCS/TRANSITION UNCERTAIN",IF(OR($B145="",$C145=""),"DATA INCOMPLETE","READY"))))))))'	'=IF($A145="","",IF($AH145<>"","BLOCKED",IF($AG145<>"","FCS — NO PLAY",IF(CALC!$S145=1,"PENDING LINE",IF(CALC!$Q145=1,"STALE LINE",IF($AE145="QB UNCERTAIN","QB UNCERTAIN",IF($AF145<>"","TRANSITION UNCERTAIN",IF(OR($B145="",$C145=""),"DATA INCOMPLETE","READY"))))))))'
ENGINE	AI146	'=IF($A146="","",IF($AH146<>"","BLOCKED",IF($AG146<>"","FCS — NO PLAY",IF(CALC!$S146=1,"PENDING LINE",IF(CALC!$Q146=1,"STALE LINE",IF($AE146="QB UNCERTAIN","QB UNCERTAIN",IF($AF146<>"","FCS/TRANSITION UNCERTAIN",IF(OR($B146="",$C146=""),"DATA INCOMPLETE","READY"))))))))'	'=IF($A146="","",IF($AH146<>"","BLOCKED",IF($AG146<>"","FCS — NO PLAY",IF(CALC!$S146=1,"PENDING LINE",IF(CALC!$Q146=1,"STALE LINE",IF($AE146="QB UNCERTAIN","QB UNCERTAIN",IF($AF146<>"","TRANSITION UNCERTAIN",IF(OR($B146="",$C146=""),"DATA INCOMPLETE","READY"))))))))'
ENGINE	AI147	'=IF($A147="","",IF($AH147<>"","BLOCKED",IF($AG147<>"","FCS — NO PLAY",IF(CALC!$S147=1,"PENDING LINE",IF(CALC!$Q147=1,"STALE LINE",IF($AE147="QB UNCERTAIN","QB UNCERTAIN",IF($AF147<>"","FCS/TRANSITION UNCERTAIN",IF(OR($B147="",$C147=""),"DATA INCOMPLETE","READY"))))))))'	'=IF($A147="","",IF($AH147<>"","BLOCKED",IF($AG147<>"","FCS — NO PLAY",IF(CALC!$S147=1,"PENDING LINE",IF(CALC!$Q147=1,"STALE LINE",IF($AE147="QB UNCERTAIN","QB UNCERTAIN",IF($AF147<>"","TRANSITION UNCERTAIN",IF(OR($B147="",$C147=""),"DATA INCOMPLETE","READY"))))))))'
ENGINE	AI148	'=IF($A148="","",IF($AH148<>"","BLOCKED",IF($AG148<>"","FCS — NO PLAY",IF(CALC!$S148=1,"PENDING LINE",IF(CALC!$Q148=1,"STALE LINE",IF($AE148="QB UNCERTAIN","QB UNCERTAIN",IF($AF148<>"","FCS/TRANSITION UNCERTAIN",IF(OR($B148="",$C148=""),"DATA INCOMPLETE","READY"))))))))'	'=IF($A148="","",IF($AH148<>"","BLOCKED",IF($AG148<>"","FCS — NO PLAY",IF(CALC!$S148=1,"PENDING LINE",IF(CALC!$Q148=1,"STALE LINE",IF($AE148="QB UNCERTAIN","QB UNCERTAIN",IF($AF148<>"","TRANSITION UNCERTAIN",IF(OR($B148="",$C148=""),"DATA INCOMPLETE","READY"))))))))'
ENGINE	AI149	'=IF($A149="","",IF($AH149<>"","BLOCKED",IF($AG149<>"","FCS — NO PLAY",IF(CALC!$S149=1,"PENDING LINE",IF(CALC!$Q149=1,"STALE LINE",IF($AE149="QB UNCERTAIN","QB UNCERTAIN",IF($AF149<>"","FCS/TRANSITION UNCERTAIN",IF(OR($B149="",$C149=""),"DATA INCOMPLETE","READY"))))))))'	'=IF($A149="","",IF($AH149<>"","BLOCKED",IF($AG149<>"","FCS — NO PLAY",IF(CALC!$S149=1,"PENDING LINE",IF(CALC!$Q149=1,"STALE LINE",IF($AE149="QB UNCERTAIN","QB UNCERTAIN",IF($AF149<>"","TRANSITION UNCERTAIN",IF(OR($B149="",$C149=""),"DATA INCOMPLETE","READY"))))))))'
ENGINE	AI150	'=IF($A150="","",IF($AH150<>"","BLOCKED",IF($AG150<>"","FCS — NO PLAY",IF(CALC!$S150=1,"PENDING LINE",IF(CALC!$Q150=1,"STALE LINE",IF($AE150="QB UNCERTAIN","QB UNCERTAIN",IF($AF150<>"","FCS/TRANSITION UNCERTAIN",IF(OR($B150="",$C150=""),"DATA INCOMPLETE","READY"))))))))'	'=IF($A150="","",IF($AH150<>"","BLOCKED",IF($AG150<>"","FCS — NO PLAY",IF(CALC!$S150=1,"PENDING LINE",IF(CALC!$Q150=1,"STALE LINE",IF($AE150="QB UNCERTAIN","QB UNCERTAIN",IF($AF150<>"","TRANSITION UNCERTAIN",IF(OR($B150="",$C150=""),"DATA INCOMPLETE","READY"))))))))'
ENGINE	AI151	'=IF($A151="","",IF($AH151<>"","BLOCKED",IF($AG151<>"","FCS — NO PLAY",IF(CALC!$S151=1,"PENDING LINE",IF(CALC!$Q151=1,"STALE LINE",IF($AE151="QB UNCERTAIN","QB UNCERTAIN",IF($AF151<>"","FCS/TRANSITION UNCERTAIN",IF(OR($B151="",$C151=""),"DATA INCOMPLETE","READY"))))))))'	'=IF($A151="","",IF($AH151<>"","BLOCKED",IF($AG151<>"","FCS — NO PLAY",IF(CALC!$S151=1,"PENDING LINE",IF(CALC!$Q151=1,"STALE LINE",IF($AE151="QB UNCERTAIN","QB UNCERTAIN",IF($AF151<>"","TRANSITION UNCERTAIN",IF(OR($B151="",$C151=""),"DATA INCOMPLETE","READY"))))))))'
ENGINE	AI152	'=IF($A152="","",IF($AH152<>"","BLOCKED",IF($AG152<>"","FCS — NO PLAY",IF(CALC!$S152=1,"PENDING LINE",IF(CALC!$Q152=1,"STALE LINE",IF($AE152="QB UNCERTAIN","QB UNCERTAIN",IF($AF152<>"","FCS/TRANSITION UNCERTAIN",IF(OR($B152="",$C152=""),"DATA INCOMPLETE","READY"))))))))'	'=IF($A152="","",IF($AH152<>"","BLOCKED",IF($AG152<>"","FCS — NO PLAY",IF(CALC!$S152=1,"PENDING LINE",IF(CALC!$Q152=1,"STALE LINE",IF($AE152="QB UNCERTAIN","QB UNCERTAIN",IF($AF152<>"","TRANSITION UNCERTAIN",IF(OR($B152="",$C152=""),"DATA INCOMPLETE","READY"))))))))'
ENGINE	AI153	'=IF($A153="","",IF($AH153<>"","BLOCKED",IF($AG153<>"","FCS — NO PLAY",IF(CALC!$S153=1,"PENDING LINE",IF(CALC!$Q153=1,"STALE LINE",IF($AE153="QB UNCERTAIN","QB UNCERTAIN",IF($AF153<>"","FCS/TRANSITION UNCERTAIN",IF(OR($B153="",$C153=""),"DATA INCOMPLETE","READY"))))))))'	'=IF($A153="","",IF($AH153<>"","BLOCKED",IF($AG153<>"","FCS — NO PLAY",IF(CALC!$S153=1,"PENDING LINE",IF(CALC!$Q153=1,"STALE LINE",IF($AE153="QB UNCERTAIN","QB UNCERTAIN",IF($AF153<>"","TRANSITION UNCERTAIN",IF(OR($B153="",$C153=""),"DATA INCOMPLETE","READY"))))))))'
ENGINE	AI154	'=IF($A154="","",IF($AH154<>"","BLOCKED",IF($AG154<>"","FCS — NO PLAY",IF(CALC!$S154=1,"PENDING LINE",IF(CALC!$Q154=1,"STALE LINE",IF($AE154="QB UNCERTAIN","QB UNCERTAIN",IF($AF154<>"","FCS/TRANSITION UNCERTAIN",IF(OR($B154="",$C154=""),"DATA INCOMPLETE","READY"))))))))'	'=IF($A154="","",IF($AH154<>"","BLOCKED",IF($AG154<>"","FCS — NO PLAY",IF(CALC!$S154=1,"PENDING LINE",IF(CALC!$Q154=1,"STALE LINE",IF($AE154="QB UNCERTAIN","QB UNCERTAIN",IF($AF154<>"","TRANSITION UNCERTAIN",IF(OR($B154="",$C154=""),"DATA INCOMPLETE","READY"))))))))'
ENGINE	AI155	'=IF($A155="","",IF($AH155<>"","BLOCKED",IF($AG155<>"","FCS — NO PLAY",IF(CALC!$S155=1,"PENDING LINE",IF(CALC!$Q155=1,"STALE LINE",IF($AE155="QB UNCERTAIN","QB UNCERTAIN",IF($AF155<>"","FCS/TRANSITION UNCERTAIN",IF(OR($B155="",$C155=""),"DATA INCOMPLETE","READY"))))))))'	'=IF($A155="","",IF($AH155<>"","BLOCKED",IF($AG155<>"","FCS — NO PLAY",IF(CALC!$S155=1,"PENDING LINE",IF(CALC!$Q155=1,"STALE LINE",IF($AE155="QB UNCERTAIN","QB UNCERTAIN",IF($AF155<>"","TRANSITION UNCERTAIN",IF(OR($B155="",$C155=""),"DATA INCOMPLETE","READY"))))))))'
ENGINE	AI156	'=IF($A156="","",IF($AH156<>"","BLOCKED",IF($AG156<>"","FCS — NO PLAY",IF(CALC!$S156=1,"PENDING LINE",IF(CALC!$Q156=1,"STALE LINE",IF($AE156="QB UNCERTAIN","QB UNCERTAIN",IF($AF156<>"","FCS/TRANSITION UNCERTAIN",IF(OR($B156="",$C156=""),"DATA INCOMPLETE","READY"))))))))'	'=IF($A156="","",IF($AH156<>"","BLOCKED",IF($AG156<>"","FCS — NO PLAY",IF(CALC!$S156=1,"PENDING LINE",IF(CALC!$Q156=1,"STALE LINE",IF($AE156="QB UNCERTAIN","QB UNCERTAIN",IF($AF156<>"","TRANSITION UNCERTAIN",IF(OR($B156="",$C156=""),"DATA INCOMPLETE","READY"))))))))'
ENGINE	AI157	'=IF($A157="","",IF($AH157<>"","BLOCKED",IF($AG157<>"","FCS — NO PLAY",IF(CALC!$S157=1,"PENDING LINE",IF(CALC!$Q157=1,"STALE LINE",IF($AE157="QB UNCERTAIN","QB UNCERTAIN",IF($AF157<>"","FCS/TRANSITION UNCERTAIN",IF(OR($B157="",$C157=""),"DATA INCOMPLETE","READY"))))))))'	'=IF($A157="","",IF($AH157<>"","BLOCKED",IF($AG157<>"","FCS — NO PLAY",IF(CALC!$S157=1,"PENDING LINE",IF(CALC!$Q157=1,"STALE LINE",IF($AE157="QB UNCERTAIN","QB UNCERTAIN",IF($AF157<>"","TRANSITION UNCERTAIN",IF(OR($B157="",$C157=""),"DATA INCOMPLETE","READY"))))))))'
ENGINE	AI158	'=IF($A158="","",IF($AH158<>"","BLOCKED",IF($AG158<>"","FCS — NO PLAY",IF(CALC!$S158=1,"PENDING LINE",IF(CALC!$Q158=1,"STALE LINE",IF($AE158="QB UNCERTAIN","QB UNCERTAIN",IF($AF158<>"","FCS/TRANSITION UNCERTAIN",IF(OR($B158="",$C158=""),"DATA INCOMPLETE","READY"))))))))'	'=IF($A158="","",IF($AH158<>"","BLOCKED",IF($AG158<>"","FCS — NO PLAY",IF(CALC!$S158=1,"PENDING LINE",IF(CALC!$Q158=1,"STALE LINE",IF($AE158="QB UNCERTAIN","QB UNCERTAIN",IF($AF158<>"","TRANSITION UNCERTAIN",IF(OR($B158="",$C158=""),"DATA INCOMPLETE","READY"))))))))'
ENGINE	AI159	'=IF($A159="","",IF($AH159<>"","BLOCKED",IF($AG159<>"","FCS — NO PLAY",IF(CALC!$S159=1,"PENDING LINE",IF(CALC!$Q159=1,"STALE LINE",IF($AE159="QB UNCERTAIN","QB UNCERTAIN",IF($AF159<>"","FCS/TRANSITION UNCERTAIN",IF(OR($B159="",$C159=""),"DATA INCOMPLETE","READY"))))))))'	'=IF($A159="","",IF($AH159<>"","BLOCKED",IF($AG159<>"","FCS — NO PLAY",IF(CALC!$S159=1,"PENDING LINE",IF(CALC!$Q159=1,"STALE LINE",IF($AE159="QB UNCERTAIN","QB UNCERTAIN",IF($AF159<>"","TRANSITION UNCERTAIN",IF(OR($B159="",$C159=""),"DATA INCOMPLETE","READY"))))))))'
ENGINE	AI160	'=IF($A160="","",IF($AH160<>"","BLOCKED",IF($AG160<>"","FCS — NO PLAY",IF(CALC!$S160=1,"PENDING LINE",IF(CALC!$Q160=1,"STALE LINE",IF($AE160="QB UNCERTAIN","QB UNCERTAIN",IF($AF160<>"","FCS/TRANSITION UNCERTAIN",IF(OR($B160="",$C160=""),"DATA INCOMPLETE","READY"))))))))'	'=IF($A160="","",IF($AH160<>"","BLOCKED",IF($AG160<>"","FCS — NO PLAY",IF(CALC!$S160=1,"PENDING LINE",IF(CALC!$Q160=1,"STALE LINE",IF($AE160="QB UNCERTAIN","QB UNCERTAIN",IF($AF160<>"","TRANSITION UNCERTAIN",IF(OR($B160="",$C160=""),"DATA INCOMPLETE","READY"))))))))'
ENGINE	AI161	'=IF($A161="","",IF($AH161<>"","BLOCKED",IF($AG161<>"","FCS — NO PLAY",IF(CALC!$S161=1,"PENDING LINE",IF(CALC!$Q161=1,"STALE LINE",IF($AE161="QB UNCERTAIN","QB UNCERTAIN",IF($AF161<>"","FCS/TRANSITION UNCERTAIN",IF(OR($B161="",$C161=""),"DATA INCOMPLETE","READY"))))))))'	'=IF($A161="","",IF($AH161<>"","BLOCKED",IF($AG161<>"","FCS — NO PLAY",IF(CALC!$S161=1,"PENDING LINE",IF(CALC!$Q161=1,"STALE LINE",IF($AE161="QB UNCERTAIN","QB UNCERTAIN",IF($AF161<>"","TRANSITION UNCERTAIN",IF(OR($B161="",$C161=""),"DATA INCOMPLETE","READY"))))))))'
ENGINE	AI162	'=IF($A162="","",IF($AH162<>"","BLOCKED",IF($AG162<>"","FCS — NO PLAY",IF(CALC!$S162=1,"PENDING LINE",IF(CALC!$Q162=1,"STALE LINE",IF($AE162="QB UNCERTAIN","QB UNCERTAIN",IF($AF162<>"","FCS/TRANSITION UNCERTAIN",IF(OR($B162="",$C162=""),"DATA INCOMPLETE","READY"))))))))'	'=IF($A162="","",IF($AH162<>"","BLOCKED",IF($AG162<>"","FCS — NO PLAY",IF(CALC!$S162=1,"PENDING LINE",IF(CALC!$Q162=1,"STALE LINE",IF($AE162="QB UNCERTAIN","QB UNCERTAIN",IF($AF162<>"","TRANSITION UNCERTAIN",IF(OR($B162="",$C162=""),"DATA INCOMPLETE","READY"))))))))'
ENGINE	AI163	'=IF($A163="","",IF($AH163<>"","BLOCKED",IF($AG163<>"","FCS — NO PLAY",IF(CALC!$S163=1,"PENDING LINE",IF(CALC!$Q163=1,"STALE LINE",IF($AE163="QB UNCERTAIN","QB UNCERTAIN",IF($AF163<>"","FCS/TRANSITION UNCERTAIN",IF(OR($B163="",$C163=""),"DATA INCOMPLETE","READY"))))))))'	'=IF($A163="","",IF($AH163<>"","BLOCKED",IF($AG163<>"","FCS — NO PLAY",IF(CALC!$S163=1,"PENDING LINE",IF(CALC!$Q163=1,"STALE LINE",IF($AE163="QB UNCERTAIN","QB UNCERTAIN",IF($AF163<>"","TRANSITION UNCERTAIN",IF(OR($B163="",$C163=""),"DATA INCOMPLETE","READY"))))))))'
ENGINE	AI164	'=IF($A164="","",IF($AH164<>"","BLOCKED",IF($AG164<>"","FCS — NO PLAY",IF(CALC!$S164=1,"PENDING LINE",IF(CALC!$Q164=1,"STALE LINE",IF($AE164="QB UNCERTAIN","QB UNCERTAIN",IF($AF164<>"","FCS/TRANSITION UNCERTAIN",IF(OR($B164="",$C164=""),"DATA INCOMPLETE","READY"))))))))'	'=IF($A164="","",IF($AH164<>"","BLOCKED",IF($AG164<>"","FCS — NO PLAY",IF(CALC!$S164=1,"PENDING LINE",IF(CALC!$Q164=1,"STALE LINE",IF($AE164="QB UNCERTAIN","QB UNCERTAIN",IF($AF164<>"","TRANSITION UNCERTAIN",IF(OR($B164="",$C164=""),"DATA INCOMPLETE","READY"))))))))'
ENGINE	AI165	'=IF($A165="","",IF($AH165<>"","BLOCKED",IF($AG165<>"","FCS — NO PLAY",IF(CALC!$S165=1,"PENDING LINE",IF(CALC!$Q165=1,"STALE LINE",IF($AE165="QB UNCERTAIN","QB UNCERTAIN",IF($AF165<>"","FCS/TRANSITION UNCERTAIN",IF(OR($B165="",$C165=""),"DATA INCOMPLETE","READY"))))))))'	'=IF($A165="","",IF($AH165<>"","BLOCKED",IF($AG165<>"","FCS — NO PLAY",IF(CALC!$S165=1,"PENDING LINE",IF(CALC!$Q165=1,"STALE LINE",IF($AE165="QB UNCERTAIN","QB UNCERTAIN",IF($AF165<>"","TRANSITION UNCERTAIN",IF(OR($B165="",$C165=""),"DATA INCOMPLETE","READY"))))))))'
ENGINE	AI166	'=IF($A166="","",IF($AH166<>"","BLOCKED",IF($AG166<>"","FCS — NO PLAY",IF(CALC!$S166=1,"PENDING LINE",IF(CALC!$Q166=1,"STALE LINE",IF($AE166="QB UNCERTAIN","QB UNCERTAIN",IF($AF166<>"","FCS/TRANSITION UNCERTAIN",IF(OR($B166="",$C166=""),"DATA INCOMPLETE","READY"))))))))'	'=IF($A166="","",IF($AH166<>"","BLOCKED",IF($AG166<>"","FCS — NO PLAY",IF(CALC!$S166=1,"PENDING LINE",IF(CALC!$Q166=1,"STALE LINE",IF($AE166="QB UNCERTAIN","QB UNCERTAIN",IF($AF166<>"","TRANSITION UNCERTAIN",IF(OR($B166="",$C166=""),"DATA INCOMPLETE","READY"))))))))'
ENGINE	AI167	'=IF($A167="","",IF($AH167<>"","BLOCKED",IF($AG167<>"","FCS — NO PLAY",IF(CALC!$S167=1,"PENDING LINE",IF(CALC!$Q167=1,"STALE LINE",IF($AE167="QB UNCERTAIN","QB UNCERTAIN",IF($AF167<>"","FCS/TRANSITION UNCERTAIN",IF(OR($B167="",$C167=""),"DATA INCOMPLETE","READY"))))))))'	'=IF($A167="","",IF($AH167<>"","BLOCKED",IF($AG167<>"","FCS — NO PLAY",IF(CALC!$S167=1,"PENDING LINE",IF(CALC!$Q167=1,"STALE LINE",IF($AE167="QB UNCERTAIN","QB UNCERTAIN",IF($AF167<>"","TRANSITION UNCERTAIN",IF(OR($B167="",$C167=""),"DATA INCOMPLETE","READY"))))))))'
ENGINE	AI168	'=IF($A168="","",IF($AH168<>"","BLOCKED",IF($AG168<>"","FCS — NO PLAY",IF(CALC!$S168=1,"PENDING LINE",IF(CALC!$Q168=1,"STALE LINE",IF($AE168="QB UNCERTAIN","QB UNCERTAIN",IF($AF168<>"","FCS/TRANSITION UNCERTAIN",IF(OR($B168="",$C168=""),"DATA INCOMPLETE","READY"))))))))'	'=IF($A168="","",IF($AH168<>"","BLOCKED",IF($AG168<>"","FCS — NO PLAY",IF(CALC!$S168=1,"PENDING LINE",IF(CALC!$Q168=1,"STALE LINE",IF($AE168="QB UNCERTAIN","QB UNCERTAIN",IF($AF168<>"","TRANSITION UNCERTAIN",IF(OR($B168="",$C168=""),"DATA INCOMPLETE","READY"))))))))'
ENGINE	AI169	'=IF($A169="","",IF($AH169<>"","BLOCKED",IF($AG169<>"","FCS — NO PLAY",IF(CALC!$S169=1,"PENDING LINE",IF(CALC!$Q169=1,"STALE LINE",IF($AE169="QB UNCERTAIN","QB UNCERTAIN",IF($AF169<>"","FCS/TRANSITION UNCERTAIN",IF(OR($B169="",$C169=""),"DATA INCOMPLETE","READY"))))))))'	'=IF($A169="","",IF($AH169<>"","BLOCKED",IF($AG169<>"","FCS — NO PLAY",IF(CALC!$S169=1,"PENDING LINE",IF(CALC!$Q169=1,"STALE LINE",IF($AE169="QB UNCERTAIN","QB UNCERTAIN",IF($AF169<>"","TRANSITION UNCERTAIN",IF(OR($B169="",$C169=""),"DATA INCOMPLETE","READY"))))))))'
ENGINE	AI170	'=IF($A170="","",IF($AH170<>"","BLOCKED",IF($AG170<>"","FCS — NO PLAY",IF(CALC!$S170=1,"PENDING LINE",IF(CALC!$Q170=1,"STALE LINE",IF($AE170="QB UNCERTAIN","QB UNCERTAIN",IF($AF170<>"","FCS/TRANSITION UNCERTAIN",IF(OR($B170="",$C170=""),"DATA INCOMPLETE","READY"))))))))'	'=IF($A170="","",IF($AH170<>"","BLOCKED",IF($AG170<>"","FCS — NO PLAY",IF(CALC!$S170=1,"PENDING LINE",IF(CALC!$Q170=1,"STALE LINE",IF($AE170="QB UNCERTAIN","QB UNCERTAIN",IF($AF170<>"","TRANSITION UNCERTAIN",IF(OR($B170="",$C170=""),"DATA INCOMPLETE","READY"))))))))'
ENGINE	AI171	'=IF($A171="","",IF($AH171<>"","BLOCKED",IF($AG171<>"","FCS — NO PLAY",IF(CALC!$S171=1,"PENDING LINE",IF(CALC!$Q171=1,"STALE LINE",IF($AE171="QB UNCERTAIN","QB UNCERTAIN",IF($AF171<>"","FCS/TRANSITION UNCERTAIN",IF(OR($B171="",$C171=""),"DATA INCOMPLETE","READY"))))))))'	'=IF($A171="","",IF($AH171<>"","BLOCKED",IF($AG171<>"","FCS — NO PLAY",IF(CALC!$S171=1,"PENDING LINE",IF(CALC!$Q171=1,"STALE LINE",IF($AE171="QB UNCERTAIN","QB UNCERTAIN",IF($AF171<>"","TRANSITION UNCERTAIN",IF(OR($B171="",$C171=""),"DATA INCOMPLETE","READY"))))))))'
ENGINE	AI172	'=IF($A172="","",IF($AH172<>"","BLOCKED",IF($AG172<>"","FCS — NO PLAY",IF(CALC!$S172=1,"PENDING LINE",IF(CALC!$Q172=1,"STALE LINE",IF($AE172="QB UNCERTAIN","QB UNCERTAIN",IF($AF172<>"","FCS/TRANSITION UNCERTAIN",IF(OR($B172="",$C172=""),"DATA INCOMPLETE","READY"))))))))'	'=IF($A172="","",IF($AH172<>"","BLOCKED",IF($AG172<>"","FCS — NO PLAY",IF(CALC!$S172=1,"PENDING LINE",IF(CALC!$Q172=1,"STALE LINE",IF($AE172="QB UNCERTAIN","QB UNCERTAIN",IF($AF172<>"","TRANSITION UNCERTAIN",IF(OR($B172="",$C172=""),"DATA INCOMPLETE","READY"))))))))'
ENGINE	AI173	'=IF($A173="","",IF($AH173<>"","BLOCKED",IF($AG173<>"","FCS — NO PLAY",IF(CALC!$S173=1,"PENDING LINE",IF(CALC!$Q173=1,"STALE LINE",IF($AE173="QB UNCERTAIN","QB UNCERTAIN",IF($AF173<>"","FCS/TRANSITION UNCERTAIN",IF(OR($B173="",$C173=""),"DATA INCOMPLETE","READY"))))))))'	'=IF($A173="","",IF($AH173<>"","BLOCKED",IF($AG173<>"","FCS — NO PLAY",IF(CALC!$S173=1,"PENDING LINE",IF(CALC!$Q173=1,"STALE LINE",IF($AE173="QB UNCERTAIN","QB UNCERTAIN",IF($AF173<>"","TRANSITION UNCERTAIN",IF(OR($B173="",$C173=""),"DATA INCOMPLETE","READY"))))))))'
ENGINE	AI174	'=IF($A174="","",IF($AH174<>"","BLOCKED",IF($AG174<>"","FCS — NO PLAY",IF(CALC!$S174=1,"PENDING LINE",IF(CALC!$Q174=1,"STALE LINE",IF($AE174="QB UNCERTAIN","QB UNCERTAIN",IF($AF174<>"","FCS/TRANSITION UNCERTAIN",IF(OR($B174="",$C174=""),"DATA INCOMPLETE","READY"))))))))'	'=IF($A174="","",IF($AH174<>"","BLOCKED",IF($AG174<>"","FCS — NO PLAY",IF(CALC!$S174=1,"PENDING LINE",IF(CALC!$Q174=1,"STALE LINE",IF($AE174="QB UNCERTAIN","QB UNCERTAIN",IF($AF174<>"","TRANSITION UNCERTAIN",IF(OR($B174="",$C174=""),"DATA INCOMPLETE","READY"))))))))'
ENGINE	AI175	'=IF($A175="","",IF($AH175<>"","BLOCKED",IF($AG175<>"","FCS — NO PLAY",IF(CALC!$S175=1,"PENDING LINE",IF(CALC!$Q175=1,"STALE LINE",IF($AE175="QB UNCERTAIN","QB UNCERTAIN",IF($AF175<>"","FCS/TRANSITION UNCERTAIN",IF(OR($B175="",$C175=""),"DATA INCOMPLETE","READY"))))))))'	'=IF($A175="","",IF($AH175<>"","BLOCKED",IF($AG175<>"","FCS — NO PLAY",IF(CALC!$S175=1,"PENDING LINE",IF(CALC!$Q175=1,"STALE LINE",IF($AE175="QB UNCERTAIN","QB UNCERTAIN",IF($AF175<>"","TRANSITION UNCERTAIN",IF(OR($B175="",$C175=""),"DATA INCOMPLETE","READY"))))))))'
ENGINE	AI176	'=IF($A176="","",IF($AH176<>"","BLOCKED",IF($AG176<>"","FCS — NO PLAY",IF(CALC!$S176=1,"PENDING LINE",IF(CALC!$Q176=1,"STALE LINE",IF($AE176="QB UNCERTAIN","QB UNCERTAIN",IF($AF176<>"","FCS/TRANSITION UNCERTAIN",IF(OR($B176="",$C176=""),"DATA INCOMPLETE","READY"))))))))'	'=IF($A176="","",IF($AH176<>"","BLOCKED",IF($AG176<>"","FCS — NO PLAY",IF(CALC!$S176=1,"PENDING LINE",IF(CALC!$Q176=1,"STALE LINE",IF($AE176="QB UNCERTAIN","QB UNCERTAIN",IF($AF176<>"","TRANSITION UNCERTAIN",IF(OR($B176="",$C176=""),"DATA INCOMPLETE","READY"))))))))'
ENGINE	AI177	'=IF($A177="","",IF($AH177<>"","BLOCKED",IF($AG177<>"","FCS — NO PLAY",IF(CALC!$S177=1,"PENDING LINE",IF(CALC!$Q177=1,"STALE LINE",IF($AE177="QB UNCERTAIN","QB UNCERTAIN",IF($AF177<>"","FCS/TRANSITION UNCERTAIN",IF(OR($B177="",$C177=""),"DATA INCOMPLETE","READY"))))))))'	'=IF($A177="","",IF($AH177<>"","BLOCKED",IF($AG177<>"","FCS — NO PLAY",IF(CALC!$S177=1,"PENDING LINE",IF(CALC!$Q177=1,"STALE LINE",IF($AE177="QB UNCERTAIN","QB UNCERTAIN",IF($AF177<>"","TRANSITION UNCERTAIN",IF(OR($B177="",$C177=""),"DATA INCOMPLETE","READY"))))))))'
ENGINE	AI178	'=IF($A178="","",IF($AH178<>"","BLOCKED",IF($AG178<>"","FCS — NO PLAY",IF(CALC!$S178=1,"PENDING LINE",IF(CALC!$Q178=1,"STALE LINE",IF($AE178="QB UNCERTAIN","QB UNCERTAIN",IF($AF178<>"","FCS/TRANSITION UNCERTAIN",IF(OR($B178="",$C178=""),"DATA INCOMPLETE","READY"))))))))'	'=IF($A178="","",IF($AH178<>"","BLOCKED",IF($AG178<>"","FCS — NO PLAY",IF(CALC!$S178=1,"PENDING LINE",IF(CALC!$Q178=1,"STALE LINE",IF($AE178="QB UNCERTAIN","QB UNCERTAIN",IF($AF178<>"","TRANSITION UNCERTAIN",IF(OR($B178="",$C178=""),"DATA INCOMPLETE","READY"))))))))'
ENGINE	AI179	'=IF($A179="","",IF($AH179<>"","BLOCKED",IF($AG179<>"","FCS — NO PLAY",IF(CALC!$S179=1,"PENDING LINE",IF(CALC!$Q179=1,"STALE LINE",IF($AE179="QB UNCERTAIN","QB UNCERTAIN",IF($AF179<>"","FCS/TRANSITION UNCERTAIN",IF(OR($B179="",$C179=""),"DATA INCOMPLETE","READY"))))))))'	'=IF($A179="","",IF($AH179<>"","BLOCKED",IF($AG179<>"","FCS — NO PLAY",IF(CALC!$S179=1,"PENDING LINE",IF(CALC!$Q179=1,"STALE LINE",IF($AE179="QB UNCERTAIN","QB UNCERTAIN",IF($AF179<>"","TRANSITION UNCERTAIN",IF(OR($B179="",$C179=""),"DATA INCOMPLETE","READY"))))))))'
ENGINE	AI180	'=IF($A180="","",IF($AH180<>"","BLOCKED",IF($AG180<>"","FCS — NO PLAY",IF(CALC!$S180=1,"PENDING LINE",IF(CALC!$Q180=1,"STALE LINE",IF($AE180="QB UNCERTAIN","QB UNCERTAIN",IF($AF180<>"","FCS/TRANSITION UNCERTAIN",IF(OR($B180="",$C180=""),"DATA INCOMPLETE","READY"))))))))'	'=IF($A180="","",IF($AH180<>"","BLOCKED",IF($AG180<>"","FCS — NO PLAY",IF(CALC!$S180=1,"PENDING LINE",IF(CALC!$Q180=1,"STALE LINE",IF($AE180="QB UNCERTAIN","QB UNCERTAIN",IF($AF180<>"","TRANSITION UNCERTAIN",IF(OR($B180="",$C180=""),"DATA INCOMPLETE","READY"))))))))'
ENGINE	AI181	'=IF($A181="","",IF($AH181<>"","BLOCKED",IF($AG181<>"","FCS — NO PLAY",IF(CALC!$S181=1,"PENDING LINE",IF(CALC!$Q181=1,"STALE LINE",IF($AE181="QB UNCERTAIN","QB UNCERTAIN",IF($AF181<>"","FCS/TRANSITION UNCERTAIN",IF(OR($B181="",$C181=""),"DATA INCOMPLETE","READY"))))))))'	'=IF($A181="","",IF($AH181<>"","BLOCKED",IF($AG181<>"","FCS — NO PLAY",IF(CALC!$S181=1,"PENDING LINE",IF(CALC!$Q181=1,"STALE LINE",IF($AE181="QB UNCERTAIN","QB UNCERTAIN",IF($AF181<>"","TRANSITION UNCERTAIN",IF(OR($B181="",$C181=""),"DATA INCOMPLETE","READY"))))))))'
ENGINE	AI182	'=IF($A182="","",IF($AH182<>"","BLOCKED",IF($AG182<>"","FCS — NO PLAY",IF(CALC!$S182=1,"PENDING LINE",IF(CALC!$Q182=1,"STALE LINE",IF($AE182="QB UNCERTAIN","QB UNCERTAIN",IF($AF182<>"","FCS/TRANSITION UNCERTAIN",IF(OR($B182="",$C182=""),"DATA INCOMPLETE","READY"))))))))'	'=IF($A182="","",IF($AH182<>"","BLOCKED",IF($AG182<>"","FCS — NO PLAY",IF(CALC!$S182=1,"PENDING LINE",IF(CALC!$Q182=1,"STALE LINE",IF($AE182="QB UNCERTAIN","QB UNCERTAIN",IF($AF182<>"","TRANSITION UNCERTAIN",IF(OR($B182="",$C182=""),"DATA INCOMPLETE","READY"))))))))'
ENGINE	AI183	'=IF($A183="","",IF($AH183<>"","BLOCKED",IF($AG183<>"","FCS — NO PLAY",IF(CALC!$S183=1,"PENDING LINE",IF(CALC!$Q183=1,"STALE LINE",IF($AE183="QB UNCERTAIN","QB UNCERTAIN",IF($AF183<>"","FCS/TRANSITION UNCERTAIN",IF(OR($B183="",$C183=""),"DATA INCOMPLETE","READY"))))))))'	'=IF($A183="","",IF($AH183<>"","BLOCKED",IF($AG183<>"","FCS — NO PLAY",IF(CALC!$S183=1,"PENDING LINE",IF(CALC!$Q183=1,"STALE LINE",IF($AE183="QB UNCERTAIN","QB UNCERTAIN",IF($AF183<>"","TRANSITION UNCERTAIN",IF(OR($B183="",$C183=""),"DATA INCOMPLETE","READY"))))))))'
ENGINE	AI184	'=IF($A184="","",IF($AH184<>"","BLOCKED",IF($AG184<>"","FCS — NO PLAY",IF(CALC!$S184=1,"PENDING LINE",IF(CALC!$Q184=1,"STALE LINE",IF($AE184="QB UNCERTAIN","QB UNCERTAIN",IF($AF184<>"","FCS/TRANSITION UNCERTAIN",IF(OR($B184="",$C184=""),"DATA INCOMPLETE","READY"))))))))'	'=IF($A184="","",IF($AH184<>"","BLOCKED",IF($AG184<>"","FCS — NO PLAY",IF(CALC!$S184=1,"PENDING LINE",IF(CALC!$Q184=1,"STALE LINE",IF($AE184="QB UNCERTAIN","QB UNCERTAIN",IF($AF184<>"","TRANSITION UNCERTAIN",IF(OR($B184="",$C184=""),"DATA INCOMPLETE","READY"))))))))'
ENGINE	AI185	'=IF($A185="","",IF($AH185<>"","BLOCKED",IF($AG185<>"","FCS — NO PLAY",IF(CALC!$S185=1,"PENDING LINE",IF(CALC!$Q185=1,"STALE LINE",IF($AE185="QB UNCERTAIN","QB UNCERTAIN",IF($AF185<>"","FCS/TRANSITION UNCERTAIN",IF(OR($B185="",$C185=""),"DATA INCOMPLETE","READY"))))))))'	'=IF($A185="","",IF($AH185<>"","BLOCKED",IF($AG185<>"","FCS — NO PLAY",IF(CALC!$S185=1,"PENDING LINE",IF(CALC!$Q185=1,"STALE LINE",IF($AE185="QB UNCERTAIN","QB UNCERTAIN",IF($AF185<>"","TRANSITION UNCERTAIN",IF(OR($B185="",$C185=""),"DATA INCOMPLETE","READY"))))))))'
ENGINE	AI186	'=IF($A186="","",IF($AH186<>"","BLOCKED",IF($AG186<>"","FCS — NO PLAY",IF(CALC!$S186=1,"PENDING LINE",IF(CALC!$Q186=1,"STALE LINE",IF($AE186="QB UNCERTAIN","QB UNCERTAIN",IF($AF186<>"","FCS/TRANSITION UNCERTAIN",IF(OR($B186="",$C186=""),"DATA INCOMPLETE","READY"))))))))'	'=IF($A186="","",IF($AH186<>"","BLOCKED",IF($AG186<>"","FCS — NO PLAY",IF(CALC!$S186=1,"PENDING LINE",IF(CALC!$Q186=1,"STALE LINE",IF($AE186="QB UNCERTAIN","QB UNCERTAIN",IF($AF186<>"","TRANSITION UNCERTAIN",IF(OR($B186="",$C186=""),"DATA INCOMPLETE","READY"))))))))'
ENGINE	AI187	'=IF($A187="","",IF($AH187<>"","BLOCKED",IF($AG187<>"","FCS — NO PLAY",IF(CALC!$S187=1,"PENDING LINE",IF(CALC!$Q187=1,"STALE LINE",IF($AE187="QB UNCERTAIN","QB UNCERTAIN",IF($AF187<>"","FCS/TRANSITION UNCERTAIN",IF(OR($B187="",$C187=""),"DATA INCOMPLETE","READY"))))))))'	'=IF($A187="","",IF($AH187<>"","BLOCKED",IF($AG187<>"","FCS — NO PLAY",IF(CALC!$S187=1,"PENDING LINE",IF(CALC!$Q187=1,"STALE LINE",IF($AE187="QB UNCERTAIN","QB UNCERTAIN",IF($AF187<>"","TRANSITION UNCERTAIN",IF(OR($B187="",$C187=""),"DATA INCOMPLETE","READY"))))))))'
ENGINE	AI188	'=IF($A188="","",IF($AH188<>"","BLOCKED",IF($AG188<>"","FCS — NO PLAY",IF(CALC!$S188=1,"PENDING LINE",IF(CALC!$Q188=1,"STALE LINE",IF($AE188="QB UNCERTAIN","QB UNCERTAIN",IF($AF188<>"","FCS/TRANSITION UNCERTAIN",IF(OR($B188="",$C188=""),"DATA INCOMPLETE","READY"))))))))'	'=IF($A188="","",IF($AH188<>"","BLOCKED",IF($AG188<>"","FCS — NO PLAY",IF(CALC!$S188=1,"PENDING LINE",IF(CALC!$Q188=1,"STALE LINE",IF($AE188="QB UNCERTAIN","QB UNCERTAIN",IF($AF188<>"","TRANSITION UNCERTAIN",IF(OR($B188="",$C188=""),"DATA INCOMPLETE","READY"))))))))'
ENGINE	AI189	'=IF($A189="","",IF($AH189<>"","BLOCKED",IF($AG189<>"","FCS — NO PLAY",IF(CALC!$S189=1,"PENDING LINE",IF(CALC!$Q189=1,"STALE LINE",IF($AE189="QB UNCERTAIN","QB UNCERTAIN",IF($AF189<>"","FCS/TRANSITION UNCERTAIN",IF(OR($B189="",$C189=""),"DATA INCOMPLETE","READY"))))))))'	'=IF($A189="","",IF($AH189<>"","BLOCKED",IF($AG189<>"","FCS — NO PLAY",IF(CALC!$S189=1,"PENDING LINE",IF(CALC!$Q189=1,"STALE LINE",IF($AE189="QB UNCERTAIN","QB UNCERTAIN",IF($AF189<>"","TRANSITION UNCERTAIN",IF(OR($B189="",$C189=""),"DATA INCOMPLETE","READY"))))))))'
ENGINE	AI190	'=IF($A190="","",IF($AH190<>"","BLOCKED",IF($AG190<>"","FCS — NO PLAY",IF(CALC!$S190=1,"PENDING LINE",IF(CALC!$Q190=1,"STALE LINE",IF($AE190="QB UNCERTAIN","QB UNCERTAIN",IF($AF190<>"","FCS/TRANSITION UNCERTAIN",IF(OR($B190="",$C190=""),"DATA INCOMPLETE","READY"))))))))'	'=IF($A190="","",IF($AH190<>"","BLOCKED",IF($AG190<>"","FCS — NO PLAY",IF(CALC!$S190=1,"PENDING LINE",IF(CALC!$Q190=1,"STALE LINE",IF($AE190="QB UNCERTAIN","QB UNCERTAIN",IF($AF190<>"","TRANSITION UNCERTAIN",IF(OR($B190="",$C190=""),"DATA INCOMPLETE","READY"))))))))'
ENGINE	AI191	'=IF($A191="","",IF($AH191<>"","BLOCKED",IF($AG191<>"","FCS — NO PLAY",IF(CALC!$S191=1,"PENDING LINE",IF(CALC!$Q191=1,"STALE LINE",IF($AE191="QB UNCERTAIN","QB UNCERTAIN",IF($AF191<>"","FCS/TRANSITION UNCERTAIN",IF(OR($B191="",$C191=""),"DATA INCOMPLETE","READY"))))))))'	'=IF($A191="","",IF($AH191<>"","BLOCKED",IF($AG191<>"","FCS — NO PLAY",IF(CALC!$S191=1,"PENDING LINE",IF(CALC!$Q191=1,"STALE LINE",IF($AE191="QB UNCERTAIN","QB UNCERTAIN",IF($AF191<>"","TRANSITION UNCERTAIN",IF(OR($B191="",$C191=""),"DATA INCOMPLETE","READY"))))))))'
ENGINE	AI192	'=IF($A192="","",IF($AH192<>"","BLOCKED",IF($AG192<>"","FCS — NO PLAY",IF(CALC!$S192=1,"PENDING LINE",IF(CALC!$Q192=1,"STALE LINE",IF($AE192="QB UNCERTAIN","QB UNCERTAIN",IF($AF192<>"","FCS/TRANSITION UNCERTAIN",IF(OR($B192="",$C192=""),"DATA INCOMPLETE","READY"))))))))'	'=IF($A192="","",IF($AH192<>"","BLOCKED",IF($AG192<>"","FCS — NO PLAY",IF(CALC!$S192=1,"PENDING LINE",IF(CALC!$Q192=1,"STALE LINE",IF($AE192="QB UNCERTAIN","QB UNCERTAIN",IF($AF192<>"","TRANSITION UNCERTAIN",IF(OR($B192="",$C192=""),"DATA INCOMPLETE","READY"))))))))'
ENGINE	AI193	'=IF($A193="","",IF($AH193<>"","BLOCKED",IF($AG193<>"","FCS — NO PLAY",IF(CALC!$S193=1,"PENDING LINE",IF(CALC!$Q193=1,"STALE LINE",IF($AE193="QB UNCERTAIN","QB UNCERTAIN",IF($AF193<>"","FCS/TRANSITION UNCERTAIN",IF(OR($B193="",$C193=""),"DATA INCOMPLETE","READY"))))))))'	'=IF($A193="","",IF($AH193<>"","BLOCKED",IF($AG193<>"","FCS — NO PLAY",IF(CALC!$S193=1,"PENDING LINE",IF(CALC!$Q193=1,"STALE LINE",IF($AE193="QB UNCERTAIN","QB UNCERTAIN",IF($AF193<>"","TRANSITION UNCERTAIN",IF(OR($B193="",$C193=""),"DATA INCOMPLETE","READY"))))))))'
ENGINE	AI194	'=IF($A194="","",IF($AH194<>"","BLOCKED",IF($AG194<>"","FCS — NO PLAY",IF(CALC!$S194=1,"PENDING LINE",IF(CALC!$Q194=1,"STALE LINE",IF($AE194="QB UNCERTAIN","QB UNCERTAIN",IF($AF194<>"","FCS/TRANSITION UNCERTAIN",IF(OR($B194="",$C194=""),"DATA INCOMPLETE","READY"))))))))'	'=IF($A194="","",IF($AH194<>"","BLOCKED",IF($AG194<>"","FCS — NO PLAY",IF(CALC!$S194=1,"PENDING LINE",IF(CALC!$Q194=1,"STALE LINE",IF($AE194="QB UNCERTAIN","QB UNCERTAIN",IF($AF194<>"","TRANSITION UNCERTAIN",IF(OR($B194="",$C194=""),"DATA INCOMPLETE","READY"))))))))'
ENGINE	AI195	'=IF($A195="","",IF($AH195<>"","BLOCKED",IF($AG195<>"","FCS — NO PLAY",IF(CALC!$S195=1,"PENDING LINE",IF(CALC!$Q195=1,"STALE LINE",IF($AE195="QB UNCERTAIN","QB UNCERTAIN",IF($AF195<>"","FCS/TRANSITION UNCERTAIN",IF(OR($B195="",$C195=""),"DATA INCOMPLETE","READY"))))))))'	'=IF($A195="","",IF($AH195<>"","BLOCKED",IF($AG195<>"","FCS — NO PLAY",IF(CALC!$S195=1,"PENDING LINE",IF(CALC!$Q195=1,"STALE LINE",IF($AE195="QB UNCERTAIN","QB UNCERTAIN",IF($AF195<>"","TRANSITION UNCERTAIN",IF(OR($B195="",$C195=""),"DATA INCOMPLETE","READY"))))))))'
ENGINE	AI196	'=IF($A196="","",IF($AH196<>"","BLOCKED",IF($AG196<>"","FCS — NO PLAY",IF(CALC!$S196=1,"PENDING LINE",IF(CALC!$Q196=1,"STALE LINE",IF($AE196="QB UNCERTAIN","QB UNCERTAIN",IF($AF196<>"","FCS/TRANSITION UNCERTAIN",IF(OR($B196="",$C196=""),"DATA INCOMPLETE","READY"))))))))'	'=IF($A196="","",IF($AH196<>"","BLOCKED",IF($AG196<>"","FCS — NO PLAY",IF(CALC!$S196=1,"PENDING LINE",IF(CALC!$Q196=1,"STALE LINE",IF($AE196="QB UNCERTAIN","QB UNCERTAIN",IF($AF196<>"","TRANSITION UNCERTAIN",IF(OR($B196="",$C196=""),"DATA INCOMPLETE","READY"))))))))'
ENGINE	AI197	'=IF($A197="","",IF($AH197<>"","BLOCKED",IF($AG197<>"","FCS — NO PLAY",IF(CALC!$S197=1,"PENDING LINE",IF(CALC!$Q197=1,"STALE LINE",IF($AE197="QB UNCERTAIN","QB UNCERTAIN",IF($AF197<>"","FCS/TRANSITION UNCERTAIN",IF(OR($B197="",$C197=""),"DATA INCOMPLETE","READY"))))))))'	'=IF($A197="","",IF($AH197<>"","BLOCKED",IF($AG197<>"","FCS — NO PLAY",IF(CALC!$S197=1,"PENDING LINE",IF(CALC!$Q197=1,"STALE LINE",IF($AE197="QB UNCERTAIN","QB UNCERTAIN",IF($AF197<>"","TRANSITION UNCERTAIN",IF(OR($B197="",$C197=""),"DATA INCOMPLETE","READY"))))))))'
ENGINE	AI198	'=IF($A198="","",IF($AH198<>"","BLOCKED",IF($AG198<>"","FCS — NO PLAY",IF(CALC!$S198=1,"PENDING LINE",IF(CALC!$Q198=1,"STALE LINE",IF($AE198="QB UNCERTAIN","QB UNCERTAIN",IF($AF198<>"","FCS/TRANSITION UNCERTAIN",IF(OR($B198="",$C198=""),"DATA INCOMPLETE","READY"))))))))'	'=IF($A198="","",IF($AH198<>"","BLOCKED",IF($AG198<>"","FCS — NO PLAY",IF(CALC!$S198=1,"PENDING LINE",IF(CALC!$Q198=1,"STALE LINE",IF($AE198="QB UNCERTAIN","QB UNCERTAIN",IF($AF198<>"","TRANSITION UNCERTAIN",IF(OR($B198="",$C198=""),"DATA INCOMPLETE","READY"))))))))'
ENGINE	AI199	'=IF($A199="","",IF($AH199<>"","BLOCKED",IF($AG199<>"","FCS — NO PLAY",IF(CALC!$S199=1,"PENDING LINE",IF(CALC!$Q199=1,"STALE LINE",IF($AE199="QB UNCERTAIN","QB UNCERTAIN",IF($AF199<>"","FCS/TRANSITION UNCERTAIN",IF(OR($B199="",$C199=""),"DATA INCOMPLETE","READY"))))))))'	'=IF($A199="","",IF($AH199<>"","BLOCKED",IF($AG199<>"","FCS — NO PLAY",IF(CALC!$S199=1,"PENDING LINE",IF(CALC!$Q199=1,"STALE LINE",IF($AE199="QB UNCERTAIN","QB UNCERTAIN",IF($AF199<>"","TRANSITION UNCERTAIN",IF(OR($B199="",$C199=""),"DATA INCOMPLETE","READY"))))))))'
ENGINE	AI200	'=IF($A200="","",IF($AH200<>"","BLOCKED",IF($AG200<>"","FCS — NO PLAY",IF(CALC!$S200=1,"PENDING LINE",IF(CALC!$Q200=1,"STALE LINE",IF($AE200="QB UNCERTAIN","QB UNCERTAIN",IF($AF200<>"","FCS/TRANSITION UNCERTAIN",IF(OR($B200="",$C200=""),"DATA INCOMPLETE","READY"))))))))'	'=IF($A200="","",IF($AH200<>"","BLOCKED",IF($AG200<>"","FCS — NO PLAY",IF(CALC!$S200=1,"PENDING LINE",IF(CALC!$Q200=1,"STALE LINE",IF($AE200="QB UNCERTAIN","QB UNCERTAIN",IF($AF200<>"","TRANSITION UNCERTAIN",IF(OR($B200="",$C200=""),"DATA INCOMPLETE","READY"))))))))'
ENGINE	AI201	'=IF($A201="","",IF($AH201<>"","BLOCKED",IF($AG201<>"","FCS — NO PLAY",IF(CALC!$S201=1,"PENDING LINE",IF(CALC!$Q201=1,"STALE LINE",IF($AE201="QB UNCERTAIN","QB UNCERTAIN",IF($AF201<>"","FCS/TRANSITION UNCERTAIN",IF(OR($B201="",$C201=""),"DATA INCOMPLETE","READY"))))))))'	'=IF($A201="","",IF($AH201<>"","BLOCKED",IF($AG201<>"","FCS — NO PLAY",IF(CALC!$S201=1,"PENDING LINE",IF(CALC!$Q201=1,"STALE LINE",IF($AE201="QB UNCERTAIN","QB UNCERTAIN",IF($AF201<>"","TRANSITION UNCERTAIN",IF(OR($B201="",$C201=""),"DATA INCOMPLETE","READY"))))))))'
ENGINE	AI202	'=IF($A202="","",IF($AH202<>"","BLOCKED",IF($AG202<>"","FCS — NO PLAY",IF(CALC!$S202=1,"PENDING LINE",IF(CALC!$Q202=1,"STALE LINE",IF($AE202="QB UNCERTAIN","QB UNCERTAIN",IF($AF202<>"","FCS/TRANSITION UNCERTAIN",IF(OR($B202="",$C202=""),"DATA INCOMPLETE","READY"))))))))'	'=IF($A202="","",IF($AH202<>"","BLOCKED",IF($AG202<>"","FCS — NO PLAY",IF(CALC!$S202=1,"PENDING LINE",IF(CALC!$Q202=1,"STALE LINE",IF($AE202="QB UNCERTAIN","QB UNCERTAIN",IF($AF202<>"","TRANSITION UNCERTAIN",IF(OR($B202="",$C202=""),"DATA INCOMPLETE","READY"))))))))'
ENGINE	AI203	'=IF($A203="","",IF($AH203<>"","BLOCKED",IF($AG203<>"","FCS — NO PLAY",IF(CALC!$S203=1,"PENDING LINE",IF(CALC!$Q203=1,"STALE LINE",IF($AE203="QB UNCERTAIN","QB UNCERTAIN",IF($AF203<>"","FCS/TRANSITION UNCERTAIN",IF(OR($B203="",$C203=""),"DATA INCOMPLETE","READY"))))))))'	'=IF($A203="","",IF($AH203<>"","BLOCKED",IF($AG203<>"","FCS — NO PLAY",IF(CALC!$S203=1,"PENDING LINE",IF(CALC!$Q203=1,"STALE LINE",IF($AE203="QB UNCERTAIN","QB UNCERTAIN",IF($AF203<>"","TRANSITION UNCERTAIN",IF(OR($B203="",$C203=""),"DATA INCOMPLETE","READY"))))))))'
ENGINE	AI204	'=IF($A204="","",IF($AH204<>"","BLOCKED",IF($AG204<>"","FCS — NO PLAY",IF(CALC!$S204=1,"PENDING LINE",IF(CALC!$Q204=1,"STALE LINE",IF($AE204="QB UNCERTAIN","QB UNCERTAIN",IF($AF204<>"","FCS/TRANSITION UNCERTAIN",IF(OR($B204="",$C204=""),"DATA INCOMPLETE","READY"))))))))'	'=IF($A204="","",IF($AH204<>"","BLOCKED",IF($AG204<>"","FCS — NO PLAY",IF(CALC!$S204=1,"PENDING LINE",IF(CALC!$Q204=1,"STALE LINE",IF($AE204="QB UNCERTAIN","QB UNCERTAIN",IF($AF204<>"","TRANSITION UNCERTAIN",IF(OR($B204="",$C204=""),"DATA INCOMPLETE","READY"))))))))'
ENGINE	AI205	'=IF($A205="","",IF($AH205<>"","BLOCKED",IF($AG205<>"","FCS — NO PLAY",IF(CALC!$S205=1,"PENDING LINE",IF(CALC!$Q205=1,"STALE LINE",IF($AE205="QB UNCERTAIN","QB UNCERTAIN",IF($AF205<>"","FCS/TRANSITION UNCERTAIN",IF(OR($B205="",$C205=""),"DATA INCOMPLETE","READY"))))))))'	'=IF($A205="","",IF($AH205<>"","BLOCKED",IF($AG205<>"","FCS — NO PLAY",IF(CALC!$S205=1,"PENDING LINE",IF(CALC!$Q205=1,"STALE LINE",IF($AE205="QB UNCERTAIN","QB UNCERTAIN",IF($AF205<>"","TRANSITION UNCERTAIN",IF(OR($B205="",$C205=""),"DATA INCOMPLETE","READY"))))))))'
ENGINE	AI206	'=IF($A206="","",IF($AH206<>"","BLOCKED",IF($AG206<>"","FCS — NO PLAY",IF(CALC!$S206=1,"PENDING LINE",IF(CALC!$Q206=1,"STALE LINE",IF($AE206="QB UNCERTAIN","QB UNCERTAIN",IF($AF206<>"","FCS/TRANSITION UNCERTAIN",IF(OR($B206="",$C206=""),"DATA INCOMPLETE","READY"))))))))'	'=IF($A206="","",IF($AH206<>"","BLOCKED",IF($AG206<>"","FCS — NO PLAY",IF(CALC!$S206=1,"PENDING LINE",IF(CALC!$Q206=1,"STALE LINE",IF($AE206="QB UNCERTAIN","QB UNCERTAIN",IF($AF206<>"","TRANSITION UNCERTAIN",IF(OR($B206="",$C206=""),"DATA INCOMPLETE","READY"))))))))'
ENGINE	AI207	'=IF($A207="","",IF($AH207<>"","BLOCKED",IF($AG207<>"","FCS — NO PLAY",IF(CALC!$S207=1,"PENDING LINE",IF(CALC!$Q207=1,"STALE LINE",IF($AE207="QB UNCERTAIN","QB UNCERTAIN",IF($AF207<>"","FCS/TRANSITION UNCERTAIN",IF(OR($B207="",$C207=""),"DATA INCOMPLETE","READY"))))))))'	'=IF($A207="","",IF($AH207<>"","BLOCKED",IF($AG207<>"","FCS — NO PLAY",IF(CALC!$S207=1,"PENDING LINE",IF(CALC!$Q207=1,"STALE LINE",IF($AE207="QB UNCERTAIN","QB UNCERTAIN",IF($AF207<>"","TRANSITION UNCERTAIN",IF(OR($B207="",$C207=""),"DATA INCOMPLETE","READY"))))))))'
ENGINE	AI208	'=IF($A208="","",IF($AH208<>"","BLOCKED",IF($AG208<>"","FCS — NO PLAY",IF(CALC!$S208=1,"PENDING LINE",IF(CALC!$Q208=1,"STALE LINE",IF($AE208="QB UNCERTAIN","QB UNCERTAIN",IF($AF208<>"","FCS/TRANSITION UNCERTAIN",IF(OR($B208="",$C208=""),"DATA INCOMPLETE","READY"))))))))'	'=IF($A208="","",IF($AH208<>"","BLOCKED",IF($AG208<>"","FCS — NO PLAY",IF(CALC!$S208=1,"PENDING LINE",IF(CALC!$Q208=1,"STALE LINE",IF($AE208="QB UNCERTAIN","QB UNCERTAIN",IF($AF208<>"","TRANSITION UNCERTAIN",IF(OR($B208="",$C208=""),"DATA INCOMPLETE","READY"))))))))'
ENGINE	AI209	'=IF($A209="","",IF($AH209<>"","BLOCKED",IF($AG209<>"","FCS — NO PLAY",IF(CALC!$S209=1,"PENDING LINE",IF(CALC!$Q209=1,"STALE LINE",IF($AE209="QB UNCERTAIN","QB UNCERTAIN",IF($AF209<>"","FCS/TRANSITION UNCERTAIN",IF(OR($B209="",$C209=""),"DATA INCOMPLETE","READY"))))))))'	'=IF($A209="","",IF($AH209<>"","BLOCKED",IF($AG209<>"","FCS — NO PLAY",IF(CALC!$S209=1,"PENDING LINE",IF(CALC!$Q209=1,"STALE LINE",IF($AE209="QB UNCERTAIN","QB UNCERTAIN",IF($AF209<>"","TRANSITION UNCERTAIN",IF(OR($B209="",$C209=""),"DATA INCOMPLETE","READY"))))))))'
ENGINE	AI210	'=IF($A210="","",IF($AH210<>"","BLOCKED",IF($AG210<>"","FCS — NO PLAY",IF(CALC!$S210=1,"PENDING LINE",IF(CALC!$Q210=1,"STALE LINE",IF($AE210="QB UNCERTAIN","QB UNCERTAIN",IF($AF210<>"","FCS/TRANSITION UNCERTAIN",IF(OR($B210="",$C210=""),"DATA INCOMPLETE","READY"))))))))'	'=IF($A210="","",IF($AH210<>"","BLOCKED",IF($AG210<>"","FCS — NO PLAY",IF(CALC!$S210=1,"PENDING LINE",IF(CALC!$Q210=1,"STALE LINE",IF($AE210="QB UNCERTAIN","QB UNCERTAIN",IF($AF210<>"","TRANSITION UNCERTAIN",IF(OR($B210="",$C210=""),"DATA INCOMPLETE","READY"))))))))'
ENGINE	AI211	'=IF($A211="","",IF($AH211<>"","BLOCKED",IF($AG211<>"","FCS — NO PLAY",IF(CALC!$S211=1,"PENDING LINE",IF(CALC!$Q211=1,"STALE LINE",IF($AE211="QB UNCERTAIN","QB UNCERTAIN",IF($AF211<>"","FCS/TRANSITION UNCERTAIN",IF(OR($B211="",$C211=""),"DATA INCOMPLETE","READY"))))))))'	'=IF($A211="","",IF($AH211<>"","BLOCKED",IF($AG211<>"","FCS — NO PLAY",IF(CALC!$S211=1,"PENDING LINE",IF(CALC!$Q211=1,"STALE LINE",IF($AE211="QB UNCERTAIN","QB UNCERTAIN",IF($AF211<>"","TRANSITION UNCERTAIN",IF(OR($B211="",$C211=""),"DATA INCOMPLETE","READY"))))))))'
ENGINE	AI212	'=IF($A212="","",IF($AH212<>"","BLOCKED",IF($AG212<>"","FCS — NO PLAY",IF(CALC!$S212=1,"PENDING LINE",IF(CALC!$Q212=1,"STALE LINE",IF($AE212="QB UNCERTAIN","QB UNCERTAIN",IF($AF212<>"","FCS/TRANSITION UNCERTAIN",IF(OR($B212="",$C212=""),"DATA INCOMPLETE","READY"))))))))'	'=IF($A212="","",IF($AH212<>"","BLOCKED",IF($AG212<>"","FCS — NO PLAY",IF(CALC!$S212=1,"PENDING LINE",IF(CALC!$Q212=1,"STALE LINE",IF($AE212="QB UNCERTAIN","QB UNCERTAIN",IF($AF212<>"","TRANSITION UNCERTAIN",IF(OR($B212="",$C212=""),"DATA INCOMPLETE","READY"))))))))'
ENGINE	AI213	'=IF($A213="","",IF($AH213<>"","BLOCKED",IF($AG213<>"","FCS — NO PLAY",IF(CALC!$S213=1,"PENDING LINE",IF(CALC!$Q213=1,"STALE LINE",IF($AE213="QB UNCERTAIN","QB UNCERTAIN",IF($AF213<>"","FCS/TRANSITION UNCERTAIN",IF(OR($B213="",$C213=""),"DATA INCOMPLETE","READY"))))))))'	'=IF($A213="","",IF($AH213<>"","BLOCKED",IF($AG213<>"","FCS — NO PLAY",IF(CALC!$S213=1,"PENDING LINE",IF(CALC!$Q213=1,"STALE LINE",IF($AE213="QB UNCERTAIN","QB UNCERTAIN",IF($AF213<>"","TRANSITION UNCERTAIN",IF(OR($B213="",$C213=""),"DATA INCOMPLETE","READY"))))))))'
ENGINE	AI214	'=IF($A214="","",IF($AH214<>"","BLOCKED",IF($AG214<>"","FCS — NO PLAY",IF(CALC!$S214=1,"PENDING LINE",IF(CALC!$Q214=1,"STALE LINE",IF($AE214="QB UNCERTAIN","QB UNCERTAIN",IF($AF214<>"","FCS/TRANSITION UNCERTAIN",IF(OR($B214="",$C214=""),"DATA INCOMPLETE","READY"))))))))'	'=IF($A214="","",IF($AH214<>"","BLOCKED",IF($AG214<>"","FCS — NO PLAY",IF(CALC!$S214=1,"PENDING LINE",IF(CALC!$Q214=1,"STALE LINE",IF($AE214="QB UNCERTAIN","QB UNCERTAIN",IF($AF214<>"","TRANSITION UNCERTAIN",IF(OR($B214="",$C214=""),"DATA INCOMPLETE","READY"))))))))'
ENGINE	AI215	'=IF($A215="","",IF($AH215<>"","BLOCKED",IF($AG215<>"","FCS — NO PLAY",IF(CALC!$S215=1,"PENDING LINE",IF(CALC!$Q215=1,"STALE LINE",IF($AE215="QB UNCERTAIN","QB UNCERTAIN",IF($AF215<>"","FCS/TRANSITION UNCERTAIN",IF(OR($B215="",$C215=""),"DATA INCOMPLETE","READY"))))))))'	'=IF($A215="","",IF($AH215<>"","BLOCKED",IF($AG215<>"","FCS — NO PLAY",IF(CALC!$S215=1,"PENDING LINE",IF(CALC!$Q215=1,"STALE LINE",IF($AE215="QB UNCERTAIN","QB UNCERTAIN",IF($AF215<>"","TRANSITION UNCERTAIN",IF(OR($B215="",$C215=""),"DATA INCOMPLETE","READY"))))))))'
ENGINE	AI216	'=IF($A216="","",IF($AH216<>"","BLOCKED",IF($AG216<>"","FCS — NO PLAY",IF(CALC!$S216=1,"PENDING LINE",IF(CALC!$Q216=1,"STALE LINE",IF($AE216="QB UNCERTAIN","QB UNCERTAIN",IF($AF216<>"","FCS/TRANSITION UNCERTAIN",IF(OR($B216="",$C216=""),"DATA INCOMPLETE","READY"))))))))'	'=IF($A216="","",IF($AH216<>"","BLOCKED",IF($AG216<>"","FCS — NO PLAY",IF(CALC!$S216=1,"PENDING LINE",IF(CALC!$Q216=1,"STALE LINE",IF($AE216="QB UNCERTAIN","QB UNCERTAIN",IF($AF216<>"","TRANSITION UNCERTAIN",IF(OR($B216="",$C216=""),"DATA INCOMPLETE","READY"))))))))'
ENGINE	AI217	'=IF($A217="","",IF($AH217<>"","BLOCKED",IF($AG217<>"","FCS — NO PLAY",IF(CALC!$S217=1,"PENDING LINE",IF(CALC!$Q217=1,"STALE LINE",IF($AE217="QB UNCERTAIN","QB UNCERTAIN",IF($AF217<>"","FCS/TRANSITION UNCERTAIN",IF(OR($B217="",$C217=""),"DATA INCOMPLETE","READY"))))))))'	'=IF($A217="","",IF($AH217<>"","BLOCKED",IF($AG217<>"","FCS — NO PLAY",IF(CALC!$S217=1,"PENDING LINE",IF(CALC!$Q217=1,"STALE LINE",IF($AE217="QB UNCERTAIN","QB UNCERTAIN",IF($AF217<>"","TRANSITION UNCERTAIN",IF(OR($B217="",$C217=""),"DATA INCOMPLETE","READY"))))))))'
ENGINE	AI218	'=IF($A218="","",IF($AH218<>"","BLOCKED",IF($AG218<>"","FCS — NO PLAY",IF(CALC!$S218=1,"PENDING LINE",IF(CALC!$Q218=1,"STALE LINE",IF($AE218="QB UNCERTAIN","QB UNCERTAIN",IF($AF218<>"","FCS/TRANSITION UNCERTAIN",IF(OR($B218="",$C218=""),"DATA INCOMPLETE","READY"))))))))'	'=IF($A218="","",IF($AH218<>"","BLOCKED",IF($AG218<>"","FCS — NO PLAY",IF(CALC!$S218=1,"PENDING LINE",IF(CALC!$Q218=1,"STALE LINE",IF($AE218="QB UNCERTAIN","QB UNCERTAIN",IF($AF218<>"","TRANSITION UNCERTAIN",IF(OR($B218="",$C218=""),"DATA INCOMPLETE","READY"))))))))'
ENGINE	AI219	'=IF($A219="","",IF($AH219<>"","BLOCKED",IF($AG219<>"","FCS — NO PLAY",IF(CALC!$S219=1,"PENDING LINE",IF(CALC!$Q219=1,"STALE LINE",IF($AE219="QB UNCERTAIN","QB UNCERTAIN",IF($AF219<>"","FCS/TRANSITION UNCERTAIN",IF(OR($B219="",$C219=""),"DATA INCOMPLETE","READY"))))))))'	'=IF($A219="","",IF($AH219<>"","BLOCKED",IF($AG219<>"","FCS — NO PLAY",IF(CALC!$S219=1,"PENDING LINE",IF(CALC!$Q219=1,"STALE LINE",IF($AE219="QB UNCERTAIN","QB UNCERTAIN",IF($AF219<>"","TRANSITION UNCERTAIN",IF(OR($B219="",$C219=""),"DATA INCOMPLETE","READY"))))))))'
ENGINE	AI220	'=IF($A220="","",IF($AH220<>"","BLOCKED",IF($AG220<>"","FCS — NO PLAY",IF(CALC!$S220=1,"PENDING LINE",IF(CALC!$Q220=1,"STALE LINE",IF($AE220="QB UNCERTAIN","QB UNCERTAIN",IF($AF220<>"","FCS/TRANSITION UNCERTAIN",IF(OR($B220="",$C220=""),"DATA INCOMPLETE","READY"))))))))'	'=IF($A220="","",IF($AH220<>"","BLOCKED",IF($AG220<>"","FCS — NO PLAY",IF(CALC!$S220=1,"PENDING LINE",IF(CALC!$Q220=1,"STALE LINE",IF($AE220="QB UNCERTAIN","QB UNCERTAIN",IF($AF220<>"","TRANSITION UNCERTAIN",IF(OR($B220="",$C220=""),"DATA INCOMPLETE","READY"))))))))'
ENGINE	AI221	'=IF($A221="","",IF($AH221<>"","BLOCKED",IF($AG221<>"","FCS — NO PLAY",IF(CALC!$S221=1,"PENDING LINE",IF(CALC!$Q221=1,"STALE LINE",IF($AE221="QB UNCERTAIN","QB UNCERTAIN",IF($AF221<>"","FCS/TRANSITION UNCERTAIN",IF(OR($B221="",$C221=""),"DATA INCOMPLETE","READY"))))))))'	'=IF($A221="","",IF($AH221<>"","BLOCKED",IF($AG221<>"","FCS — NO PLAY",IF(CALC!$S221=1,"PENDING LINE",IF(CALC!$Q221=1,"STALE LINE",IF($AE221="QB UNCERTAIN","QB UNCERTAIN",IF($AF221<>"","TRANSITION UNCERTAIN",IF(OR($B221="",$C221=""),"DATA INCOMPLETE","READY"))))))))'
ENGINE	AI222	'=IF($A222="","",IF($AH222<>"","BLOCKED",IF($AG222<>"","FCS — NO PLAY",IF(CALC!$S222=1,"PENDING LINE",IF(CALC!$Q222=1,"STALE LINE",IF($AE222="QB UNCERTAIN","QB UNCERTAIN",IF($AF222<>"","FCS/TRANSITION UNCERTAIN",IF(OR($B222="",$C222=""),"DATA INCOMPLETE","READY"))))))))'	'=IF($A222="","",IF($AH222<>"","BLOCKED",IF($AG222<>"","FCS — NO PLAY",IF(CALC!$S222=1,"PENDING LINE",IF(CALC!$Q222=1,"STALE LINE",IF($AE222="QB UNCERTAIN","QB UNCERTAIN",IF($AF222<>"","TRANSITION UNCERTAIN",IF(OR($B222="",$C222=""),"DATA INCOMPLETE","READY"))))))))'
ENGINE	AI223	'=IF($A223="","",IF($AH223<>"","BLOCKED",IF($AG223<>"","FCS — NO PLAY",IF(CALC!$S223=1,"PENDING LINE",IF(CALC!$Q223=1,"STALE LINE",IF($AE223="QB UNCERTAIN","QB UNCERTAIN",IF($AF223<>"","FCS/TRANSITION UNCERTAIN",IF(OR($B223="",$C223=""),"DATA INCOMPLETE","READY"))))))))'	'=IF($A223="","",IF($AH223<>"","BLOCKED",IF($AG223<>"","FCS — NO PLAY",IF(CALC!$S223=1,"PENDING LINE",IF(CALC!$Q223=1,"STALE LINE",IF($AE223="QB UNCERTAIN","QB UNCERTAIN",IF($AF223<>"","TRANSITION UNCERTAIN",IF(OR($B223="",$C223=""),"DATA INCOMPLETE","READY"))))))))'
ENGINE	AI224	'=IF($A224="","",IF($AH224<>"","BLOCKED",IF($AG224<>"","FCS — NO PLAY",IF(CALC!$S224=1,"PENDING LINE",IF(CALC!$Q224=1,"STALE LINE",IF($AE224="QB UNCERTAIN","QB UNCERTAIN",IF($AF224<>"","FCS/TRANSITION UNCERTAIN",IF(OR($B224="",$C224=""),"DATA INCOMPLETE","READY"))))))))'	'=IF($A224="","",IF($AH224<>"","BLOCKED",IF($AG224<>"","FCS — NO PLAY",IF(CALC!$S224=1,"PENDING LINE",IF(CALC!$Q224=1,"STALE LINE",IF($AE224="QB UNCERTAIN","QB UNCERTAIN",IF($AF224<>"","TRANSITION UNCERTAIN",IF(OR($B224="",$C224=""),"DATA INCOMPLETE","READY"))))))))'
ENGINE	AI225	'=IF($A225="","",IF($AH225<>"","BLOCKED",IF($AG225<>"","FCS — NO PLAY",IF(CALC!$S225=1,"PENDING LINE",IF(CALC!$Q225=1,"STALE LINE",IF($AE225="QB UNCERTAIN","QB UNCERTAIN",IF($AF225<>"","FCS/TRANSITION UNCERTAIN",IF(OR($B225="",$C225=""),"DATA INCOMPLETE","READY"))))))))'	'=IF($A225="","",IF($AH225<>"","BLOCKED",IF($AG225<>"","FCS — NO PLAY",IF(CALC!$S225=1,"PENDING LINE",IF(CALC!$Q225=1,"STALE LINE",IF($AE225="QB UNCERTAIN","QB UNCERTAIN",IF($AF225<>"","TRANSITION UNCERTAIN",IF(OR($B225="",$C225=""),"DATA INCOMPLETE","READY"))))))))'
ENGINE	AI226	'=IF($A226="","",IF($AH226<>"","BLOCKED",IF($AG226<>"","FCS — NO PLAY",IF(CALC!$S226=1,"PENDING LINE",IF(CALC!$Q226=1,"STALE LINE",IF($AE226="QB UNCERTAIN","QB UNCERTAIN",IF($AF226<>"","FCS/TRANSITION UNCERTAIN",IF(OR($B226="",$C226=""),"DATA INCOMPLETE","READY"))))))))'	'=IF($A226="","",IF($AH226<>"","BLOCKED",IF($AG226<>"","FCS — NO PLAY",IF(CALC!$S226=1,"PENDING LINE",IF(CALC!$Q226=1,"STALE LINE",IF($AE226="QB UNCERTAIN","QB UNCERTAIN",IF($AF226<>"","TRANSITION UNCERTAIN",IF(OR($B226="",$C226=""),"DATA INCOMPLETE","READY"))))))))'
ENGINE	AI227	'=IF($A227="","",IF($AH227<>"","BLOCKED",IF($AG227<>"","FCS — NO PLAY",IF(CALC!$S227=1,"PENDING LINE",IF(CALC!$Q227=1,"STALE LINE",IF($AE227="QB UNCERTAIN","QB UNCERTAIN",IF($AF227<>"","FCS/TRANSITION UNCERTAIN",IF(OR($B227="",$C227=""),"DATA INCOMPLETE","READY"))))))))'	'=IF($A227="","",IF($AH227<>"","BLOCKED",IF($AG227<>"","FCS — NO PLAY",IF(CALC!$S227=1,"PENDING LINE",IF(CALC!$Q227=1,"STALE LINE",IF($AE227="QB UNCERTAIN","QB UNCERTAIN",IF($AF227<>"","TRANSITION UNCERTAIN",IF(OR($B227="",$C227=""),"DATA INCOMPLETE","READY"))))))))'
ENGINE	AI228	'=IF($A228="","",IF($AH228<>"","BLOCKED",IF($AG228<>"","FCS — NO PLAY",IF(CALC!$S228=1,"PENDING LINE",IF(CALC!$Q228=1,"STALE LINE",IF($AE228="QB UNCERTAIN","QB UNCERTAIN",IF($AF228<>"","FCS/TRANSITION UNCERTAIN",IF(OR($B228="",$C228=""),"DATA INCOMPLETE","READY"))))))))'	'=IF($A228="","",IF($AH228<>"","BLOCKED",IF($AG228<>"","FCS — NO PLAY",IF(CALC!$S228=1,"PENDING LINE",IF(CALC!$Q228=1,"STALE LINE",IF($AE228="QB UNCERTAIN","QB UNCERTAIN",IF($AF228<>"","TRANSITION UNCERTAIN",IF(OR($B228="",$C228=""),"DATA INCOMPLETE","READY"))))))))'
ENGINE	AI229	'=IF($A229="","",IF($AH229<>"","BLOCKED",IF($AG229<>"","FCS — NO PLAY",IF(CALC!$S229=1,"PENDING LINE",IF(CALC!$Q229=1,"STALE LINE",IF($AE229="QB UNCERTAIN","QB UNCERTAIN",IF($AF229<>"","FCS/TRANSITION UNCERTAIN",IF(OR($B229="",$C229=""),"DATA INCOMPLETE","READY"))))))))'	'=IF($A229="","",IF($AH229<>"","BLOCKED",IF($AG229<>"","FCS — NO PLAY",IF(CALC!$S229=1,"PENDING LINE",IF(CALC!$Q229=1,"STALE LINE",IF($AE229="QB UNCERTAIN","QB UNCERTAIN",IF($AF229<>"","TRANSITION UNCERTAIN",IF(OR($B229="",$C229=""),"DATA INCOMPLETE","READY"))))))))'
ENGINE	AI230	'=IF($A230="","",IF($AH230<>"","BLOCKED",IF($AG230<>"","FCS — NO PLAY",IF(CALC!$S230=1,"PENDING LINE",IF(CALC!$Q230=1,"STALE LINE",IF($AE230="QB UNCERTAIN","QB UNCERTAIN",IF($AF230<>"","FCS/TRANSITION UNCERTAIN",IF(OR($B230="",$C230=""),"DATA INCOMPLETE","READY"))))))))'	'=IF($A230="","",IF($AH230<>"","BLOCKED",IF($AG230<>"","FCS — NO PLAY",IF(CALC!$S230=1,"PENDING LINE",IF(CALC!$Q230=1,"STALE LINE",IF($AE230="QB UNCERTAIN","QB UNCERTAIN",IF($AF230<>"","TRANSITION UNCERTAIN",IF(OR($B230="",$C230=""),"DATA INCOMPLETE","READY"))))))))'
ENGINE	AI231	'=IF($A231="","",IF($AH231<>"","BLOCKED",IF($AG231<>"","FCS — NO PLAY",IF(CALC!$S231=1,"PENDING LINE",IF(CALC!$Q231=1,"STALE LINE",IF($AE231="QB UNCERTAIN","QB UNCERTAIN",IF($AF231<>"","FCS/TRANSITION UNCERTAIN",IF(OR($B231="",$C231=""),"DATA INCOMPLETE","READY"))))))))'	'=IF($A231="","",IF($AH231<>"","BLOCKED",IF($AG231<>"","FCS — NO PLAY",IF(CALC!$S231=1,"PENDING LINE",IF(CALC!$Q231=1,"STALE LINE",IF($AE231="QB UNCERTAIN","QB UNCERTAIN",IF($AF231<>"","TRANSITION UNCERTAIN",IF(OR($B231="",$C231=""),"DATA INCOMPLETE","READY"))))))))'
ENGINE	AI232	'=IF($A232="","",IF($AH232<>"","BLOCKED",IF($AG232<>"","FCS — NO PLAY",IF(CALC!$S232=1,"PENDING LINE",IF(CALC!$Q232=1,"STALE LINE",IF($AE232="QB UNCERTAIN","QB UNCERTAIN",IF($AF232<>"","FCS/TRANSITION UNCERTAIN",IF(OR($B232="",$C232=""),"DATA INCOMPLETE","READY"))))))))'	'=IF($A232="","",IF($AH232<>"","BLOCKED",IF($AG232<>"","FCS — NO PLAY",IF(CALC!$S232=1,"PENDING LINE",IF(CALC!$Q232=1,"STALE LINE",IF($AE232="QB UNCERTAIN","QB UNCERTAIN",IF($AF232<>"","TRANSITION UNCERTAIN",IF(OR($B232="",$C232=""),"DATA INCOMPLETE","READY"))))))))'
ENGINE	AI233	'=IF($A233="","",IF($AH233<>"","BLOCKED",IF($AG233<>"","FCS — NO PLAY",IF(CALC!$S233=1,"PENDING LINE",IF(CALC!$Q233=1,"STALE LINE",IF($AE233="QB UNCERTAIN","QB UNCERTAIN",IF($AF233<>"","FCS/TRANSITION UNCERTAIN",IF(OR($B233="",$C233=""),"DATA INCOMPLETE","READY"))))))))'	'=IF($A233="","",IF($AH233<>"","BLOCKED",IF($AG233<>"","FCS — NO PLAY",IF(CALC!$S233=1,"PENDING LINE",IF(CALC!$Q233=1,"STALE LINE",IF($AE233="QB UNCERTAIN","QB UNCERTAIN",IF($AF233<>"","TRANSITION UNCERTAIN",IF(OR($B233="",$C233=""),"DATA INCOMPLETE","READY"))))))))'
ENGINE	AI234	'=IF($A234="","",IF($AH234<>"","BLOCKED",IF($AG234<>"","FCS — NO PLAY",IF(CALC!$S234=1,"PENDING LINE",IF(CALC!$Q234=1,"STALE LINE",IF($AE234="QB UNCERTAIN","QB UNCERTAIN",IF($AF234<>"","FCS/TRANSITION UNCERTAIN",IF(OR($B234="",$C234=""),"DATA INCOMPLETE","READY"))))))))'	'=IF($A234="","",IF($AH234<>"","BLOCKED",IF($AG234<>"","FCS — NO PLAY",IF(CALC!$S234=1,"PENDING LINE",IF(CALC!$Q234=1,"STALE LINE",IF($AE234="QB UNCERTAIN","QB UNCERTAIN",IF($AF234<>"","TRANSITION UNCERTAIN",IF(OR($B234="",$C234=""),"DATA INCOMPLETE","READY"))))))))'
ENGINE	AI235	'=IF($A235="","",IF($AH235<>"","BLOCKED",IF($AG235<>"","FCS — NO PLAY",IF(CALC!$S235=1,"PENDING LINE",IF(CALC!$Q235=1,"STALE LINE",IF($AE235="QB UNCERTAIN","QB UNCERTAIN",IF($AF235<>"","FCS/TRANSITION UNCERTAIN",IF(OR($B235="",$C235=""),"DATA INCOMPLETE","READY"))))))))'	'=IF($A235="","",IF($AH235<>"","BLOCKED",IF($AG235<>"","FCS — NO PLAY",IF(CALC!$S235=1,"PENDING LINE",IF(CALC!$Q235=1,"STALE LINE",IF($AE235="QB UNCERTAIN","QB UNCERTAIN",IF($AF235<>"","TRANSITION UNCERTAIN",IF(OR($B235="",$C235=""),"DATA INCOMPLETE","READY"))))))))'
ENGINE	AI236	'=IF($A236="","",IF($AH236<>"","BLOCKED",IF($AG236<>"","FCS — NO PLAY",IF(CALC!$S236=1,"PENDING LINE",IF(CALC!$Q236=1,"STALE LINE",IF($AE236="QB UNCERTAIN","QB UNCERTAIN",IF($AF236<>"","FCS/TRANSITION UNCERTAIN",IF(OR($B236="",$C236=""),"DATA INCOMPLETE","READY"))))))))'	'=IF($A236="","",IF($AH236<>"","BLOCKED",IF($AG236<>"","FCS — NO PLAY",IF(CALC!$S236=1,"PENDING LINE",IF(CALC!$Q236=1,"STALE LINE",IF($AE236="QB UNCERTAIN","QB UNCERTAIN",IF($AF236<>"","TRANSITION UNCERTAIN",IF(OR($B236="",$C236=""),"DATA INCOMPLETE","READY"))))))))'
ENGINE	AI237	'=IF($A237="","",IF($AH237<>"","BLOCKED",IF($AG237<>"","FCS — NO PLAY",IF(CALC!$S237=1,"PENDING LINE",IF(CALC!$Q237=1,"STALE LINE",IF($AE237="QB UNCERTAIN","QB UNCERTAIN",IF($AF237<>"","FCS/TRANSITION UNCERTAIN",IF(OR($B237="",$C237=""),"DATA INCOMPLETE","READY"))))))))'	'=IF($A237="","",IF($AH237<>"","BLOCKED",IF($AG237<>"","FCS — NO PLAY",IF(CALC!$S237=1,"PENDING LINE",IF(CALC!$Q237=1,"STALE LINE",IF($AE237="QB UNCERTAIN","QB UNCERTAIN",IF($AF237<>"","TRANSITION UNCERTAIN",IF(OR($B237="",$C237=""),"DATA INCOMPLETE","READY"))))))))'
ENGINE	AI238	'=IF($A238="","",IF($AH238<>"","BLOCKED",IF($AG238<>"","FCS — NO PLAY",IF(CALC!$S238=1,"PENDING LINE",IF(CALC!$Q238=1,"STALE LINE",IF($AE238="QB UNCERTAIN","QB UNCERTAIN",IF($AF238<>"","FCS/TRANSITION UNCERTAIN",IF(OR($B238="",$C238=""),"DATA INCOMPLETE","READY"))))))))'	'=IF($A238="","",IF($AH238<>"","BLOCKED",IF($AG238<>"","FCS — NO PLAY",IF(CALC!$S238=1,"PENDING LINE",IF(CALC!$Q238=1,"STALE LINE",IF($AE238="QB UNCERTAIN","QB UNCERTAIN",IF($AF238<>"","TRANSITION UNCERTAIN",IF(OR($B238="",$C238=""),"DATA INCOMPLETE","READY"))))))))'
ENGINE	AI239	'=IF($A239="","",IF($AH239<>"","BLOCKED",IF($AG239<>"","FCS — NO PLAY",IF(CALC!$S239=1,"PENDING LINE",IF(CALC!$Q239=1,"STALE LINE",IF($AE239="QB UNCERTAIN","QB UNCERTAIN",IF($AF239<>"","FCS/TRANSITION UNCERTAIN",IF(OR($B239="",$C239=""),"DATA INCOMPLETE","READY"))))))))'	'=IF($A239="","",IF($AH239<>"","BLOCKED",IF($AG239<>"","FCS — NO PLAY",IF(CALC!$S239=1,"PENDING LINE",IF(CALC!$Q239=1,"STALE LINE",IF($AE239="QB UNCERTAIN","QB UNCERTAIN",IF($AF239<>"","TRANSITION UNCERTAIN",IF(OR($B239="",$C239=""),"DATA INCOMPLETE","READY"))))))))'
ENGINE	AI240	'=IF($A240="","",IF($AH240<>"","BLOCKED",IF($AG240<>"","FCS — NO PLAY",IF(CALC!$S240=1,"PENDING LINE",IF(CALC!$Q240=1,"STALE LINE",IF($AE240="QB UNCERTAIN","QB UNCERTAIN",IF($AF240<>"","FCS/TRANSITION UNCERTAIN",IF(OR($B240="",$C240=""),"DATA INCOMPLETE","READY"))))))))'	'=IF($A240="","",IF($AH240<>"","BLOCKED",IF($AG240<>"","FCS — NO PLAY",IF(CALC!$S240=1,"PENDING LINE",IF(CALC!$Q240=1,"STALE LINE",IF($AE240="QB UNCERTAIN","QB UNCERTAIN",IF($AF240<>"","TRANSITION UNCERTAIN",IF(OR($B240="",$C240=""),"DATA INCOMPLETE","READY"))))))))'
ENGINE	AI241	'=IF($A241="","",IF($AH241<>"","BLOCKED",IF($AG241<>"","FCS — NO PLAY",IF(CALC!$S241=1,"PENDING LINE",IF(CALC!$Q241=1,"STALE LINE",IF($AE241="QB UNCERTAIN","QB UNCERTAIN",IF($AF241<>"","FCS/TRANSITION UNCERTAIN",IF(OR($B241="",$C241=""),"DATA INCOMPLETE","READY"))))))))'	'=IF($A241="","",IF($AH241<>"","BLOCKED",IF($AG241<>"","FCS — NO PLAY",IF(CALC!$S241=1,"PENDING LINE",IF(CALC!$Q241=1,"STALE LINE",IF($AE241="QB UNCERTAIN","QB UNCERTAIN",IF($AF241<>"","TRANSITION UNCERTAIN",IF(OR($B241="",$C241=""),"DATA INCOMPLETE","READY"))))))))'
ENGINE	AI242	'=IF($A242="","",IF($AH242<>"","BLOCKED",IF($AG242<>"","FCS — NO PLAY",IF(CALC!$S242=1,"PENDING LINE",IF(CALC!$Q242=1,"STALE LINE",IF($AE242="QB UNCERTAIN","QB UNCERTAIN",IF($AF242<>"","FCS/TRANSITION UNCERTAIN",IF(OR($B242="",$C242=""),"DATA INCOMPLETE","READY"))))))))'	'=IF($A242="","",IF($AH242<>"","BLOCKED",IF($AG242<>"","FCS — NO PLAY",IF(CALC!$S242=1,"PENDING LINE",IF(CALC!$Q242=1,"STALE LINE",IF($AE242="QB UNCERTAIN","QB UNCERTAIN",IF($AF242<>"","TRANSITION UNCERTAIN",IF(OR($B242="",$C242=""),"DATA INCOMPLETE","READY"))))))))'
ENGINE	AI243	'=IF($A243="","",IF($AH243<>"","BLOCKED",IF($AG243<>"","FCS — NO PLAY",IF(CALC!$S243=1,"PENDING LINE",IF(CALC!$Q243=1,"STALE LINE",IF($AE243="QB UNCERTAIN","QB UNCERTAIN",IF($AF243<>"","FCS/TRANSITION UNCERTAIN",IF(OR($B243="",$C243=""),"DATA INCOMPLETE","READY"))))))))'	'=IF($A243="","",IF($AH243<>"","BLOCKED",IF($AG243<>"","FCS — NO PLAY",IF(CALC!$S243=1,"PENDING LINE",IF(CALC!$Q243=1,"STALE LINE",IF($AE243="QB UNCERTAIN","QB UNCERTAIN",IF($AF243<>"","TRANSITION UNCERTAIN",IF(OR($B243="",$C243=""),"DATA INCOMPLETE","READY"))))))))'
ENGINE	AI244	'=IF($A244="","",IF($AH244<>"","BLOCKED",IF($AG244<>"","FCS — NO PLAY",IF(CALC!$S244=1,"PENDING LINE",IF(CALC!$Q244=1,"STALE LINE",IF($AE244="QB UNCERTAIN","QB UNCERTAIN",IF($AF244<>"","FCS/TRANSITION UNCERTAIN",IF(OR($B244="",$C244=""),"DATA INCOMPLETE","READY"))))))))'	'=IF($A244="","",IF($AH244<>"","BLOCKED",IF($AG244<>"","FCS — NO PLAY",IF(CALC!$S244=1,"PENDING LINE",IF(CALC!$Q244=1,"STALE LINE",IF($AE244="QB UNCERTAIN","QB UNCERTAIN",IF($AF244<>"","TRANSITION UNCERTAIN",IF(OR($B244="",$C244=""),"DATA INCOMPLETE","READY"))))))))'
ENGINE	AI245	'=IF($A245="","",IF($AH245<>"","BLOCKED",IF($AG245<>"","FCS — NO PLAY",IF(CALC!$S245=1,"PENDING LINE",IF(CALC!$Q245=1,"STALE LINE",IF($AE245="QB UNCERTAIN","QB UNCERTAIN",IF($AF245<>"","FCS/TRANSITION UNCERTAIN",IF(OR($B245="",$C245=""),"DATA INCOMPLETE","READY"))))))))'	'=IF($A245="","",IF($AH245<>"","BLOCKED",IF($AG245<>"","FCS — NO PLAY",IF(CALC!$S245=1,"PENDING LINE",IF(CALC!$Q245=1,"STALE LINE",IF($AE245="QB UNCERTAIN","QB UNCERTAIN",IF($AF245<>"","TRANSITION UNCERTAIN",IF(OR($B245="",$C245=""),"DATA INCOMPLETE","READY"))))))))'
ENGINE	AI246	'=IF($A246="","",IF($AH246<>"","BLOCKED",IF($AG246<>"","FCS — NO PLAY",IF(CALC!$S246=1,"PENDING LINE",IF(CALC!$Q246=1,"STALE LINE",IF($AE246="QB UNCERTAIN","QB UNCERTAIN",IF($AF246<>"","FCS/TRANSITION UNCERTAIN",IF(OR($B246="",$C246=""),"DATA INCOMPLETE","READY"))))))))'	'=IF($A246="","",IF($AH246<>"","BLOCKED",IF($AG246<>"","FCS — NO PLAY",IF(CALC!$S246=1,"PENDING LINE",IF(CALC!$Q246=1,"STALE LINE",IF($AE246="QB UNCERTAIN","QB UNCERTAIN",IF($AF246<>"","TRANSITION UNCERTAIN",IF(OR($B246="",$C246=""),"DATA INCOMPLETE","READY"))))))))'
ENGINE	AI247	'=IF($A247="","",IF($AH247<>"","BLOCKED",IF($AG247<>"","FCS — NO PLAY",IF(CALC!$S247=1,"PENDING LINE",IF(CALC!$Q247=1,"STALE LINE",IF($AE247="QB UNCERTAIN","QB UNCERTAIN",IF($AF247<>"","FCS/TRANSITION UNCERTAIN",IF(OR($B247="",$C247=""),"DATA INCOMPLETE","READY"))))))))'	'=IF($A247="","",IF($AH247<>"","BLOCKED",IF($AG247<>"","FCS — NO PLAY",IF(CALC!$S247=1,"PENDING LINE",IF(CALC!$Q247=1,"STALE LINE",IF($AE247="QB UNCERTAIN","QB UNCERTAIN",IF($AF247<>"","TRANSITION UNCERTAIN",IF(OR($B247="",$C247=""),"DATA INCOMPLETE","READY"))))))))'
ENGINE	AI248	'=IF($A248="","",IF($AH248<>"","BLOCKED",IF($AG248<>"","FCS — NO PLAY",IF(CALC!$S248=1,"PENDING LINE",IF(CALC!$Q248=1,"STALE LINE",IF($AE248="QB UNCERTAIN","QB UNCERTAIN",IF($AF248<>"","FCS/TRANSITION UNCERTAIN",IF(OR($B248="",$C248=""),"DATA INCOMPLETE","READY"))))))))'	'=IF($A248="","",IF($AH248<>"","BLOCKED",IF($AG248<>"","FCS — NO PLAY",IF(CALC!$S248=1,"PENDING LINE",IF(CALC!$Q248=1,"STALE LINE",IF($AE248="QB UNCERTAIN","QB UNCERTAIN",IF($AF248<>"","TRANSITION UNCERTAIN",IF(OR($B248="",$C248=""),"DATA INCOMPLETE","READY"))))))))'
ENGINE	AI249	'=IF($A249="","",IF($AH249<>"","BLOCKED",IF($AG249<>"","FCS — NO PLAY",IF(CALC!$S249=1,"PENDING LINE",IF(CALC!$Q249=1,"STALE LINE",IF($AE249="QB UNCERTAIN","QB UNCERTAIN",IF($AF249<>"","FCS/TRANSITION UNCERTAIN",IF(OR($B249="",$C249=""),"DATA INCOMPLETE","READY"))))))))'	'=IF($A249="","",IF($AH249<>"","BLOCKED",IF($AG249<>"","FCS — NO PLAY",IF(CALC!$S249=1,"PENDING LINE",IF(CALC!$Q249=1,"STALE LINE",IF($AE249="QB UNCERTAIN","QB UNCERTAIN",IF($AF249<>"","TRANSITION UNCERTAIN",IF(OR($B249="",$C249=""),"DATA INCOMPLETE","READY"))))))))'
ENGINE	AI250	'=IF($A250="","",IF($AH250<>"","BLOCKED",IF($AG250<>"","FCS — NO PLAY",IF(CALC!$S250=1,"PENDING LINE",IF(CALC!$Q250=1,"STALE LINE",IF($AE250="QB UNCERTAIN","QB UNCERTAIN",IF($AF250<>"","FCS/TRANSITION UNCERTAIN",IF(OR($B250="",$C250=""),"DATA INCOMPLETE","READY"))))))))'	'=IF($A250="","",IF($AH250<>"","BLOCKED",IF($AG250<>"","FCS — NO PLAY",IF(CALC!$S250=1,"PENDING LINE",IF(CALC!$Q250=1,"STALE LINE",IF($AE250="QB UNCERTAIN","QB UNCERTAIN",IF($AF250<>"","TRANSITION UNCERTAIN",IF(OR($B250="",$C250=""),"DATA INCOMPLETE","READY"))))))))'
ENGINE	AI251	'=IF($A251="","",IF($AH251<>"","BLOCKED",IF($AG251<>"","FCS — NO PLAY",IF(CALC!$S251=1,"PENDING LINE",IF(CALC!$Q251=1,"STALE LINE",IF($AE251="QB UNCERTAIN","QB UNCERTAIN",IF($AF251<>"","FCS/TRANSITION UNCERTAIN",IF(OR($B251="",$C251=""),"DATA INCOMPLETE","READY"))))))))'	'=IF($A251="","",IF($AH251<>"","BLOCKED",IF($AG251<>"","FCS — NO PLAY",IF(CALC!$S251=1,"PENDING LINE",IF(CALC!$Q251=1,"STALE LINE",IF($AE251="QB UNCERTAIN","QB UNCERTAIN",IF($AF251<>"","TRANSITION UNCERTAIN",IF(OR($B251="",$C251=""),"DATA INCOMPLETE","READY"))))))))'
ENGINE	AI252	'=IF($A252="","",IF($AH252<>"","BLOCKED",IF($AG252<>"","FCS — NO PLAY",IF(CALC!$S252=1,"PENDING LINE",IF(CALC!$Q252=1,"STALE LINE",IF($AE252="QB UNCERTAIN","QB UNCERTAIN",IF($AF252<>"","FCS/TRANSITION UNCERTAIN",IF(OR($B252="",$C252=""),"DATA INCOMPLETE","READY"))))))))'	'=IF($A252="","",IF($AH252<>"","BLOCKED",IF($AG252<>"","FCS — NO PLAY",IF(CALC!$S252=1,"PENDING LINE",IF(CALC!$Q252=1,"STALE LINE",IF($AE252="QB UNCERTAIN","QB UNCERTAIN",IF($AF252<>"","TRANSITION UNCERTAIN",IF(OR($B252="",$C252=""),"DATA INCOMPLETE","READY"))))))))'
ENGINE	AI253	'=IF($A253="","",IF($AH253<>"","BLOCKED",IF($AG253<>"","FCS — NO PLAY",IF(CALC!$S253=1,"PENDING LINE",IF(CALC!$Q253=1,"STALE LINE",IF($AE253="QB UNCERTAIN","QB UNCERTAIN",IF($AF253<>"","FCS/TRANSITION UNCERTAIN",IF(OR($B253="",$C253=""),"DATA INCOMPLETE","READY"))))))))'	'=IF($A253="","",IF($AH253<>"","BLOCKED",IF($AG253<>"","FCS — NO PLAY",IF(CALC!$S253=1,"PENDING LINE",IF(CALC!$Q253=1,"STALE LINE",IF($AE253="QB UNCERTAIN","QB UNCERTAIN",IF($AF253<>"","TRANSITION UNCERTAIN",IF(OR($B253="",$C253=""),"DATA INCOMPLETE","READY"))))))))'
ENGINE	AI254	'=IF($A254="","",IF($AH254<>"","BLOCKED",IF($AG254<>"","FCS — NO PLAY",IF(CALC!$S254=1,"PENDING LINE",IF(CALC!$Q254=1,"STALE LINE",IF($AE254="QB UNCERTAIN","QB UNCERTAIN",IF($AF254<>"","FCS/TRANSITION UNCERTAIN",IF(OR($B254="",$C254=""),"DATA INCOMPLETE","READY"))))))))'	'=IF($A254="","",IF($AH254<>"","BLOCKED",IF($AG254<>"","FCS — NO PLAY",IF(CALC!$S254=1,"PENDING LINE",IF(CALC!$Q254=1,"STALE LINE",IF($AE254="QB UNCERTAIN","QB UNCERTAIN",IF($AF254<>"","TRANSITION UNCERTAIN",IF(OR($B254="",$C254=""),"DATA INCOMPLETE","READY"))))))))'
ENGINE	AI255	'=IF($A255="","",IF($AH255<>"","BLOCKED",IF($AG255<>"","FCS — NO PLAY",IF(CALC!$S255=1,"PENDING LINE",IF(CALC!$Q255=1,"STALE LINE",IF($AE255="QB UNCERTAIN","QB UNCERTAIN",IF($AF255<>"","FCS/TRANSITION UNCERTAIN",IF(OR($B255="",$C255=""),"DATA INCOMPLETE","READY"))))))))'	'=IF($A255="","",IF($AH255<>"","BLOCKED",IF($AG255<>"","FCS — NO PLAY",IF(CALC!$S255=1,"PENDING LINE",IF(CALC!$Q255=1,"STALE LINE",IF($AE255="QB UNCERTAIN","QB UNCERTAIN",IF($AF255<>"","TRANSITION UNCERTAIN",IF(OR($B255="",$C255=""),"DATA INCOMPLETE","READY"))))))))'
ENGINE	AI256	'=IF($A256="","",IF($AH256<>"","BLOCKED",IF($AG256<>"","FCS — NO PLAY",IF(CALC!$S256=1,"PENDING LINE",IF(CALC!$Q256=1,"STALE LINE",IF($AE256="QB UNCERTAIN","QB UNCERTAIN",IF($AF256<>"","FCS/TRANSITION UNCERTAIN",IF(OR($B256="",$C256=""),"DATA INCOMPLETE","READY"))))))))'	'=IF($A256="","",IF($AH256<>"","BLOCKED",IF($AG256<>"","FCS — NO PLAY",IF(CALC!$S256=1,"PENDING LINE",IF(CALC!$Q256=1,"STALE LINE",IF($AE256="QB UNCERTAIN","QB UNCERTAIN",IF($AF256<>"","TRANSITION UNCERTAIN",IF(OR($B256="",$C256=""),"DATA INCOMPLETE","READY"))))))))'
ENGINE	AI257	'=IF($A257="","",IF($AH257<>"","BLOCKED",IF($AG257<>"","FCS — NO PLAY",IF(CALC!$S257=1,"PENDING LINE",IF(CALC!$Q257=1,"STALE LINE",IF($AE257="QB UNCERTAIN","QB UNCERTAIN",IF($AF257<>"","FCS/TRANSITION UNCERTAIN",IF(OR($B257="",$C257=""),"DATA INCOMPLETE","READY"))))))))'	'=IF($A257="","",IF($AH257<>"","BLOCKED",IF($AG257<>"","FCS — NO PLAY",IF(CALC!$S257=1,"PENDING LINE",IF(CALC!$Q257=1,"STALE LINE",IF($AE257="QB UNCERTAIN","QB UNCERTAIN",IF($AF257<>"","TRANSITION UNCERTAIN",IF(OR($B257="",$C257=""),"DATA INCOMPLETE","READY"))))))))'
ENGINE	AI258	'=IF($A258="","",IF($AH258<>"","BLOCKED",IF($AG258<>"","FCS — NO PLAY",IF(CALC!$S258=1,"PENDING LINE",IF(CALC!$Q258=1,"STALE LINE",IF($AE258="QB UNCERTAIN","QB UNCERTAIN",IF($AF258<>"","FCS/TRANSITION UNCERTAIN",IF(OR($B258="",$C258=""),"DATA INCOMPLETE","READY"))))))))'	'=IF($A258="","",IF($AH258<>"","BLOCKED",IF($AG258<>"","FCS — NO PLAY",IF(CALC!$S258=1,"PENDING LINE",IF(CALC!$Q258=1,"STALE LINE",IF($AE258="QB UNCERTAIN","QB UNCERTAIN",IF($AF258<>"","TRANSITION UNCERTAIN",IF(OR($B258="",$C258=""),"DATA INCOMPLETE","READY"))))))))'
ENGINE	AI259	'=IF($A259="","",IF($AH259<>"","BLOCKED",IF($AG259<>"","FCS — NO PLAY",IF(CALC!$S259=1,"PENDING LINE",IF(CALC!$Q259=1,"STALE LINE",IF($AE259="QB UNCERTAIN","QB UNCERTAIN",IF($AF259<>"","FCS/TRANSITION UNCERTAIN",IF(OR($B259="",$C259=""),"DATA INCOMPLETE","READY"))))))))'	'=IF($A259="","",IF($AH259<>"","BLOCKED",IF($AG259<>"","FCS — NO PLAY",IF(CALC!$S259=1,"PENDING LINE",IF(CALC!$Q259=1,"STALE LINE",IF($AE259="QB UNCERTAIN","QB UNCERTAIN",IF($AF259<>"","TRANSITION UNCERTAIN",IF(OR($B259="",$C259=""),"DATA INCOMPLETE","READY"))))))))'
ENGINE	AI260	'=IF($A260="","",IF($AH260<>"","BLOCKED",IF($AG260<>"","FCS — NO PLAY",IF(CALC!$S260=1,"PENDING LINE",IF(CALC!$Q260=1,"STALE LINE",IF($AE260="QB UNCERTAIN","QB UNCERTAIN",IF($AF260<>"","FCS/TRANSITION UNCERTAIN",IF(OR($B260="",$C260=""),"DATA INCOMPLETE","READY"))))))))'	'=IF($A260="","",IF($AH260<>"","BLOCKED",IF($AG260<>"","FCS — NO PLAY",IF(CALC!$S260=1,"PENDING LINE",IF(CALC!$Q260=1,"STALE LINE",IF($AE260="QB UNCERTAIN","QB UNCERTAIN",IF($AF260<>"","TRANSITION UNCERTAIN",IF(OR($B260="",$C260=""),"DATA INCOMPLETE","READY"))))))))'
ENGINE	AI261	'=IF($A261="","",IF($AH261<>"","BLOCKED",IF($AG261<>"","FCS — NO PLAY",IF(CALC!$S261=1,"PENDING LINE",IF(CALC!$Q261=1,"STALE LINE",IF($AE261="QB UNCERTAIN","QB UNCERTAIN",IF($AF261<>"","FCS/TRANSITION UNCERTAIN",IF(OR($B261="",$C261=""),"DATA INCOMPLETE","READY"))))))))'	'=IF($A261="","",IF($AH261<>"","BLOCKED",IF($AG261<>"","FCS — NO PLAY",IF(CALC!$S261=1,"PENDING LINE",IF(CALC!$Q261=1,"STALE LINE",IF($AE261="QB UNCERTAIN","QB UNCERTAIN",IF($AF261<>"","TRANSITION UNCERTAIN",IF(OR($B261="",$C261=""),"DATA INCOMPLETE","READY"))))))))'
ENGINE	AI262	'=IF($A262="","",IF($AH262<>"","BLOCKED",IF($AG262<>"","FCS — NO PLAY",IF(CALC!$S262=1,"PENDING LINE",IF(CALC!$Q262=1,"STALE LINE",IF($AE262="QB UNCERTAIN","QB UNCERTAIN",IF($AF262<>"","FCS/TRANSITION UNCERTAIN",IF(OR($B262="",$C262=""),"DATA INCOMPLETE","READY"))))))))'	'=IF($A262="","",IF($AH262<>"","BLOCKED",IF($AG262<>"","FCS — NO PLAY",IF(CALC!$S262=1,"PENDING LINE",IF(CALC!$Q262=1,"STALE LINE",IF($AE262="QB UNCERTAIN","QB UNCERTAIN",IF($AF262<>"","TRANSITION UNCERTAIN",IF(OR($B262="",$C262=""),"DATA INCOMPLETE","READY"))))))))'
ENGINE	AI263	'=IF($A263="","",IF($AH263<>"","BLOCKED",IF($AG263<>"","FCS — NO PLAY",IF(CALC!$S263=1,"PENDING LINE",IF(CALC!$Q263=1,"STALE LINE",IF($AE263="QB UNCERTAIN","QB UNCERTAIN",IF($AF263<>"","FCS/TRANSITION UNCERTAIN",IF(OR($B263="",$C263=""),"DATA INCOMPLETE","READY"))))))))'	'=IF($A263="","",IF($AH263<>"","BLOCKED",IF($AG263<>"","FCS — NO PLAY",IF(CALC!$S263=1,"PENDING LINE",IF(CALC!$Q263=1,"STALE LINE",IF($AE263="QB UNCERTAIN","QB UNCERTAIN",IF($AF263<>"","TRANSITION UNCERTAIN",IF(OR($B263="",$C263=""),"DATA INCOMPLETE","READY"))))))))'
ENGINE	AI264	'=IF($A264="","",IF($AH264<>"","BLOCKED",IF($AG264<>"","FCS — NO PLAY",IF(CALC!$S264=1,"PENDING LINE",IF(CALC!$Q264=1,"STALE LINE",IF($AE264="QB UNCERTAIN","QB UNCERTAIN",IF($AF264<>"","FCS/TRANSITION UNCERTAIN",IF(OR($B264="",$C264=""),"DATA INCOMPLETE","READY"))))))))'	'=IF($A264="","",IF($AH264<>"","BLOCKED",IF($AG264<>"","FCS — NO PLAY",IF(CALC!$S264=1,"PENDING LINE",IF(CALC!$Q264=1,"STALE LINE",IF($AE264="QB UNCERTAIN","QB UNCERTAIN",IF($AF264<>"","TRANSITION UNCERTAIN",IF(OR($B264="",$C264=""),"DATA INCOMPLETE","READY"))))))))'
ENGINE	AI265	'=IF($A265="","",IF($AH265<>"","BLOCKED",IF($AG265<>"","FCS — NO PLAY",IF(CALC!$S265=1,"PENDING LINE",IF(CALC!$Q265=1,"STALE LINE",IF($AE265="QB UNCERTAIN","QB UNCERTAIN",IF($AF265<>"","FCS/TRANSITION UNCERTAIN",IF(OR($B265="",$C265=""),"DATA INCOMPLETE","READY"))))))))'	'=IF($A265="","",IF($AH265<>"","BLOCKED",IF($AG265<>"","FCS — NO PLAY",IF(CALC!$S265=1,"PENDING LINE",IF(CALC!$Q265=1,"STALE LINE",IF($AE265="QB UNCERTAIN","QB UNCERTAIN",IF($AF265<>"","TRANSITION UNCERTAIN",IF(OR($B265="",$C265=""),"DATA INCOMPLETE","READY"))))))))'
ENGINE	AI266	'=IF($A266="","",IF($AH266<>"","BLOCKED",IF($AG266<>"","FCS — NO PLAY",IF(CALC!$S266=1,"PENDING LINE",IF(CALC!$Q266=1,"STALE LINE",IF($AE266="QB UNCERTAIN","QB UNCERTAIN",IF($AF266<>"","FCS/TRANSITION UNCERTAIN",IF(OR($B266="",$C266=""),"DATA INCOMPLETE","READY"))))))))'	'=IF($A266="","",IF($AH266<>"","BLOCKED",IF($AG266<>"","FCS — NO PLAY",IF(CALC!$S266=1,"PENDING LINE",IF(CALC!$Q266=1,"STALE LINE",IF($AE266="QB UNCERTAIN","QB UNCERTAIN",IF($AF266<>"","TRANSITION UNCERTAIN",IF(OR($B266="",$C266=""),"DATA INCOMPLETE","READY"))))))))'
ENGINE	AI267	'=IF($A267="","",IF($AH267<>"","BLOCKED",IF($AG267<>"","FCS — NO PLAY",IF(CALC!$S267=1,"PENDING LINE",IF(CALC!$Q267=1,"STALE LINE",IF($AE267="QB UNCERTAIN","QB UNCERTAIN",IF($AF267<>"","FCS/TRANSITION UNCERTAIN",IF(OR($B267="",$C267=""),"DATA INCOMPLETE","READY"))))))))'	'=IF($A267="","",IF($AH267<>"","BLOCKED",IF($AG267<>"","FCS — NO PLAY",IF(CALC!$S267=1,"PENDING LINE",IF(CALC!$Q267=1,"STALE LINE",IF($AE267="QB UNCERTAIN","QB UNCERTAIN",IF($AF267<>"","TRANSITION UNCERTAIN",IF(OR($B267="",$C267=""),"DATA INCOMPLETE","READY"))))))))'
ENGINE	AI268	'=IF($A268="","",IF($AH268<>"","BLOCKED",IF($AG268<>"","FCS — NO PLAY",IF(CALC!$S268=1,"PENDING LINE",IF(CALC!$Q268=1,"STALE LINE",IF($AE268="QB UNCERTAIN","QB UNCERTAIN",IF($AF268<>"","FCS/TRANSITION UNCERTAIN",IF(OR($B268="",$C268=""),"DATA INCOMPLETE","READY"))))))))'	'=IF($A268="","",IF($AH268<>"","BLOCKED",IF($AG268<>"","FCS — NO PLAY",IF(CALC!$S268=1,"PENDING LINE",IF(CALC!$Q268=1,"STALE LINE",IF($AE268="QB UNCERTAIN","QB UNCERTAIN",IF($AF268<>"","TRANSITION UNCERTAIN",IF(OR($B268="",$C268=""),"DATA INCOMPLETE","READY"))))))))'
ENGINE	AI269	'=IF($A269="","",IF($AH269<>"","BLOCKED",IF($AG269<>"","FCS — NO PLAY",IF(CALC!$S269=1,"PENDING LINE",IF(CALC!$Q269=1,"STALE LINE",IF($AE269="QB UNCERTAIN","QB UNCERTAIN",IF($AF269<>"","FCS/TRANSITION UNCERTAIN",IF(OR($B269="",$C269=""),"DATA INCOMPLETE","READY"))))))))'	'=IF($A269="","",IF($AH269<>"","BLOCKED",IF($AG269<>"","FCS — NO PLAY",IF(CALC!$S269=1,"PENDING LINE",IF(CALC!$Q269=1,"STALE LINE",IF($AE269="QB UNCERTAIN","QB UNCERTAIN",IF($AF269<>"","TRANSITION UNCERTAIN",IF(OR($B269="",$C269=""),"DATA INCOMPLETE","READY"))))))))'
ENGINE	AI270	'=IF($A270="","",IF($AH270<>"","BLOCKED",IF($AG270<>"","FCS — NO PLAY",IF(CALC!$S270=1,"PENDING LINE",IF(CALC!$Q270=1,"STALE LINE",IF($AE270="QB UNCERTAIN","QB UNCERTAIN",IF($AF270<>"","FCS/TRANSITION UNCERTAIN",IF(OR($B270="",$C270=""),"DATA INCOMPLETE","READY"))))))))'	'=IF($A270="","",IF($AH270<>"","BLOCKED",IF($AG270<>"","FCS — NO PLAY",IF(CALC!$S270=1,"PENDING LINE",IF(CALC!$Q270=1,"STALE LINE",IF($AE270="QB UNCERTAIN","QB UNCERTAIN",IF($AF270<>"","TRANSITION UNCERTAIN",IF(OR($B270="",$C270=""),"DATA INCOMPLETE","READY"))))))))'
ENGINE	AI271	'=IF($A271="","",IF($AH271<>"","BLOCKED",IF($AG271<>"","FCS — NO PLAY",IF(CALC!$S271=1,"PENDING LINE",IF(CALC!$Q271=1,"STALE LINE",IF($AE271="QB UNCERTAIN","QB UNCERTAIN",IF($AF271<>"","FCS/TRANSITION UNCERTAIN",IF(OR($B271="",$C271=""),"DATA INCOMPLETE","READY"))))))))'	'=IF($A271="","",IF($AH271<>"","BLOCKED",IF($AG271<>"","FCS — NO PLAY",IF(CALC!$S271=1,"PENDING LINE",IF(CALC!$Q271=1,"STALE LINE",IF($AE271="QB UNCERTAIN","QB UNCERTAIN",IF($AF271<>"","TRANSITION UNCERTAIN",IF(OR($B271="",$C271=""),"DATA INCOMPLETE","READY"))))))))'
ENGINE	AI272	'=IF($A272="","",IF($AH272<>"","BLOCKED",IF($AG272<>"","FCS — NO PLAY",IF(CALC!$S272=1,"PENDING LINE",IF(CALC!$Q272=1,"STALE LINE",IF($AE272="QB UNCERTAIN","QB UNCERTAIN",IF($AF272<>"","FCS/TRANSITION UNCERTAIN",IF(OR($B272="",$C272=""),"DATA INCOMPLETE","READY"))))))))'	'=IF($A272="","",IF($AH272<>"","BLOCKED",IF($AG272<>"","FCS — NO PLAY",IF(CALC!$S272=1,"PENDING LINE",IF(CALC!$Q272=1,"STALE LINE",IF($AE272="QB UNCERTAIN","QB UNCERTAIN",IF($AF272<>"","TRANSITION UNCERTAIN",IF(OR($B272="",$C272=""),"DATA INCOMPLETE","READY"))))))))'
ENGINE	AI273	'=IF($A273="","",IF($AH273<>"","BLOCKED",IF($AG273<>"","FCS — NO PLAY",IF(CALC!$S273=1,"PENDING LINE",IF(CALC!$Q273=1,"STALE LINE",IF($AE273="QB UNCERTAIN","QB UNCERTAIN",IF($AF273<>"","FCS/TRANSITION UNCERTAIN",IF(OR($B273="",$C273=""),"DATA INCOMPLETE","READY"))))))))'	'=IF($A273="","",IF($AH273<>"","BLOCKED",IF($AG273<>"","FCS — NO PLAY",IF(CALC!$S273=1,"PENDING LINE",IF(CALC!$Q273=1,"STALE LINE",IF($AE273="QB UNCERTAIN","QB UNCERTAIN",IF($AF273<>"","TRANSITION UNCERTAIN",IF(OR($B273="",$C273=""),"DATA INCOMPLETE","READY"))))))))'
ENGINE	AI274	'=IF($A274="","",IF($AH274<>"","BLOCKED",IF($AG274<>"","FCS — NO PLAY",IF(CALC!$S274=1,"PENDING LINE",IF(CALC!$Q274=1,"STALE LINE",IF($AE274="QB UNCERTAIN","QB UNCERTAIN",IF($AF274<>"","FCS/TRANSITION UNCERTAIN",IF(OR($B274="",$C274=""),"DATA INCOMPLETE","READY"))))))))'	'=IF($A274="","",IF($AH274<>"","BLOCKED",IF($AG274<>"","FCS — NO PLAY",IF(CALC!$S274=1,"PENDING LINE",IF(CALC!$Q274=1,"STALE LINE",IF($AE274="QB UNCERTAIN","QB UNCERTAIN",IF($AF274<>"","TRANSITION UNCERTAIN",IF(OR($B274="",$C274=""),"DATA INCOMPLETE","READY"))))))))'
ENGINE	AI275	'=IF($A275="","",IF($AH275<>"","BLOCKED",IF($AG275<>"","FCS — NO PLAY",IF(CALC!$S275=1,"PENDING LINE",IF(CALC!$Q275=1,"STALE LINE",IF($AE275="QB UNCERTAIN","QB UNCERTAIN",IF($AF275<>"","FCS/TRANSITION UNCERTAIN",IF(OR($B275="",$C275=""),"DATA INCOMPLETE","READY"))))))))'	'=IF($A275="","",IF($AH275<>"","BLOCKED",IF($AG275<>"","FCS — NO PLAY",IF(CALC!$S275=1,"PENDING LINE",IF(CALC!$Q275=1,"STALE LINE",IF($AE275="QB UNCERTAIN","QB UNCERTAIN",IF($AF275<>"","TRANSITION UNCERTAIN",IF(OR($B275="",$C275=""),"DATA INCOMPLETE","READY"))))))))'
ENGINE	AI276	'=IF($A276="","",IF($AH276<>"","BLOCKED",IF($AG276<>"","FCS — NO PLAY",IF(CALC!$S276=1,"PENDING LINE",IF(CALC!$Q276=1,"STALE LINE",IF($AE276="QB UNCERTAIN","QB UNCERTAIN",IF($AF276<>"","FCS/TRANSITION UNCERTAIN",IF(OR($B276="",$C276=""),"DATA INCOMPLETE","READY"))))))))'	'=IF($A276="","",IF($AH276<>"","BLOCKED",IF($AG276<>"","FCS — NO PLAY",IF(CALC!$S276=1,"PENDING LINE",IF(CALC!$Q276=1,"STALE LINE",IF($AE276="QB UNCERTAIN","QB UNCERTAIN",IF($AF276<>"","TRANSITION UNCERTAIN",IF(OR($B276="",$C276=""),"DATA INCOMPLETE","READY"))))))))'
ENGINE	AI277	'=IF($A277="","",IF($AH277<>"","BLOCKED",IF($AG277<>"","FCS — NO PLAY",IF(CALC!$S277=1,"PENDING LINE",IF(CALC!$Q277=1,"STALE LINE",IF($AE277="QB UNCERTAIN","QB UNCERTAIN",IF($AF277<>"","FCS/TRANSITION UNCERTAIN",IF(OR($B277="",$C277=""),"DATA INCOMPLETE","READY"))))))))'	'=IF($A277="","",IF($AH277<>"","BLOCKED",IF($AG277<>"","FCS — NO PLAY",IF(CALC!$S277=1,"PENDING LINE",IF(CALC!$Q277=1,"STALE LINE",IF($AE277="QB UNCERTAIN","QB UNCERTAIN",IF($AF277<>"","TRANSITION UNCERTAIN",IF(OR($B277="",$C277=""),"DATA INCOMPLETE","READY"))))))))'
ENGINE	AI278	'=IF($A278="","",IF($AH278<>"","BLOCKED",IF($AG278<>"","FCS — NO PLAY",IF(CALC!$S278=1,"PENDING LINE",IF(CALC!$Q278=1,"STALE LINE",IF($AE278="QB UNCERTAIN","QB UNCERTAIN",IF($AF278<>"","FCS/TRANSITION UNCERTAIN",IF(OR($B278="",$C278=""),"DATA INCOMPLETE","READY"))))))))'	'=IF($A278="","",IF($AH278<>"","BLOCKED",IF($AG278<>"","FCS — NO PLAY",IF(CALC!$S278=1,"PENDING LINE",IF(CALC!$Q278=1,"STALE LINE",IF($AE278="QB UNCERTAIN","QB UNCERTAIN",IF($AF278<>"","TRANSITION UNCERTAIN",IF(OR($B278="",$C278=""),"DATA INCOMPLETE","READY"))))))))'
ENGINE	AI279	'=IF($A279="","",IF($AH279<>"","BLOCKED",IF($AG279<>"","FCS — NO PLAY",IF(CALC!$S279=1,"PENDING LINE",IF(CALC!$Q279=1,"STALE LINE",IF($AE279="QB UNCERTAIN","QB UNCERTAIN",IF($AF279<>"","FCS/TRANSITION UNCERTAIN",IF(OR($B279="",$C279=""),"DATA INCOMPLETE","READY"))))))))'	'=IF($A279="","",IF($AH279<>"","BLOCKED",IF($AG279<>"","FCS — NO PLAY",IF(CALC!$S279=1,"PENDING LINE",IF(CALC!$Q279=1,"STALE LINE",IF($AE279="QB UNCERTAIN","QB UNCERTAIN",IF($AF279<>"","TRANSITION UNCERTAIN",IF(OR($B279="",$C279=""),"DATA INCOMPLETE","READY"))))))))'
ENGINE	AI280	'=IF($A280="","",IF($AH280<>"","BLOCKED",IF($AG280<>"","FCS — NO PLAY",IF(CALC!$S280=1,"PENDING LINE",IF(CALC!$Q280=1,"STALE LINE",IF($AE280="QB UNCERTAIN","QB UNCERTAIN",IF($AF280<>"","FCS/TRANSITION UNCERTAIN",IF(OR($B280="",$C280=""),"DATA INCOMPLETE","READY"))))))))'	'=IF($A280="","",IF($AH280<>"","BLOCKED",IF($AG280<>"","FCS — NO PLAY",IF(CALC!$S280=1,"PENDING LINE",IF(CALC!$Q280=1,"STALE LINE",IF($AE280="QB UNCERTAIN","QB UNCERTAIN",IF($AF280<>"","TRANSITION UNCERTAIN",IF(OR($B280="",$C280=""),"DATA INCOMPLETE","READY"))))))))'
ENGINE	AI281	'=IF($A281="","",IF($AH281<>"","BLOCKED",IF($AG281<>"","FCS — NO PLAY",IF(CALC!$S281=1,"PENDING LINE",IF(CALC!$Q281=1,"STALE LINE",IF($AE281="QB UNCERTAIN","QB UNCERTAIN",IF($AF281<>"","FCS/TRANSITION UNCERTAIN",IF(OR($B281="",$C281=""),"DATA INCOMPLETE","READY"))))))))'	'=IF($A281="","",IF($AH281<>"","BLOCKED",IF($AG281<>"","FCS — NO PLAY",IF(CALC!$S281=1,"PENDING LINE",IF(CALC!$Q281=1,"STALE LINE",IF($AE281="QB UNCERTAIN","QB UNCERTAIN",IF($AF281<>"","TRANSITION UNCERTAIN",IF(OR($B281="",$C281=""),"DATA INCOMPLETE","READY"))))))))'
ENGINE	AI282	'=IF($A282="","",IF($AH282<>"","BLOCKED",IF($AG282<>"","FCS — NO PLAY",IF(CALC!$S282=1,"PENDING LINE",IF(CALC!$Q282=1,"STALE LINE",IF($AE282="QB UNCERTAIN","QB UNCERTAIN",IF($AF282<>"","FCS/TRANSITION UNCERTAIN",IF(OR($B282="",$C282=""),"DATA INCOMPLETE","READY"))))))))'	'=IF($A282="","",IF($AH282<>"","BLOCKED",IF($AG282<>"","FCS — NO PLAY",IF(CALC!$S282=1,"PENDING LINE",IF(CALC!$Q282=1,"STALE LINE",IF($AE282="QB UNCERTAIN","QB UNCERTAIN",IF($AF282<>"","TRANSITION UNCERTAIN",IF(OR($B282="",$C282=""),"DATA INCOMPLETE","READY"))))))))'
ENGINE	AI283	'=IF($A283="","",IF($AH283<>"","BLOCKED",IF($AG283<>"","FCS — NO PLAY",IF(CALC!$S283=1,"PENDING LINE",IF(CALC!$Q283=1,"STALE LINE",IF($AE283="QB UNCERTAIN","QB UNCERTAIN",IF($AF283<>"","FCS/TRANSITION UNCERTAIN",IF(OR($B283="",$C283=""),"DATA INCOMPLETE","READY"))))))))'	'=IF($A283="","",IF($AH283<>"","BLOCKED",IF($AG283<>"","FCS — NO PLAY",IF(CALC!$S283=1,"PENDING LINE",IF(CALC!$Q283=1,"STALE LINE",IF($AE283="QB UNCERTAIN","QB UNCERTAIN",IF($AF283<>"","TRANSITION UNCERTAIN",IF(OR($B283="",$C283=""),"DATA INCOMPLETE","READY"))))))))'
ENGINE	AI284	'=IF($A284="","",IF($AH284<>"","BLOCKED",IF($AG284<>"","FCS — NO PLAY",IF(CALC!$S284=1,"PENDING LINE",IF(CALC!$Q284=1,"STALE LINE",IF($AE284="QB UNCERTAIN","QB UNCERTAIN",IF($AF284<>"","FCS/TRANSITION UNCERTAIN",IF(OR($B284="",$C284=""),"DATA INCOMPLETE","READY"))))))))'	'=IF($A284="","",IF($AH284<>"","BLOCKED",IF($AG284<>"","FCS — NO PLAY",IF(CALC!$S284=1,"PENDING LINE",IF(CALC!$Q284=1,"STALE LINE",IF($AE284="QB UNCERTAIN","QB UNCERTAIN",IF($AF284<>"","TRANSITION UNCERTAIN",IF(OR($B284="",$C284=""),"DATA INCOMPLETE","READY"))))))))'
ENGINE	AI285	'=IF($A285="","",IF($AH285<>"","BLOCKED",IF($AG285<>"","FCS — NO PLAY",IF(CALC!$S285=1,"PENDING LINE",IF(CALC!$Q285=1,"STALE LINE",IF($AE285="QB UNCERTAIN","QB UNCERTAIN",IF($AF285<>"","FCS/TRANSITION UNCERTAIN",IF(OR($B285="",$C285=""),"DATA INCOMPLETE","READY"))))))))'	'=IF($A285="","",IF($AH285<>"","BLOCKED",IF($AG285<>"","FCS — NO PLAY",IF(CALC!$S285=1,"PENDING LINE",IF(CALC!$Q285=1,"STALE LINE",IF($AE285="QB UNCERTAIN","QB UNCERTAIN",IF($AF285<>"","TRANSITION UNCERTAIN",IF(OR($B285="",$C285=""),"DATA INCOMPLETE","READY"))))))))'
ENGINE	AI286	'=IF($A286="","",IF($AH286<>"","BLOCKED",IF($AG286<>"","FCS — NO PLAY",IF(CALC!$S286=1,"PENDING LINE",IF(CALC!$Q286=1,"STALE LINE",IF($AE286="QB UNCERTAIN","QB UNCERTAIN",IF($AF286<>"","FCS/TRANSITION UNCERTAIN",IF(OR($B286="",$C286=""),"DATA INCOMPLETE","READY"))))))))'	'=IF($A286="","",IF($AH286<>"","BLOCKED",IF($AG286<>"","FCS — NO PLAY",IF(CALC!$S286=1,"PENDING LINE",IF(CALC!$Q286=1,"STALE LINE",IF($AE286="QB UNCERTAIN","QB UNCERTAIN",IF($AF286<>"","TRANSITION UNCERTAIN",IF(OR($B286="",$C286=""),"DATA INCOMPLETE","READY"))))))))'
ENGINE	AI287	'=IF($A287="","",IF($AH287<>"","BLOCKED",IF($AG287<>"","FCS — NO PLAY",IF(CALC!$S287=1,"PENDING LINE",IF(CALC!$Q287=1,"STALE LINE",IF($AE287="QB UNCERTAIN","QB UNCERTAIN",IF($AF287<>"","FCS/TRANSITION UNCERTAIN",IF(OR($B287="",$C287=""),"DATA INCOMPLETE","READY"))))))))'	'=IF($A287="","",IF($AH287<>"","BLOCKED",IF($AG287<>"","FCS — NO PLAY",IF(CALC!$S287=1,"PENDING LINE",IF(CALC!$Q287=1,"STALE LINE",IF($AE287="QB UNCERTAIN","QB UNCERTAIN",IF($AF287<>"","TRANSITION UNCERTAIN",IF(OR($B287="",$C287=""),"DATA INCOMPLETE","READY"))))))))'
ENGINE	AI288	'=IF($A288="","",IF($AH288<>"","BLOCKED",IF($AG288<>"","FCS — NO PLAY",IF(CALC!$S288=1,"PENDING LINE",IF(CALC!$Q288=1,"STALE LINE",IF($AE288="QB UNCERTAIN","QB UNCERTAIN",IF($AF288<>"","FCS/TRANSITION UNCERTAIN",IF(OR($B288="",$C288=""),"DATA INCOMPLETE","READY"))))))))'	'=IF($A288="","",IF($AH288<>"","BLOCKED",IF($AG288<>"","FCS — NO PLAY",IF(CALC!$S288=1,"PENDING LINE",IF(CALC!$Q288=1,"STALE LINE",IF($AE288="QB UNCERTAIN","QB UNCERTAIN",IF($AF288<>"","TRANSITION UNCERTAIN",IF(OR($B288="",$C288=""),"DATA INCOMPLETE","READY"))))))))'
ENGINE	AI289	'=IF($A289="","",IF($AH289<>"","BLOCKED",IF($AG289<>"","FCS — NO PLAY",IF(CALC!$S289=1,"PENDING LINE",IF(CALC!$Q289=1,"STALE LINE",IF($AE289="QB UNCERTAIN","QB UNCERTAIN",IF($AF289<>"","FCS/TRANSITION UNCERTAIN",IF(OR($B289="",$C289=""),"DATA INCOMPLETE","READY"))))))))'	'=IF($A289="","",IF($AH289<>"","BLOCKED",IF($AG289<>"","FCS — NO PLAY",IF(CALC!$S289=1,"PENDING LINE",IF(CALC!$Q289=1,"STALE LINE",IF($AE289="QB UNCERTAIN","QB UNCERTAIN",IF($AF289<>"","TRANSITION UNCERTAIN",IF(OR($B289="",$C289=""),"DATA INCOMPLETE","READY"))))))))'
ENGINE	AI290	'=IF($A290="","",IF($AH290<>"","BLOCKED",IF($AG290<>"","FCS — NO PLAY",IF(CALC!$S290=1,"PENDING LINE",IF(CALC!$Q290=1,"STALE LINE",IF($AE290="QB UNCERTAIN","QB UNCERTAIN",IF($AF290<>"","FCS/TRANSITION UNCERTAIN",IF(OR($B290="",$C290=""),"DATA INCOMPLETE","READY"))))))))'	'=IF($A290="","",IF($AH290<>"","BLOCKED",IF($AG290<>"","FCS — NO PLAY",IF(CALC!$S290=1,"PENDING LINE",IF(CALC!$Q290=1,"STALE LINE",IF($AE290="QB UNCERTAIN","QB UNCERTAIN",IF($AF290<>"","TRANSITION UNCERTAIN",IF(OR($B290="",$C290=""),"DATA INCOMPLETE","READY"))))))))'
ENGINE	AI291	'=IF($A291="","",IF($AH291<>"","BLOCKED",IF($AG291<>"","FCS — NO PLAY",IF(CALC!$S291=1,"PENDING LINE",IF(CALC!$Q291=1,"STALE LINE",IF($AE291="QB UNCERTAIN","QB UNCERTAIN",IF($AF291<>"","FCS/TRANSITION UNCERTAIN",IF(OR($B291="",$C291=""),"DATA INCOMPLETE","READY"))))))))'	'=IF($A291="","",IF($AH291<>"","BLOCKED",IF($AG291<>"","FCS — NO PLAY",IF(CALC!$S291=1,"PENDING LINE",IF(CALC!$Q291=1,"STALE LINE",IF($AE291="QB UNCERTAIN","QB UNCERTAIN",IF($AF291<>"","TRANSITION UNCERTAIN",IF(OR($B291="",$C291=""),"DATA INCOMPLETE","READY"))))))))'
ENGINE	AI292	'=IF($A292="","",IF($AH292<>"","BLOCKED",IF($AG292<>"","FCS — NO PLAY",IF(CALC!$S292=1,"PENDING LINE",IF(CALC!$Q292=1,"STALE LINE",IF($AE292="QB UNCERTAIN","QB UNCERTAIN",IF($AF292<>"","FCS/TRANSITION UNCERTAIN",IF(OR($B292="",$C292=""),"DATA INCOMPLETE","READY"))))))))'	'=IF($A292="","",IF($AH292<>"","BLOCKED",IF($AG292<>"","FCS — NO PLAY",IF(CALC!$S292=1,"PENDING LINE",IF(CALC!$Q292=1,"STALE LINE",IF($AE292="QB UNCERTAIN","QB UNCERTAIN",IF($AF292<>"","TRANSITION UNCERTAIN",IF(OR($B292="",$C292=""),"DATA INCOMPLETE","READY"))))))))'
ENGINE	AI293	'=IF($A293="","",IF($AH293<>"","BLOCKED",IF($AG293<>"","FCS — NO PLAY",IF(CALC!$S293=1,"PENDING LINE",IF(CALC!$Q293=1,"STALE LINE",IF($AE293="QB UNCERTAIN","QB UNCERTAIN",IF($AF293<>"","FCS/TRANSITION UNCERTAIN",IF(OR($B293="",$C293=""),"DATA INCOMPLETE","READY"))))))))'	'=IF($A293="","",IF($AH293<>"","BLOCKED",IF($AG293<>"","FCS — NO PLAY",IF(CALC!$S293=1,"PENDING LINE",IF(CALC!$Q293=1,"STALE LINE",IF($AE293="QB UNCERTAIN","QB UNCERTAIN",IF($AF293<>"","TRANSITION UNCERTAIN",IF(OR($B293="",$C293=""),"DATA INCOMPLETE","READY"))))))))'
ENGINE	AI294	'=IF($A294="","",IF($AH294<>"","BLOCKED",IF($AG294<>"","FCS — NO PLAY",IF(CALC!$S294=1,"PENDING LINE",IF(CALC!$Q294=1,"STALE LINE",IF($AE294="QB UNCERTAIN","QB UNCERTAIN",IF($AF294<>"","FCS/TRANSITION UNCERTAIN",IF(OR($B294="",$C294=""),"DATA INCOMPLETE","READY"))))))))'	'=IF($A294="","",IF($AH294<>"","BLOCKED",IF($AG294<>"","FCS — NO PLAY",IF(CALC!$S294=1,"PENDING LINE",IF(CALC!$Q294=1,"STALE LINE",IF($AE294="QB UNCERTAIN","QB UNCERTAIN",IF($AF294<>"","TRANSITION UNCERTAIN",IF(OR($B294="",$C294=""),"DATA INCOMPLETE","READY"))))))))'
ENGINE	AI295	'=IF($A295="","",IF($AH295<>"","BLOCKED",IF($AG295<>"","FCS — NO PLAY",IF(CALC!$S295=1,"PENDING LINE",IF(CALC!$Q295=1,"STALE LINE",IF($AE295="QB UNCERTAIN","QB UNCERTAIN",IF($AF295<>"","FCS/TRANSITION UNCERTAIN",IF(OR($B295="",$C295=""),"DATA INCOMPLETE","READY"))))))))'	'=IF($A295="","",IF($AH295<>"","BLOCKED",IF($AG295<>"","FCS — NO PLAY",IF(CALC!$S295=1,"PENDING LINE",IF(CALC!$Q295=1,"STALE LINE",IF($AE295="QB UNCERTAIN","QB UNCERTAIN",IF($AF295<>"","TRANSITION UNCERTAIN",IF(OR($B295="",$C295=""),"DATA INCOMPLETE","READY"))))))))'
ENGINE	AI296	'=IF($A296="","",IF($AH296<>"","BLOCKED",IF($AG296<>"","FCS — NO PLAY",IF(CALC!$S296=1,"PENDING LINE",IF(CALC!$Q296=1,"STALE LINE",IF($AE296="QB UNCERTAIN","QB UNCERTAIN",IF($AF296<>"","FCS/TRANSITION UNCERTAIN",IF(OR($B296="",$C296=""),"DATA INCOMPLETE","READY"))))))))'	'=IF($A296="","",IF($AH296<>"","BLOCKED",IF($AG296<>"","FCS — NO PLAY",IF(CALC!$S296=1,"PENDING LINE",IF(CALC!$Q296=1,"STALE LINE",IF($AE296="QB UNCERTAIN","QB UNCERTAIN",IF($AF296<>"","TRANSITION UNCERTAIN",IF(OR($B296="",$C296=""),"DATA INCOMPLETE","READY"))))))))'
ENGINE	AI297	'=IF($A297="","",IF($AH297<>"","BLOCKED",IF($AG297<>"","FCS — NO PLAY",IF(CALC!$S297=1,"PENDING LINE",IF(CALC!$Q297=1,"STALE LINE",IF($AE297="QB UNCERTAIN","QB UNCERTAIN",IF($AF297<>"","FCS/TRANSITION UNCERTAIN",IF(OR($B297="",$C297=""),"DATA INCOMPLETE","READY"))))))))'	'=IF($A297="","",IF($AH297<>"","BLOCKED",IF($AG297<>"","FCS — NO PLAY",IF(CALC!$S297=1,"PENDING LINE",IF(CALC!$Q297=1,"STALE LINE",IF($AE297="QB UNCERTAIN","QB UNCERTAIN",IF($AF297<>"","TRANSITION UNCERTAIN",IF(OR($B297="",$C297=""),"DATA INCOMPLETE","READY"))))))))'
ENGINE	AI298	'=IF($A298="","",IF($AH298<>"","BLOCKED",IF($AG298<>"","FCS — NO PLAY",IF(CALC!$S298=1,"PENDING LINE",IF(CALC!$Q298=1,"STALE LINE",IF($AE298="QB UNCERTAIN","QB UNCERTAIN",IF($AF298<>"","FCS/TRANSITION UNCERTAIN",IF(OR($B298="",$C298=""),"DATA INCOMPLETE","READY"))))))))'	'=IF($A298="","",IF($AH298<>"","BLOCKED",IF($AG298<>"","FCS — NO PLAY",IF(CALC!$S298=1,"PENDING LINE",IF(CALC!$Q298=1,"STALE LINE",IF($AE298="QB UNCERTAIN","QB UNCERTAIN",IF($AF298<>"","TRANSITION UNCERTAIN",IF(OR($B298="",$C298=""),"DATA INCOMPLETE","READY"))))))))'
ENGINE	AI299	'=IF($A299="","",IF($AH299<>"","BLOCKED",IF($AG299<>"","FCS — NO PLAY",IF(CALC!$S299=1,"PENDING LINE",IF(CALC!$Q299=1,"STALE LINE",IF($AE299="QB UNCERTAIN","QB UNCERTAIN",IF($AF299<>"","FCS/TRANSITION UNCERTAIN",IF(OR($B299="",$C299=""),"DATA INCOMPLETE","READY"))))))))'	'=IF($A299="","",IF($AH299<>"","BLOCKED",IF($AG299<>"","FCS — NO PLAY",IF(CALC!$S299=1,"PENDING LINE",IF(CALC!$Q299=1,"STALE LINE",IF($AE299="QB UNCERTAIN","QB UNCERTAIN",IF($AF299<>"","TRANSITION UNCERTAIN",IF(OR($B299="",$C299=""),"DATA INCOMPLETE","READY"))))))))'
ENGINE	AI300	'=IF($A300="","",IF($AH300<>"","BLOCKED",IF($AG300<>"","FCS — NO PLAY",IF(CALC!$S300=1,"PENDING LINE",IF(CALC!$Q300=1,"STALE LINE",IF($AE300="QB UNCERTAIN","QB UNCERTAIN",IF($AF300<>"","FCS/TRANSITION UNCERTAIN",IF(OR($B300="",$C300=""),"DATA INCOMPLETE","READY"))))))))'	'=IF($A300="","",IF($AH300<>"","BLOCKED",IF($AG300<>"","FCS — NO PLAY",IF(CALC!$S300=1,"PENDING LINE",IF(CALC!$Q300=1,"STALE LINE",IF($AE300="QB UNCERTAIN","QB UNCERTAIN",IF($AF300<>"","TRANSITION UNCERTAIN",IF(OR($B300="",$C300=""),"DATA INCOMPLETE","READY"))))))))'
ENGINE	AI301	'=IF($A301="","",IF($AH301<>"","BLOCKED",IF($AG301<>"","FCS — NO PLAY",IF(CALC!$S301=1,"PENDING LINE",IF(CALC!$Q301=1,"STALE LINE",IF($AE301="QB UNCERTAIN","QB UNCERTAIN",IF($AF301<>"","FCS/TRANSITION UNCERTAIN",IF(OR($B301="",$C301=""),"DATA INCOMPLETE","READY"))))))))'	'=IF($A301="","",IF($AH301<>"","BLOCKED",IF($AG301<>"","FCS — NO PLAY",IF(CALC!$S301=1,"PENDING LINE",IF(CALC!$Q301=1,"STALE LINE",IF($AE301="QB UNCERTAIN","QB UNCERTAIN",IF($AF301<>"","TRANSITION UNCERTAIN",IF(OR($B301="",$C301=""),"DATA INCOMPLETE","READY"))))))))'
ENGINE	AI302	'=IF($A302="","",IF($AH302<>"","BLOCKED",IF($AG302<>"","FCS — NO PLAY",IF(CALC!$S302=1,"PENDING LINE",IF(CALC!$Q302=1,"STALE LINE",IF($AE302="QB UNCERTAIN","QB UNCERTAIN",IF($AF302<>"","FCS/TRANSITION UNCERTAIN",IF(OR($B302="",$C302=""),"DATA INCOMPLETE","READY"))))))))'	'=IF($A302="","",IF($AH302<>"","BLOCKED",IF($AG302<>"","FCS — NO PLAY",IF(CALC!$S302=1,"PENDING LINE",IF(CALC!$Q302=1,"STALE LINE",IF($AE302="QB UNCERTAIN","QB UNCERTAIN",IF($AF302<>"","TRANSITION UNCERTAIN",IF(OR($B302="",$C302=""),"DATA INCOMPLETE","READY"))))))))'
ENGINE	AI303	'=IF($A303="","",IF($AH303<>"","BLOCKED",IF($AG303<>"","FCS — NO PLAY",IF(CALC!$S303=1,"PENDING LINE",IF(CALC!$Q303=1,"STALE LINE",IF($AE303="QB UNCERTAIN","QB UNCERTAIN",IF($AF303<>"","FCS/TRANSITION UNCERTAIN",IF(OR($B303="",$C303=""),"DATA INCOMPLETE","READY"))))))))'	'=IF($A303="","",IF($AH303<>"","BLOCKED",IF($AG303<>"","FCS — NO PLAY",IF(CALC!$S303=1,"PENDING LINE",IF(CALC!$Q303=1,"STALE LINE",IF($AE303="QB UNCERTAIN","QB UNCERTAIN",IF($AF303<>"","TRANSITION UNCERTAIN",IF(OR($B303="",$C303=""),"DATA INCOMPLETE","READY"))))))))'
ENGINE	AI304	'=IF($A304="","",IF($AH304<>"","BLOCKED",IF($AG304<>"","FCS — NO PLAY",IF(CALC!$S304=1,"PENDING LINE",IF(CALC!$Q304=1,"STALE LINE",IF($AE304="QB UNCERTAIN","QB UNCERTAIN",IF($AF304<>"","FCS/TRANSITION UNCERTAIN",IF(OR($B304="",$C304=""),"DATA INCOMPLETE","READY"))))))))'	'=IF($A304="","",IF($AH304<>"","BLOCKED",IF($AG304<>"","FCS — NO PLAY",IF(CALC!$S304=1,"PENDING LINE",IF(CALC!$Q304=1,"STALE LINE",IF($AE304="QB UNCERTAIN","QB UNCERTAIN",IF($AF304<>"","TRANSITION UNCERTAIN",IF(OR($B304="",$C304=""),"DATA INCOMPLETE","READY"))))))))'
ENGINE	AI305	'=IF($A305="","",IF($AH305<>"","BLOCKED",IF($AG305<>"","FCS — NO PLAY",IF(CALC!$S305=1,"PENDING LINE",IF(CALC!$Q305=1,"STALE LINE",IF($AE305="QB UNCERTAIN","QB UNCERTAIN",IF($AF305<>"","FCS/TRANSITION UNCERTAIN",IF(OR($B305="",$C305=""),"DATA INCOMPLETE","READY"))))))))'	'=IF($A305="","",IF($AH305<>"","BLOCKED",IF($AG305<>"","FCS — NO PLAY",IF(CALC!$S305=1,"PENDING LINE",IF(CALC!$Q305=1,"STALE LINE",IF($AE305="QB UNCERTAIN","QB UNCERTAIN",IF($AF305<>"","TRANSITION UNCERTAIN",IF(OR($B305="",$C305=""),"DATA INCOMPLETE","READY"))))))))'
ENGINE	AI306	'=IF($A306="","",IF($AH306<>"","BLOCKED",IF($AG306<>"","FCS — NO PLAY",IF(CALC!$S306=1,"PENDING LINE",IF(CALC!$Q306=1,"STALE LINE",IF($AE306="QB UNCERTAIN","QB UNCERTAIN",IF($AF306<>"","FCS/TRANSITION UNCERTAIN",IF(OR($B306="",$C306=""),"DATA INCOMPLETE","READY"))))))))'	'=IF($A306="","",IF($AH306<>"","BLOCKED",IF($AG306<>"","FCS — NO PLAY",IF(CALC!$S306=1,"PENDING LINE",IF(CALC!$Q306=1,"STALE LINE",IF($AE306="QB UNCERTAIN","QB UNCERTAIN",IF($AF306<>"","TRANSITION UNCERTAIN",IF(OR($B306="",$C306=""),"DATA INCOMPLETE","READY"))))))))'
ENGINE	AI307	'=IF($A307="","",IF($AH307<>"","BLOCKED",IF($AG307<>"","FCS — NO PLAY",IF(CALC!$S307=1,"PENDING LINE",IF(CALC!$Q307=1,"STALE LINE",IF($AE307="QB UNCERTAIN","QB UNCERTAIN",IF($AF307<>"","FCS/TRANSITION UNCERTAIN",IF(OR($B307="",$C307=""),"DATA INCOMPLETE","READY"))))))))'	'=IF($A307="","",IF($AH307<>"","BLOCKED",IF($AG307<>"","FCS — NO PLAY",IF(CALC!$S307=1,"PENDING LINE",IF(CALC!$Q307=1,"STALE LINE",IF($AE307="QB UNCERTAIN","QB UNCERTAIN",IF($AF307<>"","TRANSITION UNCERTAIN",IF(OR($B307="",$C307=""),"DATA INCOMPLETE","READY"))))))))'
ENGINE	AI308	'=IF($A308="","",IF($AH308<>"","BLOCKED",IF($AG308<>"","FCS — NO PLAY",IF(CALC!$S308=1,"PENDING LINE",IF(CALC!$Q308=1,"STALE LINE",IF($AE308="QB UNCERTAIN","QB UNCERTAIN",IF($AF308<>"","FCS/TRANSITION UNCERTAIN",IF(OR($B308="",$C308=""),"DATA INCOMPLETE","READY"))))))))'	'=IF($A308="","",IF($AH308<>"","BLOCKED",IF($AG308<>"","FCS — NO PLAY",IF(CALC!$S308=1,"PENDING LINE",IF(CALC!$Q308=1,"STALE LINE",IF($AE308="QB UNCERTAIN","QB UNCERTAIN",IF($AF308<>"","TRANSITION UNCERTAIN",IF(OR($B308="",$C308=""),"DATA INCOMPLETE","READY"))))))))'
ENGINE	AI309	'=IF($A309="","",IF($AH309<>"","BLOCKED",IF($AG309<>"","FCS — NO PLAY",IF(CALC!$S309=1,"PENDING LINE",IF(CALC!$Q309=1,"STALE LINE",IF($AE309="QB UNCERTAIN","QB UNCERTAIN",IF($AF309<>"","FCS/TRANSITION UNCERTAIN",IF(OR($B309="",$C309=""),"DATA INCOMPLETE","READY"))))))))'	'=IF($A309="","",IF($AH309<>"","BLOCKED",IF($AG309<>"","FCS — NO PLAY",IF(CALC!$S309=1,"PENDING LINE",IF(CALC!$Q309=1,"STALE LINE",IF($AE309="QB UNCERTAIN","QB UNCERTAIN",IF($AF309<>"","TRANSITION UNCERTAIN",IF(OR($B309="",$C309=""),"DATA INCOMPLETE","READY"))))))))'
ENGINE	AI310	'=IF($A310="","",IF($AH310<>"","BLOCKED",IF($AG310<>"","FCS — NO PLAY",IF(CALC!$S310=1,"PENDING LINE",IF(CALC!$Q310=1,"STALE LINE",IF($AE310="QB UNCERTAIN","QB UNCERTAIN",IF($AF310<>"","FCS/TRANSITION UNCERTAIN",IF(OR($B310="",$C310=""),"DATA INCOMPLETE","READY"))))))))'	'=IF($A310="","",IF($AH310<>"","BLOCKED",IF($AG310<>"","FCS — NO PLAY",IF(CALC!$S310=1,"PENDING LINE",IF(CALC!$Q310=1,"STALE LINE",IF($AE310="QB UNCERTAIN","QB UNCERTAIN",IF($AF310<>"","TRANSITION UNCERTAIN",IF(OR($B310="",$C310=""),"DATA INCOMPLETE","READY"))))))))'
ENGINE	AI311	'=IF($A311="","",IF($AH311<>"","BLOCKED",IF($AG311<>"","FCS — NO PLAY",IF(CALC!$S311=1,"PENDING LINE",IF(CALC!$Q311=1,"STALE LINE",IF($AE311="QB UNCERTAIN","QB UNCERTAIN",IF($AF311<>"","FCS/TRANSITION UNCERTAIN",IF(OR($B311="",$C311=""),"DATA INCOMPLETE","READY"))))))))'	'=IF($A311="","",IF($AH311<>"","BLOCKED",IF($AG311<>"","FCS — NO PLAY",IF(CALC!$S311=1,"PENDING LINE",IF(CALC!$Q311=1,"STALE LINE",IF($AE311="QB UNCERTAIN","QB UNCERTAIN",IF($AF311<>"","TRANSITION UNCERTAIN",IF(OR($B311="",$C311=""),"DATA INCOMPLETE","READY"))))))))'
ENGINE	AI312	'=IF($A312="","",IF($AH312<>"","BLOCKED",IF($AG312<>"","FCS — NO PLAY",IF(CALC!$S312=1,"PENDING LINE",IF(CALC!$Q312=1,"STALE LINE",IF($AE312="QB UNCERTAIN","QB UNCERTAIN",IF($AF312<>"","FCS/TRANSITION UNCERTAIN",IF(OR($B312="",$C312=""),"DATA INCOMPLETE","READY"))))))))'	'=IF($A312="","",IF($AH312<>"","BLOCKED",IF($AG312<>"","FCS — NO PLAY",IF(CALC!$S312=1,"PENDING LINE",IF(CALC!$Q312=1,"STALE LINE",IF($AE312="QB UNCERTAIN","QB UNCERTAIN",IF($AF312<>"","TRANSITION UNCERTAIN",IF(OR($B312="",$C312=""),"DATA INCOMPLETE","READY"))))))))'
ENGINE	AI313	'=IF($A313="","",IF($AH313<>"","BLOCKED",IF($AG313<>"","FCS — NO PLAY",IF(CALC!$S313=1,"PENDING LINE",IF(CALC!$Q313=1,"STALE LINE",IF($AE313="QB UNCERTAIN","QB UNCERTAIN",IF($AF313<>"","FCS/TRANSITION UNCERTAIN",IF(OR($B313="",$C313=""),"DATA INCOMPLETE","READY"))))))))'	'=IF($A313="","",IF($AH313<>"","BLOCKED",IF($AG313<>"","FCS — NO PLAY",IF(CALC!$S313=1,"PENDING LINE",IF(CALC!$Q313=1,"STALE LINE",IF($AE313="QB UNCERTAIN","QB UNCERTAIN",IF($AF313<>"","TRANSITION UNCERTAIN",IF(OR($B313="",$C313=""),"DATA INCOMPLETE","READY"))))))))'
ENGINE	AI314	'=IF($A314="","",IF($AH314<>"","BLOCKED",IF($AG314<>"","FCS — NO PLAY",IF(CALC!$S314=1,"PENDING LINE",IF(CALC!$Q314=1,"STALE LINE",IF($AE314="QB UNCERTAIN","QB UNCERTAIN",IF($AF314<>"","FCS/TRANSITION UNCERTAIN",IF(OR($B314="",$C314=""),"DATA INCOMPLETE","READY"))))))))'	'=IF($A314="","",IF($AH314<>"","BLOCKED",IF($AG314<>"","FCS — NO PLAY",IF(CALC!$S314=1,"PENDING LINE",IF(CALC!$Q314=1,"STALE LINE",IF($AE314="QB UNCERTAIN","QB UNCERTAIN",IF($AF314<>"","TRANSITION UNCERTAIN",IF(OR($B314="",$C314=""),"DATA INCOMPLETE","READY"))))))))'
ENGINE	AI315	'=IF($A315="","",IF($AH315<>"","BLOCKED",IF($AG315<>"","FCS — NO PLAY",IF(CALC!$S315=1,"PENDING LINE",IF(CALC!$Q315=1,"STALE LINE",IF($AE315="QB UNCERTAIN","QB UNCERTAIN",IF($AF315<>"","FCS/TRANSITION UNCERTAIN",IF(OR($B315="",$C315=""),"DATA INCOMPLETE","READY"))))))))'	'=IF($A315="","",IF($AH315<>"","BLOCKED",IF($AG315<>"","FCS — NO PLAY",IF(CALC!$S315=1,"PENDING LINE",IF(CALC!$Q315=1,"STALE LINE",IF($AE315="QB UNCERTAIN","QB UNCERTAIN",IF($AF315<>"","TRANSITION UNCERTAIN",IF(OR($B315="",$C315=""),"DATA INCOMPLETE","READY"))))))))'
ENGINE	AI316	'=IF($A316="","",IF($AH316<>"","BLOCKED",IF($AG316<>"","FCS — NO PLAY",IF(CALC!$S316=1,"PENDING LINE",IF(CALC!$Q316=1,"STALE LINE",IF($AE316="QB UNCERTAIN","QB UNCERTAIN",IF($AF316<>"","FCS/TRANSITION UNCERTAIN",IF(OR($B316="",$C316=""),"DATA INCOMPLETE","READY"))))))))'	'=IF($A316="","",IF($AH316<>"","BLOCKED",IF($AG316<>"","FCS — NO PLAY",IF(CALC!$S316=1,"PENDING LINE",IF(CALC!$Q316=1,"STALE LINE",IF($AE316="QB UNCERTAIN","QB UNCERTAIN",IF($AF316<>"","TRANSITION UNCERTAIN",IF(OR($B316="",$C316=""),"DATA INCOMPLETE","READY"))))))))'
ENGINE	AI317	'=IF($A317="","",IF($AH317<>"","BLOCKED",IF($AG317<>"","FCS — NO PLAY",IF(CALC!$S317=1,"PENDING LINE",IF(CALC!$Q317=1,"STALE LINE",IF($AE317="QB UNCERTAIN","QB UNCERTAIN",IF($AF317<>"","FCS/TRANSITION UNCERTAIN",IF(OR($B317="",$C317=""),"DATA INCOMPLETE","READY"))))))))'	'=IF($A317="","",IF($AH317<>"","BLOCKED",IF($AG317<>"","FCS — NO PLAY",IF(CALC!$S317=1,"PENDING LINE",IF(CALC!$Q317=1,"STALE LINE",IF($AE317="QB UNCERTAIN","QB UNCERTAIN",IF($AF317<>"","TRANSITION UNCERTAIN",IF(OR($B317="",$C317=""),"DATA INCOMPLETE","READY"))))))))'
ENGINE	AI318	'=IF($A318="","",IF($AH318<>"","BLOCKED",IF($AG318<>"","FCS — NO PLAY",IF(CALC!$S318=1,"PENDING LINE",IF(CALC!$Q318=1,"STALE LINE",IF($AE318="QB UNCERTAIN","QB UNCERTAIN",IF($AF318<>"","FCS/TRANSITION UNCERTAIN",IF(OR($B318="",$C318=""),"DATA INCOMPLETE","READY"))))))))'	'=IF($A318="","",IF($AH318<>"","BLOCKED",IF($AG318<>"","FCS — NO PLAY",IF(CALC!$S318=1,"PENDING LINE",IF(CALC!$Q318=1,"STALE LINE",IF($AE318="QB UNCERTAIN","QB UNCERTAIN",IF($AF318<>"","TRANSITION UNCERTAIN",IF(OR($B318="",$C318=""),"DATA INCOMPLETE","READY"))))))))'
ENGINE	AI319	'=IF($A319="","",IF($AH319<>"","BLOCKED",IF($AG319<>"","FCS — NO PLAY",IF(CALC!$S319=1,"PENDING LINE",IF(CALC!$Q319=1,"STALE LINE",IF($AE319="QB UNCERTAIN","QB UNCERTAIN",IF($AF319<>"","FCS/TRANSITION UNCERTAIN",IF(OR($B319="",$C319=""),"DATA INCOMPLETE","READY"))))))))'	'=IF($A319="","",IF($AH319<>"","BLOCKED",IF($AG319<>"","FCS — NO PLAY",IF(CALC!$S319=1,"PENDING LINE",IF(CALC!$Q319=1,"STALE LINE",IF($AE319="QB UNCERTAIN","QB UNCERTAIN",IF($AF319<>"","TRANSITION UNCERTAIN",IF(OR($B319="",$C319=""),"DATA INCOMPLETE","READY"))))))))'
ENGINE	AI320	'=IF($A320="","",IF($AH320<>"","BLOCKED",IF($AG320<>"","FCS — NO PLAY",IF(CALC!$S320=1,"PENDING LINE",IF(CALC!$Q320=1,"STALE LINE",IF($AE320="QB UNCERTAIN","QB UNCERTAIN",IF($AF320<>"","FCS/TRANSITION UNCERTAIN",IF(OR($B320="",$C320=""),"DATA INCOMPLETE","READY"))))))))'	'=IF($A320="","",IF($AH320<>"","BLOCKED",IF($AG320<>"","FCS — NO PLAY",IF(CALC!$S320=1,"PENDING LINE",IF(CALC!$Q320=1,"STALE LINE",IF($AE320="QB UNCERTAIN","QB UNCERTAIN",IF($AF320<>"","TRANSITION UNCERTAIN",IF(OR($B320="",$C320=""),"DATA INCOMPLETE","READY"))))))))'
ENGINE	AI321	'=IF($A321="","",IF($AH321<>"","BLOCKED",IF($AG321<>"","FCS — NO PLAY",IF(CALC!$S321=1,"PENDING LINE",IF(CALC!$Q321=1,"STALE LINE",IF($AE321="QB UNCERTAIN","QB UNCERTAIN",IF($AF321<>"","FCS/TRANSITION UNCERTAIN",IF(OR($B321="",$C321=""),"DATA INCOMPLETE","READY"))))))))'	'=IF($A321="","",IF($AH321<>"","BLOCKED",IF($AG321<>"","FCS — NO PLAY",IF(CALC!$S321=1,"PENDING LINE",IF(CALC!$Q321=1,"STALE LINE",IF($AE321="QB UNCERTAIN","QB UNCERTAIN",IF($AF321<>"","TRANSITION UNCERTAIN",IF(OR($B321="",$C321=""),"DATA INCOMPLETE","READY"))))))))'
ENGINE	AI322	'=IF($A322="","",IF($AH322<>"","BLOCKED",IF($AG322<>"","FCS — NO PLAY",IF(CALC!$S322=1,"PENDING LINE",IF(CALC!$Q322=1,"STALE LINE",IF($AE322="QB UNCERTAIN","QB UNCERTAIN",IF($AF322<>"","FCS/TRANSITION UNCERTAIN",IF(OR($B322="",$C322=""),"DATA INCOMPLETE","READY"))))))))'	'=IF($A322="","",IF($AH322<>"","BLOCKED",IF($AG322<>"","FCS — NO PLAY",IF(CALC!$S322=1,"PENDING LINE",IF(CALC!$Q322=1,"STALE LINE",IF($AE322="QB UNCERTAIN","QB UNCERTAIN",IF($AF322<>"","TRANSITION UNCERTAIN",IF(OR($B322="",$C322=""),"DATA INCOMPLETE","READY"))))))))'
ENGINE	AI323	'=IF($A323="","",IF($AH323<>"","BLOCKED",IF($AG323<>"","FCS — NO PLAY",IF(CALC!$S323=1,"PENDING LINE",IF(CALC!$Q323=1,"STALE LINE",IF($AE323="QB UNCERTAIN","QB UNCERTAIN",IF($AF323<>"","FCS/TRANSITION UNCERTAIN",IF(OR($B323="",$C323=""),"DATA INCOMPLETE","READY"))))))))'	'=IF($A323="","",IF($AH323<>"","BLOCKED",IF($AG323<>"","FCS — NO PLAY",IF(CALC!$S323=1,"PENDING LINE",IF(CALC!$Q323=1,"STALE LINE",IF($AE323="QB UNCERTAIN","QB UNCERTAIN",IF($AF323<>"","TRANSITION UNCERTAIN",IF(OR($B323="",$C323=""),"DATA INCOMPLETE","READY"))))))))'
ENGINE	AI324	'=IF($A324="","",IF($AH324<>"","BLOCKED",IF($AG324<>"","FCS — NO PLAY",IF(CALC!$S324=1,"PENDING LINE",IF(CALC!$Q324=1,"STALE LINE",IF($AE324="QB UNCERTAIN","QB UNCERTAIN",IF($AF324<>"","FCS/TRANSITION UNCERTAIN",IF(OR($B324="",$C324=""),"DATA INCOMPLETE","READY"))))))))'	'=IF($A324="","",IF($AH324<>"","BLOCKED",IF($AG324<>"","FCS — NO PLAY",IF(CALC!$S324=1,"PENDING LINE",IF(CALC!$Q324=1,"STALE LINE",IF($AE324="QB UNCERTAIN","QB UNCERTAIN",IF($AF324<>"","TRANSITION UNCERTAIN",IF(OR($B324="",$C324=""),"DATA INCOMPLETE","READY"))))))))'
ENGINE	AI325	'=IF($A325="","",IF($AH325<>"","BLOCKED",IF($AG325<>"","FCS — NO PLAY",IF(CALC!$S325=1,"PENDING LINE",IF(CALC!$Q325=1,"STALE LINE",IF($AE325="QB UNCERTAIN","QB UNCERTAIN",IF($AF325<>"","FCS/TRANSITION UNCERTAIN",IF(OR($B325="",$C325=""),"DATA INCOMPLETE","READY"))))))))'	'=IF($A325="","",IF($AH325<>"","BLOCKED",IF($AG325<>"","FCS — NO PLAY",IF(CALC!$S325=1,"PENDING LINE",IF(CALC!$Q325=1,"STALE LINE",IF($AE325="QB UNCERTAIN","QB UNCERTAIN",IF($AF325<>"","TRANSITION UNCERTAIN",IF(OR($B325="",$C325=""),"DATA INCOMPLETE","READY"))))))))'
ENGINE	AI326	'=IF($A326="","",IF($AH326<>"","BLOCKED",IF($AG326<>"","FCS — NO PLAY",IF(CALC!$S326=1,"PENDING LINE",IF(CALC!$Q326=1,"STALE LINE",IF($AE326="QB UNCERTAIN","QB UNCERTAIN",IF($AF326<>"","FCS/TRANSITION UNCERTAIN",IF(OR($B326="",$C326=""),"DATA INCOMPLETE","READY"))))))))'	'=IF($A326="","",IF($AH326<>"","BLOCKED",IF($AG326<>"","FCS — NO PLAY",IF(CALC!$S326=1,"PENDING LINE",IF(CALC!$Q326=1,"STALE LINE",IF($AE326="QB UNCERTAIN","QB UNCERTAIN",IF($AF326<>"","TRANSITION UNCERTAIN",IF(OR($B326="",$C326=""),"DATA INCOMPLETE","READY"))))))))'
ENGINE	AI327	'=IF($A327="","",IF($AH327<>"","BLOCKED",IF($AG327<>"","FCS — NO PLAY",IF(CALC!$S327=1,"PENDING LINE",IF(CALC!$Q327=1,"STALE LINE",IF($AE327="QB UNCERTAIN","QB UNCERTAIN",IF($AF327<>"","FCS/TRANSITION UNCERTAIN",IF(OR($B327="",$C327=""),"DATA INCOMPLETE","READY"))))))))'	'=IF($A327="","",IF($AH327<>"","BLOCKED",IF($AG327<>"","FCS — NO PLAY",IF(CALC!$S327=1,"PENDING LINE",IF(CALC!$Q327=1,"STALE LINE",IF($AE327="QB UNCERTAIN","QB UNCERTAIN",IF($AF327<>"","TRANSITION UNCERTAIN",IF(OR($B327="",$C327=""),"DATA INCOMPLETE","READY"))))))))'
ENGINE	AI328	'=IF($A328="","",IF($AH328<>"","BLOCKED",IF($AG328<>"","FCS — NO PLAY",IF(CALC!$S328=1,"PENDING LINE",IF(CALC!$Q328=1,"STALE LINE",IF($AE328="QB UNCERTAIN","QB UNCERTAIN",IF($AF328<>"","FCS/TRANSITION UNCERTAIN",IF(OR($B328="",$C328=""),"DATA INCOMPLETE","READY"))))))))'	'=IF($A328="","",IF($AH328<>"","BLOCKED",IF($AG328<>"","FCS — NO PLAY",IF(CALC!$S328=1,"PENDING LINE",IF(CALC!$Q328=1,"STALE LINE",IF($AE328="QB UNCERTAIN","QB UNCERTAIN",IF($AF328<>"","TRANSITION UNCERTAIN",IF(OR($B328="",$C328=""),"DATA INCOMPLETE","READY"))))))))'
ENGINE	AI329	'=IF($A329="","",IF($AH329<>"","BLOCKED",IF($AG329<>"","FCS — NO PLAY",IF(CALC!$S329=1,"PENDING LINE",IF(CALC!$Q329=1,"STALE LINE",IF($AE329="QB UNCERTAIN","QB UNCERTAIN",IF($AF329<>"","FCS/TRANSITION UNCERTAIN",IF(OR($B329="",$C329=""),"DATA INCOMPLETE","READY"))))))))'	'=IF($A329="","",IF($AH329<>"","BLOCKED",IF($AG329<>"","FCS — NO PLAY",IF(CALC!$S329=1,"PENDING LINE",IF(CALC!$Q329=1,"STALE LINE",IF($AE329="QB UNCERTAIN","QB UNCERTAIN",IF($AF329<>"","TRANSITION UNCERTAIN",IF(OR($B329="",$C329=""),"DATA INCOMPLETE","READY"))))))))'
ENGINE	AI330	'=IF($A330="","",IF($AH330<>"","BLOCKED",IF($AG330<>"","FCS — NO PLAY",IF(CALC!$S330=1,"PENDING LINE",IF(CALC!$Q330=1,"STALE LINE",IF($AE330="QB UNCERTAIN","QB UNCERTAIN",IF($AF330<>"","FCS/TRANSITION UNCERTAIN",IF(OR($B330="",$C330=""),"DATA INCOMPLETE","READY"))))))))'	'=IF($A330="","",IF($AH330<>"","BLOCKED",IF($AG330<>"","FCS — NO PLAY",IF(CALC!$S330=1,"PENDING LINE",IF(CALC!$Q330=1,"STALE LINE",IF($AE330="QB UNCERTAIN","QB UNCERTAIN",IF($AF330<>"","TRANSITION UNCERTAIN",IF(OR($B330="",$C330=""),"DATA INCOMPLETE","READY"))))))))'
ENGINE	AI331	'=IF($A331="","",IF($AH331<>"","BLOCKED",IF($AG331<>"","FCS — NO PLAY",IF(CALC!$S331=1,"PENDING LINE",IF(CALC!$Q331=1,"STALE LINE",IF($AE331="QB UNCERTAIN","QB UNCERTAIN",IF($AF331<>"","FCS/TRANSITION UNCERTAIN",IF(OR($B331="",$C331=""),"DATA INCOMPLETE","READY"))))))))'	'=IF($A331="","",IF($AH331<>"","BLOCKED",IF($AG331<>"","FCS — NO PLAY",IF(CALC!$S331=1,"PENDING LINE",IF(CALC!$Q331=1,"STALE LINE",IF($AE331="QB UNCERTAIN","QB UNCERTAIN",IF($AF331<>"","TRANSITION UNCERTAIN",IF(OR($B331="",$C331=""),"DATA INCOMPLETE","READY"))))))))'
ENGINE	AI332	'=IF($A332="","",IF($AH332<>"","BLOCKED",IF($AG332<>"","FCS — NO PLAY",IF(CALC!$S332=1,"PENDING LINE",IF(CALC!$Q332=1,"STALE LINE",IF($AE332="QB UNCERTAIN","QB UNCERTAIN",IF($AF332<>"","FCS/TRANSITION UNCERTAIN",IF(OR($B332="",$C332=""),"DATA INCOMPLETE","READY"))))))))'	'=IF($A332="","",IF($AH332<>"","BLOCKED",IF($AG332<>"","FCS — NO PLAY",IF(CALC!$S332=1,"PENDING LINE",IF(CALC!$Q332=1,"STALE LINE",IF($AE332="QB UNCERTAIN","QB UNCERTAIN",IF($AF332<>"","TRANSITION UNCERTAIN",IF(OR($B332="",$C332=""),"DATA INCOMPLETE","READY"))))))))'
ENGINE	AI333	'=IF($A333="","",IF($AH333<>"","BLOCKED",IF($AG333<>"","FCS — NO PLAY",IF(CALC!$S333=1,"PENDING LINE",IF(CALC!$Q333=1,"STALE LINE",IF($AE333="QB UNCERTAIN","QB UNCERTAIN",IF($AF333<>"","FCS/TRANSITION UNCERTAIN",IF(OR($B333="",$C333=""),"DATA INCOMPLETE","READY"))))))))'	'=IF($A333="","",IF($AH333<>"","BLOCKED",IF($AG333<>"","FCS — NO PLAY",IF(CALC!$S333=1,"PENDING LINE",IF(CALC!$Q333=1,"STALE LINE",IF($AE333="QB UNCERTAIN","QB UNCERTAIN",IF($AF333<>"","TRANSITION UNCERTAIN",IF(OR($B333="",$C333=""),"DATA INCOMPLETE","READY"))))))))'
ENGINE	AI334	'=IF($A334="","",IF($AH334<>"","BLOCKED",IF($AG334<>"","FCS — NO PLAY",IF(CALC!$S334=1,"PENDING LINE",IF(CALC!$Q334=1,"STALE LINE",IF($AE334="QB UNCERTAIN","QB UNCERTAIN",IF($AF334<>"","FCS/TRANSITION UNCERTAIN",IF(OR($B334="",$C334=""),"DATA INCOMPLETE","READY"))))))))'	'=IF($A334="","",IF($AH334<>"","BLOCKED",IF($AG334<>"","FCS — NO PLAY",IF(CALC!$S334=1,"PENDING LINE",IF(CALC!$Q334=1,"STALE LINE",IF($AE334="QB UNCERTAIN","QB UNCERTAIN",IF($AF334<>"","TRANSITION UNCERTAIN",IF(OR($B334="",$C334=""),"DATA INCOMPLETE","READY"))))))))'
ENGINE	AI335	'=IF($A335="","",IF($AH335<>"","BLOCKED",IF($AG335<>"","FCS — NO PLAY",IF(CALC!$S335=1,"PENDING LINE",IF(CALC!$Q335=1,"STALE LINE",IF($AE335="QB UNCERTAIN","QB UNCERTAIN",IF($AF335<>"","FCS/TRANSITION UNCERTAIN",IF(OR($B335="",$C335=""),"DATA INCOMPLETE","READY"))))))))'	'=IF($A335="","",IF($AH335<>"","BLOCKED",IF($AG335<>"","FCS — NO PLAY",IF(CALC!$S335=1,"PENDING LINE",IF(CALC!$Q335=1,"STALE LINE",IF($AE335="QB UNCERTAIN","QB UNCERTAIN",IF($AF335<>"","TRANSITION UNCERTAIN",IF(OR($B335="",$C335=""),"DATA INCOMPLETE","READY"))))))))'
ENGINE	AI336	'=IF($A336="","",IF($AH336<>"","BLOCKED",IF($AG336<>"","FCS — NO PLAY",IF(CALC!$S336=1,"PENDING LINE",IF(CALC!$Q336=1,"STALE LINE",IF($AE336="QB UNCERTAIN","QB UNCERTAIN",IF($AF336<>"","FCS/TRANSITION UNCERTAIN",IF(OR($B336="",$C336=""),"DATA INCOMPLETE","READY"))))))))'	'=IF($A336="","",IF($AH336<>"","BLOCKED",IF($AG336<>"","FCS — NO PLAY",IF(CALC!$S336=1,"PENDING LINE",IF(CALC!$Q336=1,"STALE LINE",IF($AE336="QB UNCERTAIN","QB UNCERTAIN",IF($AF336<>"","TRANSITION UNCERTAIN",IF(OR($B336="",$C336=""),"DATA INCOMPLETE","READY"))))))))'
ENGINE	AI337	'=IF($A337="","",IF($AH337<>"","BLOCKED",IF($AG337<>"","FCS — NO PLAY",IF(CALC!$S337=1,"PENDING LINE",IF(CALC!$Q337=1,"STALE LINE",IF($AE337="QB UNCERTAIN","QB UNCERTAIN",IF($AF337<>"","FCS/TRANSITION UNCERTAIN",IF(OR($B337="",$C337=""),"DATA INCOMPLETE","READY"))))))))'	'=IF($A337="","",IF($AH337<>"","BLOCKED",IF($AG337<>"","FCS — NO PLAY",IF(CALC!$S337=1,"PENDING LINE",IF(CALC!$Q337=1,"STALE LINE",IF($AE337="QB UNCERTAIN","QB UNCERTAIN",IF($AF337<>"","TRANSITION UNCERTAIN",IF(OR($B337="",$C337=""),"DATA INCOMPLETE","READY"))))))))'
ENGINE	AI338	'=IF($A338="","",IF($AH338<>"","BLOCKED",IF($AG338<>"","FCS — NO PLAY",IF(CALC!$S338=1,"PENDING LINE",IF(CALC!$Q338=1,"STALE LINE",IF($AE338="QB UNCERTAIN","QB UNCERTAIN",IF($AF338<>"","FCS/TRANSITION UNCERTAIN",IF(OR($B338="",$C338=""),"DATA INCOMPLETE","READY"))))))))'	'=IF($A338="","",IF($AH338<>"","BLOCKED",IF($AG338<>"","FCS — NO PLAY",IF(CALC!$S338=1,"PENDING LINE",IF(CALC!$Q338=1,"STALE LINE",IF($AE338="QB UNCERTAIN","QB UNCERTAIN",IF($AF338<>"","TRANSITION UNCERTAIN",IF(OR($B338="",$C338=""),"DATA INCOMPLETE","READY"))))))))'
ENGINE	AI339	'=IF($A339="","",IF($AH339<>"","BLOCKED",IF($AG339<>"","FCS — NO PLAY",IF(CALC!$S339=1,"PENDING LINE",IF(CALC!$Q339=1,"STALE LINE",IF($AE339="QB UNCERTAIN","QB UNCERTAIN",IF($AF339<>"","FCS/TRANSITION UNCERTAIN",IF(OR($B339="",$C339=""),"DATA INCOMPLETE","READY"))))))))'	'=IF($A339="","",IF($AH339<>"","BLOCKED",IF($AG339<>"","FCS — NO PLAY",IF(CALC!$S339=1,"PENDING LINE",IF(CALC!$Q339=1,"STALE LINE",IF($AE339="QB UNCERTAIN","QB UNCERTAIN",IF($AF339<>"","TRANSITION UNCERTAIN",IF(OR($B339="",$C339=""),"DATA INCOMPLETE","READY"))))))))'
ENGINE	AI340	'=IF($A340="","",IF($AH340<>"","BLOCKED",IF($AG340<>"","FCS — NO PLAY",IF(CALC!$S340=1,"PENDING LINE",IF(CALC!$Q340=1,"STALE LINE",IF($AE340="QB UNCERTAIN","QB UNCERTAIN",IF($AF340<>"","FCS/TRANSITION UNCERTAIN",IF(OR($B340="",$C340=""),"DATA INCOMPLETE","READY"))))))))'	'=IF($A340="","",IF($AH340<>"","BLOCKED",IF($AG340<>"","FCS — NO PLAY",IF(CALC!$S340=1,"PENDING LINE",IF(CALC!$Q340=1,"STALE LINE",IF($AE340="QB UNCERTAIN","QB UNCERTAIN",IF($AF340<>"","TRANSITION UNCERTAIN",IF(OR($B340="",$C340=""),"DATA INCOMPLETE","READY"))))))))'
ENGINE	AI341	'=IF($A341="","",IF($AH341<>"","BLOCKED",IF($AG341<>"","FCS — NO PLAY",IF(CALC!$S341=1,"PENDING LINE",IF(CALC!$Q341=1,"STALE LINE",IF($AE341="QB UNCERTAIN","QB UNCERTAIN",IF($AF341<>"","FCS/TRANSITION UNCERTAIN",IF(OR($B341="",$C341=""),"DATA INCOMPLETE","READY"))))))))'	'=IF($A341="","",IF($AH341<>"","BLOCKED",IF($AG341<>"","FCS — NO PLAY",IF(CALC!$S341=1,"PENDING LINE",IF(CALC!$Q341=1,"STALE LINE",IF($AE341="QB UNCERTAIN","QB UNCERTAIN",IF($AF341<>"","TRANSITION UNCERTAIN",IF(OR($B341="",$C341=""),"DATA INCOMPLETE","READY"))))))))'
ENGINE	AI342	'=IF($A342="","",IF($AH342<>"","BLOCKED",IF($AG342<>"","FCS — NO PLAY",IF(CALC!$S342=1,"PENDING LINE",IF(CALC!$Q342=1,"STALE LINE",IF($AE342="QB UNCERTAIN","QB UNCERTAIN",IF($AF342<>"","FCS/TRANSITION UNCERTAIN",IF(OR($B342="",$C342=""),"DATA INCOMPLETE","READY"))))))))'	'=IF($A342="","",IF($AH342<>"","BLOCKED",IF($AG342<>"","FCS — NO PLAY",IF(CALC!$S342=1,"PENDING LINE",IF(CALC!$Q342=1,"STALE LINE",IF($AE342="QB UNCERTAIN","QB UNCERTAIN",IF($AF342<>"","TRANSITION UNCERTAIN",IF(OR($B342="",$C342=""),"DATA INCOMPLETE","READY"))))))))'
ENGINE	AI343	'=IF($A343="","",IF($AH343<>"","BLOCKED",IF($AG343<>"","FCS — NO PLAY",IF(CALC!$S343=1,"PENDING LINE",IF(CALC!$Q343=1,"STALE LINE",IF($AE343="QB UNCERTAIN","QB UNCERTAIN",IF($AF343<>"","FCS/TRANSITION UNCERTAIN",IF(OR($B343="",$C343=""),"DATA INCOMPLETE","READY"))))))))'	'=IF($A343="","",IF($AH343<>"","BLOCKED",IF($AG343<>"","FCS — NO PLAY",IF(CALC!$S343=1,"PENDING LINE",IF(CALC!$Q343=1,"STALE LINE",IF($AE343="QB UNCERTAIN","QB UNCERTAIN",IF($AF343<>"","TRANSITION UNCERTAIN",IF(OR($B343="",$C343=""),"DATA INCOMPLETE","READY"))))))))'
ENGINE	AI344	'=IF($A344="","",IF($AH344<>"","BLOCKED",IF($AG344<>"","FCS — NO PLAY",IF(CALC!$S344=1,"PENDING LINE",IF(CALC!$Q344=1,"STALE LINE",IF($AE344="QB UNCERTAIN","QB UNCERTAIN",IF($AF344<>"","FCS/TRANSITION UNCERTAIN",IF(OR($B344="",$C344=""),"DATA INCOMPLETE","READY"))))))))'	'=IF($A344="","",IF($AH344<>"","BLOCKED",IF($AG344<>"","FCS — NO PLAY",IF(CALC!$S344=1,"PENDING LINE",IF(CALC!$Q344=1,"STALE LINE",IF($AE344="QB UNCERTAIN","QB UNCERTAIN",IF($AF344<>"","TRANSITION UNCERTAIN",IF(OR($B344="",$C344=""),"DATA INCOMPLETE","READY"))))))))'
ENGINE	AI345	'=IF($A345="","",IF($AH345<>"","BLOCKED",IF($AG345<>"","FCS — NO PLAY",IF(CALC!$S345=1,"PENDING LINE",IF(CALC!$Q345=1,"STALE LINE",IF($AE345="QB UNCERTAIN","QB UNCERTAIN",IF($AF345<>"","FCS/TRANSITION UNCERTAIN",IF(OR($B345="",$C345=""),"DATA INCOMPLETE","READY"))))))))'	'=IF($A345="","",IF($AH345<>"","BLOCKED",IF($AG345<>"","FCS — NO PLAY",IF(CALC!$S345=1,"PENDING LINE",IF(CALC!$Q345=1,"STALE LINE",IF($AE345="QB UNCERTAIN","QB UNCERTAIN",IF($AF345<>"","TRANSITION UNCERTAIN",IF(OR($B345="",$C345=""),"DATA INCOMPLETE","READY"))))))))'
ENGINE	AI346	'=IF($A346="","",IF($AH346<>"","BLOCKED",IF($AG346<>"","FCS — NO PLAY",IF(CALC!$S346=1,"PENDING LINE",IF(CALC!$Q346=1,"STALE LINE",IF($AE346="QB UNCERTAIN","QB UNCERTAIN",IF($AF346<>"","FCS/TRANSITION UNCERTAIN",IF(OR($B346="",$C346=""),"DATA INCOMPLETE","READY"))))))))'	'=IF($A346="","",IF($AH346<>"","BLOCKED",IF($AG346<>"","FCS — NO PLAY",IF(CALC!$S346=1,"PENDING LINE",IF(CALC!$Q346=1,"STALE LINE",IF($AE346="QB UNCERTAIN","QB UNCERTAIN",IF($AF346<>"","TRANSITION UNCERTAIN",IF(OR($B346="",$C346=""),"DATA INCOMPLETE","READY"))))))))'
ENGINE	AI347	'=IF($A347="","",IF($AH347<>"","BLOCKED",IF($AG347<>"","FCS — NO PLAY",IF(CALC!$S347=1,"PENDING LINE",IF(CALC!$Q347=1,"STALE LINE",IF($AE347="QB UNCERTAIN","QB UNCERTAIN",IF($AF347<>"","FCS/TRANSITION UNCERTAIN",IF(OR($B347="",$C347=""),"DATA INCOMPLETE","READY"))))))))'	'=IF($A347="","",IF($AH347<>"","BLOCKED",IF($AG347<>"","FCS — NO PLAY",IF(CALC!$S347=1,"PENDING LINE",IF(CALC!$Q347=1,"STALE LINE",IF($AE347="QB UNCERTAIN","QB UNCERTAIN",IF($AF347<>"","TRANSITION UNCERTAIN",IF(OR($B347="",$C347=""),"DATA INCOMPLETE","READY"))))))))'
ENGINE	AI348	'=IF($A348="","",IF($AH348<>"","BLOCKED",IF($AG348<>"","FCS — NO PLAY",IF(CALC!$S348=1,"PENDING LINE",IF(CALC!$Q348=1,"STALE LINE",IF($AE348="QB UNCERTAIN","QB UNCERTAIN",IF($AF348<>"","FCS/TRANSITION UNCERTAIN",IF(OR($B348="",$C348=""),"DATA INCOMPLETE","READY"))))))))'	'=IF($A348="","",IF($AH348<>"","BLOCKED",IF($AG348<>"","FCS — NO PLAY",IF(CALC!$S348=1,"PENDING LINE",IF(CALC!$Q348=1,"STALE LINE",IF($AE348="QB UNCERTAIN","QB UNCERTAIN",IF($AF348<>"","TRANSITION UNCERTAIN",IF(OR($B348="",$C348=""),"DATA INCOMPLETE","READY"))))))))'
ENGINE	AI349	'=IF($A349="","",IF($AH349<>"","BLOCKED",IF($AG349<>"","FCS — NO PLAY",IF(CALC!$S349=1,"PENDING LINE",IF(CALC!$Q349=1,"STALE LINE",IF($AE349="QB UNCERTAIN","QB UNCERTAIN",IF($AF349<>"","FCS/TRANSITION UNCERTAIN",IF(OR($B349="",$C349=""),"DATA INCOMPLETE","READY"))))))))'	'=IF($A349="","",IF($AH349<>"","BLOCKED",IF($AG349<>"","FCS — NO PLAY",IF(CALC!$S349=1,"PENDING LINE",IF(CALC!$Q349=1,"STALE LINE",IF($AE349="QB UNCERTAIN","QB UNCERTAIN",IF($AF349<>"","TRANSITION UNCERTAIN",IF(OR($B349="",$C349=""),"DATA INCOMPLETE","READY"))))))))'
ENGINE	AI350	'=IF($A350="","",IF($AH350<>"","BLOCKED",IF($AG350<>"","FCS — NO PLAY",IF(CALC!$S350=1,"PENDING LINE",IF(CALC!$Q350=1,"STALE LINE",IF($AE350="QB UNCERTAIN","QB UNCERTAIN",IF($AF350<>"","FCS/TRANSITION UNCERTAIN",IF(OR($B350="",$C350=""),"DATA INCOMPLETE","READY"))))))))'	'=IF($A350="","",IF($AH350<>"","BLOCKED",IF($AG350<>"","FCS — NO PLAY",IF(CALC!$S350=1,"PENDING LINE",IF(CALC!$Q350=1,"STALE LINE",IF($AE350="QB UNCERTAIN","QB UNCERTAIN",IF($AF350<>"","TRANSITION UNCERTAIN",IF(OR($B350="",$C350=""),"DATA INCOMPLETE","READY"))))))))'
ENGINE	AI351	'=IF($A351="","",IF($AH351<>"","BLOCKED",IF($AG351<>"","FCS — NO PLAY",IF(CALC!$S351=1,"PENDING LINE",IF(CALC!$Q351=1,"STALE LINE",IF($AE351="QB UNCERTAIN","QB UNCERTAIN",IF($AF351<>"","FCS/TRANSITION UNCERTAIN",IF(OR($B351="",$C351=""),"DATA INCOMPLETE","READY"))))))))'	'=IF($A351="","",IF($AH351<>"","BLOCKED",IF($AG351<>"","FCS — NO PLAY",IF(CALC!$S351=1,"PENDING LINE",IF(CALC!$Q351=1,"STALE LINE",IF($AE351="QB UNCERTAIN","QB UNCERTAIN",IF($AF351<>"","TRANSITION UNCERTAIN",IF(OR($B351="",$C351=""),"DATA INCOMPLETE","READY"))))))))'
ENGINE	AI352	'=IF($A352="","",IF($AH352<>"","BLOCKED",IF($AG352<>"","FCS — NO PLAY",IF(CALC!$S352=1,"PENDING LINE",IF(CALC!$Q352=1,"STALE LINE",IF($AE352="QB UNCERTAIN","QB UNCERTAIN",IF($AF352<>"","FCS/TRANSITION UNCERTAIN",IF(OR($B352="",$C352=""),"DATA INCOMPLETE","READY"))))))))'	'=IF($A352="","",IF($AH352<>"","BLOCKED",IF($AG352<>"","FCS — NO PLAY",IF(CALC!$S352=1,"PENDING LINE",IF(CALC!$Q352=1,"STALE LINE",IF($AE352="QB UNCERTAIN","QB UNCERTAIN",IF($AF352<>"","TRANSITION UNCERTAIN",IF(OR($B352="",$C352=""),"DATA INCOMPLETE","READY"))))))))'
ENGINE	AI353	'=IF($A353="","",IF($AH353<>"","BLOCKED",IF($AG353<>"","FCS — NO PLAY",IF(CALC!$S353=1,"PENDING LINE",IF(CALC!$Q353=1,"STALE LINE",IF($AE353="QB UNCERTAIN","QB UNCERTAIN",IF($AF353<>"","FCS/TRANSITION UNCERTAIN",IF(OR($B353="",$C353=""),"DATA INCOMPLETE","READY"))))))))'	'=IF($A353="","",IF($AH353<>"","BLOCKED",IF($AG353<>"","FCS — NO PLAY",IF(CALC!$S353=1,"PENDING LINE",IF(CALC!$Q353=1,"STALE LINE",IF($AE353="QB UNCERTAIN","QB UNCERTAIN",IF($AF353<>"","TRANSITION UNCERTAIN",IF(OR($B353="",$C353=""),"DATA INCOMPLETE","READY"))))))))'
ENGINE	AI354	'=IF($A354="","",IF($AH354<>"","BLOCKED",IF($AG354<>"","FCS — NO PLAY",IF(CALC!$S354=1,"PENDING LINE",IF(CALC!$Q354=1,"STALE LINE",IF($AE354="QB UNCERTAIN","QB UNCERTAIN",IF($AF354<>"","FCS/TRANSITION UNCERTAIN",IF(OR($B354="",$C354=""),"DATA INCOMPLETE","READY"))))))))'	'=IF($A354="","",IF($AH354<>"","BLOCKED",IF($AG354<>"","FCS — NO PLAY",IF(CALC!$S354=1,"PENDING LINE",IF(CALC!$Q354=1,"STALE LINE",IF($AE354="QB UNCERTAIN","QB UNCERTAIN",IF($AF354<>"","TRANSITION UNCERTAIN",IF(OR($B354="",$C354=""),"DATA INCOMPLETE","READY"))))))))'
ENGINE	AI355	'=IF($A355="","",IF($AH355<>"","BLOCKED",IF($AG355<>"","FCS — NO PLAY",IF(CALC!$S355=1,"PENDING LINE",IF(CALC!$Q355=1,"STALE LINE",IF($AE355="QB UNCERTAIN","QB UNCERTAIN",IF($AF355<>"","FCS/TRANSITION UNCERTAIN",IF(OR($B355="",$C355=""),"DATA INCOMPLETE","READY"))))))))'	'=IF($A355="","",IF($AH355<>"","BLOCKED",IF($AG355<>"","FCS — NO PLAY",IF(CALC!$S355=1,"PENDING LINE",IF(CALC!$Q355=1,"STALE LINE",IF($AE355="QB UNCERTAIN","QB UNCERTAIN",IF($AF355<>"","TRANSITION UNCERTAIN",IF(OR($B355="",$C355=""),"DATA INCOMPLETE","READY"))))))))'
ENGINE	AI356	'=IF($A356="","",IF($AH356<>"","BLOCKED",IF($AG356<>"","FCS — NO PLAY",IF(CALC!$S356=1,"PENDING LINE",IF(CALC!$Q356=1,"STALE LINE",IF($AE356="QB UNCERTAIN","QB UNCERTAIN",IF($AF356<>"","FCS/TRANSITION UNCERTAIN",IF(OR($B356="",$C356=""),"DATA INCOMPLETE","READY"))))))))'	'=IF($A356="","",IF($AH356<>"","BLOCKED",IF($AG356<>"","FCS — NO PLAY",IF(CALC!$S356=1,"PENDING LINE",IF(CALC!$Q356=1,"STALE LINE",IF($AE356="QB UNCERTAIN","QB UNCERTAIN",IF($AF356<>"","TRANSITION UNCERTAIN",IF(OR($B356="",$C356=""),"DATA INCOMPLETE","READY"))))))))'
ENGINE	AI357	'=IF($A357="","",IF($AH357<>"","BLOCKED",IF($AG357<>"","FCS — NO PLAY",IF(CALC!$S357=1,"PENDING LINE",IF(CALC!$Q357=1,"STALE LINE",IF($AE357="QB UNCERTAIN","QB UNCERTAIN",IF($AF357<>"","FCS/TRANSITION UNCERTAIN",IF(OR($B357="",$C357=""),"DATA INCOMPLETE","READY"))))))))'	'=IF($A357="","",IF($AH357<>"","BLOCKED",IF($AG357<>"","FCS — NO PLAY",IF(CALC!$S357=1,"PENDING LINE",IF(CALC!$Q357=1,"STALE LINE",IF($AE357="QB UNCERTAIN","QB UNCERTAIN",IF($AF357<>"","TRANSITION UNCERTAIN",IF(OR($B357="",$C357=""),"DATA INCOMPLETE","READY"))))))))'
ENGINE	AI358	'=IF($A358="","",IF($AH358<>"","BLOCKED",IF($AG358<>"","FCS — NO PLAY",IF(CALC!$S358=1,"PENDING LINE",IF(CALC!$Q358=1,"STALE LINE",IF($AE358="QB UNCERTAIN","QB UNCERTAIN",IF($AF358<>"","FCS/TRANSITION UNCERTAIN",IF(OR($B358="",$C358=""),"DATA INCOMPLETE","READY"))))))))'	'=IF($A358="","",IF($AH358<>"","BLOCKED",IF($AG358<>"","FCS — NO PLAY",IF(CALC!$S358=1,"PENDING LINE",IF(CALC!$Q358=1,"STALE LINE",IF($AE358="QB UNCERTAIN","QB UNCERTAIN",IF($AF358<>"","TRANSITION UNCERTAIN",IF(OR($B358="",$C358=""),"DATA INCOMPLETE","READY"))))))))'
ENGINE	AI359	'=IF($A359="","",IF($AH359<>"","BLOCKED",IF($AG359<>"","FCS — NO PLAY",IF(CALC!$S359=1,"PENDING LINE",IF(CALC!$Q359=1,"STALE LINE",IF($AE359="QB UNCERTAIN","QB UNCERTAIN",IF($AF359<>"","FCS/TRANSITION UNCERTAIN",IF(OR($B359="",$C359=""),"DATA INCOMPLETE","READY"))))))))'	'=IF($A359="","",IF($AH359<>"","BLOCKED",IF($AG359<>"","FCS — NO PLAY",IF(CALC!$S359=1,"PENDING LINE",IF(CALC!$Q359=1,"STALE LINE",IF($AE359="QB UNCERTAIN","QB UNCERTAIN",IF($AF359<>"","TRANSITION UNCERTAIN",IF(OR($B359="",$C359=""),"DATA INCOMPLETE","READY"))))))))'
ENGINE	AI360	'=IF($A360="","",IF($AH360<>"","BLOCKED",IF($AG360<>"","FCS — NO PLAY",IF(CALC!$S360=1,"PENDING LINE",IF(CALC!$Q360=1,"STALE LINE",IF($AE360="QB UNCERTAIN","QB UNCERTAIN",IF($AF360<>"","FCS/TRANSITION UNCERTAIN",IF(OR($B360="",$C360=""),"DATA INCOMPLETE","READY"))))))))'	'=IF($A360="","",IF($AH360<>"","BLOCKED",IF($AG360<>"","FCS — NO PLAY",IF(CALC!$S360=1,"PENDING LINE",IF(CALC!$Q360=1,"STALE LINE",IF($AE360="QB UNCERTAIN","QB UNCERTAIN",IF($AF360<>"","TRANSITION UNCERTAIN",IF(OR($B360="",$C360=""),"DATA INCOMPLETE","READY"))))))))'
ENGINE	AI361	'=IF($A361="","",IF($AH361<>"","BLOCKED",IF($AG361<>"","FCS — NO PLAY",IF(CALC!$S361=1,"PENDING LINE",IF(CALC!$Q361=1,"STALE LINE",IF($AE361="QB UNCERTAIN","QB UNCERTAIN",IF($AF361<>"","FCS/TRANSITION UNCERTAIN",IF(OR($B361="",$C361=""),"DATA INCOMPLETE","READY"))))))))'	'=IF($A361="","",IF($AH361<>"","BLOCKED",IF($AG361<>"","FCS — NO PLAY",IF(CALC!$S361=1,"PENDING LINE",IF(CALC!$Q361=1,"STALE LINE",IF($AE361="QB UNCERTAIN","QB UNCERTAIN",IF($AF361<>"","TRANSITION UNCERTAIN",IF(OR($B361="",$C361=""),"DATA INCOMPLETE","READY"))))))))'
ENGINE	AI362	'=IF($A362="","",IF($AH362<>"","BLOCKED",IF($AG362<>"","FCS — NO PLAY",IF(CALC!$S362=1,"PENDING LINE",IF(CALC!$Q362=1,"STALE LINE",IF($AE362="QB UNCERTAIN","QB UNCERTAIN",IF($AF362<>"","FCS/TRANSITION UNCERTAIN",IF(OR($B362="",$C362=""),"DATA INCOMPLETE","READY"))))))))'	'=IF($A362="","",IF($AH362<>"","BLOCKED",IF($AG362<>"","FCS — NO PLAY",IF(CALC!$S362=1,"PENDING LINE",IF(CALC!$Q362=1,"STALE LINE",IF($AE362="QB UNCERTAIN","QB UNCERTAIN",IF($AF362<>"","TRANSITION UNCERTAIN",IF(OR($B362="",$C362=""),"DATA INCOMPLETE","READY"))))))))'
ENGINE	AI363	'=IF($A363="","",IF($AH363<>"","BLOCKED",IF($AG363<>"","FCS — NO PLAY",IF(CALC!$S363=1,"PENDING LINE",IF(CALC!$Q363=1,"STALE LINE",IF($AE363="QB UNCERTAIN","QB UNCERTAIN",IF($AF363<>"","FCS/TRANSITION UNCERTAIN",IF(OR($B363="",$C363=""),"DATA INCOMPLETE","READY"))))))))'	'=IF($A363="","",IF($AH363<>"","BLOCKED",IF($AG363<>"","FCS — NO PLAY",IF(CALC!$S363=1,"PENDING LINE",IF(CALC!$Q363=1,"STALE LINE",IF($AE363="QB UNCERTAIN","QB UNCERTAIN",IF($AF363<>"","TRANSITION UNCERTAIN",IF(OR($B363="",$C363=""),"DATA INCOMPLETE","READY"))))))))'
ENGINE	AI364	'=IF($A364="","",IF($AH364<>"","BLOCKED",IF($AG364<>"","FCS — NO PLAY",IF(CALC!$S364=1,"PENDING LINE",IF(CALC!$Q364=1,"STALE LINE",IF($AE364="QB UNCERTAIN","QB UNCERTAIN",IF($AF364<>"","FCS/TRANSITION UNCERTAIN",IF(OR($B364="",$C364=""),"DATA INCOMPLETE","READY"))))))))'	'=IF($A364="","",IF($AH364<>"","BLOCKED",IF($AG364<>"","FCS — NO PLAY",IF(CALC!$S364=1,"PENDING LINE",IF(CALC!$Q364=1,"STALE LINE",IF($AE364="QB UNCERTAIN","QB UNCERTAIN",IF($AF364<>"","TRANSITION UNCERTAIN",IF(OR($B364="",$C364=""),"DATA INCOMPLETE","READY"))))))))'
ENGINE	AI365	'=IF($A365="","",IF($AH365<>"","BLOCKED",IF($AG365<>"","FCS — NO PLAY",IF(CALC!$S365=1,"PENDING LINE",IF(CALC!$Q365=1,"STALE LINE",IF($AE365="QB UNCERTAIN","QB UNCERTAIN",IF($AF365<>"","FCS/TRANSITION UNCERTAIN",IF(OR($B365="",$C365=""),"DATA INCOMPLETE","READY"))))))))'	'=IF($A365="","",IF($AH365<>"","BLOCKED",IF($AG365<>"","FCS — NO PLAY",IF(CALC!$S365=1,"PENDING LINE",IF(CALC!$Q365=1,"STALE LINE",IF($AE365="QB UNCERTAIN","QB UNCERTAIN",IF($AF365<>"","TRANSITION UNCERTAIN",IF(OR($B365="",$C365=""),"DATA INCOMPLETE","READY"))))))))'
ENGINE	AI366	'=IF($A366="","",IF($AH366<>"","BLOCKED",IF($AG366<>"","FCS — NO PLAY",IF(CALC!$S366=1,"PENDING LINE",IF(CALC!$Q366=1,"STALE LINE",IF($AE366="QB UNCERTAIN","QB UNCERTAIN",IF($AF366<>"","FCS/TRANSITION UNCERTAIN",IF(OR($B366="",$C366=""),"DATA INCOMPLETE","READY"))))))))'	'=IF($A366="","",IF($AH366<>"","BLOCKED",IF($AG366<>"","FCS — NO PLAY",IF(CALC!$S366=1,"PENDING LINE",IF(CALC!$Q366=1,"STALE LINE",IF($AE366="QB UNCERTAIN","QB UNCERTAIN",IF($AF366<>"","TRANSITION UNCERTAIN",IF(OR($B366="",$C366=""),"DATA INCOMPLETE","READY"))))))))'
ENGINE	AI367	'=IF($A367="","",IF($AH367<>"","BLOCKED",IF($AG367<>"","FCS — NO PLAY",IF(CALC!$S367=1,"PENDING LINE",IF(CALC!$Q367=1,"STALE LINE",IF($AE367="QB UNCERTAIN","QB UNCERTAIN",IF($AF367<>"","FCS/TRANSITION UNCERTAIN",IF(OR($B367="",$C367=""),"DATA INCOMPLETE","READY"))))))))'	'=IF($A367="","",IF($AH367<>"","BLOCKED",IF($AG367<>"","FCS — NO PLAY",IF(CALC!$S367=1,"PENDING LINE",IF(CALC!$Q367=1,"STALE LINE",IF($AE367="QB UNCERTAIN","QB UNCERTAIN",IF($AF367<>"","TRANSITION UNCERTAIN",IF(OR($B367="",$C367=""),"DATA INCOMPLETE","READY"))))))))'
ENGINE	AI368	'=IF($A368="","",IF($AH368<>"","BLOCKED",IF($AG368<>"","FCS — NO PLAY",IF(CALC!$S368=1,"PENDING LINE",IF(CALC!$Q368=1,"STALE LINE",IF($AE368="QB UNCERTAIN","QB UNCERTAIN",IF($AF368<>"","FCS/TRANSITION UNCERTAIN",IF(OR($B368="",$C368=""),"DATA INCOMPLETE","READY"))))))))'	'=IF($A368="","",IF($AH368<>"","BLOCKED",IF($AG368<>"","FCS — NO PLAY",IF(CALC!$S368=1,"PENDING LINE",IF(CALC!$Q368=1,"STALE LINE",IF($AE368="QB UNCERTAIN","QB UNCERTAIN",IF($AF368<>"","TRANSITION UNCERTAIN",IF(OR($B368="",$C368=""),"DATA INCOMPLETE","READY"))))))))'
ENGINE	AI369	'=IF($A369="","",IF($AH369<>"","BLOCKED",IF($AG369<>"","FCS — NO PLAY",IF(CALC!$S369=1,"PENDING LINE",IF(CALC!$Q369=1,"STALE LINE",IF($AE369="QB UNCERTAIN","QB UNCERTAIN",IF($AF369<>"","FCS/TRANSITION UNCERTAIN",IF(OR($B369="",$C369=""),"DATA INCOMPLETE","READY"))))))))'	'=IF($A369="","",IF($AH369<>"","BLOCKED",IF($AG369<>"","FCS — NO PLAY",IF(CALC!$S369=1,"PENDING LINE",IF(CALC!$Q369=1,"STALE LINE",IF($AE369="QB UNCERTAIN","QB UNCERTAIN",IF($AF369<>"","TRANSITION UNCERTAIN",IF(OR($B369="",$C369=""),"DATA INCOMPLETE","READY"))))))))'
ENGINE	AI370	'=IF($A370="","",IF($AH370<>"","BLOCKED",IF($AG370<>"","FCS — NO PLAY",IF(CALC!$S370=1,"PENDING LINE",IF(CALC!$Q370=1,"STALE LINE",IF($AE370="QB UNCERTAIN","QB UNCERTAIN",IF($AF370<>"","FCS/TRANSITION UNCERTAIN",IF(OR($B370="",$C370=""),"DATA INCOMPLETE","READY"))))))))'	'=IF($A370="","",IF($AH370<>"","BLOCKED",IF($AG370<>"","FCS — NO PLAY",IF(CALC!$S370=1,"PENDING LINE",IF(CALC!$Q370=1,"STALE LINE",IF($AE370="QB UNCERTAIN","QB UNCERTAIN",IF($AF370<>"","TRANSITION UNCERTAIN",IF(OR($B370="",$C370=""),"DATA INCOMPLETE","READY"))))))))'
ENGINE	AI371	'=IF($A371="","",IF($AH371<>"","BLOCKED",IF($AG371<>"","FCS — NO PLAY",IF(CALC!$S371=1,"PENDING LINE",IF(CALC!$Q371=1,"STALE LINE",IF($AE371="QB UNCERTAIN","QB UNCERTAIN",IF($AF371<>"","FCS/TRANSITION UNCERTAIN",IF(OR($B371="",$C371=""),"DATA INCOMPLETE","READY"))))))))'	'=IF($A371="","",IF($AH371<>"","BLOCKED",IF($AG371<>"","FCS — NO PLAY",IF(CALC!$S371=1,"PENDING LINE",IF(CALC!$Q371=1,"STALE LINE",IF($AE371="QB UNCERTAIN","QB UNCERTAIN",IF($AF371<>"","TRANSITION UNCERTAIN",IF(OR($B371="",$C371=""),"DATA INCOMPLETE","READY"))))))))'
ENGINE	AI372	'=IF($A372="","",IF($AH372<>"","BLOCKED",IF($AG372<>"","FCS — NO PLAY",IF(CALC!$S372=1,"PENDING LINE",IF(CALC!$Q372=1,"STALE LINE",IF($AE372="QB UNCERTAIN","QB UNCERTAIN",IF($AF372<>"","FCS/TRANSITION UNCERTAIN",IF(OR($B372="",$C372=""),"DATA INCOMPLETE","READY"))))))))'	'=IF($A372="","",IF($AH372<>"","BLOCKED",IF($AG372<>"","FCS — NO PLAY",IF(CALC!$S372=1,"PENDING LINE",IF(CALC!$Q372=1,"STALE LINE",IF($AE372="QB UNCERTAIN","QB UNCERTAIN",IF($AF372<>"","TRANSITION UNCERTAIN",IF(OR($B372="",$C372=""),"DATA INCOMPLETE","READY"))))))))'
ENGINE	AI373	'=IF($A373="","",IF($AH373<>"","BLOCKED",IF($AG373<>"","FCS — NO PLAY",IF(CALC!$S373=1,"PENDING LINE",IF(CALC!$Q373=1,"STALE LINE",IF($AE373="QB UNCERTAIN","QB UNCERTAIN",IF($AF373<>"","FCS/TRANSITION UNCERTAIN",IF(OR($B373="",$C373=""),"DATA INCOMPLETE","READY"))))))))'	'=IF($A373="","",IF($AH373<>"","BLOCKED",IF($AG373<>"","FCS — NO PLAY",IF(CALC!$S373=1,"PENDING LINE",IF(CALC!$Q373=1,"STALE LINE",IF($AE373="QB UNCERTAIN","QB UNCERTAIN",IF($AF373<>"","TRANSITION UNCERTAIN",IF(OR($B373="",$C373=""),"DATA INCOMPLETE","READY"))))))))'
ENGINE	AI374	'=IF($A374="","",IF($AH374<>"","BLOCKED",IF($AG374<>"","FCS — NO PLAY",IF(CALC!$S374=1,"PENDING LINE",IF(CALC!$Q374=1,"STALE LINE",IF($AE374="QB UNCERTAIN","QB UNCERTAIN",IF($AF374<>"","FCS/TRANSITION UNCERTAIN",IF(OR($B374="",$C374=""),"DATA INCOMPLETE","READY"))))))))'	'=IF($A374="","",IF($AH374<>"","BLOCKED",IF($AG374<>"","FCS — NO PLAY",IF(CALC!$S374=1,"PENDING LINE",IF(CALC!$Q374=1,"STALE LINE",IF($AE374="QB UNCERTAIN","QB UNCERTAIN",IF($AF374<>"","TRANSITION UNCERTAIN",IF(OR($B374="",$C374=""),"DATA INCOMPLETE","READY"))))))))'
ENGINE	AI375	'=IF($A375="","",IF($AH375<>"","BLOCKED",IF($AG375<>"","FCS — NO PLAY",IF(CALC!$S375=1,"PENDING LINE",IF(CALC!$Q375=1,"STALE LINE",IF($AE375="QB UNCERTAIN","QB UNCERTAIN",IF($AF375<>"","FCS/TRANSITION UNCERTAIN",IF(OR($B375="",$C375=""),"DATA INCOMPLETE","READY"))))))))'	'=IF($A375="","",IF($AH375<>"","BLOCKED",IF($AG375<>"","FCS — NO PLAY",IF(CALC!$S375=1,"PENDING LINE",IF(CALC!$Q375=1,"STALE LINE",IF($AE375="QB UNCERTAIN","QB UNCERTAIN",IF($AF375<>"","TRANSITION UNCERTAIN",IF(OR($B375="",$C375=""),"DATA INCOMPLETE","READY"))))))))'
ENGINE	AI376	'=IF($A376="","",IF($AH376<>"","BLOCKED",IF($AG376<>"","FCS — NO PLAY",IF(CALC!$S376=1,"PENDING LINE",IF(CALC!$Q376=1,"STALE LINE",IF($AE376="QB UNCERTAIN","QB UNCERTAIN",IF($AF376<>"","FCS/TRANSITION UNCERTAIN",IF(OR($B376="",$C376=""),"DATA INCOMPLETE","READY"))))))))'	'=IF($A376="","",IF($AH376<>"","BLOCKED",IF($AG376<>"","FCS — NO PLAY",IF(CALC!$S376=1,"PENDING LINE",IF(CALC!$Q376=1,"STALE LINE",IF($AE376="QB UNCERTAIN","QB UNCERTAIN",IF($AF376<>"","TRANSITION UNCERTAIN",IF(OR($B376="",$C376=""),"DATA INCOMPLETE","READY"))))))))'
ENGINE	AI377	'=IF($A377="","",IF($AH377<>"","BLOCKED",IF($AG377<>"","FCS — NO PLAY",IF(CALC!$S377=1,"PENDING LINE",IF(CALC!$Q377=1,"STALE LINE",IF($AE377="QB UNCERTAIN","QB UNCERTAIN",IF($AF377<>"","FCS/TRANSITION UNCERTAIN",IF(OR($B377="",$C377=""),"DATA INCOMPLETE","READY"))))))))'	'=IF($A377="","",IF($AH377<>"","BLOCKED",IF($AG377<>"","FCS — NO PLAY",IF(CALC!$S377=1,"PENDING LINE",IF(CALC!$Q377=1,"STALE LINE",IF($AE377="QB UNCERTAIN","QB UNCERTAIN",IF($AF377<>"","TRANSITION UNCERTAIN",IF(OR($B377="",$C377=""),"DATA INCOMPLETE","READY"))))))))'
ENGINE	AI378	'=IF($A378="","",IF($AH378<>"","BLOCKED",IF($AG378<>"","FCS — NO PLAY",IF(CALC!$S378=1,"PENDING LINE",IF(CALC!$Q378=1,"STALE LINE",IF($AE378="QB UNCERTAIN","QB UNCERTAIN",IF($AF378<>"","FCS/TRANSITION UNCERTAIN",IF(OR($B378="",$C378=""),"DATA INCOMPLETE","READY"))))))))'	'=IF($A378="","",IF($AH378<>"","BLOCKED",IF($AG378<>"","FCS — NO PLAY",IF(CALC!$S378=1,"PENDING LINE",IF(CALC!$Q378=1,"STALE LINE",IF($AE378="QB UNCERTAIN","QB UNCERTAIN",IF($AF378<>"","TRANSITION UNCERTAIN",IF(OR($B378="",$C378=""),"DATA INCOMPLETE","READY"))))))))'
ENGINE	AI379	'=IF($A379="","",IF($AH379<>"","BLOCKED",IF($AG379<>"","FCS — NO PLAY",IF(CALC!$S379=1,"PENDING LINE",IF(CALC!$Q379=1,"STALE LINE",IF($AE379="QB UNCERTAIN","QB UNCERTAIN",IF($AF379<>"","FCS/TRANSITION UNCERTAIN",IF(OR($B379="",$C379=""),"DATA INCOMPLETE","READY"))))))))'	'=IF($A379="","",IF($AH379<>"","BLOCKED",IF($AG379<>"","FCS — NO PLAY",IF(CALC!$S379=1,"PENDING LINE",IF(CALC!$Q379=1,"STALE LINE",IF($AE379="QB UNCERTAIN","QB UNCERTAIN",IF($AF379<>"","TRANSITION UNCERTAIN",IF(OR($B379="",$C379=""),"DATA INCOMPLETE","READY"))))))))'
ENGINE	AI380	'=IF($A380="","",IF($AH380<>"","BLOCKED",IF($AG380<>"","FCS — NO PLAY",IF(CALC!$S380=1,"PENDING LINE",IF(CALC!$Q380=1,"STALE LINE",IF($AE380="QB UNCERTAIN","QB UNCERTAIN",IF($AF380<>"","FCS/TRANSITION UNCERTAIN",IF(OR($B380="",$C380=""),"DATA INCOMPLETE","READY"))))))))'	'=IF($A380="","",IF($AH380<>"","BLOCKED",IF($AG380<>"","FCS — NO PLAY",IF(CALC!$S380=1,"PENDING LINE",IF(CALC!$Q380=1,"STALE LINE",IF($AE380="QB UNCERTAIN","QB UNCERTAIN",IF($AF380<>"","TRANSITION UNCERTAIN",IF(OR($B380="",$C380=""),"DATA INCOMPLETE","READY"))))))))'
ENGINE	AI381	'=IF($A381="","",IF($AH381<>"","BLOCKED",IF($AG381<>"","FCS — NO PLAY",IF(CALC!$S381=1,"PENDING LINE",IF(CALC!$Q381=1,"STALE LINE",IF($AE381="QB UNCERTAIN","QB UNCERTAIN",IF($AF381<>"","FCS/TRANSITION UNCERTAIN",IF(OR($B381="",$C381=""),"DATA INCOMPLETE","READY"))))))))'	'=IF($A381="","",IF($AH381<>"","BLOCKED",IF($AG381<>"","FCS — NO PLAY",IF(CALC!$S381=1,"PENDING LINE",IF(CALC!$Q381=1,"STALE LINE",IF($AE381="QB UNCERTAIN","QB UNCERTAIN",IF($AF381<>"","TRANSITION UNCERTAIN",IF(OR($B381="",$C381=""),"DATA INCOMPLETE","READY"))))))))'
ENGINE	AI382	'=IF($A382="","",IF($AH382<>"","BLOCKED",IF($AG382<>"","FCS — NO PLAY",IF(CALC!$S382=1,"PENDING LINE",IF(CALC!$Q382=1,"STALE LINE",IF($AE382="QB UNCERTAIN","QB UNCERTAIN",IF($AF382<>"","FCS/TRANSITION UNCERTAIN",IF(OR($B382="",$C382=""),"DATA INCOMPLETE","READY"))))))))'	'=IF($A382="","",IF($AH382<>"","BLOCKED",IF($AG382<>"","FCS — NO PLAY",IF(CALC!$S382=1,"PENDING LINE",IF(CALC!$Q382=1,"STALE LINE",IF($AE382="QB UNCERTAIN","QB UNCERTAIN",IF($AF382<>"","TRANSITION UNCERTAIN",IF(OR($B382="",$C382=""),"DATA INCOMPLETE","READY"))))))))'
ENGINE	AI383	'=IF($A383="","",IF($AH383<>"","BLOCKED",IF($AG383<>"","FCS — NO PLAY",IF(CALC!$S383=1,"PENDING LINE",IF(CALC!$Q383=1,"STALE LINE",IF($AE383="QB UNCERTAIN","QB UNCERTAIN",IF($AF383<>"","FCS/TRANSITION UNCERTAIN",IF(OR($B383="",$C383=""),"DATA INCOMPLETE","READY"))))))))'	'=IF($A383="","",IF($AH383<>"","BLOCKED",IF($AG383<>"","FCS — NO PLAY",IF(CALC!$S383=1,"PENDING LINE",IF(CALC!$Q383=1,"STALE LINE",IF($AE383="QB UNCERTAIN","QB UNCERTAIN",IF($AF383<>"","TRANSITION UNCERTAIN",IF(OR($B383="",$C383=""),"DATA INCOMPLETE","READY"))))))))'
ENGINE	AI384	'=IF($A384="","",IF($AH384<>"","BLOCKED",IF($AG384<>"","FCS — NO PLAY",IF(CALC!$S384=1,"PENDING LINE",IF(CALC!$Q384=1,"STALE LINE",IF($AE384="QB UNCERTAIN","QB UNCERTAIN",IF($AF384<>"","FCS/TRANSITION UNCERTAIN",IF(OR($B384="",$C384=""),"DATA INCOMPLETE","READY"))))))))'	'=IF($A384="","",IF($AH384<>"","BLOCKED",IF($AG384<>"","FCS — NO PLAY",IF(CALC!$S384=1,"PENDING LINE",IF(CALC!$Q384=1,"STALE LINE",IF($AE384="QB UNCERTAIN","QB UNCERTAIN",IF($AF384<>"","TRANSITION UNCERTAIN",IF(OR($B384="",$C384=""),"DATA INCOMPLETE","READY"))))))))'
ENGINE	AI385	'=IF($A385="","",IF($AH385<>"","BLOCKED",IF($AG385<>"","FCS — NO PLAY",IF(CALC!$S385=1,"PENDING LINE",IF(CALC!$Q385=1,"STALE LINE",IF($AE385="QB UNCERTAIN","QB UNCERTAIN",IF($AF385<>"","FCS/TRANSITION UNCERTAIN",IF(OR($B385="",$C385=""),"DATA INCOMPLETE","READY"))))))))'	'=IF($A385="","",IF($AH385<>"","BLOCKED",IF($AG385<>"","FCS — NO PLAY",IF(CALC!$S385=1,"PENDING LINE",IF(CALC!$Q385=1,"STALE LINE",IF($AE385="QB UNCERTAIN","QB UNCERTAIN",IF($AF385<>"","TRANSITION UNCERTAIN",IF(OR($B385="",$C385=""),"DATA INCOMPLETE","READY"))))))))'
ENGINE	AI386	'=IF($A386="","",IF($AH386<>"","BLOCKED",IF($AG386<>"","FCS — NO PLAY",IF(CALC!$S386=1,"PENDING LINE",IF(CALC!$Q386=1,"STALE LINE",IF($AE386="QB UNCERTAIN","QB UNCERTAIN",IF($AF386<>"","FCS/TRANSITION UNCERTAIN",IF(OR($B386="",$C386=""),"DATA INCOMPLETE","READY"))))))))'	'=IF($A386="","",IF($AH386<>"","BLOCKED",IF($AG386<>"","FCS — NO PLAY",IF(CALC!$S386=1,"PENDING LINE",IF(CALC!$Q386=1,"STALE LINE",IF($AE386="QB UNCERTAIN","QB UNCERTAIN",IF($AF386<>"","TRANSITION UNCERTAIN",IF(OR($B386="",$C386=""),"DATA INCOMPLETE","READY"))))))))'
ENGINE	AI387	'=IF($A387="","",IF($AH387<>"","BLOCKED",IF($AG387<>"","FCS — NO PLAY",IF(CALC!$S387=1,"PENDING LINE",IF(CALC!$Q387=1,"STALE LINE",IF($AE387="QB UNCERTAIN","QB UNCERTAIN",IF($AF387<>"","FCS/TRANSITION UNCERTAIN",IF(OR($B387="",$C387=""),"DATA INCOMPLETE","READY"))))))))'	'=IF($A387="","",IF($AH387<>"","BLOCKED",IF($AG387<>"","FCS — NO PLAY",IF(CALC!$S387=1,"PENDING LINE",IF(CALC!$Q387=1,"STALE LINE",IF($AE387="QB UNCERTAIN","QB UNCERTAIN",IF($AF387<>"","TRANSITION UNCERTAIN",IF(OR($B387="",$C387=""),"DATA INCOMPLETE","READY"))))))))'
ENGINE	AI388	'=IF($A388="","",IF($AH388<>"","BLOCKED",IF($AG388<>"","FCS — NO PLAY",IF(CALC!$S388=1,"PENDING LINE",IF(CALC!$Q388=1,"STALE LINE",IF($AE388="QB UNCERTAIN","QB UNCERTAIN",IF($AF388<>"","FCS/TRANSITION UNCERTAIN",IF(OR($B388="",$C388=""),"DATA INCOMPLETE","READY"))))))))'	'=IF($A388="","",IF($AH388<>"","BLOCKED",IF($AG388<>"","FCS — NO PLAY",IF(CALC!$S388=1,"PENDING LINE",IF(CALC!$Q388=1,"STALE LINE",IF($AE388="QB UNCERTAIN","QB UNCERTAIN",IF($AF388<>"","TRANSITION UNCERTAIN",IF(OR($B388="",$C388=""),"DATA INCOMPLETE","READY"))))))))'
ENGINE	AI389	'=IF($A389="","",IF($AH389<>"","BLOCKED",IF($AG389<>"","FCS — NO PLAY",IF(CALC!$S389=1,"PENDING LINE",IF(CALC!$Q389=1,"STALE LINE",IF($AE389="QB UNCERTAIN","QB UNCERTAIN",IF($AF389<>"","FCS/TRANSITION UNCERTAIN",IF(OR($B389="",$C389=""),"DATA INCOMPLETE","READY"))))))))'	'=IF($A389="","",IF($AH389<>"","BLOCKED",IF($AG389<>"","FCS — NO PLAY",IF(CALC!$S389=1,"PENDING LINE",IF(CALC!$Q389=1,"STALE LINE",IF($AE389="QB UNCERTAIN","QB UNCERTAIN",IF($AF389<>"","TRANSITION UNCERTAIN",IF(OR($B389="",$C389=""),"DATA INCOMPLETE","READY"))))))))'
ENGINE	AI390	'=IF($A390="","",IF($AH390<>"","BLOCKED",IF($AG390<>"","FCS — NO PLAY",IF(CALC!$S390=1,"PENDING LINE",IF(CALC!$Q390=1,"STALE LINE",IF($AE390="QB UNCERTAIN","QB UNCERTAIN",IF($AF390<>"","FCS/TRANSITION UNCERTAIN",IF(OR($B390="",$C390=""),"DATA INCOMPLETE","READY"))))))))'	'=IF($A390="","",IF($AH390<>"","BLOCKED",IF($AG390<>"","FCS — NO PLAY",IF(CALC!$S390=1,"PENDING LINE",IF(CALC!$Q390=1,"STALE LINE",IF($AE390="QB UNCERTAIN","QB UNCERTAIN",IF($AF390<>"","TRANSITION UNCERTAIN",IF(OR($B390="",$C390=""),"DATA INCOMPLETE","READY"))))))))'
ENGINE	AI391	'=IF($A391="","",IF($AH391<>"","BLOCKED",IF($AG391<>"","FCS — NO PLAY",IF(CALC!$S391=1,"PENDING LINE",IF(CALC!$Q391=1,"STALE LINE",IF($AE391="QB UNCERTAIN","QB UNCERTAIN",IF($AF391<>"","FCS/TRANSITION UNCERTAIN",IF(OR($B391="",$C391=""),"DATA INCOMPLETE","READY"))))))))'	'=IF($A391="","",IF($AH391<>"","BLOCKED",IF($AG391<>"","FCS — NO PLAY",IF(CALC!$S391=1,"PENDING LINE",IF(CALC!$Q391=1,"STALE LINE",IF($AE391="QB UNCERTAIN","QB UNCERTAIN",IF($AF391<>"","TRANSITION UNCERTAIN",IF(OR($B391="",$C391=""),"DATA INCOMPLETE","READY"))))))))'
ENGINE	AI392	'=IF($A392="","",IF($AH392<>"","BLOCKED",IF($AG392<>"","FCS — NO PLAY",IF(CALC!$S392=1,"PENDING LINE",IF(CALC!$Q392=1,"STALE LINE",IF($AE392="QB UNCERTAIN","QB UNCERTAIN",IF($AF392<>"","FCS/TRANSITION UNCERTAIN",IF(OR($B392="",$C392=""),"DATA INCOMPLETE","READY"))))))))'	'=IF($A392="","",IF($AH392<>"","BLOCKED",IF($AG392<>"","FCS — NO PLAY",IF(CALC!$S392=1,"PENDING LINE",IF(CALC!$Q392=1,"STALE LINE",IF($AE392="QB UNCERTAIN","QB UNCERTAIN",IF($AF392<>"","TRANSITION UNCERTAIN",IF(OR($B392="",$C392=""),"DATA INCOMPLETE","READY"))))))))'
ENGINE	AI393	'=IF($A393="","",IF($AH393<>"","BLOCKED",IF($AG393<>"","FCS — NO PLAY",IF(CALC!$S393=1,"PENDING LINE",IF(CALC!$Q393=1,"STALE LINE",IF($AE393="QB UNCERTAIN","QB UNCERTAIN",IF($AF393<>"","FCS/TRANSITION UNCERTAIN",IF(OR($B393="",$C393=""),"DATA INCOMPLETE","READY"))))))))'	'=IF($A393="","",IF($AH393<>"","BLOCKED",IF($AG393<>"","FCS — NO PLAY",IF(CALC!$S393=1,"PENDING LINE",IF(CALC!$Q393=1,"STALE LINE",IF($AE393="QB UNCERTAIN","QB UNCERTAIN",IF($AF393<>"","TRANSITION UNCERTAIN",IF(OR($B393="",$C393=""),"DATA INCOMPLETE","READY"))))))))'
ENGINE	AI394	'=IF($A394="","",IF($AH394<>"","BLOCKED",IF($AG394<>"","FCS — NO PLAY",IF(CALC!$S394=1,"PENDING LINE",IF(CALC!$Q394=1,"STALE LINE",IF($AE394="QB UNCERTAIN","QB UNCERTAIN",IF($AF394<>"","FCS/TRANSITION UNCERTAIN",IF(OR($B394="",$C394=""),"DATA INCOMPLETE","READY"))))))))'	'=IF($A394="","",IF($AH394<>"","BLOCKED",IF($AG394<>"","FCS — NO PLAY",IF(CALC!$S394=1,"PENDING LINE",IF(CALC!$Q394=1,"STALE LINE",IF($AE394="QB UNCERTAIN","QB UNCERTAIN",IF($AF394<>"","TRANSITION UNCERTAIN",IF(OR($B394="",$C394=""),"DATA INCOMPLETE","READY"))))))))'
ENGINE	AI395	'=IF($A395="","",IF($AH395<>"","BLOCKED",IF($AG395<>"","FCS — NO PLAY",IF(CALC!$S395=1,"PENDING LINE",IF(CALC!$Q395=1,"STALE LINE",IF($AE395="QB UNCERTAIN","QB UNCERTAIN",IF($AF395<>"","FCS/TRANSITION UNCERTAIN",IF(OR($B395="",$C395=""),"DATA INCOMPLETE","READY"))))))))'	'=IF($A395="","",IF($AH395<>"","BLOCKED",IF($AG395<>"","FCS — NO PLAY",IF(CALC!$S395=1,"PENDING LINE",IF(CALC!$Q395=1,"STALE LINE",IF($AE395="QB UNCERTAIN","QB UNCERTAIN",IF($AF395<>"","TRANSITION UNCERTAIN",IF(OR($B395="",$C395=""),"DATA INCOMPLETE","READY"))))))))'
ENGINE	AI396	'=IF($A396="","",IF($AH396<>"","BLOCKED",IF($AG396<>"","FCS — NO PLAY",IF(CALC!$S396=1,"PENDING LINE",IF(CALC!$Q396=1,"STALE LINE",IF($AE396="QB UNCERTAIN","QB UNCERTAIN",IF($AF396<>"","FCS/TRANSITION UNCERTAIN",IF(OR($B396="",$C396=""),"DATA INCOMPLETE","READY"))))))))'	'=IF($A396="","",IF($AH396<>"","BLOCKED",IF($AG396<>"","FCS — NO PLAY",IF(CALC!$S396=1,"PENDING LINE",IF(CALC!$Q396=1,"STALE LINE",IF($AE396="QB UNCERTAIN","QB UNCERTAIN",IF($AF396<>"","TRANSITION UNCERTAIN",IF(OR($B396="",$C396=""),"DATA INCOMPLETE","READY"))))))))'
ENGINE	AI397	'=IF($A397="","",IF($AH397<>"","BLOCKED",IF($AG397<>"","FCS — NO PLAY",IF(CALC!$S397=1,"PENDING LINE",IF(CALC!$Q397=1,"STALE LINE",IF($AE397="QB UNCERTAIN","QB UNCERTAIN",IF($AF397<>"","FCS/TRANSITION UNCERTAIN",IF(OR($B397="",$C397=""),"DATA INCOMPLETE","READY"))))))))'	'=IF($A397="","",IF($AH397<>"","BLOCKED",IF($AG397<>"","FCS — NO PLAY",IF(CALC!$S397=1,"PENDING LINE",IF(CALC!$Q397=1,"STALE LINE",IF($AE397="QB UNCERTAIN","QB UNCERTAIN",IF($AF397<>"","TRANSITION UNCERTAIN",IF(OR($B397="",$C397=""),"DATA INCOMPLETE","READY"))))))))'
ENGINE	AI398	'=IF($A398="","",IF($AH398<>"","BLOCKED",IF($AG398<>"","FCS — NO PLAY",IF(CALC!$S398=1,"PENDING LINE",IF(CALC!$Q398=1,"STALE LINE",IF($AE398="QB UNCERTAIN","QB UNCERTAIN",IF($AF398<>"","FCS/TRANSITION UNCERTAIN",IF(OR($B398="",$C398=""),"DATA INCOMPLETE","READY"))))))))'	'=IF($A398="","",IF($AH398<>"","BLOCKED",IF($AG398<>"","FCS — NO PLAY",IF(CALC!$S398=1,"PENDING LINE",IF(CALC!$Q398=1,"STALE LINE",IF($AE398="QB UNCERTAIN","QB UNCERTAIN",IF($AF398<>"","TRANSITION UNCERTAIN",IF(OR($B398="",$C398=""),"DATA INCOMPLETE","READY"))))))))'
ENGINE	AI399	'=IF($A399="","",IF($AH399<>"","BLOCKED",IF($AG399<>"","FCS — NO PLAY",IF(CALC!$S399=1,"PENDING LINE",IF(CALC!$Q399=1,"STALE LINE",IF($AE399="QB UNCERTAIN","QB UNCERTAIN",IF($AF399<>"","FCS/TRANSITION UNCERTAIN",IF(OR($B399="",$C399=""),"DATA INCOMPLETE","READY"))))))))'	'=IF($A399="","",IF($AH399<>"","BLOCKED",IF($AG399<>"","FCS — NO PLAY",IF(CALC!$S399=1,"PENDING LINE",IF(CALC!$Q399=1,"STALE LINE",IF($AE399="QB UNCERTAIN","QB UNCERTAIN",IF($AF399<>"","TRANSITION UNCERTAIN",IF(OR($B399="",$C399=""),"DATA INCOMPLETE","READY"))))))))'
ENGINE	AI400	'=IF($A400="","",IF($AH400<>"","BLOCKED",IF($AG400<>"","FCS — NO PLAY",IF(CALC!$S400=1,"PENDING LINE",IF(CALC!$Q400=1,"STALE LINE",IF($AE400="QB UNCERTAIN","QB UNCERTAIN",IF($AF400<>"","FCS/TRANSITION UNCERTAIN",IF(OR($B400="",$C400=""),"DATA INCOMPLETE","READY"))))))))'	'=IF($A400="","",IF($AH400<>"","BLOCKED",IF($AG400<>"","FCS — NO PLAY",IF(CALC!$S400=1,"PENDING LINE",IF(CALC!$Q400=1,"STALE LINE",IF($AE400="QB UNCERTAIN","QB UNCERTAIN",IF($AF400<>"","TRANSITION UNCERTAIN",IF(OR($B400="",$C400=""),"DATA INCOMPLETE","READY"))))))))'
ENGINE	AI401	'=IF($A401="","",IF($AH401<>"","BLOCKED",IF($AG401<>"","FCS — NO PLAY",IF(CALC!$S401=1,"PENDING LINE",IF(CALC!$Q401=1,"STALE LINE",IF($AE401="QB UNCERTAIN","QB UNCERTAIN",IF($AF401<>"","FCS/TRANSITION UNCERTAIN",IF(OR($B401="",$C401=""),"DATA INCOMPLETE","READY"))))))))'	'=IF($A401="","",IF($AH401<>"","BLOCKED",IF($AG401<>"","FCS — NO PLAY",IF(CALC!$S401=1,"PENDING LINE",IF(CALC!$Q401=1,"STALE LINE",IF($AE401="QB UNCERTAIN","QB UNCERTAIN",IF($AF401<>"","TRANSITION UNCERTAIN",IF(OR($B401="",$C401=""),"DATA INCOMPLETE","READY"))))))))'
ENGINE	AI402	'=IF($A402="","",IF($AH402<>"","BLOCKED",IF($AG402<>"","FCS — NO PLAY",IF(CALC!$S402=1,"PENDING LINE",IF(CALC!$Q402=1,"STALE LINE",IF($AE402="QB UNCERTAIN","QB UNCERTAIN",IF($AF402<>"","FCS/TRANSITION UNCERTAIN",IF(OR($B402="",$C402=""),"DATA INCOMPLETE","READY"))))))))'	'=IF($A402="","",IF($AH402<>"","BLOCKED",IF($AG402<>"","FCS — NO PLAY",IF(CALC!$S402=1,"PENDING LINE",IF(CALC!$Q402=1,"STALE LINE",IF($AE402="QB UNCERTAIN","QB UNCERTAIN",IF($AF402<>"","TRANSITION UNCERTAIN",IF(OR($B402="",$C402=""),"DATA INCOMPLETE","READY"))))))))'
ENGINE	AI403	'=IF($A403="","",IF($AH403<>"","BLOCKED",IF($AG403<>"","FCS — NO PLAY",IF(CALC!$S403=1,"PENDING LINE",IF(CALC!$Q403=1,"STALE LINE",IF($AE403="QB UNCERTAIN","QB UNCERTAIN",IF($AF403<>"","FCS/TRANSITION UNCERTAIN",IF(OR($B403="",$C403=""),"DATA INCOMPLETE","READY"))))))))'	'=IF($A403="","",IF($AH403<>"","BLOCKED",IF($AG403<>"","FCS — NO PLAY",IF(CALC!$S403=1,"PENDING LINE",IF(CALC!$Q403=1,"STALE LINE",IF($AE403="QB UNCERTAIN","QB UNCERTAIN",IF($AF403<>"","TRANSITION UNCERTAIN",IF(OR($B403="",$C403=""),"DATA INCOMPLETE","READY"))))))))'
ENGINE	AI404	'=IF($A404="","",IF($AH404<>"","BLOCKED",IF($AG404<>"","FCS — NO PLAY",IF(CALC!$S404=1,"PENDING LINE",IF(CALC!$Q404=1,"STALE LINE",IF($AE404="QB UNCERTAIN","QB UNCERTAIN",IF($AF404<>"","FCS/TRANSITION UNCERTAIN",IF(OR($B404="",$C404=""),"DATA INCOMPLETE","READY"))))))))'	'=IF($A404="","",IF($AH404<>"","BLOCKED",IF($AG404<>"","FCS — NO PLAY",IF(CALC!$S404=1,"PENDING LINE",IF(CALC!$Q404=1,"STALE LINE",IF($AE404="QB UNCERTAIN","QB UNCERTAIN",IF($AF404<>"","TRANSITION UNCERTAIN",IF(OR($B404="",$C404=""),"DATA INCOMPLETE","READY"))))))))'
ENGINE	AI405	'=IF($A405="","",IF($AH405<>"","BLOCKED",IF($AG405<>"","FCS — NO PLAY",IF(CALC!$S405=1,"PENDING LINE",IF(CALC!$Q405=1,"STALE LINE",IF($AE405="QB UNCERTAIN","QB UNCERTAIN",IF($AF405<>"","FCS/TRANSITION UNCERTAIN",IF(OR($B405="",$C405=""),"DATA INCOMPLETE","READY"))))))))'	'=IF($A405="","",IF($AH405<>"","BLOCKED",IF($AG405<>"","FCS — NO PLAY",IF(CALC!$S405=1,"PENDING LINE",IF(CALC!$Q405=1,"STALE LINE",IF($AE405="QB UNCERTAIN","QB UNCERTAIN",IF($AF405<>"","TRANSITION UNCERTAIN",IF(OR($B405="",$C405=""),"DATA INCOMPLETE","READY"))))))))'
ENGINE	AI406	'=IF($A406="","",IF($AH406<>"","BLOCKED",IF($AG406<>"","FCS — NO PLAY",IF(CALC!$S406=1,"PENDING LINE",IF(CALC!$Q406=1,"STALE LINE",IF($AE406="QB UNCERTAIN","QB UNCERTAIN",IF($AF406<>"","FCS/TRANSITION UNCERTAIN",IF(OR($B406="",$C406=""),"DATA INCOMPLETE","READY"))))))))'	'=IF($A406="","",IF($AH406<>"","BLOCKED",IF($AG406<>"","FCS — NO PLAY",IF(CALC!$S406=1,"PENDING LINE",IF(CALC!$Q406=1,"STALE LINE",IF($AE406="QB UNCERTAIN","QB UNCERTAIN",IF($AF406<>"","TRANSITION UNCERTAIN",IF(OR($B406="",$C406=""),"DATA INCOMPLETE","READY"))))))))'
ENGINE	AI407	'=IF($A407="","",IF($AH407<>"","BLOCKED",IF($AG407<>"","FCS — NO PLAY",IF(CALC!$S407=1,"PENDING LINE",IF(CALC!$Q407=1,"STALE LINE",IF($AE407="QB UNCERTAIN","QB UNCERTAIN",IF($AF407<>"","FCS/TRANSITION UNCERTAIN",IF(OR($B407="",$C407=""),"DATA INCOMPLETE","READY"))))))))'	'=IF($A407="","",IF($AH407<>"","BLOCKED",IF($AG407<>"","FCS — NO PLAY",IF(CALC!$S407=1,"PENDING LINE",IF(CALC!$Q407=1,"STALE LINE",IF($AE407="QB UNCERTAIN","QB UNCERTAIN",IF($AF407<>"","TRANSITION UNCERTAIN",IF(OR($B407="",$C407=""),"DATA INCOMPLETE","READY"))))))))'
ENGINE	AI408	'=IF($A408="","",IF($AH408<>"","BLOCKED",IF($AG408<>"","FCS — NO PLAY",IF(CALC!$S408=1,"PENDING LINE",IF(CALC!$Q408=1,"STALE LINE",IF($AE408="QB UNCERTAIN","QB UNCERTAIN",IF($AF408<>"","FCS/TRANSITION UNCERTAIN",IF(OR($B408="",$C408=""),"DATA INCOMPLETE","READY"))))))))'	'=IF($A408="","",IF($AH408<>"","BLOCKED",IF($AG408<>"","FCS — NO PLAY",IF(CALC!$S408=1,"PENDING LINE",IF(CALC!$Q408=1,"STALE LINE",IF($AE408="QB UNCERTAIN","QB UNCERTAIN",IF($AF408<>"","TRANSITION UNCERTAIN",IF(OR($B408="",$C408=""),"DATA INCOMPLETE","READY"))))))))'
ENGINE	AI409	'=IF($A409="","",IF($AH409<>"","BLOCKED",IF($AG409<>"","FCS — NO PLAY",IF(CALC!$S409=1,"PENDING LINE",IF(CALC!$Q409=1,"STALE LINE",IF($AE409="QB UNCERTAIN","QB UNCERTAIN",IF($AF409<>"","FCS/TRANSITION UNCERTAIN",IF(OR($B409="",$C409=""),"DATA INCOMPLETE","READY"))))))))'	'=IF($A409="","",IF($AH409<>"","BLOCKED",IF($AG409<>"","FCS — NO PLAY",IF(CALC!$S409=1,"PENDING LINE",IF(CALC!$Q409=1,"STALE LINE",IF($AE409="QB UNCERTAIN","QB UNCERTAIN",IF($AF409<>"","TRANSITION UNCERTAIN",IF(OR($B409="",$C409=""),"DATA INCOMPLETE","READY"))))))))'
ENGINE	AI410	'=IF($A410="","",IF($AH410<>"","BLOCKED",IF($AG410<>"","FCS — NO PLAY",IF(CALC!$S410=1,"PENDING LINE",IF(CALC!$Q410=1,"STALE LINE",IF($AE410="QB UNCERTAIN","QB UNCERTAIN",IF($AF410<>"","FCS/TRANSITION UNCERTAIN",IF(OR($B410="",$C410=""),"DATA INCOMPLETE","READY"))))))))'	'=IF($A410="","",IF($AH410<>"","BLOCKED",IF($AG410<>"","FCS — NO PLAY",IF(CALC!$S410=1,"PENDING LINE",IF(CALC!$Q410=1,"STALE LINE",IF($AE410="QB UNCERTAIN","QB UNCERTAIN",IF($AF410<>"","TRANSITION UNCERTAIN",IF(OR($B410="",$C410=""),"DATA INCOMPLETE","READY"))))))))'
ENGINE	AI411	'=IF($A411="","",IF($AH411<>"","BLOCKED",IF($AG411<>"","FCS — NO PLAY",IF(CALC!$S411=1,"PENDING LINE",IF(CALC!$Q411=1,"STALE LINE",IF($AE411="QB UNCERTAIN","QB UNCERTAIN",IF($AF411<>"","FCS/TRANSITION UNCERTAIN",IF(OR($B411="",$C411=""),"DATA INCOMPLETE","READY"))))))))'	'=IF($A411="","",IF($AH411<>"","BLOCKED",IF($AG411<>"","FCS — NO PLAY",IF(CALC!$S411=1,"PENDING LINE",IF(CALC!$Q411=1,"STALE LINE",IF($AE411="QB UNCERTAIN","QB UNCERTAIN",IF($AF411<>"","TRANSITION UNCERTAIN",IF(OR($B411="",$C411=""),"DATA INCOMPLETE","READY"))))))))'
ENGINE	AI412	'=IF($A412="","",IF($AH412<>"","BLOCKED",IF($AG412<>"","FCS — NO PLAY",IF(CALC!$S412=1,"PENDING LINE",IF(CALC!$Q412=1,"STALE LINE",IF($AE412="QB UNCERTAIN","QB UNCERTAIN",IF($AF412<>"","FCS/TRANSITION UNCERTAIN",IF(OR($B412="",$C412=""),"DATA INCOMPLETE","READY"))))))))'	'=IF($A412="","",IF($AH412<>"","BLOCKED",IF($AG412<>"","FCS — NO PLAY",IF(CALC!$S412=1,"PENDING LINE",IF(CALC!$Q412=1,"STALE LINE",IF($AE412="QB UNCERTAIN","QB UNCERTAIN",IF($AF412<>"","TRANSITION UNCERTAIN",IF(OR($B412="",$C412=""),"DATA INCOMPLETE","READY"))))))))'
ENGINE	AI413	'=IF($A413="","",IF($AH413<>"","BLOCKED",IF($AG413<>"","FCS — NO PLAY",IF(CALC!$S413=1,"PENDING LINE",IF(CALC!$Q413=1,"STALE LINE",IF($AE413="QB UNCERTAIN","QB UNCERTAIN",IF($AF413<>"","FCS/TRANSITION UNCERTAIN",IF(OR($B413="",$C413=""),"DATA INCOMPLETE","READY"))))))))'	'=IF($A413="","",IF($AH413<>"","BLOCKED",IF($AG413<>"","FCS — NO PLAY",IF(CALC!$S413=1,"PENDING LINE",IF(CALC!$Q413=1,"STALE LINE",IF($AE413="QB UNCERTAIN","QB UNCERTAIN",IF($AF413<>"","TRANSITION UNCERTAIN",IF(OR($B413="",$C413=""),"DATA INCOMPLETE","READY"))))))))'
ENGINE	AI414	'=IF($A414="","",IF($AH414<>"","BLOCKED",IF($AG414<>"","FCS — NO PLAY",IF(CALC!$S414=1,"PENDING LINE",IF(CALC!$Q414=1,"STALE LINE",IF($AE414="QB UNCERTAIN","QB UNCERTAIN",IF($AF414<>"","FCS/TRANSITION UNCERTAIN",IF(OR($B414="",$C414=""),"DATA INCOMPLETE","READY"))))))))'	'=IF($A414="","",IF($AH414<>"","BLOCKED",IF($AG414<>"","FCS — NO PLAY",IF(CALC!$S414=1,"PENDING LINE",IF(CALC!$Q414=1,"STALE LINE",IF($AE414="QB UNCERTAIN","QB UNCERTAIN",IF($AF414<>"","TRANSITION UNCERTAIN",IF(OR($B414="",$C414=""),"DATA INCOMPLETE","READY"))))))))'
ENGINE	AI415	'=IF($A415="","",IF($AH415<>"","BLOCKED",IF($AG415<>"","FCS — NO PLAY",IF(CALC!$S415=1,"PENDING LINE",IF(CALC!$Q415=1,"STALE LINE",IF($AE415="QB UNCERTAIN","QB UNCERTAIN",IF($AF415<>"","FCS/TRANSITION UNCERTAIN",IF(OR($B415="",$C415=""),"DATA INCOMPLETE","READY"))))))))'	'=IF($A415="","",IF($AH415<>"","BLOCKED",IF($AG415<>"","FCS — NO PLAY",IF(CALC!$S415=1,"PENDING LINE",IF(CALC!$Q415=1,"STALE LINE",IF($AE415="QB UNCERTAIN","QB UNCERTAIN",IF($AF415<>"","TRANSITION UNCERTAIN",IF(OR($B415="",$C415=""),"DATA INCOMPLETE","READY"))))))))'
ENGINE	AI416	'=IF($A416="","",IF($AH416<>"","BLOCKED",IF($AG416<>"","FCS — NO PLAY",IF(CALC!$S416=1,"PENDING LINE",IF(CALC!$Q416=1,"STALE LINE",IF($AE416="QB UNCERTAIN","QB UNCERTAIN",IF($AF416<>"","FCS/TRANSITION UNCERTAIN",IF(OR($B416="",$C416=""),"DATA INCOMPLETE","READY"))))))))'	'=IF($A416="","",IF($AH416<>"","BLOCKED",IF($AG416<>"","FCS — NO PLAY",IF(CALC!$S416=1,"PENDING LINE",IF(CALC!$Q416=1,"STALE LINE",IF($AE416="QB UNCERTAIN","QB UNCERTAIN",IF($AF416<>"","TRANSITION UNCERTAIN",IF(OR($B416="",$C416=""),"DATA INCOMPLETE","READY"))))))))'
ENGINE	AI417	'=IF($A417="","",IF($AH417<>"","BLOCKED",IF($AG417<>"","FCS — NO PLAY",IF(CALC!$S417=1,"PENDING LINE",IF(CALC!$Q417=1,"STALE LINE",IF($AE417="QB UNCERTAIN","QB UNCERTAIN",IF($AF417<>"","FCS/TRANSITION UNCERTAIN",IF(OR($B417="",$C417=""),"DATA INCOMPLETE","READY"))))))))'	'=IF($A417="","",IF($AH417<>"","BLOCKED",IF($AG417<>"","FCS — NO PLAY",IF(CALC!$S417=1,"PENDING LINE",IF(CALC!$Q417=1,"STALE LINE",IF($AE417="QB UNCERTAIN","QB UNCERTAIN",IF($AF417<>"","TRANSITION UNCERTAIN",IF(OR($B417="",$C417=""),"DATA INCOMPLETE","READY"))))))))'
ENGINE	AI418	'=IF($A418="","",IF($AH418<>"","BLOCKED",IF($AG418<>"","FCS — NO PLAY",IF(CALC!$S418=1,"PENDING LINE",IF(CALC!$Q418=1,"STALE LINE",IF($AE418="QB UNCERTAIN","QB UNCERTAIN",IF($AF418<>"","FCS/TRANSITION UNCERTAIN",IF(OR($B418="",$C418=""),"DATA INCOMPLETE","READY"))))))))'	'=IF($A418="","",IF($AH418<>"","BLOCKED",IF($AG418<>"","FCS — NO PLAY",IF(CALC!$S418=1,"PENDING LINE",IF(CALC!$Q418=1,"STALE LINE",IF($AE418="QB UNCERTAIN","QB UNCERTAIN",IF($AF418<>"","TRANSITION UNCERTAIN",IF(OR($B418="",$C418=""),"DATA INCOMPLETE","READY"))))))))'
ENGINE	AI419	'=IF($A419="","",IF($AH419<>"","BLOCKED",IF($AG419<>"","FCS — NO PLAY",IF(CALC!$S419=1,"PENDING LINE",IF(CALC!$Q419=1,"STALE LINE",IF($AE419="QB UNCERTAIN","QB UNCERTAIN",IF($AF419<>"","FCS/TRANSITION UNCERTAIN",IF(OR($B419="",$C419=""),"DATA INCOMPLETE","READY"))))))))'	'=IF($A419="","",IF($AH419<>"","BLOCKED",IF($AG419<>"","FCS — NO PLAY",IF(CALC!$S419=1,"PENDING LINE",IF(CALC!$Q419=1,"STALE LINE",IF($AE419="QB UNCERTAIN","QB UNCERTAIN",IF($AF419<>"","TRANSITION UNCERTAIN",IF(OR($B419="",$C419=""),"DATA INCOMPLETE","READY"))))))))'
ENGINE	AI420	'=IF($A420="","",IF($AH420<>"","BLOCKED",IF($AG420<>"","FCS — NO PLAY",IF(CALC!$S420=1,"PENDING LINE",IF(CALC!$Q420=1,"STALE LINE",IF($AE420="QB UNCERTAIN","QB UNCERTAIN",IF($AF420<>"","FCS/TRANSITION UNCERTAIN",IF(OR($B420="",$C420=""),"DATA INCOMPLETE","READY"))))))))'	'=IF($A420="","",IF($AH420<>"","BLOCKED",IF($AG420<>"","FCS — NO PLAY",IF(CALC!$S420=1,"PENDING LINE",IF(CALC!$Q420=1,"STALE LINE",IF($AE420="QB UNCERTAIN","QB UNCERTAIN",IF($AF420<>"","TRANSITION UNCERTAIN",IF(OR($B420="",$C420=""),"DATA INCOMPLETE","READY"))))))))'
ENGINE	AI421	'=IF($A421="","",IF($AH421<>"","BLOCKED",IF($AG421<>"","FCS — NO PLAY",IF(CALC!$S421=1,"PENDING LINE",IF(CALC!$Q421=1,"STALE LINE",IF($AE421="QB UNCERTAIN","QB UNCERTAIN",IF($AF421<>"","FCS/TRANSITION UNCERTAIN",IF(OR($B421="",$C421=""),"DATA INCOMPLETE","READY"))))))))'	'=IF($A421="","",IF($AH421<>"","BLOCKED",IF($AG421<>"","FCS — NO PLAY",IF(CALC!$S421=1,"PENDING LINE",IF(CALC!$Q421=1,"STALE LINE",IF($AE421="QB UNCERTAIN","QB UNCERTAIN",IF($AF421<>"","TRANSITION UNCERTAIN",IF(OR($B421="",$C421=""),"DATA INCOMPLETE","READY"))))))))'
ENGINE	AI422	'=IF($A422="","",IF($AH422<>"","BLOCKED",IF($AG422<>"","FCS — NO PLAY",IF(CALC!$S422=1,"PENDING LINE",IF(CALC!$Q422=1,"STALE LINE",IF($AE422="QB UNCERTAIN","QB UNCERTAIN",IF($AF422<>"","FCS/TRANSITION UNCERTAIN",IF(OR($B422="",$C422=""),"DATA INCOMPLETE","READY"))))))))'	'=IF($A422="","",IF($AH422<>"","BLOCKED",IF($AG422<>"","FCS — NO PLAY",IF(CALC!$S422=1,"PENDING LINE",IF(CALC!$Q422=1,"STALE LINE",IF($AE422="QB UNCERTAIN","QB UNCERTAIN",IF($AF422<>"","TRANSITION UNCERTAIN",IF(OR($B422="",$C422=""),"DATA INCOMPLETE","READY"))))))))'
ENGINE	AI423	'=IF($A423="","",IF($AH423<>"","BLOCKED",IF($AG423<>"","FCS — NO PLAY",IF(CALC!$S423=1,"PENDING LINE",IF(CALC!$Q423=1,"STALE LINE",IF($AE423="QB UNCERTAIN","QB UNCERTAIN",IF($AF423<>"","FCS/TRANSITION UNCERTAIN",IF(OR($B423="",$C423=""),"DATA INCOMPLETE","READY"))))))))'	'=IF($A423="","",IF($AH423<>"","BLOCKED",IF($AG423<>"","FCS — NO PLAY",IF(CALC!$S423=1,"PENDING LINE",IF(CALC!$Q423=1,"STALE LINE",IF($AE423="QB UNCERTAIN","QB UNCERTAIN",IF($AF423<>"","TRANSITION UNCERTAIN",IF(OR($B423="",$C423=""),"DATA INCOMPLETE","READY"))))))))'
ENGINE	AI424	'=IF($A424="","",IF($AH424<>"","BLOCKED",IF($AG424<>"","FCS — NO PLAY",IF(CALC!$S424=1,"PENDING LINE",IF(CALC!$Q424=1,"STALE LINE",IF($AE424="QB UNCERTAIN","QB UNCERTAIN",IF($AF424<>"","FCS/TRANSITION UNCERTAIN",IF(OR($B424="",$C424=""),"DATA INCOMPLETE","READY"))))))))'	'=IF($A424="","",IF($AH424<>"","BLOCKED",IF($AG424<>"","FCS — NO PLAY",IF(CALC!$S424=1,"PENDING LINE",IF(CALC!$Q424=1,"STALE LINE",IF($AE424="QB UNCERTAIN","QB UNCERTAIN",IF($AF424<>"","TRANSITION UNCERTAIN",IF(OR($B424="",$C424=""),"DATA INCOMPLETE","READY"))))))))'
ENGINE	AI425	'=IF($A425="","",IF($AH425<>"","BLOCKED",IF($AG425<>"","FCS — NO PLAY",IF(CALC!$S425=1,"PENDING LINE",IF(CALC!$Q425=1,"STALE LINE",IF($AE425="QB UNCERTAIN","QB UNCERTAIN",IF($AF425<>"","FCS/TRANSITION UNCERTAIN",IF(OR($B425="",$C425=""),"DATA INCOMPLETE","READY"))))))))'	'=IF($A425="","",IF($AH425<>"","BLOCKED",IF($AG425<>"","FCS — NO PLAY",IF(CALC!$S425=1,"PENDING LINE",IF(CALC!$Q425=1,"STALE LINE",IF($AE425="QB UNCERTAIN","QB UNCERTAIN",IF($AF425<>"","TRANSITION UNCERTAIN",IF(OR($B425="",$C425=""),"DATA INCOMPLETE","READY"))))))))'
ENGINE	AI426	'=IF($A426="","",IF($AH426<>"","BLOCKED",IF($AG426<>"","FCS — NO PLAY",IF(CALC!$S426=1,"PENDING LINE",IF(CALC!$Q426=1,"STALE LINE",IF($AE426="QB UNCERTAIN","QB UNCERTAIN",IF($AF426<>"","FCS/TRANSITION UNCERTAIN",IF(OR($B426="",$C426=""),"DATA INCOMPLETE","READY"))))))))'	'=IF($A426="","",IF($AH426<>"","BLOCKED",IF($AG426<>"","FCS — NO PLAY",IF(CALC!$S426=1,"PENDING LINE",IF(CALC!$Q426=1,"STALE LINE",IF($AE426="QB UNCERTAIN","QB UNCERTAIN",IF($AF426<>"","TRANSITION UNCERTAIN",IF(OR($B426="",$C426=""),"DATA INCOMPLETE","READY"))))))))'
ENGINE	AI427	'=IF($A427="","",IF($AH427<>"","BLOCKED",IF($AG427<>"","FCS — NO PLAY",IF(CALC!$S427=1,"PENDING LINE",IF(CALC!$Q427=1,"STALE LINE",IF($AE427="QB UNCERTAIN","QB UNCERTAIN",IF($AF427<>"","FCS/TRANSITION UNCERTAIN",IF(OR($B427="",$C427=""),"DATA INCOMPLETE","READY"))))))))'	'=IF($A427="","",IF($AH427<>"","BLOCKED",IF($AG427<>"","FCS — NO PLAY",IF(CALC!$S427=1,"PENDING LINE",IF(CALC!$Q427=1,"STALE LINE",IF($AE427="QB UNCERTAIN","QB UNCERTAIN",IF($AF427<>"","TRANSITION UNCERTAIN",IF(OR($B427="",$C427=""),"DATA INCOMPLETE","READY"))))))))'
ENGINE	AI428	'=IF($A428="","",IF($AH428<>"","BLOCKED",IF($AG428<>"","FCS — NO PLAY",IF(CALC!$S428=1,"PENDING LINE",IF(CALC!$Q428=1,"STALE LINE",IF($AE428="QB UNCERTAIN","QB UNCERTAIN",IF($AF428<>"","FCS/TRANSITION UNCERTAIN",IF(OR($B428="",$C428=""),"DATA INCOMPLETE","READY"))))))))'	'=IF($A428="","",IF($AH428<>"","BLOCKED",IF($AG428<>"","FCS — NO PLAY",IF(CALC!$S428=1,"PENDING LINE",IF(CALC!$Q428=1,"STALE LINE",IF($AE428="QB UNCERTAIN","QB UNCERTAIN",IF($AF428<>"","TRANSITION UNCERTAIN",IF(OR($B428="",$C428=""),"DATA INCOMPLETE","READY"))))))))'
ENGINE	AI429	'=IF($A429="","",IF($AH429<>"","BLOCKED",IF($AG429<>"","FCS — NO PLAY",IF(CALC!$S429=1,"PENDING LINE",IF(CALC!$Q429=1,"STALE LINE",IF($AE429="QB UNCERTAIN","QB UNCERTAIN",IF($AF429<>"","FCS/TRANSITION UNCERTAIN",IF(OR($B429="",$C429=""),"DATA INCOMPLETE","READY"))))))))'	'=IF($A429="","",IF($AH429<>"","BLOCKED",IF($AG429<>"","FCS — NO PLAY",IF(CALC!$S429=1,"PENDING LINE",IF(CALC!$Q429=1,"STALE LINE",IF($AE429="QB UNCERTAIN","QB UNCERTAIN",IF($AF429<>"","TRANSITION UNCERTAIN",IF(OR($B429="",$C429=""),"DATA INCOMPLETE","READY"))))))))'
ENGINE	AI430	'=IF($A430="","",IF($AH430<>"","BLOCKED",IF($AG430<>"","FCS — NO PLAY",IF(CALC!$S430=1,"PENDING LINE",IF(CALC!$Q430=1,"STALE LINE",IF($AE430="QB UNCERTAIN","QB UNCERTAIN",IF($AF430<>"","FCS/TRANSITION UNCERTAIN",IF(OR($B430="",$C430=""),"DATA INCOMPLETE","READY"))))))))'	'=IF($A430="","",IF($AH430<>"","BLOCKED",IF($AG430<>"","FCS — NO PLAY",IF(CALC!$S430=1,"PENDING LINE",IF(CALC!$Q430=1,"STALE LINE",IF($AE430="QB UNCERTAIN","QB UNCERTAIN",IF($AF430<>"","TRANSITION UNCERTAIN",IF(OR($B430="",$C430=""),"DATA INCOMPLETE","READY"))))))))'
ENGINE	AI431	'=IF($A431="","",IF($AH431<>"","BLOCKED",IF($AG431<>"","FCS — NO PLAY",IF(CALC!$S431=1,"PENDING LINE",IF(CALC!$Q431=1,"STALE LINE",IF($AE431="QB UNCERTAIN","QB UNCERTAIN",IF($AF431<>"","FCS/TRANSITION UNCERTAIN",IF(OR($B431="",$C431=""),"DATA INCOMPLETE","READY"))))))))'	'=IF($A431="","",IF($AH431<>"","BLOCKED",IF($AG431<>"","FCS — NO PLAY",IF(CALC!$S431=1,"PENDING LINE",IF(CALC!$Q431=1,"STALE LINE",IF($AE431="QB UNCERTAIN","QB UNCERTAIN",IF($AF431<>"","TRANSITION UNCERTAIN",IF(OR($B431="",$C431=""),"DATA INCOMPLETE","READY"))))))))'
ENGINE	AI432	'=IF($A432="","",IF($AH432<>"","BLOCKED",IF($AG432<>"","FCS — NO PLAY",IF(CALC!$S432=1,"PENDING LINE",IF(CALC!$Q432=1,"STALE LINE",IF($AE432="QB UNCERTAIN","QB UNCERTAIN",IF($AF432<>"","FCS/TRANSITION UNCERTAIN",IF(OR($B432="",$C432=""),"DATA INCOMPLETE","READY"))))))))'	'=IF($A432="","",IF($AH432<>"","BLOCKED",IF($AG432<>"","FCS — NO PLAY",IF(CALC!$S432=1,"PENDING LINE",IF(CALC!$Q432=1,"STALE LINE",IF($AE432="QB UNCERTAIN","QB UNCERTAIN",IF($AF432<>"","TRANSITION UNCERTAIN",IF(OR($B432="",$C432=""),"DATA INCOMPLETE","READY"))))))))'
ENGINE	AI433	'=IF($A433="","",IF($AH433<>"","BLOCKED",IF($AG433<>"","FCS — NO PLAY",IF(CALC!$S433=1,"PENDING LINE",IF(CALC!$Q433=1,"STALE LINE",IF($AE433="QB UNCERTAIN","QB UNCERTAIN",IF($AF433<>"","FCS/TRANSITION UNCERTAIN",IF(OR($B433="",$C433=""),"DATA INCOMPLETE","READY"))))))))'	'=IF($A433="","",IF($AH433<>"","BLOCKED",IF($AG433<>"","FCS — NO PLAY",IF(CALC!$S433=1,"PENDING LINE",IF(CALC!$Q433=1,"STALE LINE",IF($AE433="QB UNCERTAIN","QB UNCERTAIN",IF($AF433<>"","TRANSITION UNCERTAIN",IF(OR($B433="",$C433=""),"DATA INCOMPLETE","READY"))))))))'
ENGINE	AI434	'=IF($A434="","",IF($AH434<>"","BLOCKED",IF($AG434<>"","FCS — NO PLAY",IF(CALC!$S434=1,"PENDING LINE",IF(CALC!$Q434=1,"STALE LINE",IF($AE434="QB UNCERTAIN","QB UNCERTAIN",IF($AF434<>"","FCS/TRANSITION UNCERTAIN",IF(OR($B434="",$C434=""),"DATA INCOMPLETE","READY"))))))))'	'=IF($A434="","",IF($AH434<>"","BLOCKED",IF($AG434<>"","FCS — NO PLAY",IF(CALC!$S434=1,"PENDING LINE",IF(CALC!$Q434=1,"STALE LINE",IF($AE434="QB UNCERTAIN","QB UNCERTAIN",IF($AF434<>"","TRANSITION UNCERTAIN",IF(OR($B434="",$C434=""),"DATA INCOMPLETE","READY"))))))))'
ENGINE	AI435	'=IF($A435="","",IF($AH435<>"","BLOCKED",IF($AG435<>"","FCS — NO PLAY",IF(CALC!$S435=1,"PENDING LINE",IF(CALC!$Q435=1,"STALE LINE",IF($AE435="QB UNCERTAIN","QB UNCERTAIN",IF($AF435<>"","FCS/TRANSITION UNCERTAIN",IF(OR($B435="",$C435=""),"DATA INCOMPLETE","READY"))))))))'	'=IF($A435="","",IF($AH435<>"","BLOCKED",IF($AG435<>"","FCS — NO PLAY",IF(CALC!$S435=1,"PENDING LINE",IF(CALC!$Q435=1,"STALE LINE",IF($AE435="QB UNCERTAIN","QB UNCERTAIN",IF($AF435<>"","TRANSITION UNCERTAIN",IF(OR($B435="",$C435=""),"DATA INCOMPLETE","READY"))))))))'
ENGINE	AI436	'=IF($A436="","",IF($AH436<>"","BLOCKED",IF($AG436<>"","FCS — NO PLAY",IF(CALC!$S436=1,"PENDING LINE",IF(CALC!$Q436=1,"STALE LINE",IF($AE436="QB UNCERTAIN","QB UNCERTAIN",IF($AF436<>"","FCS/TRANSITION UNCERTAIN",IF(OR($B436="",$C436=""),"DATA INCOMPLETE","READY"))))))))'	'=IF($A436="","",IF($AH436<>"","BLOCKED",IF($AG436<>"","FCS — NO PLAY",IF(CALC!$S436=1,"PENDING LINE",IF(CALC!$Q436=1,"STALE LINE",IF($AE436="QB UNCERTAIN","QB UNCERTAIN",IF($AF436<>"","TRANSITION UNCERTAIN",IF(OR($B436="",$C436=""),"DATA INCOMPLETE","READY"))))))))'
ENGINE	AI437	'=IF($A437="","",IF($AH437<>"","BLOCKED",IF($AG437<>"","FCS — NO PLAY",IF(CALC!$S437=1,"PENDING LINE",IF(CALC!$Q437=1,"STALE LINE",IF($AE437="QB UNCERTAIN","QB UNCERTAIN",IF($AF437<>"","FCS/TRANSITION UNCERTAIN",IF(OR($B437="",$C437=""),"DATA INCOMPLETE","READY"))))))))'	'=IF($A437="","",IF($AH437<>"","BLOCKED",IF($AG437<>"","FCS — NO PLAY",IF(CALC!$S437=1,"PENDING LINE",IF(CALC!$Q437=1,"STALE LINE",IF($AE437="QB UNCERTAIN","QB UNCERTAIN",IF($AF437<>"","TRANSITION UNCERTAIN",IF(OR($B437="",$C437=""),"DATA INCOMPLETE","READY"))))))))'
ENGINE	AI438	'=IF($A438="","",IF($AH438<>"","BLOCKED",IF($AG438<>"","FCS — NO PLAY",IF(CALC!$S438=1,"PENDING LINE",IF(CALC!$Q438=1,"STALE LINE",IF($AE438="QB UNCERTAIN","QB UNCERTAIN",IF($AF438<>"","FCS/TRANSITION UNCERTAIN",IF(OR($B438="",$C438=""),"DATA INCOMPLETE","READY"))))))))'	'=IF($A438="","",IF($AH438<>"","BLOCKED",IF($AG438<>"","FCS — NO PLAY",IF(CALC!$S438=1,"PENDING LINE",IF(CALC!$Q438=1,"STALE LINE",IF($AE438="QB UNCERTAIN","QB UNCERTAIN",IF($AF438<>"","TRANSITION UNCERTAIN",IF(OR($B438="",$C438=""),"DATA INCOMPLETE","READY"))))))))'
ENGINE	AI439	'=IF($A439="","",IF($AH439<>"","BLOCKED",IF($AG439<>"","FCS — NO PLAY",IF(CALC!$S439=1,"PENDING LINE",IF(CALC!$Q439=1,"STALE LINE",IF($AE439="QB UNCERTAIN","QB UNCERTAIN",IF($AF439<>"","FCS/TRANSITION UNCERTAIN",IF(OR($B439="",$C439=""),"DATA INCOMPLETE","READY"))))))))'	'=IF($A439="","",IF($AH439<>"","BLOCKED",IF($AG439<>"","FCS — NO PLAY",IF(CALC!$S439=1,"PENDING LINE",IF(CALC!$Q439=1,"STALE LINE",IF($AE439="QB UNCERTAIN","QB UNCERTAIN",IF($AF439<>"","TRANSITION UNCERTAIN",IF(OR($B439="",$C439=""),"DATA INCOMPLETE","READY"))))))))'
ENGINE	AI440	'=IF($A440="","",IF($AH440<>"","BLOCKED",IF($AG440<>"","FCS — NO PLAY",IF(CALC!$S440=1,"PENDING LINE",IF(CALC!$Q440=1,"STALE LINE",IF($AE440="QB UNCERTAIN","QB UNCERTAIN",IF($AF440<>"","FCS/TRANSITION UNCERTAIN",IF(OR($B440="",$C440=""),"DATA INCOMPLETE","READY"))))))))'	'=IF($A440="","",IF($AH440<>"","BLOCKED",IF($AG440<>"","FCS — NO PLAY",IF(CALC!$S440=1,"PENDING LINE",IF(CALC!$Q440=1,"STALE LINE",IF($AE440="QB UNCERTAIN","QB UNCERTAIN",IF($AF440<>"","TRANSITION UNCERTAIN",IF(OR($B440="",$C440=""),"DATA INCOMPLETE","READY"))))))))'
ENGINE	AI441	'=IF($A441="","",IF($AH441<>"","BLOCKED",IF($AG441<>"","FCS — NO PLAY",IF(CALC!$S441=1,"PENDING LINE",IF(CALC!$Q441=1,"STALE LINE",IF($AE441="QB UNCERTAIN","QB UNCERTAIN",IF($AF441<>"","FCS/TRANSITION UNCERTAIN",IF(OR($B441="",$C441=""),"DATA INCOMPLETE","READY"))))))))'	'=IF($A441="","",IF($AH441<>"","BLOCKED",IF($AG441<>"","FCS — NO PLAY",IF(CALC!$S441=1,"PENDING LINE",IF(CALC!$Q441=1,"STALE LINE",IF($AE441="QB UNCERTAIN","QB UNCERTAIN",IF($AF441<>"","TRANSITION UNCERTAIN",IF(OR($B441="",$C441=""),"DATA INCOMPLETE","READY"))))))))'
ENGINE	AI442	'=IF($A442="","",IF($AH442<>"","BLOCKED",IF($AG442<>"","FCS — NO PLAY",IF(CALC!$S442=1,"PENDING LINE",IF(CALC!$Q442=1,"STALE LINE",IF($AE442="QB UNCERTAIN","QB UNCERTAIN",IF($AF442<>"","FCS/TRANSITION UNCERTAIN",IF(OR($B442="",$C442=""),"DATA INCOMPLETE","READY"))))))))'	'=IF($A442="","",IF($AH442<>"","BLOCKED",IF($AG442<>"","FCS — NO PLAY",IF(CALC!$S442=1,"PENDING LINE",IF(CALC!$Q442=1,"STALE LINE",IF($AE442="QB UNCERTAIN","QB UNCERTAIN",IF($AF442<>"","TRANSITION UNCERTAIN",IF(OR($B442="",$C442=""),"DATA INCOMPLETE","READY"))))))))'
ENGINE	AI443	'=IF($A443="","",IF($AH443<>"","BLOCKED",IF($AG443<>"","FCS — NO PLAY",IF(CALC!$S443=1,"PENDING LINE",IF(CALC!$Q443=1,"STALE LINE",IF($AE443="QB UNCERTAIN","QB UNCERTAIN",IF($AF443<>"","FCS/TRANSITION UNCERTAIN",IF(OR($B443="",$C443=""),"DATA INCOMPLETE","READY"))))))))'	'=IF($A443="","",IF($AH443<>"","BLOCKED",IF($AG443<>"","FCS — NO PLAY",IF(CALC!$S443=1,"PENDING LINE",IF(CALC!$Q443=1,"STALE LINE",IF($AE443="QB UNCERTAIN","QB UNCERTAIN",IF($AF443<>"","TRANSITION UNCERTAIN",IF(OR($B443="",$C443=""),"DATA INCOMPLETE","READY"))))))))'
ENGINE	AI444	'=IF($A444="","",IF($AH444<>"","BLOCKED",IF($AG444<>"","FCS — NO PLAY",IF(CALC!$S444=1,"PENDING LINE",IF(CALC!$Q444=1,"STALE LINE",IF($AE444="QB UNCERTAIN","QB UNCERTAIN",IF($AF444<>"","FCS/TRANSITION UNCERTAIN",IF(OR($B444="",$C444=""),"DATA INCOMPLETE","READY"))))))))'	'=IF($A444="","",IF($AH444<>"","BLOCKED",IF($AG444<>"","FCS — NO PLAY",IF(CALC!$S444=1,"PENDING LINE",IF(CALC!$Q444=1,"STALE LINE",IF($AE444="QB UNCERTAIN","QB UNCERTAIN",IF($AF444<>"","TRANSITION UNCERTAIN",IF(OR($B444="",$C444=""),"DATA INCOMPLETE","READY"))))))))'
ENGINE	AI445	'=IF($A445="","",IF($AH445<>"","BLOCKED",IF($AG445<>"","FCS — NO PLAY",IF(CALC!$S445=1,"PENDING LINE",IF(CALC!$Q445=1,"STALE LINE",IF($AE445="QB UNCERTAIN","QB UNCERTAIN",IF($AF445<>"","FCS/TRANSITION UNCERTAIN",IF(OR($B445="",$C445=""),"DATA INCOMPLETE","READY"))))))))'	'=IF($A445="","",IF($AH445<>"","BLOCKED",IF($AG445<>"","FCS — NO PLAY",IF(CALC!$S445=1,"PENDING LINE",IF(CALC!$Q445=1,"STALE LINE",IF($AE445="QB UNCERTAIN","QB UNCERTAIN",IF($AF445<>"","TRANSITION UNCERTAIN",IF(OR($B445="",$C445=""),"DATA INCOMPLETE","READY"))))))))'
ENGINE	AI446	'=IF($A446="","",IF($AH446<>"","BLOCKED",IF($AG446<>"","FCS — NO PLAY",IF(CALC!$S446=1,"PENDING LINE",IF(CALC!$Q446=1,"STALE LINE",IF($AE446="QB UNCERTAIN","QB UNCERTAIN",IF($AF446<>"","FCS/TRANSITION UNCERTAIN",IF(OR($B446="",$C446=""),"DATA INCOMPLETE","READY"))))))))'	'=IF($A446="","",IF($AH446<>"","BLOCKED",IF($AG446<>"","FCS — NO PLAY",IF(CALC!$S446=1,"PENDING LINE",IF(CALC!$Q446=1,"STALE LINE",IF($AE446="QB UNCERTAIN","QB UNCERTAIN",IF($AF446<>"","TRANSITION UNCERTAIN",IF(OR($B446="",$C446=""),"DATA INCOMPLETE","READY"))))))))'
ENGINE	AI447	'=IF($A447="","",IF($AH447<>"","BLOCKED",IF($AG447<>"","FCS — NO PLAY",IF(CALC!$S447=1,"PENDING LINE",IF(CALC!$Q447=1,"STALE LINE",IF($AE447="QB UNCERTAIN","QB UNCERTAIN",IF($AF447<>"","FCS/TRANSITION UNCERTAIN",IF(OR($B447="",$C447=""),"DATA INCOMPLETE","READY"))))))))'	'=IF($A447="","",IF($AH447<>"","BLOCKED",IF($AG447<>"","FCS — NO PLAY",IF(CALC!$S447=1,"PENDING LINE",IF(CALC!$Q447=1,"STALE LINE",IF($AE447="QB UNCERTAIN","QB UNCERTAIN",IF($AF447<>"","TRANSITION UNCERTAIN",IF(OR($B447="",$C447=""),"DATA INCOMPLETE","READY"))))))))'
ENGINE	AI448	'=IF($A448="","",IF($AH448<>"","BLOCKED",IF($AG448<>"","FCS — NO PLAY",IF(CALC!$S448=1,"PENDING LINE",IF(CALC!$Q448=1,"STALE LINE",IF($AE448="QB UNCERTAIN","QB UNCERTAIN",IF($AF448<>"","FCS/TRANSITION UNCERTAIN",IF(OR($B448="",$C448=""),"DATA INCOMPLETE","READY"))))))))'	'=IF($A448="","",IF($AH448<>"","BLOCKED",IF($AG448<>"","FCS — NO PLAY",IF(CALC!$S448=1,"PENDING LINE",IF(CALC!$Q448=1,"STALE LINE",IF($AE448="QB UNCERTAIN","QB UNCERTAIN",IF($AF448<>"","TRANSITION UNCERTAIN",IF(OR($B448="",$C448=""),"DATA INCOMPLETE","READY"))))))))'
ENGINE	AI449	'=IF($A449="","",IF($AH449<>"","BLOCKED",IF($AG449<>"","FCS — NO PLAY",IF(CALC!$S449=1,"PENDING LINE",IF(CALC!$Q449=1,"STALE LINE",IF($AE449="QB UNCERTAIN","QB UNCERTAIN",IF($AF449<>"","FCS/TRANSITION UNCERTAIN",IF(OR($B449="",$C449=""),"DATA INCOMPLETE","READY"))))))))'	'=IF($A449="","",IF($AH449<>"","BLOCKED",IF($AG449<>"","FCS — NO PLAY",IF(CALC!$S449=1,"PENDING LINE",IF(CALC!$Q449=1,"STALE LINE",IF($AE449="QB UNCERTAIN","QB UNCERTAIN",IF($AF449<>"","TRANSITION UNCERTAIN",IF(OR($B449="",$C449=""),"DATA INCOMPLETE","READY"))))))))'
ENGINE	AI450	'=IF($A450="","",IF($AH450<>"","BLOCKED",IF($AG450<>"","FCS — NO PLAY",IF(CALC!$S450=1,"PENDING LINE",IF(CALC!$Q450=1,"STALE LINE",IF($AE450="QB UNCERTAIN","QB UNCERTAIN",IF($AF450<>"","FCS/TRANSITION UNCERTAIN",IF(OR($B450="",$C450=""),"DATA INCOMPLETE","READY"))))))))'	'=IF($A450="","",IF($AH450<>"","BLOCKED",IF($AG450<>"","FCS — NO PLAY",IF(CALC!$S450=1,"PENDING LINE",IF(CALC!$Q450=1,"STALE LINE",IF($AE450="QB UNCERTAIN","QB UNCERTAIN",IF($AF450<>"","TRANSITION UNCERTAIN",IF(OR($B450="",$C450=""),"DATA INCOMPLETE","READY"))))))))'
ENGINE	AI451	'=IF($A451="","",IF($AH451<>"","BLOCKED",IF($AG451<>"","FCS — NO PLAY",IF(CALC!$S451=1,"PENDING LINE",IF(CALC!$Q451=1,"STALE LINE",IF($AE451="QB UNCERTAIN","QB UNCERTAIN",IF($AF451<>"","FCS/TRANSITION UNCERTAIN",IF(OR($B451="",$C451=""),"DATA INCOMPLETE","READY"))))))))'	'=IF($A451="","",IF($AH451<>"","BLOCKED",IF($AG451<>"","FCS — NO PLAY",IF(CALC!$S451=1,"PENDING LINE",IF(CALC!$Q451=1,"STALE LINE",IF($AE451="QB UNCERTAIN","QB UNCERTAIN",IF($AF451<>"","TRANSITION UNCERTAIN",IF(OR($B451="",$C451=""),"DATA INCOMPLETE","READY"))))))))'
ENGINE	AI452	'=IF($A452="","",IF($AH452<>"","BLOCKED",IF($AG452<>"","FCS — NO PLAY",IF(CALC!$S452=1,"PENDING LINE",IF(CALC!$Q452=1,"STALE LINE",IF($AE452="QB UNCERTAIN","QB UNCERTAIN",IF($AF452<>"","FCS/TRANSITION UNCERTAIN",IF(OR($B452="",$C452=""),"DATA INCOMPLETE","READY"))))))))'	'=IF($A452="","",IF($AH452<>"","BLOCKED",IF($AG452<>"","FCS — NO PLAY",IF(CALC!$S452=1,"PENDING LINE",IF(CALC!$Q452=1,"STALE LINE",IF($AE452="QB UNCERTAIN","QB UNCERTAIN",IF($AF452<>"","TRANSITION UNCERTAIN",IF(OR($B452="",$C452=""),"DATA INCOMPLETE","READY"))))))))'
ENGINE	AI453	'=IF($A453="","",IF($AH453<>"","BLOCKED",IF($AG453<>"","FCS — NO PLAY",IF(CALC!$S453=1,"PENDING LINE",IF(CALC!$Q453=1,"STALE LINE",IF($AE453="QB UNCERTAIN","QB UNCERTAIN",IF($AF453<>"","FCS/TRANSITION UNCERTAIN",IF(OR($B453="",$C453=""),"DATA INCOMPLETE","READY"))))))))'	'=IF($A453="","",IF($AH453<>"","BLOCKED",IF($AG453<>"","FCS — NO PLAY",IF(CALC!$S453=1,"PENDING LINE",IF(CALC!$Q453=1,"STALE LINE",IF($AE453="QB UNCERTAIN","QB UNCERTAIN",IF($AF453<>"","TRANSITION UNCERTAIN",IF(OR($B453="",$C453=""),"DATA INCOMPLETE","READY"))))))))'
ENGINE	AI454	'=IF($A454="","",IF($AH454<>"","BLOCKED",IF($AG454<>"","FCS — NO PLAY",IF(CALC!$S454=1,"PENDING LINE",IF(CALC!$Q454=1,"STALE LINE",IF($AE454="QB UNCERTAIN","QB UNCERTAIN",IF($AF454<>"","FCS/TRANSITION UNCERTAIN",IF(OR($B454="",$C454=""),"DATA INCOMPLETE","READY"))))))))'	'=IF($A454="","",IF($AH454<>"","BLOCKED",IF($AG454<>"","FCS — NO PLAY",IF(CALC!$S454=1,"PENDING LINE",IF(CALC!$Q454=1,"STALE LINE",IF($AE454="QB UNCERTAIN","QB UNCERTAIN",IF($AF454<>"","TRANSITION UNCERTAIN",IF(OR($B454="",$C454=""),"DATA INCOMPLETE","READY"))))))))'
ENGINE	AI455	'=IF($A455="","",IF($AH455<>"","BLOCKED",IF($AG455<>"","FCS — NO PLAY",IF(CALC!$S455=1,"PENDING LINE",IF(CALC!$Q455=1,"STALE LINE",IF($AE455="QB UNCERTAIN","QB UNCERTAIN",IF($AF455<>"","FCS/TRANSITION UNCERTAIN",IF(OR($B455="",$C455=""),"DATA INCOMPLETE","READY"))))))))'	'=IF($A455="","",IF($AH455<>"","BLOCKED",IF($AG455<>"","FCS — NO PLAY",IF(CALC!$S455=1,"PENDING LINE",IF(CALC!$Q455=1,"STALE LINE",IF($AE455="QB UNCERTAIN","QB UNCERTAIN",IF($AF455<>"","TRANSITION UNCERTAIN",IF(OR($B455="",$C455=""),"DATA INCOMPLETE","READY"))))))))'
ENGINE	AI456	'=IF($A456="","",IF($AH456<>"","BLOCKED",IF($AG456<>"","FCS — NO PLAY",IF(CALC!$S456=1,"PENDING LINE",IF(CALC!$Q456=1,"STALE LINE",IF($AE456="QB UNCERTAIN","QB UNCERTAIN",IF($AF456<>"","FCS/TRANSITION UNCERTAIN",IF(OR($B456="",$C456=""),"DATA INCOMPLETE","READY"))))))))'	'=IF($A456="","",IF($AH456<>"","BLOCKED",IF($AG456<>"","FCS — NO PLAY",IF(CALC!$S456=1,"PENDING LINE",IF(CALC!$Q456=1,"STALE LINE",IF($AE456="QB UNCERTAIN","QB UNCERTAIN",IF($AF456<>"","TRANSITION UNCERTAIN",IF(OR($B456="",$C456=""),"DATA INCOMPLETE","READY"))))))))'
ENGINE	AI457	'=IF($A457="","",IF($AH457<>"","BLOCKED",IF($AG457<>"","FCS — NO PLAY",IF(CALC!$S457=1,"PENDING LINE",IF(CALC!$Q457=1,"STALE LINE",IF($AE457="QB UNCERTAIN","QB UNCERTAIN",IF($AF457<>"","FCS/TRANSITION UNCERTAIN",IF(OR($B457="",$C457=""),"DATA INCOMPLETE","READY"))))))))'	'=IF($A457="","",IF($AH457<>"","BLOCKED",IF($AG457<>"","FCS — NO PLAY",IF(CALC!$S457=1,"PENDING LINE",IF(CALC!$Q457=1,"STALE LINE",IF($AE457="QB UNCERTAIN","QB UNCERTAIN",IF($AF457<>"","TRANSITION UNCERTAIN",IF(OR($B457="",$C457=""),"DATA INCOMPLETE","READY"))))))))'
ENGINE	AI458	'=IF($A458="","",IF($AH458<>"","BLOCKED",IF($AG458<>"","FCS — NO PLAY",IF(CALC!$S458=1,"PENDING LINE",IF(CALC!$Q458=1,"STALE LINE",IF($AE458="QB UNCERTAIN","QB UNCERTAIN",IF($AF458<>"","FCS/TRANSITION UNCERTAIN",IF(OR($B458="",$C458=""),"DATA INCOMPLETE","READY"))))))))'	'=IF($A458="","",IF($AH458<>"","BLOCKED",IF($AG458<>"","FCS — NO PLAY",IF(CALC!$S458=1,"PENDING LINE",IF(CALC!$Q458=1,"STALE LINE",IF($AE458="QB UNCERTAIN","QB UNCERTAIN",IF($AF458<>"","TRANSITION UNCERTAIN",IF(OR($B458="",$C458=""),"DATA INCOMPLETE","READY"))))))))'
ENGINE	AI459	'=IF($A459="","",IF($AH459<>"","BLOCKED",IF($AG459<>"","FCS — NO PLAY",IF(CALC!$S459=1,"PENDING LINE",IF(CALC!$Q459=1,"STALE LINE",IF($AE459="QB UNCERTAIN","QB UNCERTAIN",IF($AF459<>"","FCS/TRANSITION UNCERTAIN",IF(OR($B459="",$C459=""),"DATA INCOMPLETE","READY"))))))))'	'=IF($A459="","",IF($AH459<>"","BLOCKED",IF($AG459<>"","FCS — NO PLAY",IF(CALC!$S459=1,"PENDING LINE",IF(CALC!$Q459=1,"STALE LINE",IF($AE459="QB UNCERTAIN","QB UNCERTAIN",IF($AF459<>"","TRANSITION UNCERTAIN",IF(OR($B459="",$C459=""),"DATA INCOMPLETE","READY"))))))))'
ENGINE	AI460	'=IF($A460="","",IF($AH460<>"","BLOCKED",IF($AG460<>"","FCS — NO PLAY",IF(CALC!$S460=1,"PENDING LINE",IF(CALC!$Q460=1,"STALE LINE",IF($AE460="QB UNCERTAIN","QB UNCERTAIN",IF($AF460<>"","FCS/TRANSITION UNCERTAIN",IF(OR($B460="",$C460=""),"DATA INCOMPLETE","READY"))))))))'	'=IF($A460="","",IF($AH460<>"","BLOCKED",IF($AG460<>"","FCS — NO PLAY",IF(CALC!$S460=1,"PENDING LINE",IF(CALC!$Q460=1,"STALE LINE",IF($AE460="QB UNCERTAIN","QB UNCERTAIN",IF($AF460<>"","TRANSITION UNCERTAIN",IF(OR($B460="",$C460=""),"DATA INCOMPLETE","READY"))))))))'
ENGINE	AI461	'=IF($A461="","",IF($AH461<>"","BLOCKED",IF($AG461<>"","FCS — NO PLAY",IF(CALC!$S461=1,"PENDING LINE",IF(CALC!$Q461=1,"STALE LINE",IF($AE461="QB UNCERTAIN","QB UNCERTAIN",IF($AF461<>"","FCS/TRANSITION UNCERTAIN",IF(OR($B461="",$C461=""),"DATA INCOMPLETE","READY"))))))))'	'=IF($A461="","",IF($AH461<>"","BLOCKED",IF($AG461<>"","FCS — NO PLAY",IF(CALC!$S461=1,"PENDING LINE",IF(CALC!$Q461=1,"STALE LINE",IF($AE461="QB UNCERTAIN","QB UNCERTAIN",IF($AF461<>"","TRANSITION UNCERTAIN",IF(OR($B461="",$C461=""),"DATA INCOMPLETE","READY"))))))))'
ENGINE	AI462	'=IF($A462="","",IF($AH462<>"","BLOCKED",IF($AG462<>"","FCS — NO PLAY",IF(CALC!$S462=1,"PENDING LINE",IF(CALC!$Q462=1,"STALE LINE",IF($AE462="QB UNCERTAIN","QB UNCERTAIN",IF($AF462<>"","FCS/TRANSITION UNCERTAIN",IF(OR($B462="",$C462=""),"DATA INCOMPLETE","READY"))))))))'	'=IF($A462="","",IF($AH462<>"","BLOCKED",IF($AG462<>"","FCS — NO PLAY",IF(CALC!$S462=1,"PENDING LINE",IF(CALC!$Q462=1,"STALE LINE",IF($AE462="QB UNCERTAIN","QB UNCERTAIN",IF($AF462<>"","TRANSITION UNCERTAIN",IF(OR($B462="",$C462=""),"DATA INCOMPLETE","READY"))))))))'
ENGINE	AI463	'=IF($A463="","",IF($AH463<>"","BLOCKED",IF($AG463<>"","FCS — NO PLAY",IF(CALC!$S463=1,"PENDING LINE",IF(CALC!$Q463=1,"STALE LINE",IF($AE463="QB UNCERTAIN","QB UNCERTAIN",IF($AF463<>"","FCS/TRANSITION UNCERTAIN",IF(OR($B463="",$C463=""),"DATA INCOMPLETE","READY"))))))))'	'=IF($A463="","",IF($AH463<>"","BLOCKED",IF($AG463<>"","FCS — NO PLAY",IF(CALC!$S463=1,"PENDING LINE",IF(CALC!$Q463=1,"STALE LINE",IF($AE463="QB UNCERTAIN","QB UNCERTAIN",IF($AF463<>"","TRANSITION UNCERTAIN",IF(OR($B463="",$C463=""),"DATA INCOMPLETE","READY"))))))))'
ENGINE	AI464	'=IF($A464="","",IF($AH464<>"","BLOCKED",IF($AG464<>"","FCS — NO PLAY",IF(CALC!$S464=1,"PENDING LINE",IF(CALC!$Q464=1,"STALE LINE",IF($AE464="QB UNCERTAIN","QB UNCERTAIN",IF($AF464<>"","FCS/TRANSITION UNCERTAIN",IF(OR($B464="",$C464=""),"DATA INCOMPLETE","READY"))))))))'	'=IF($A464="","",IF($AH464<>"","BLOCKED",IF($AG464<>"","FCS — NO PLAY",IF(CALC!$S464=1,"PENDING LINE",IF(CALC!$Q464=1,"STALE LINE",IF($AE464="QB UNCERTAIN","QB UNCERTAIN",IF($AF464<>"","TRANSITION UNCERTAIN",IF(OR($B464="",$C464=""),"DATA INCOMPLETE","READY"))))))))'
ENGINE	AI465	'=IF($A465="","",IF($AH465<>"","BLOCKED",IF($AG465<>"","FCS — NO PLAY",IF(CALC!$S465=1,"PENDING LINE",IF(CALC!$Q465=1,"STALE LINE",IF($AE465="QB UNCERTAIN","QB UNCERTAIN",IF($AF465<>"","FCS/TRANSITION UNCERTAIN",IF(OR($B465="",$C465=""),"DATA INCOMPLETE","READY"))))))))'	'=IF($A465="","",IF($AH465<>"","BLOCKED",IF($AG465<>"","FCS — NO PLAY",IF(CALC!$S465=1,"PENDING LINE",IF(CALC!$Q465=1,"STALE LINE",IF($AE465="QB UNCERTAIN","QB UNCERTAIN",IF($AF465<>"","TRANSITION UNCERTAIN",IF(OR($B465="",$C465=""),"DATA INCOMPLETE","READY"))))))))'
ENGINE	AI466	'=IF($A466="","",IF($AH466<>"","BLOCKED",IF($AG466<>"","FCS — NO PLAY",IF(CALC!$S466=1,"PENDING LINE",IF(CALC!$Q466=1,"STALE LINE",IF($AE466="QB UNCERTAIN","QB UNCERTAIN",IF($AF466<>"","FCS/TRANSITION UNCERTAIN",IF(OR($B466="",$C466=""),"DATA INCOMPLETE","READY"))))))))'	'=IF($A466="","",IF($AH466<>"","BLOCKED",IF($AG466<>"","FCS — NO PLAY",IF(CALC!$S466=1,"PENDING LINE",IF(CALC!$Q466=1,"STALE LINE",IF($AE466="QB UNCERTAIN","QB UNCERTAIN",IF($AF466<>"","TRANSITION UNCERTAIN",IF(OR($B466="",$C466=""),"DATA INCOMPLETE","READY"))))))))'
ENGINE	AI467	'=IF($A467="","",IF($AH467<>"","BLOCKED",IF($AG467<>"","FCS — NO PLAY",IF(CALC!$S467=1,"PENDING LINE",IF(CALC!$Q467=1,"STALE LINE",IF($AE467="QB UNCERTAIN","QB UNCERTAIN",IF($AF467<>"","FCS/TRANSITION UNCERTAIN",IF(OR($B467="",$C467=""),"DATA INCOMPLETE","READY"))))))))'	'=IF($A467="","",IF($AH467<>"","BLOCKED",IF($AG467<>"","FCS — NO PLAY",IF(CALC!$S467=1,"PENDING LINE",IF(CALC!$Q467=1,"STALE LINE",IF($AE467="QB UNCERTAIN","QB UNCERTAIN",IF($AF467<>"","TRANSITION UNCERTAIN",IF(OR($B467="",$C467=""),"DATA INCOMPLETE","READY"))))))))'
ENGINE	AI468	'=IF($A468="","",IF($AH468<>"","BLOCKED",IF($AG468<>"","FCS — NO PLAY",IF(CALC!$S468=1,"PENDING LINE",IF(CALC!$Q468=1,"STALE LINE",IF($AE468="QB UNCERTAIN","QB UNCERTAIN",IF($AF468<>"","FCS/TRANSITION UNCERTAIN",IF(OR($B468="",$C468=""),"DATA INCOMPLETE","READY"))))))))'	'=IF($A468="","",IF($AH468<>"","BLOCKED",IF($AG468<>"","FCS — NO PLAY",IF(CALC!$S468=1,"PENDING LINE",IF(CALC!$Q468=1,"STALE LINE",IF($AE468="QB UNCERTAIN","QB UNCERTAIN",IF($AF468<>"","TRANSITION UNCERTAIN",IF(OR($B468="",$C468=""),"DATA INCOMPLETE","READY"))))))))'
ENGINE	AI469	'=IF($A469="","",IF($AH469<>"","BLOCKED",IF($AG469<>"","FCS — NO PLAY",IF(CALC!$S469=1,"PENDING LINE",IF(CALC!$Q469=1,"STALE LINE",IF($AE469="QB UNCERTAIN","QB UNCERTAIN",IF($AF469<>"","FCS/TRANSITION UNCERTAIN",IF(OR($B469="",$C469=""),"DATA INCOMPLETE","READY"))))))))'	'=IF($A469="","",IF($AH469<>"","BLOCKED",IF($AG469<>"","FCS — NO PLAY",IF(CALC!$S469=1,"PENDING LINE",IF(CALC!$Q469=1,"STALE LINE",IF($AE469="QB UNCERTAIN","QB UNCERTAIN",IF($AF469<>"","TRANSITION UNCERTAIN",IF(OR($B469="",$C469=""),"DATA INCOMPLETE","READY"))))))))'
ENGINE	AI470	'=IF($A470="","",IF($AH470<>"","BLOCKED",IF($AG470<>"","FCS — NO PLAY",IF(CALC!$S470=1,"PENDING LINE",IF(CALC!$Q470=1,"STALE LINE",IF($AE470="QB UNCERTAIN","QB UNCERTAIN",IF($AF470<>"","FCS/TRANSITION UNCERTAIN",IF(OR($B470="",$C470=""),"DATA INCOMPLETE","READY"))))))))'	'=IF($A470="","",IF($AH470<>"","BLOCKED",IF($AG470<>"","FCS — NO PLAY",IF(CALC!$S470=1,"PENDING LINE",IF(CALC!$Q470=1,"STALE LINE",IF($AE470="QB UNCERTAIN","QB UNCERTAIN",IF($AF470<>"","TRANSITION UNCERTAIN",IF(OR($B470="",$C470=""),"DATA INCOMPLETE","READY"))))))))'
ENGINE	AI471	'=IF($A471="","",IF($AH471<>"","BLOCKED",IF($AG471<>"","FCS — NO PLAY",IF(CALC!$S471=1,"PENDING LINE",IF(CALC!$Q471=1,"STALE LINE",IF($AE471="QB UNCERTAIN","QB UNCERTAIN",IF($AF471<>"","FCS/TRANSITION UNCERTAIN",IF(OR($B471="",$C471=""),"DATA INCOMPLETE","READY"))))))))'	'=IF($A471="","",IF($AH471<>"","BLOCKED",IF($AG471<>"","FCS — NO PLAY",IF(CALC!$S471=1,"PENDING LINE",IF(CALC!$Q471=1,"STALE LINE",IF($AE471="QB UNCERTAIN","QB UNCERTAIN",IF($AF471<>"","TRANSITION UNCERTAIN",IF(OR($B471="",$C471=""),"DATA INCOMPLETE","READY"))))))))'
ENGINE	AI472	'=IF($A472="","",IF($AH472<>"","BLOCKED",IF($AG472<>"","FCS — NO PLAY",IF(CALC!$S472=1,"PENDING LINE",IF(CALC!$Q472=1,"STALE LINE",IF($AE472="QB UNCERTAIN","QB UNCERTAIN",IF($AF472<>"","FCS/TRANSITION UNCERTAIN",IF(OR($B472="",$C472=""),"DATA INCOMPLETE","READY"))))))))'	'=IF($A472="","",IF($AH472<>"","BLOCKED",IF($AG472<>"","FCS — NO PLAY",IF(CALC!$S472=1,"PENDING LINE",IF(CALC!$Q472=1,"STALE LINE",IF($AE472="QB UNCERTAIN","QB UNCERTAIN",IF($AF472<>"","TRANSITION UNCERTAIN",IF(OR($B472="",$C472=""),"DATA INCOMPLETE","READY"))))))))'
ENGINE	AI473	'=IF($A473="","",IF($AH473<>"","BLOCKED",IF($AG473<>"","FCS — NO PLAY",IF(CALC!$S473=1,"PENDING LINE",IF(CALC!$Q473=1,"STALE LINE",IF($AE473="QB UNCERTAIN","QB UNCERTAIN",IF($AF473<>"","FCS/TRANSITION UNCERTAIN",IF(OR($B473="",$C473=""),"DATA INCOMPLETE","READY"))))))))'	'=IF($A473="","",IF($AH473<>"","BLOCKED",IF($AG473<>"","FCS — NO PLAY",IF(CALC!$S473=1,"PENDING LINE",IF(CALC!$Q473=1,"STALE LINE",IF($AE473="QB UNCERTAIN","QB UNCERTAIN",IF($AF473<>"","TRANSITION UNCERTAIN",IF(OR($B473="",$C473=""),"DATA INCOMPLETE","READY"))))))))'
ENGINE	AI474	'=IF($A474="","",IF($AH474<>"","BLOCKED",IF($AG474<>"","FCS — NO PLAY",IF(CALC!$S474=1,"PENDING LINE",IF(CALC!$Q474=1,"STALE LINE",IF($AE474="QB UNCERTAIN","QB UNCERTAIN",IF($AF474<>"","FCS/TRANSITION UNCERTAIN",IF(OR($B474="",$C474=""),"DATA INCOMPLETE","READY"))))))))'	'=IF($A474="","",IF($AH474<>"","BLOCKED",IF($AG474<>"","FCS — NO PLAY",IF(CALC!$S474=1,"PENDING LINE",IF(CALC!$Q474=1,"STALE LINE",IF($AE474="QB UNCERTAIN","QB UNCERTAIN",IF($AF474<>"","TRANSITION UNCERTAIN",IF(OR($B474="",$C474=""),"DATA INCOMPLETE","READY"))))))))'
ENGINE	AI475	'=IF($A475="","",IF($AH475<>"","BLOCKED",IF($AG475<>"","FCS — NO PLAY",IF(CALC!$S475=1,"PENDING LINE",IF(CALC!$Q475=1,"STALE LINE",IF($AE475="QB UNCERTAIN","QB UNCERTAIN",IF($AF475<>"","FCS/TRANSITION UNCERTAIN",IF(OR($B475="",$C475=""),"DATA INCOMPLETE","READY"))))))))'	'=IF($A475="","",IF($AH475<>"","BLOCKED",IF($AG475<>"","FCS — NO PLAY",IF(CALC!$S475=1,"PENDING LINE",IF(CALC!$Q475=1,"STALE LINE",IF($AE475="QB UNCERTAIN","QB UNCERTAIN",IF($AF475<>"","TRANSITION UNCERTAIN",IF(OR($B475="",$C475=""),"DATA INCOMPLETE","READY"))))))))'
ENGINE	AI476	'=IF($A476="","",IF($AH476<>"","BLOCKED",IF($AG476<>"","FCS — NO PLAY",IF(CALC!$S476=1,"PENDING LINE",IF(CALC!$Q476=1,"STALE LINE",IF($AE476="QB UNCERTAIN","QB UNCERTAIN",IF($AF476<>"","FCS/TRANSITION UNCERTAIN",IF(OR($B476="",$C476=""),"DATA INCOMPLETE","READY"))))))))'	'=IF($A476="","",IF($AH476<>"","BLOCKED",IF($AG476<>"","FCS — NO PLAY",IF(CALC!$S476=1,"PENDING LINE",IF(CALC!$Q476=1,"STALE LINE",IF($AE476="QB UNCERTAIN","QB UNCERTAIN",IF($AF476<>"","TRANSITION UNCERTAIN",IF(OR($B476="",$C476=""),"DATA INCOMPLETE","READY"))))))))'
ENGINE	AI477	'=IF($A477="","",IF($AH477<>"","BLOCKED",IF($AG477<>"","FCS — NO PLAY",IF(CALC!$S477=1,"PENDING LINE",IF(CALC!$Q477=1,"STALE LINE",IF($AE477="QB UNCERTAIN","QB UNCERTAIN",IF($AF477<>"","FCS/TRANSITION UNCERTAIN",IF(OR($B477="",$C477=""),"DATA INCOMPLETE","READY"))))))))'	'=IF($A477="","",IF($AH477<>"","BLOCKED",IF($AG477<>"","FCS — NO PLAY",IF(CALC!$S477=1,"PENDING LINE",IF(CALC!$Q477=1,"STALE LINE",IF($AE477="QB UNCERTAIN","QB UNCERTAIN",IF($AF477<>"","TRANSITION UNCERTAIN",IF(OR($B477="",$C477=""),"DATA INCOMPLETE","READY"))))))))'
ENGINE	AI478	'=IF($A478="","",IF($AH478<>"","BLOCKED",IF($AG478<>"","FCS — NO PLAY",IF(CALC!$S478=1,"PENDING LINE",IF(CALC!$Q478=1,"STALE LINE",IF($AE478="QB UNCERTAIN","QB UNCERTAIN",IF($AF478<>"","FCS/TRANSITION UNCERTAIN",IF(OR($B478="",$C478=""),"DATA INCOMPLETE","READY"))))))))'	'=IF($A478="","",IF($AH478<>"","BLOCKED",IF($AG478<>"","FCS — NO PLAY",IF(CALC!$S478=1,"PENDING LINE",IF(CALC!$Q478=1,"STALE LINE",IF($AE478="QB UNCERTAIN","QB UNCERTAIN",IF($AF478<>"","TRANSITION UNCERTAIN",IF(OR($B478="",$C478=""),"DATA INCOMPLETE","READY"))))))))'
ENGINE	AI479	'=IF($A479="","",IF($AH479<>"","BLOCKED",IF($AG479<>"","FCS — NO PLAY",IF(CALC!$S479=1,"PENDING LINE",IF(CALC!$Q479=1,"STALE LINE",IF($AE479="QB UNCERTAIN","QB UNCERTAIN",IF($AF479<>"","FCS/TRANSITION UNCERTAIN",IF(OR($B479="",$C479=""),"DATA INCOMPLETE","READY"))))))))'	'=IF($A479="","",IF($AH479<>"","BLOCKED",IF($AG479<>"","FCS — NO PLAY",IF(CALC!$S479=1,"PENDING LINE",IF(CALC!$Q479=1,"STALE LINE",IF($AE479="QB UNCERTAIN","QB UNCERTAIN",IF($AF479<>"","TRANSITION UNCERTAIN",IF(OR($B479="",$C479=""),"DATA INCOMPLETE","READY"))))))))'
ENGINE	AI480	'=IF($A480="","",IF($AH480<>"","BLOCKED",IF($AG480<>"","FCS — NO PLAY",IF(CALC!$S480=1,"PENDING LINE",IF(CALC!$Q480=1,"STALE LINE",IF($AE480="QB UNCERTAIN","QB UNCERTAIN",IF($AF480<>"","FCS/TRANSITION UNCERTAIN",IF(OR($B480="",$C480=""),"DATA INCOMPLETE","READY"))))))))'	'=IF($A480="","",IF($AH480<>"","BLOCKED",IF($AG480<>"","FCS — NO PLAY",IF(CALC!$S480=1,"PENDING LINE",IF(CALC!$Q480=1,"STALE LINE",IF($AE480="QB UNCERTAIN","QB UNCERTAIN",IF($AF480<>"","TRANSITION UNCERTAIN",IF(OR($B480="",$C480=""),"DATA INCOMPLETE","READY"))))))))'
ENGINE	AI481	'=IF($A481="","",IF($AH481<>"","BLOCKED",IF($AG481<>"","FCS — NO PLAY",IF(CALC!$S481=1,"PENDING LINE",IF(CALC!$Q481=1,"STALE LINE",IF($AE481="QB UNCERTAIN","QB UNCERTAIN",IF($AF481<>"","FCS/TRANSITION UNCERTAIN",IF(OR($B481="",$C481=""),"DATA INCOMPLETE","READY"))))))))'	'=IF($A481="","",IF($AH481<>"","BLOCKED",IF($AG481<>"","FCS — NO PLAY",IF(CALC!$S481=1,"PENDING LINE",IF(CALC!$Q481=1,"STALE LINE",IF($AE481="QB UNCERTAIN","QB UNCERTAIN",IF($AF481<>"","TRANSITION UNCERTAIN",IF(OR($B481="",$C481=""),"DATA INCOMPLETE","READY"))))))))'
ENGINE	AI482	'=IF($A482="","",IF($AH482<>"","BLOCKED",IF($AG482<>"","FCS — NO PLAY",IF(CALC!$S482=1,"PENDING LINE",IF(CALC!$Q482=1,"STALE LINE",IF($AE482="QB UNCERTAIN","QB UNCERTAIN",IF($AF482<>"","FCS/TRANSITION UNCERTAIN",IF(OR($B482="",$C482=""),"DATA INCOMPLETE","READY"))))))))'	'=IF($A482="","",IF($AH482<>"","BLOCKED",IF($AG482<>"","FCS — NO PLAY",IF(CALC!$S482=1,"PENDING LINE",IF(CALC!$Q482=1,"STALE LINE",IF($AE482="QB UNCERTAIN","QB UNCERTAIN",IF($AF482<>"","TRANSITION UNCERTAIN",IF(OR($B482="",$C482=""),"DATA INCOMPLETE","READY"))))))))'
ENGINE	AI483	'=IF($A483="","",IF($AH483<>"","BLOCKED",IF($AG483<>"","FCS — NO PLAY",IF(CALC!$S483=1,"PENDING LINE",IF(CALC!$Q483=1,"STALE LINE",IF($AE483="QB UNCERTAIN","QB UNCERTAIN",IF($AF483<>"","FCS/TRANSITION UNCERTAIN",IF(OR($B483="",$C483=""),"DATA INCOMPLETE","READY"))))))))'	'=IF($A483="","",IF($AH483<>"","BLOCKED",IF($AG483<>"","FCS — NO PLAY",IF(CALC!$S483=1,"PENDING LINE",IF(CALC!$Q483=1,"STALE LINE",IF($AE483="QB UNCERTAIN","QB UNCERTAIN",IF($AF483<>"","TRANSITION UNCERTAIN",IF(OR($B483="",$C483=""),"DATA INCOMPLETE","READY"))))))))'
ENGINE	AI484	'=IF($A484="","",IF($AH484<>"","BLOCKED",IF($AG484<>"","FCS — NO PLAY",IF(CALC!$S484=1,"PENDING LINE",IF(CALC!$Q484=1,"STALE LINE",IF($AE484="QB UNCERTAIN","QB UNCERTAIN",IF($AF484<>"","FCS/TRANSITION UNCERTAIN",IF(OR($B484="",$C484=""),"DATA INCOMPLETE","READY"))))))))'	'=IF($A484="","",IF($AH484<>"","BLOCKED",IF($AG484<>"","FCS — NO PLAY",IF(CALC!$S484=1,"PENDING LINE",IF(CALC!$Q484=1,"STALE LINE",IF($AE484="QB UNCERTAIN","QB UNCERTAIN",IF($AF484<>"","TRANSITION UNCERTAIN",IF(OR($B484="",$C484=""),"DATA INCOMPLETE","READY"))))))))'
ENGINE	AI485	'=IF($A485="","",IF($AH485<>"","BLOCKED",IF($AG485<>"","FCS — NO PLAY",IF(CALC!$S485=1,"PENDING LINE",IF(CALC!$Q485=1,"STALE LINE",IF($AE485="QB UNCERTAIN","QB UNCERTAIN",IF($AF485<>"","FCS/TRANSITION UNCERTAIN",IF(OR($B485="",$C485=""),"DATA INCOMPLETE","READY"))))))))'	'=IF($A485="","",IF($AH485<>"","BLOCKED",IF($AG485<>"","FCS — NO PLAY",IF(CALC!$S485=1,"PENDING LINE",IF(CALC!$Q485=1,"STALE LINE",IF($AE485="QB UNCERTAIN","QB UNCERTAIN",IF($AF485<>"","TRANSITION UNCERTAIN",IF(OR($B485="",$C485=""),"DATA INCOMPLETE","READY"))))))))'
ENGINE	AI486	'=IF($A486="","",IF($AH486<>"","BLOCKED",IF($AG486<>"","FCS — NO PLAY",IF(CALC!$S486=1,"PENDING LINE",IF(CALC!$Q486=1,"STALE LINE",IF($AE486="QB UNCERTAIN","QB UNCERTAIN",IF($AF486<>"","FCS/TRANSITION UNCERTAIN",IF(OR($B486="",$C486=""),"DATA INCOMPLETE","READY"))))))))'	'=IF($A486="","",IF($AH486<>"","BLOCKED",IF($AG486<>"","FCS — NO PLAY",IF(CALC!$S486=1,"PENDING LINE",IF(CALC!$Q486=1,"STALE LINE",IF($AE486="QB UNCERTAIN","QB UNCERTAIN",IF($AF486<>"","TRANSITION UNCERTAIN",IF(OR($B486="",$C486=""),"DATA INCOMPLETE","READY"))))))))'
ENGINE	AI487	'=IF($A487="","",IF($AH487<>"","BLOCKED",IF($AG487<>"","FCS — NO PLAY",IF(CALC!$S487=1,"PENDING LINE",IF(CALC!$Q487=1,"STALE LINE",IF($AE487="QB UNCERTAIN","QB UNCERTAIN",IF($AF487<>"","FCS/TRANSITION UNCERTAIN",IF(OR($B487="",$C487=""),"DATA INCOMPLETE","READY"))))))))'	'=IF($A487="","",IF($AH487<>"","BLOCKED",IF($AG487<>"","FCS — NO PLAY",IF(CALC!$S487=1,"PENDING LINE",IF(CALC!$Q487=1,"STALE LINE",IF($AE487="QB UNCERTAIN","QB UNCERTAIN",IF($AF487<>"","TRANSITION UNCERTAIN",IF(OR($B487="",$C487=""),"DATA INCOMPLETE","READY"))))))))'
ENGINE	AI488	'=IF($A488="","",IF($AH488<>"","BLOCKED",IF($AG488<>"","FCS — NO PLAY",IF(CALC!$S488=1,"PENDING LINE",IF(CALC!$Q488=1,"STALE LINE",IF($AE488="QB UNCERTAIN","QB UNCERTAIN",IF($AF488<>"","FCS/TRANSITION UNCERTAIN",IF(OR($B488="",$C488=""),"DATA INCOMPLETE","READY"))))))))'	'=IF($A488="","",IF($AH488<>"","BLOCKED",IF($AG488<>"","FCS — NO PLAY",IF(CALC!$S488=1,"PENDING LINE",IF(CALC!$Q488=1,"STALE LINE",IF($AE488="QB UNCERTAIN","QB UNCERTAIN",IF($AF488<>"","TRANSITION UNCERTAIN",IF(OR($B488="",$C488=""),"DATA INCOMPLETE","READY"))))))))'
ENGINE	AI489	'=IF($A489="","",IF($AH489<>"","BLOCKED",IF($AG489<>"","FCS — NO PLAY",IF(CALC!$S489=1,"PENDING LINE",IF(CALC!$Q489=1,"STALE LINE",IF($AE489="QB UNCERTAIN","QB UNCERTAIN",IF($AF489<>"","FCS/TRANSITION UNCERTAIN",IF(OR($B489="",$C489=""),"DATA INCOMPLETE","READY"))))))))'	'=IF($A489="","",IF($AH489<>"","BLOCKED",IF($AG489<>"","FCS — NO PLAY",IF(CALC!$S489=1,"PENDING LINE",IF(CALC!$Q489=1,"STALE LINE",IF($AE489="QB UNCERTAIN","QB UNCERTAIN",IF($AF489<>"","TRANSITION UNCERTAIN",IF(OR($B489="",$C489=""),"DATA INCOMPLETE","READY"))))))))'
ENGINE	AI490	'=IF($A490="","",IF($AH490<>"","BLOCKED",IF($AG490<>"","FCS — NO PLAY",IF(CALC!$S490=1,"PENDING LINE",IF(CALC!$Q490=1,"STALE LINE",IF($AE490="QB UNCERTAIN","QB UNCERTAIN",IF($AF490<>"","FCS/TRANSITION UNCERTAIN",IF(OR($B490="",$C490=""),"DATA INCOMPLETE","READY"))))))))'	'=IF($A490="","",IF($AH490<>"","BLOCKED",IF($AG490<>"","FCS — NO PLAY",IF(CALC!$S490=1,"PENDING LINE",IF(CALC!$Q490=1,"STALE LINE",IF($AE490="QB UNCERTAIN","QB UNCERTAIN",IF($AF490<>"","TRANSITION UNCERTAIN",IF(OR($B490="",$C490=""),"DATA INCOMPLETE","READY"))))))))'
ENGINE	AI491	'=IF($A491="","",IF($AH491<>"","BLOCKED",IF($AG491<>"","FCS — NO PLAY",IF(CALC!$S491=1,"PENDING LINE",IF(CALC!$Q491=1,"STALE LINE",IF($AE491="QB UNCERTAIN","QB UNCERTAIN",IF($AF491<>"","FCS/TRANSITION UNCERTAIN",IF(OR($B491="",$C491=""),"DATA INCOMPLETE","READY"))))))))'	'=IF($A491="","",IF($AH491<>"","BLOCKED",IF($AG491<>"","FCS — NO PLAY",IF(CALC!$S491=1,"PENDING LINE",IF(CALC!$Q491=1,"STALE LINE",IF($AE491="QB UNCERTAIN","QB UNCERTAIN",IF($AF491<>"","TRANSITION UNCERTAIN",IF(OR($B491="",$C491=""),"DATA INCOMPLETE","READY"))))))))'
ENGINE	AI492	'=IF($A492="","",IF($AH492<>"","BLOCKED",IF($AG492<>"","FCS — NO PLAY",IF(CALC!$S492=1,"PENDING LINE",IF(CALC!$Q492=1,"STALE LINE",IF($AE492="QB UNCERTAIN","QB UNCERTAIN",IF($AF492<>"","FCS/TRANSITION UNCERTAIN",IF(OR($B492="",$C492=""),"DATA INCOMPLETE","READY"))))))))'	'=IF($A492="","",IF($AH492<>"","BLOCKED",IF($AG492<>"","FCS — NO PLAY",IF(CALC!$S492=1,"PENDING LINE",IF(CALC!$Q492=1,"STALE LINE",IF($AE492="QB UNCERTAIN","QB UNCERTAIN",IF($AF492<>"","TRANSITION UNCERTAIN",IF(OR($B492="",$C492=""),"DATA INCOMPLETE","READY"))))))))'
ENGINE	AI493	'=IF($A493="","",IF($AH493<>"","BLOCKED",IF($AG493<>"","FCS — NO PLAY",IF(CALC!$S493=1,"PENDING LINE",IF(CALC!$Q493=1,"STALE LINE",IF($AE493="QB UNCERTAIN","QB UNCERTAIN",IF($AF493<>"","FCS/TRANSITION UNCERTAIN",IF(OR($B493="",$C493=""),"DATA INCOMPLETE","READY"))))))))'	'=IF($A493="","",IF($AH493<>"","BLOCKED",IF($AG493<>"","FCS — NO PLAY",IF(CALC!$S493=1,"PENDING LINE",IF(CALC!$Q493=1,"STALE LINE",IF($AE493="QB UNCERTAIN","QB UNCERTAIN",IF($AF493<>"","TRANSITION UNCERTAIN",IF(OR($B493="",$C493=""),"DATA INCOMPLETE","READY"))))))))'
ENGINE	AI494	'=IF($A494="","",IF($AH494<>"","BLOCKED",IF($AG494<>"","FCS — NO PLAY",IF(CALC!$S494=1,"PENDING LINE",IF(CALC!$Q494=1,"STALE LINE",IF($AE494="QB UNCERTAIN","QB UNCERTAIN",IF($AF494<>"","FCS/TRANSITION UNCERTAIN",IF(OR($B494="",$C494=""),"DATA INCOMPLETE","READY"))))))))'	'=IF($A494="","",IF($AH494<>"","BLOCKED",IF($AG494<>"","FCS — NO PLAY",IF(CALC!$S494=1,"PENDING LINE",IF(CALC!$Q494=1,"STALE LINE",IF($AE494="QB UNCERTAIN","QB UNCERTAIN",IF($AF494<>"","TRANSITION UNCERTAIN",IF(OR($B494="",$C494=""),"DATA INCOMPLETE","READY"))))))))'
ENGINE	AI495	'=IF($A495="","",IF($AH495<>"","BLOCKED",IF($AG495<>"","FCS — NO PLAY",IF(CALC!$S495=1,"PENDING LINE",IF(CALC!$Q495=1,"STALE LINE",IF($AE495="QB UNCERTAIN","QB UNCERTAIN",IF($AF495<>"","FCS/TRANSITION UNCERTAIN",IF(OR($B495="",$C495=""),"DATA INCOMPLETE","READY"))))))))'	'=IF($A495="","",IF($AH495<>"","BLOCKED",IF($AG495<>"","FCS — NO PLAY",IF(CALC!$S495=1,"PENDING LINE",IF(CALC!$Q495=1,"STALE LINE",IF($AE495="QB UNCERTAIN","QB UNCERTAIN",IF($AF495<>"","TRANSITION UNCERTAIN",IF(OR($B495="",$C495=""),"DATA INCOMPLETE","READY"))))))))'
ENGINE	AI496	'=IF($A496="","",IF($AH496<>"","BLOCKED",IF($AG496<>"","FCS — NO PLAY",IF(CALC!$S496=1,"PENDING LINE",IF(CALC!$Q496=1,"STALE LINE",IF($AE496="QB UNCERTAIN","QB UNCERTAIN",IF($AF496<>"","FCS/TRANSITION UNCERTAIN",IF(OR($B496="",$C496=""),"DATA INCOMPLETE","READY"))))))))'	'=IF($A496="","",IF($AH496<>"","BLOCKED",IF($AG496<>"","FCS — NO PLAY",IF(CALC!$S496=1,"PENDING LINE",IF(CALC!$Q496=1,"STALE LINE",IF($AE496="QB UNCERTAIN","QB UNCERTAIN",IF($AF496<>"","TRANSITION UNCERTAIN",IF(OR($B496="",$C496=""),"DATA INCOMPLETE","READY"))))))))'
ENGINE	AI497	'=IF($A497="","",IF($AH497<>"","BLOCKED",IF($AG497<>"","FCS — NO PLAY",IF(CALC!$S497=1,"PENDING LINE",IF(CALC!$Q497=1,"STALE LINE",IF($AE497="QB UNCERTAIN","QB UNCERTAIN",IF($AF497<>"","FCS/TRANSITION UNCERTAIN",IF(OR($B497="",$C497=""),"DATA INCOMPLETE","READY"))))))))'	'=IF($A497="","",IF($AH497<>"","BLOCKED",IF($AG497<>"","FCS — NO PLAY",IF(CALC!$S497=1,"PENDING LINE",IF(CALC!$Q497=1,"STALE LINE",IF($AE497="QB UNCERTAIN","QB UNCERTAIN",IF($AF497<>"","TRANSITION UNCERTAIN",IF(OR($B497="",$C497=""),"DATA INCOMPLETE","READY"))))))))'
ENGINE	AI498	'=IF($A498="","",IF($AH498<>"","BLOCKED",IF($AG498<>"","FCS — NO PLAY",IF(CALC!$S498=1,"PENDING LINE",IF(CALC!$Q498=1,"STALE LINE",IF($AE498="QB UNCERTAIN","QB UNCERTAIN",IF($AF498<>"","FCS/TRANSITION UNCERTAIN",IF(OR($B498="",$C498=""),"DATA INCOMPLETE","READY"))))))))'	'=IF($A498="","",IF($AH498<>"","BLOCKED",IF($AG498<>"","FCS — NO PLAY",IF(CALC!$S498=1,"PENDING LINE",IF(CALC!$Q498=1,"STALE LINE",IF($AE498="QB UNCERTAIN","QB UNCERTAIN",IF($AF498<>"","TRANSITION UNCERTAIN",IF(OR($B498="",$C498=""),"DATA INCOMPLETE","READY"))))))))'
ENGINE	AI499	'=IF($A499="","",IF($AH499<>"","BLOCKED",IF($AG499<>"","FCS — NO PLAY",IF(CALC!$S499=1,"PENDING LINE",IF(CALC!$Q499=1,"STALE LINE",IF($AE499="QB UNCERTAIN","QB UNCERTAIN",IF($AF499<>"","FCS/TRANSITION UNCERTAIN",IF(OR($B499="",$C499=""),"DATA INCOMPLETE","READY"))))))))'	'=IF($A499="","",IF($AH499<>"","BLOCKED",IF($AG499<>"","FCS — NO PLAY",IF(CALC!$S499=1,"PENDING LINE",IF(CALC!$Q499=1,"STALE LINE",IF($AE499="QB UNCERTAIN","QB UNCERTAIN",IF($AF499<>"","TRANSITION UNCERTAIN",IF(OR($B499="",$C499=""),"DATA INCOMPLETE","READY"))))))))'
ENGINE	AI500	'=IF($A500="","",IF($AH500<>"","BLOCKED",IF($AG500<>"","FCS — NO PLAY",IF(CALC!$S500=1,"PENDING LINE",IF(CALC!$Q500=1,"STALE LINE",IF($AE500="QB UNCERTAIN","QB UNCERTAIN",IF($AF500<>"","FCS/TRANSITION UNCERTAIN",IF(OR($B500="",$C500=""),"DATA INCOMPLETE","READY"))))))))'	'=IF($A500="","",IF($AH500<>"","BLOCKED",IF($AG500<>"","FCS — NO PLAY",IF(CALC!$S500=1,"PENDING LINE",IF(CALC!$Q500=1,"STALE LINE",IF($AE500="QB UNCERTAIN","QB UNCERTAIN",IF($AF500<>"","TRANSITION UNCERTAIN",IF(OR($B500="",$C500=""),"DATA INCOMPLETE","READY"))))))))'
ENGINE	AI501	'=IF($A501="","",IF($AH501<>"","BLOCKED",IF($AG501<>"","FCS — NO PLAY",IF(CALC!$S501=1,"PENDING LINE",IF(CALC!$Q501=1,"STALE LINE",IF($AE501="QB UNCERTAIN","QB UNCERTAIN",IF($AF501<>"","FCS/TRANSITION UNCERTAIN",IF(OR($B501="",$C501=""),"DATA INCOMPLETE","READY"))))))))'	'=IF($A501="","",IF($AH501<>"","BLOCKED",IF($AG501<>"","FCS — NO PLAY",IF(CALC!$S501=1,"PENDING LINE",IF(CALC!$Q501=1,"STALE LINE",IF($AE501="QB UNCERTAIN","QB UNCERTAIN",IF($AF501<>"","TRANSITION UNCERTAIN",IF(OR($B501="",$C501=""),"DATA INCOMPLETE","READY"))))))))'
ENGINE	AI502	'=IF($A502="","",IF($AH502<>"","BLOCKED",IF($AG502<>"","FCS — NO PLAY",IF(CALC!$S502=1,"PENDING LINE",IF(CALC!$Q502=1,"STALE LINE",IF($AE502="QB UNCERTAIN","QB UNCERTAIN",IF($AF502<>"","FCS/TRANSITION UNCERTAIN",IF(OR($B502="",$C502=""),"DATA INCOMPLETE","READY"))))))))'	'=IF($A502="","",IF($AH502<>"","BLOCKED",IF($AG502<>"","FCS — NO PLAY",IF(CALC!$S502=1,"PENDING LINE",IF(CALC!$Q502=1,"STALE LINE",IF($AE502="QB UNCERTAIN","QB UNCERTAIN",IF($AF502<>"","TRANSITION UNCERTAIN",IF(OR($B502="",$C502=""),"DATA INCOMPLETE","READY"))))))))'
ENGINE	AI503	'=IF($A503="","",IF($AH503<>"","BLOCKED",IF($AG503<>"","FCS — NO PLAY",IF(CALC!$S503=1,"PENDING LINE",IF(CALC!$Q503=1,"STALE LINE",IF($AE503="QB UNCERTAIN","QB UNCERTAIN",IF($AF503<>"","FCS/TRANSITION UNCERTAIN",IF(OR($B503="",$C503=""),"DATA INCOMPLETE","READY"))))))))'	'=IF($A503="","",IF($AH503<>"","BLOCKED",IF($AG503<>"","FCS — NO PLAY",IF(CALC!$S503=1,"PENDING LINE",IF(CALC!$Q503=1,"STALE LINE",IF($AE503="QB UNCERTAIN","QB UNCERTAIN",IF($AF503<>"","TRANSITION UNCERTAIN",IF(OR($B503="",$C503=""),"DATA INCOMPLETE","READY"))))))))'
ENGINE	AI504	'=IF($A504="","",IF($AH504<>"","BLOCKED",IF($AG504<>"","FCS — NO PLAY",IF(CALC!$S504=1,"PENDING LINE",IF(CALC!$Q504=1,"STALE LINE",IF($AE504="QB UNCERTAIN","QB UNCERTAIN",IF($AF504<>"","FCS/TRANSITION UNCERTAIN",IF(OR($B504="",$C504=""),"DATA INCOMPLETE","READY"))))))))'	'=IF($A504="","",IF($AH504<>"","BLOCKED",IF($AG504<>"","FCS — NO PLAY",IF(CALC!$S504=1,"PENDING LINE",IF(CALC!$Q504=1,"STALE LINE",IF($AE504="QB UNCERTAIN","QB UNCERTAIN",IF($AF504<>"","TRANSITION UNCERTAIN",IF(OR($B504="",$C504=""),"DATA INCOMPLETE","READY"))))))))'
ENGINE	AI505	'=IF($A505="","",IF($AH505<>"","BLOCKED",IF($AG505<>"","FCS — NO PLAY",IF(CALC!$S505=1,"PENDING LINE",IF(CALC!$Q505=1,"STALE LINE",IF($AE505="QB UNCERTAIN","QB UNCERTAIN",IF($AF505<>"","FCS/TRANSITION UNCERTAIN",IF(OR($B505="",$C505=""),"DATA INCOMPLETE","READY"))))))))'	'=IF($A505="","",IF($AH505<>"","BLOCKED",IF($AG505<>"","FCS — NO PLAY",IF(CALC!$S505=1,"PENDING LINE",IF(CALC!$Q505=1,"STALE LINE",IF($AE505="QB UNCERTAIN","QB UNCERTAIN",IF($AF505<>"","TRANSITION UNCERTAIN",IF(OR($B505="",$C505=""),"DATA INCOMPLETE","READY"))))))))'
ENGINE	AI506	'=IF($A506="","",IF($AH506<>"","BLOCKED",IF($AG506<>"","FCS — NO PLAY",IF(CALC!$S506=1,"PENDING LINE",IF(CALC!$Q506=1,"STALE LINE",IF($AE506="QB UNCERTAIN","QB UNCERTAIN",IF($AF506<>"","FCS/TRANSITION UNCERTAIN",IF(OR($B506="",$C506=""),"DATA INCOMPLETE","READY"))))))))'	'=IF($A506="","",IF($AH506<>"","BLOCKED",IF($AG506<>"","FCS — NO PLAY",IF(CALC!$S506=1,"PENDING LINE",IF(CALC!$Q506=1,"STALE LINE",IF($AE506="QB UNCERTAIN","QB UNCERTAIN",IF($AF506<>"","TRANSITION UNCERTAIN",IF(OR($B506="",$C506=""),"DATA INCOMPLETE","READY"))))))))'
ENGINE	AI507	'=IF($A507="","",IF($AH507<>"","BLOCKED",IF($AG507<>"","FCS — NO PLAY",IF(CALC!$S507=1,"PENDING LINE",IF(CALC!$Q507=1,"STALE LINE",IF($AE507="QB UNCERTAIN","QB UNCERTAIN",IF($AF507<>"","FCS/TRANSITION UNCERTAIN",IF(OR($B507="",$C507=""),"DATA INCOMPLETE","READY"))))))))'	'=IF($A507="","",IF($AH507<>"","BLOCKED",IF($AG507<>"","FCS — NO PLAY",IF(CALC!$S507=1,"PENDING LINE",IF(CALC!$Q507=1,"STALE LINE",IF($AE507="QB UNCERTAIN","QB UNCERTAIN",IF($AF507<>"","TRANSITION UNCERTAIN",IF(OR($B507="",$C507=""),"DATA INCOMPLETE","READY"))))))))'
ENGINE	AI508	'=IF($A508="","",IF($AH508<>"","BLOCKED",IF($AG508<>"","FCS — NO PLAY",IF(CALC!$S508=1,"PENDING LINE",IF(CALC!$Q508=1,"STALE LINE",IF($AE508="QB UNCERTAIN","QB UNCERTAIN",IF($AF508<>"","FCS/TRANSITION UNCERTAIN",IF(OR($B508="",$C508=""),"DATA INCOMPLETE","READY"))))))))'	'=IF($A508="","",IF($AH508<>"","BLOCKED",IF($AG508<>"","FCS — NO PLAY",IF(CALC!$S508=1,"PENDING LINE",IF(CALC!$Q508=1,"STALE LINE",IF($AE508="QB UNCERTAIN","QB UNCERTAIN",IF($AF508<>"","TRANSITION UNCERTAIN",IF(OR($B508="",$C508=""),"DATA INCOMPLETE","READY"))))))))'
ENGINE	AI509	'=IF($A509="","",IF($AH509<>"","BLOCKED",IF($AG509<>"","FCS — NO PLAY",IF(CALC!$S509=1,"PENDING LINE",IF(CALC!$Q509=1,"STALE LINE",IF($AE509="QB UNCERTAIN","QB UNCERTAIN",IF($AF509<>"","FCS/TRANSITION UNCERTAIN",IF(OR($B509="",$C509=""),"DATA INCOMPLETE","READY"))))))))'	'=IF($A509="","",IF($AH509<>"","BLOCKED",IF($AG509<>"","FCS — NO PLAY",IF(CALC!$S509=1,"PENDING LINE",IF(CALC!$Q509=1,"STALE LINE",IF($AE509="QB UNCERTAIN","QB UNCERTAIN",IF($AF509<>"","TRANSITION UNCERTAIN",IF(OR($B509="",$C509=""),"DATA INCOMPLETE","READY"))))))))'
ENGINE	AI510	'=IF($A510="","",IF($AH510<>"","BLOCKED",IF($AG510<>"","FCS — NO PLAY",IF(CALC!$S510=1,"PENDING LINE",IF(CALC!$Q510=1,"STALE LINE",IF($AE510="QB UNCERTAIN","QB UNCERTAIN",IF($AF510<>"","FCS/TRANSITION UNCERTAIN",IF(OR($B510="",$C510=""),"DATA INCOMPLETE","READY"))))))))'	'=IF($A510="","",IF($AH510<>"","BLOCKED",IF($AG510<>"","FCS — NO PLAY",IF(CALC!$S510=1,"PENDING LINE",IF(CALC!$Q510=1,"STALE LINE",IF($AE510="QB UNCERTAIN","QB UNCERTAIN",IF($AF510<>"","TRANSITION UNCERTAIN",IF(OR($B510="",$C510=""),"DATA INCOMPLETE","READY"))))))))'
ENGINE	AI511	'=IF($A511="","",IF($AH511<>"","BLOCKED",IF($AG511<>"","FCS — NO PLAY",IF(CALC!$S511=1,"PENDING LINE",IF(CALC!$Q511=1,"STALE LINE",IF($AE511="QB UNCERTAIN","QB UNCERTAIN",IF($AF511<>"","FCS/TRANSITION UNCERTAIN",IF(OR($B511="",$C511=""),"DATA INCOMPLETE","READY"))))))))'	'=IF($A511="","",IF($AH511<>"","BLOCKED",IF($AG511<>"","FCS — NO PLAY",IF(CALC!$S511=1,"PENDING LINE",IF(CALC!$Q511=1,"STALE LINE",IF($AE511="QB UNCERTAIN","QB UNCERTAIN",IF($AF511<>"","TRANSITION UNCERTAIN",IF(OR($B511="",$C511=""),"DATA INCOMPLETE","READY"))))))))'
ENGINE	AI512	'=IF($A512="","",IF($AH512<>"","BLOCKED",IF($AG512<>"","FCS — NO PLAY",IF(CALC!$S512=1,"PENDING LINE",IF(CALC!$Q512=1,"STALE LINE",IF($AE512="QB UNCERTAIN","QB UNCERTAIN",IF($AF512<>"","FCS/TRANSITION UNCERTAIN",IF(OR($B512="",$C512=""),"DATA INCOMPLETE","READY"))))))))'	'=IF($A512="","",IF($AH512<>"","BLOCKED",IF($AG512<>"","FCS — NO PLAY",IF(CALC!$S512=1,"PENDING LINE",IF(CALC!$Q512=1,"STALE LINE",IF($AE512="QB UNCERTAIN","QB UNCERTAIN",IF($AF512<>"","TRANSITION UNCERTAIN",IF(OR($B512="",$C512=""),"DATA INCOMPLETE","READY"))))))))'
ENGINE	AI513	'=IF($A513="","",IF($AH513<>"","BLOCKED",IF($AG513<>"","FCS — NO PLAY",IF(CALC!$S513=1,"PENDING LINE",IF(CALC!$Q513=1,"STALE LINE",IF($AE513="QB UNCERTAIN","QB UNCERTAIN",IF($AF513<>"","FCS/TRANSITION UNCERTAIN",IF(OR($B513="",$C513=""),"DATA INCOMPLETE","READY"))))))))'	'=IF($A513="","",IF($AH513<>"","BLOCKED",IF($AG513<>"","FCS — NO PLAY",IF(CALC!$S513=1,"PENDING LINE",IF(CALC!$Q513=1,"STALE LINE",IF($AE513="QB UNCERTAIN","QB UNCERTAIN",IF($AF513<>"","TRANSITION UNCERTAIN",IF(OR($B513="",$C513=""),"DATA INCOMPLETE","READY"))))))))'
ENGINE	AI514	'=IF($A514="","",IF($AH514<>"","BLOCKED",IF($AG514<>"","FCS — NO PLAY",IF(CALC!$S514=1,"PENDING LINE",IF(CALC!$Q514=1,"STALE LINE",IF($AE514="QB UNCERTAIN","QB UNCERTAIN",IF($AF514<>"","FCS/TRANSITION UNCERTAIN",IF(OR($B514="",$C514=""),"DATA INCOMPLETE","READY"))))))))'	'=IF($A514="","",IF($AH514<>"","BLOCKED",IF($AG514<>"","FCS — NO PLAY",IF(CALC!$S514=1,"PENDING LINE",IF(CALC!$Q514=1,"STALE LINE",IF($AE514="QB UNCERTAIN","QB UNCERTAIN",IF($AF514<>"","TRANSITION UNCERTAIN",IF(OR($B514="",$C514=""),"DATA INCOMPLETE","READY"))))))))'
ENGINE	AI515	'=IF($A515="","",IF($AH515<>"","BLOCKED",IF($AG515<>"","FCS — NO PLAY",IF(CALC!$S515=1,"PENDING LINE",IF(CALC!$Q515=1,"STALE LINE",IF($AE515="QB UNCERTAIN","QB UNCERTAIN",IF($AF515<>"","FCS/TRANSITION UNCERTAIN",IF(OR($B515="",$C515=""),"DATA INCOMPLETE","READY"))))))))'	'=IF($A515="","",IF($AH515<>"","BLOCKED",IF($AG515<>"","FCS — NO PLAY",IF(CALC!$S515=1,"PENDING LINE",IF(CALC!$Q515=1,"STALE LINE",IF($AE515="QB UNCERTAIN","QB UNCERTAIN",IF($AF515<>"","TRANSITION UNCERTAIN",IF(OR($B515="",$C515=""),"DATA INCOMPLETE","READY"))))))))'
ENGINE	AI516	'=IF($A516="","",IF($AH516<>"","BLOCKED",IF($AG516<>"","FCS — NO PLAY",IF(CALC!$S516=1,"PENDING LINE",IF(CALC!$Q516=1,"STALE LINE",IF($AE516="QB UNCERTAIN","QB UNCERTAIN",IF($AF516<>"","FCS/TRANSITION UNCERTAIN",IF(OR($B516="",$C516=""),"DATA INCOMPLETE","READY"))))))))'	'=IF($A516="","",IF($AH516<>"","BLOCKED",IF($AG516<>"","FCS — NO PLAY",IF(CALC!$S516=1,"PENDING LINE",IF(CALC!$Q516=1,"STALE LINE",IF($AE516="QB UNCERTAIN","QB UNCERTAIN",IF($AF516<>"","TRANSITION UNCERTAIN",IF(OR($B516="",$C516=""),"DATA INCOMPLETE","READY"))))))))'
ENGINE	AI517	'=IF($A517="","",IF($AH517<>"","BLOCKED",IF($AG517<>"","FCS — NO PLAY",IF(CALC!$S517=1,"PENDING LINE",IF(CALC!$Q517=1,"STALE LINE",IF($AE517="QB UNCERTAIN","QB UNCERTAIN",IF($AF517<>"","FCS/TRANSITION UNCERTAIN",IF(OR($B517="",$C517=""),"DATA INCOMPLETE","READY"))))))))'	'=IF($A517="","",IF($AH517<>"","BLOCKED",IF($AG517<>"","FCS — NO PLAY",IF(CALC!$S517=1,"PENDING LINE",IF(CALC!$Q517=1,"STALE LINE",IF($AE517="QB UNCERTAIN","QB UNCERTAIN",IF($AF517<>"","TRANSITION UNCERTAIN",IF(OR($B517="",$C517=""),"DATA INCOMPLETE","READY"))))))))'
ENGINE	AI518	'=IF($A518="","",IF($AH518<>"","BLOCKED",IF($AG518<>"","FCS — NO PLAY",IF(CALC!$S518=1,"PENDING LINE",IF(CALC!$Q518=1,"STALE LINE",IF($AE518="QB UNCERTAIN","QB UNCERTAIN",IF($AF518<>"","FCS/TRANSITION UNCERTAIN",IF(OR($B518="",$C518=""),"DATA INCOMPLETE","READY"))))))))'	'=IF($A518="","",IF($AH518<>"","BLOCKED",IF($AG518<>"","FCS — NO PLAY",IF(CALC!$S518=1,"PENDING LINE",IF(CALC!$Q518=1,"STALE LINE",IF($AE518="QB UNCERTAIN","QB UNCERTAIN",IF($AF518<>"","TRANSITION UNCERTAIN",IF(OR($B518="",$C518=""),"DATA INCOMPLETE","READY"))))))))'
ENGINE	AI519	'=IF($A519="","",IF($AH519<>"","BLOCKED",IF($AG519<>"","FCS — NO PLAY",IF(CALC!$S519=1,"PENDING LINE",IF(CALC!$Q519=1,"STALE LINE",IF($AE519="QB UNCERTAIN","QB UNCERTAIN",IF($AF519<>"","FCS/TRANSITION UNCERTAIN",IF(OR($B519="",$C519=""),"DATA INCOMPLETE","READY"))))))))'	'=IF($A519="","",IF($AH519<>"","BLOCKED",IF($AG519<>"","FCS — NO PLAY",IF(CALC!$S519=1,"PENDING LINE",IF(CALC!$Q519=1,"STALE LINE",IF($AE519="QB UNCERTAIN","QB UNCERTAIN",IF($AF519<>"","TRANSITION UNCERTAIN",IF(OR($B519="",$C519=""),"DATA INCOMPLETE","READY"))))))))'
ENGINE	AI520	'=IF($A520="","",IF($AH520<>"","BLOCKED",IF($AG520<>"","FCS — NO PLAY",IF(CALC!$S520=1,"PENDING LINE",IF(CALC!$Q520=1,"STALE LINE",IF($AE520="QB UNCERTAIN","QB UNCERTAIN",IF($AF520<>"","FCS/TRANSITION UNCERTAIN",IF(OR($B520="",$C520=""),"DATA INCOMPLETE","READY"))))))))'	'=IF($A520="","",IF($AH520<>"","BLOCKED",IF($AG520<>"","FCS — NO PLAY",IF(CALC!$S520=1,"PENDING LINE",IF(CALC!$Q520=1,"STALE LINE",IF($AE520="QB UNCERTAIN","QB UNCERTAIN",IF($AF520<>"","TRANSITION UNCERTAIN",IF(OR($B520="",$C520=""),"DATA INCOMPLETE","READY"))))))))'
ENGINE	AI521	'=IF($A521="","",IF($AH521<>"","BLOCKED",IF($AG521<>"","FCS — NO PLAY",IF(CALC!$S521=1,"PENDING LINE",IF(CALC!$Q521=1,"STALE LINE",IF($AE521="QB UNCERTAIN","QB UNCERTAIN",IF($AF521<>"","FCS/TRANSITION UNCERTAIN",IF(OR($B521="",$C521=""),"DATA INCOMPLETE","READY"))))))))'	'=IF($A521="","",IF($AH521<>"","BLOCKED",IF($AG521<>"","FCS — NO PLAY",IF(CALC!$S521=1,"PENDING LINE",IF(CALC!$Q521=1,"STALE LINE",IF($AE521="QB UNCERTAIN","QB UNCERTAIN",IF($AF521<>"","TRANSITION UNCERTAIN",IF(OR($B521="",$C521=""),"DATA INCOMPLETE","READY"))))))))'
ENGINE	AI522	'=IF($A522="","",IF($AH522<>"","BLOCKED",IF($AG522<>"","FCS — NO PLAY",IF(CALC!$S522=1,"PENDING LINE",IF(CALC!$Q522=1,"STALE LINE",IF($AE522="QB UNCERTAIN","QB UNCERTAIN",IF($AF522<>"","FCS/TRANSITION UNCERTAIN",IF(OR($B522="",$C522=""),"DATA INCOMPLETE","READY"))))))))'	'=IF($A522="","",IF($AH522<>"","BLOCKED",IF($AG522<>"","FCS — NO PLAY",IF(CALC!$S522=1,"PENDING LINE",IF(CALC!$Q522=1,"STALE LINE",IF($AE522="QB UNCERTAIN","QB UNCERTAIN",IF($AF522<>"","TRANSITION UNCERTAIN",IF(OR($B522="",$C522=""),"DATA INCOMPLETE","READY"))))))))'
ENGINE	AI523	'=IF($A523="","",IF($AH523<>"","BLOCKED",IF($AG523<>"","FCS — NO PLAY",IF(CALC!$S523=1,"PENDING LINE",IF(CALC!$Q523=1,"STALE LINE",IF($AE523="QB UNCERTAIN","QB UNCERTAIN",IF($AF523<>"","FCS/TRANSITION UNCERTAIN",IF(OR($B523="",$C523=""),"DATA INCOMPLETE","READY"))))))))'	'=IF($A523="","",IF($AH523<>"","BLOCKED",IF($AG523<>"","FCS — NO PLAY",IF(CALC!$S523=1,"PENDING LINE",IF(CALC!$Q523=1,"STALE LINE",IF($AE523="QB UNCERTAIN","QB UNCERTAIN",IF($AF523<>"","TRANSITION UNCERTAIN",IF(OR($B523="",$C523=""),"DATA INCOMPLETE","READY"))))))))'
ENGINE	AI524	'=IF($A524="","",IF($AH524<>"","BLOCKED",IF($AG524<>"","FCS — NO PLAY",IF(CALC!$S524=1,"PENDING LINE",IF(CALC!$Q524=1,"STALE LINE",IF($AE524="QB UNCERTAIN","QB UNCERTAIN",IF($AF524<>"","FCS/TRANSITION UNCERTAIN",IF(OR($B524="",$C524=""),"DATA INCOMPLETE","READY"))))))))'	'=IF($A524="","",IF($AH524<>"","BLOCKED",IF($AG524<>"","FCS — NO PLAY",IF(CALC!$S524=1,"PENDING LINE",IF(CALC!$Q524=1,"STALE LINE",IF($AE524="QB UNCERTAIN","QB UNCERTAIN",IF($AF524<>"","TRANSITION UNCERTAIN",IF(OR($B524="",$C524=""),"DATA INCOMPLETE","READY"))))))))'
ENGINE	AI525	'=IF($A525="","",IF($AH525<>"","BLOCKED",IF($AG525<>"","FCS — NO PLAY",IF(CALC!$S525=1,"PENDING LINE",IF(CALC!$Q525=1,"STALE LINE",IF($AE525="QB UNCERTAIN","QB UNCERTAIN",IF($AF525<>"","FCS/TRANSITION UNCERTAIN",IF(OR($B525="",$C525=""),"DATA INCOMPLETE","READY"))))))))'	'=IF($A525="","",IF($AH525<>"","BLOCKED",IF($AG525<>"","FCS — NO PLAY",IF(CALC!$S525=1,"PENDING LINE",IF(CALC!$Q525=1,"STALE LINE",IF($AE525="QB UNCERTAIN","QB UNCERTAIN",IF($AF525<>"","TRANSITION UNCERTAIN",IF(OR($B525="",$C525=""),"DATA INCOMPLETE","READY"))))))))'
ENGINE	AI526	'=IF($A526="","",IF($AH526<>"","BLOCKED",IF($AG526<>"","FCS — NO PLAY",IF(CALC!$S526=1,"PENDING LINE",IF(CALC!$Q526=1,"STALE LINE",IF($AE526="QB UNCERTAIN","QB UNCERTAIN",IF($AF526<>"","FCS/TRANSITION UNCERTAIN",IF(OR($B526="",$C526=""),"DATA INCOMPLETE","READY"))))))))'	'=IF($A526="","",IF($AH526<>"","BLOCKED",IF($AG526<>"","FCS — NO PLAY",IF(CALC!$S526=1,"PENDING LINE",IF(CALC!$Q526=1,"STALE LINE",IF($AE526="QB UNCERTAIN","QB UNCERTAIN",IF($AF526<>"","TRANSITION UNCERTAIN",IF(OR($B526="",$C526=""),"DATA INCOMPLETE","READY"))))))))'
ENGINE	AI527	'=IF($A527="","",IF($AH527<>"","BLOCKED",IF($AG527<>"","FCS — NO PLAY",IF(CALC!$S527=1,"PENDING LINE",IF(CALC!$Q527=1,"STALE LINE",IF($AE527="QB UNCERTAIN","QB UNCERTAIN",IF($AF527<>"","FCS/TRANSITION UNCERTAIN",IF(OR($B527="",$C527=""),"DATA INCOMPLETE","READY"))))))))'	'=IF($A527="","",IF($AH527<>"","BLOCKED",IF($AG527<>"","FCS — NO PLAY",IF(CALC!$S527=1,"PENDING LINE",IF(CALC!$Q527=1,"STALE LINE",IF($AE527="QB UNCERTAIN","QB UNCERTAIN",IF($AF527<>"","TRANSITION UNCERTAIN",IF(OR($B527="",$C527=""),"DATA INCOMPLETE","READY"))))))))'
ENGINE	AI528	'=IF($A528="","",IF($AH528<>"","BLOCKED",IF($AG528<>"","FCS — NO PLAY",IF(CALC!$S528=1,"PENDING LINE",IF(CALC!$Q528=1,"STALE LINE",IF($AE528="QB UNCERTAIN","QB UNCERTAIN",IF($AF528<>"","FCS/TRANSITION UNCERTAIN",IF(OR($B528="",$C528=""),"DATA INCOMPLETE","READY"))))))))'	'=IF($A528="","",IF($AH528<>"","BLOCKED",IF($AG528<>"","FCS — NO PLAY",IF(CALC!$S528=1,"PENDING LINE",IF(CALC!$Q528=1,"STALE LINE",IF($AE528="QB UNCERTAIN","QB UNCERTAIN",IF($AF528<>"","TRANSITION UNCERTAIN",IF(OR($B528="",$C528=""),"DATA INCOMPLETE","READY"))))))))'
ENGINE	AI529	'=IF($A529="","",IF($AH529<>"","BLOCKED",IF($AG529<>"","FCS — NO PLAY",IF(CALC!$S529=1,"PENDING LINE",IF(CALC!$Q529=1,"STALE LINE",IF($AE529="QB UNCERTAIN","QB UNCERTAIN",IF($AF529<>"","FCS/TRANSITION UNCERTAIN",IF(OR($B529="",$C529=""),"DATA INCOMPLETE","READY"))))))))'	'=IF($A529="","",IF($AH529<>"","BLOCKED",IF($AG529<>"","FCS — NO PLAY",IF(CALC!$S529=1,"PENDING LINE",IF(CALC!$Q529=1,"STALE LINE",IF($AE529="QB UNCERTAIN","QB UNCERTAIN",IF($AF529<>"","TRANSITION UNCERTAIN",IF(OR($B529="",$C529=""),"DATA INCOMPLETE","READY"))))))))'
ENGINE	AI530	'=IF($A530="","",IF($AH530<>"","BLOCKED",IF($AG530<>"","FCS — NO PLAY",IF(CALC!$S530=1,"PENDING LINE",IF(CALC!$Q530=1,"STALE LINE",IF($AE530="QB UNCERTAIN","QB UNCERTAIN",IF($AF530<>"","FCS/TRANSITION UNCERTAIN",IF(OR($B530="",$C530=""),"DATA INCOMPLETE","READY"))))))))'	'=IF($A530="","",IF($AH530<>"","BLOCKED",IF($AG530<>"","FCS — NO PLAY",IF(CALC!$S530=1,"PENDING LINE",IF(CALC!$Q530=1,"STALE LINE",IF($AE530="QB UNCERTAIN","QB UNCERTAIN",IF($AF530<>"","TRANSITION UNCERTAIN",IF(OR($B530="",$C530=""),"DATA INCOMPLETE","READY"))))))))'
ENGINE	AI531	'=IF($A531="","",IF($AH531<>"","BLOCKED",IF($AG531<>"","FCS — NO PLAY",IF(CALC!$S531=1,"PENDING LINE",IF(CALC!$Q531=1,"STALE LINE",IF($AE531="QB UNCERTAIN","QB UNCERTAIN",IF($AF531<>"","FCS/TRANSITION UNCERTAIN",IF(OR($B531="",$C531=""),"DATA INCOMPLETE","READY"))))))))'	'=IF($A531="","",IF($AH531<>"","BLOCKED",IF($AG531<>"","FCS — NO PLAY",IF(CALC!$S531=1,"PENDING LINE",IF(CALC!$Q531=1,"STALE LINE",IF($AE531="QB UNCERTAIN","QB UNCERTAIN",IF($AF531<>"","TRANSITION UNCERTAIN",IF(OR($B531="",$C531=""),"DATA INCOMPLETE","READY"))))))))'
ENGINE	AI532	'=IF($A532="","",IF($AH532<>"","BLOCKED",IF($AG532<>"","FCS — NO PLAY",IF(CALC!$S532=1,"PENDING LINE",IF(CALC!$Q532=1,"STALE LINE",IF($AE532="QB UNCERTAIN","QB UNCERTAIN",IF($AF532<>"","FCS/TRANSITION UNCERTAIN",IF(OR($B532="",$C532=""),"DATA INCOMPLETE","READY"))))))))'	'=IF($A532="","",IF($AH532<>"","BLOCKED",IF($AG532<>"","FCS — NO PLAY",IF(CALC!$S532=1,"PENDING LINE",IF(CALC!$Q532=1,"STALE LINE",IF($AE532="QB UNCERTAIN","QB UNCERTAIN",IF($AF532<>"","TRANSITION UNCERTAIN",IF(OR($B532="",$C532=""),"DATA INCOMPLETE","READY"))))))))'
ENGINE	AI533	'=IF($A533="","",IF($AH533<>"","BLOCKED",IF($AG533<>"","FCS — NO PLAY",IF(CALC!$S533=1,"PENDING LINE",IF(CALC!$Q533=1,"STALE LINE",IF($AE533="QB UNCERTAIN","QB UNCERTAIN",IF($AF533<>"","FCS/TRANSITION UNCERTAIN",IF(OR($B533="",$C533=""),"DATA INCOMPLETE","READY"))))))))'	'=IF($A533="","",IF($AH533<>"","BLOCKED",IF($AG533<>"","FCS — NO PLAY",IF(CALC!$S533=1,"PENDING LINE",IF(CALC!$Q533=1,"STALE LINE",IF($AE533="QB UNCERTAIN","QB UNCERTAIN",IF($AF533<>"","TRANSITION UNCERTAIN",IF(OR($B533="",$C533=""),"DATA INCOMPLETE","READY"))))))))'
ENGINE	AI534	'=IF($A534="","",IF($AH534<>"","BLOCKED",IF($AG534<>"","FCS — NO PLAY",IF(CALC!$S534=1,"PENDING LINE",IF(CALC!$Q534=1,"STALE LINE",IF($AE534="QB UNCERTAIN","QB UNCERTAIN",IF($AF534<>"","FCS/TRANSITION UNCERTAIN",IF(OR($B534="",$C534=""),"DATA INCOMPLETE","READY"))))))))'	'=IF($A534="","",IF($AH534<>"","BLOCKED",IF($AG534<>"","FCS — NO PLAY",IF(CALC!$S534=1,"PENDING LINE",IF(CALC!$Q534=1,"STALE LINE",IF($AE534="QB UNCERTAIN","QB UNCERTAIN",IF($AF534<>"","TRANSITION UNCERTAIN",IF(OR($B534="",$C534=""),"DATA INCOMPLETE","READY"))))))))'
ENGINE	AI535	'=IF($A535="","",IF($AH535<>"","BLOCKED",IF($AG535<>"","FCS — NO PLAY",IF(CALC!$S535=1,"PENDING LINE",IF(CALC!$Q535=1,"STALE LINE",IF($AE535="QB UNCERTAIN","QB UNCERTAIN",IF($AF535<>"","FCS/TRANSITION UNCERTAIN",IF(OR($B535="",$C535=""),"DATA INCOMPLETE","READY"))))))))'	'=IF($A535="","",IF($AH535<>"","BLOCKED",IF($AG535<>"","FCS — NO PLAY",IF(CALC!$S535=1,"PENDING LINE",IF(CALC!$Q535=1,"STALE LINE",IF($AE535="QB UNCERTAIN","QB UNCERTAIN",IF($AF535<>"","TRANSITION UNCERTAIN",IF(OR($B535="",$C535=""),"DATA INCOMPLETE","READY"))))))))'
ENGINE	AI536	'=IF($A536="","",IF($AH536<>"","BLOCKED",IF($AG536<>"","FCS — NO PLAY",IF(CALC!$S536=1,"PENDING LINE",IF(CALC!$Q536=1,"STALE LINE",IF($AE536="QB UNCERTAIN","QB UNCERTAIN",IF($AF536<>"","FCS/TRANSITION UNCERTAIN",IF(OR($B536="",$C536=""),"DATA INCOMPLETE","READY"))))))))'	'=IF($A536="","",IF($AH536<>"","BLOCKED",IF($AG536<>"","FCS — NO PLAY",IF(CALC!$S536=1,"PENDING LINE",IF(CALC!$Q536=1,"STALE LINE",IF($AE536="QB UNCERTAIN","QB UNCERTAIN",IF($AF536<>"","TRANSITION UNCERTAIN",IF(OR($B536="",$C536=""),"DATA INCOMPLETE","READY"))))))))'
ENGINE	AI537	'=IF($A537="","",IF($AH537<>"","BLOCKED",IF($AG537<>"","FCS — NO PLAY",IF(CALC!$S537=1,"PENDING LINE",IF(CALC!$Q537=1,"STALE LINE",IF($AE537="QB UNCERTAIN","QB UNCERTAIN",IF($AF537<>"","FCS/TRANSITION UNCERTAIN",IF(OR($B537="",$C537=""),"DATA INCOMPLETE","READY"))))))))'	'=IF($A537="","",IF($AH537<>"","BLOCKED",IF($AG537<>"","FCS — NO PLAY",IF(CALC!$S537=1,"PENDING LINE",IF(CALC!$Q537=1,"STALE LINE",IF($AE537="QB UNCERTAIN","QB UNCERTAIN",IF($AF537<>"","TRANSITION UNCERTAIN",IF(OR($B537="",$C537=""),"DATA INCOMPLETE","READY"))))))))'
ENGINE	AI538	'=IF($A538="","",IF($AH538<>"","BLOCKED",IF($AG538<>"","FCS — NO PLAY",IF(CALC!$S538=1,"PENDING LINE",IF(CALC!$Q538=1,"STALE LINE",IF($AE538="QB UNCERTAIN","QB UNCERTAIN",IF($AF538<>"","FCS/TRANSITION UNCERTAIN",IF(OR($B538="",$C538=""),"DATA INCOMPLETE","READY"))))))))'	'=IF($A538="","",IF($AH538<>"","BLOCKED",IF($AG538<>"","FCS — NO PLAY",IF(CALC!$S538=1,"PENDING LINE",IF(CALC!$Q538=1,"STALE LINE",IF($AE538="QB UNCERTAIN","QB UNCERTAIN",IF($AF538<>"","TRANSITION UNCERTAIN",IF(OR($B538="",$C538=""),"DATA INCOMPLETE","READY"))))))))'
ENGINE	AI539	'=IF($A539="","",IF($AH539<>"","BLOCKED",IF($AG539<>"","FCS — NO PLAY",IF(CALC!$S539=1,"PENDING LINE",IF(CALC!$Q539=1,"STALE LINE",IF($AE539="QB UNCERTAIN","QB UNCERTAIN",IF($AF539<>"","FCS/TRANSITION UNCERTAIN",IF(OR($B539="",$C539=""),"DATA INCOMPLETE","READY"))))))))'	'=IF($A539="","",IF($AH539<>"","BLOCKED",IF($AG539<>"","FCS — NO PLAY",IF(CALC!$S539=1,"PENDING LINE",IF(CALC!$Q539=1,"STALE LINE",IF($AE539="QB UNCERTAIN","QB UNCERTAIN",IF($AF539<>"","TRANSITION UNCERTAIN",IF(OR($B539="",$C539=""),"DATA INCOMPLETE","READY"))))))))'
ENGINE	AI540	'=IF($A540="","",IF($AH540<>"","BLOCKED",IF($AG540<>"","FCS — NO PLAY",IF(CALC!$S540=1,"PENDING LINE",IF(CALC!$Q540=1,"STALE LINE",IF($AE540="QB UNCERTAIN","QB UNCERTAIN",IF($AF540<>"","FCS/TRANSITION UNCERTAIN",IF(OR($B540="",$C540=""),"DATA INCOMPLETE","READY"))))))))'	'=IF($A540="","",IF($AH540<>"","BLOCKED",IF($AG540<>"","FCS — NO PLAY",IF(CALC!$S540=1,"PENDING LINE",IF(CALC!$Q540=1,"STALE LINE",IF($AE540="QB UNCERTAIN","QB UNCERTAIN",IF($AF540<>"","TRANSITION UNCERTAIN",IF(OR($B540="",$C540=""),"DATA INCOMPLETE","READY"))))))))'
ENGINE	AI541	'=IF($A541="","",IF($AH541<>"","BLOCKED",IF($AG541<>"","FCS — NO PLAY",IF(CALC!$S541=1,"PENDING LINE",IF(CALC!$Q541=1,"STALE LINE",IF($AE541="QB UNCERTAIN","QB UNCERTAIN",IF($AF541<>"","FCS/TRANSITION UNCERTAIN",IF(OR($B541="",$C541=""),"DATA INCOMPLETE","READY"))))))))'	'=IF($A541="","",IF($AH541<>"","BLOCKED",IF($AG541<>"","FCS — NO PLAY",IF(CALC!$S541=1,"PENDING LINE",IF(CALC!$Q541=1,"STALE LINE",IF($AE541="QB UNCERTAIN","QB UNCERTAIN",IF($AF541<>"","TRANSITION UNCERTAIN",IF(OR($B541="",$C541=""),"DATA INCOMPLETE","READY"))))))))'
ENGINE	AI542	'=IF($A542="","",IF($AH542<>"","BLOCKED",IF($AG542<>"","FCS — NO PLAY",IF(CALC!$S542=1,"PENDING LINE",IF(CALC!$Q542=1,"STALE LINE",IF($AE542="QB UNCERTAIN","QB UNCERTAIN",IF($AF542<>"","FCS/TRANSITION UNCERTAIN",IF(OR($B542="",$C542=""),"DATA INCOMPLETE","READY"))))))))'	'=IF($A542="","",IF($AH542<>"","BLOCKED",IF($AG542<>"","FCS — NO PLAY",IF(CALC!$S542=1,"PENDING LINE",IF(CALC!$Q542=1,"STALE LINE",IF($AE542="QB UNCERTAIN","QB UNCERTAIN",IF($AF542<>"","TRANSITION UNCERTAIN",IF(OR($B542="",$C542=""),"DATA INCOMPLETE","READY"))))))))'
ENGINE	AI543	'=IF($A543="","",IF($AH543<>"","BLOCKED",IF($AG543<>"","FCS — NO PLAY",IF(CALC!$S543=1,"PENDING LINE",IF(CALC!$Q543=1,"STALE LINE",IF($AE543="QB UNCERTAIN","QB UNCERTAIN",IF($AF543<>"","FCS/TRANSITION UNCERTAIN",IF(OR($B543="",$C543=""),"DATA INCOMPLETE","READY"))))))))'	'=IF($A543="","",IF($AH543<>"","BLOCKED",IF($AG543<>"","FCS — NO PLAY",IF(CALC!$S543=1,"PENDING LINE",IF(CALC!$Q543=1,"STALE LINE",IF($AE543="QB UNCERTAIN","QB UNCERTAIN",IF($AF543<>"","TRANSITION UNCERTAIN",IF(OR($B543="",$C543=""),"DATA INCOMPLETE","READY"))))))))'
ENGINE	AI544	'=IF($A544="","",IF($AH544<>"","BLOCKED",IF($AG544<>"","FCS — NO PLAY",IF(CALC!$S544=1,"PENDING LINE",IF(CALC!$Q544=1,"STALE LINE",IF($AE544="QB UNCERTAIN","QB UNCERTAIN",IF($AF544<>"","FCS/TRANSITION UNCERTAIN",IF(OR($B544="",$C544=""),"DATA INCOMPLETE","READY"))))))))'	'=IF($A544="","",IF($AH544<>"","BLOCKED",IF($AG544<>"","FCS — NO PLAY",IF(CALC!$S544=1,"PENDING LINE",IF(CALC!$Q544=1,"STALE LINE",IF($AE544="QB UNCERTAIN","QB UNCERTAIN",IF($AF544<>"","TRANSITION UNCERTAIN",IF(OR($B544="",$C544=""),"DATA INCOMPLETE","READY"))))))))'
ENGINE	AI545	'=IF($A545="","",IF($AH545<>"","BLOCKED",IF($AG545<>"","FCS — NO PLAY",IF(CALC!$S545=1,"PENDING LINE",IF(CALC!$Q545=1,"STALE LINE",IF($AE545="QB UNCERTAIN","QB UNCERTAIN",IF($AF545<>"","FCS/TRANSITION UNCERTAIN",IF(OR($B545="",$C545=""),"DATA INCOMPLETE","READY"))))))))'	'=IF($A545="","",IF($AH545<>"","BLOCKED",IF($AG545<>"","FCS — NO PLAY",IF(CALC!$S545=1,"PENDING LINE",IF(CALC!$Q545=1,"STALE LINE",IF($AE545="QB UNCERTAIN","QB UNCERTAIN",IF($AF545<>"","TRANSITION UNCERTAIN",IF(OR($B545="",$C545=""),"DATA INCOMPLETE","READY"))))))))'
ENGINE	AI546	'=IF($A546="","",IF($AH546<>"","BLOCKED",IF($AG546<>"","FCS — NO PLAY",IF(CALC!$S546=1,"PENDING LINE",IF(CALC!$Q546=1,"STALE LINE",IF($AE546="QB UNCERTAIN","QB UNCERTAIN",IF($AF546<>"","FCS/TRANSITION UNCERTAIN",IF(OR($B546="",$C546=""),"DATA INCOMPLETE","READY"))))))))'	'=IF($A546="","",IF($AH546<>"","BLOCKED",IF($AG546<>"","FCS — NO PLAY",IF(CALC!$S546=1,"PENDING LINE",IF(CALC!$Q546=1,"STALE LINE",IF($AE546="QB UNCERTAIN","QB UNCERTAIN",IF($AF546<>"","TRANSITION UNCERTAIN",IF(OR($B546="",$C546=""),"DATA INCOMPLETE","READY"))))))))'
ENGINE	AI547	'=IF($A547="","",IF($AH547<>"","BLOCKED",IF($AG547<>"","FCS — NO PLAY",IF(CALC!$S547=1,"PENDING LINE",IF(CALC!$Q547=1,"STALE LINE",IF($AE547="QB UNCERTAIN","QB UNCERTAIN",IF($AF547<>"","FCS/TRANSITION UNCERTAIN",IF(OR($B547="",$C547=""),"DATA INCOMPLETE","READY"))))))))'	'=IF($A547="","",IF($AH547<>"","BLOCKED",IF($AG547<>"","FCS — NO PLAY",IF(CALC!$S547=1,"PENDING LINE",IF(CALC!$Q547=1,"STALE LINE",IF($AE547="QB UNCERTAIN","QB UNCERTAIN",IF($AF547<>"","TRANSITION UNCERTAIN",IF(OR($B547="",$C547=""),"DATA INCOMPLETE","READY"))))))))'
ENGINE	AI548	'=IF($A548="","",IF($AH548<>"","BLOCKED",IF($AG548<>"","FCS — NO PLAY",IF(CALC!$S548=1,"PENDING LINE",IF(CALC!$Q548=1,"STALE LINE",IF($AE548="QB UNCERTAIN","QB UNCERTAIN",IF($AF548<>"","FCS/TRANSITION UNCERTAIN",IF(OR($B548="",$C548=""),"DATA INCOMPLETE","READY"))))))))'	'=IF($A548="","",IF($AH548<>"","BLOCKED",IF($AG548<>"","FCS — NO PLAY",IF(CALC!$S548=1,"PENDING LINE",IF(CALC!$Q548=1,"STALE LINE",IF($AE548="QB UNCERTAIN","QB UNCERTAIN",IF($AF548<>"","TRANSITION UNCERTAIN",IF(OR($B548="",$C548=""),"DATA INCOMPLETE","READY"))))))))'
ENGINE	AI549	'=IF($A549="","",IF($AH549<>"","BLOCKED",IF($AG549<>"","FCS — NO PLAY",IF(CALC!$S549=1,"PENDING LINE",IF(CALC!$Q549=1,"STALE LINE",IF($AE549="QB UNCERTAIN","QB UNCERTAIN",IF($AF549<>"","FCS/TRANSITION UNCERTAIN",IF(OR($B549="",$C549=""),"DATA INCOMPLETE","READY"))))))))'	'=IF($A549="","",IF($AH549<>"","BLOCKED",IF($AG549<>"","FCS — NO PLAY",IF(CALC!$S549=1,"PENDING LINE",IF(CALC!$Q549=1,"STALE LINE",IF($AE549="QB UNCERTAIN","QB UNCERTAIN",IF($AF549<>"","TRANSITION UNCERTAIN",IF(OR($B549="",$C549=""),"DATA INCOMPLETE","READY"))))))))'
ENGINE	AI550	'=IF($A550="","",IF($AH550<>"","BLOCKED",IF($AG550<>"","FCS — NO PLAY",IF(CALC!$S550=1,"PENDING LINE",IF(CALC!$Q550=1,"STALE LINE",IF($AE550="QB UNCERTAIN","QB UNCERTAIN",IF($AF550<>"","FCS/TRANSITION UNCERTAIN",IF(OR($B550="",$C550=""),"DATA INCOMPLETE","READY"))))))))'	'=IF($A550="","",IF($AH550<>"","BLOCKED",IF($AG550<>"","FCS — NO PLAY",IF(CALC!$S550=1,"PENDING LINE",IF(CALC!$Q550=1,"STALE LINE",IF($AE550="QB UNCERTAIN","QB UNCERTAIN",IF($AF550<>"","TRANSITION UNCERTAIN",IF(OR($B550="",$C550=""),"DATA INCOMPLETE","READY"))))))))'
ENGINE	AI551	'=IF($A551="","",IF($AH551<>"","BLOCKED",IF($AG551<>"","FCS — NO PLAY",IF(CALC!$S551=1,"PENDING LINE",IF(CALC!$Q551=1,"STALE LINE",IF($AE551="QB UNCERTAIN","QB UNCERTAIN",IF($AF551<>"","FCS/TRANSITION UNCERTAIN",IF(OR($B551="",$C551=""),"DATA INCOMPLETE","READY"))))))))'	'=IF($A551="","",IF($AH551<>"","BLOCKED",IF($AG551<>"","FCS — NO PLAY",IF(CALC!$S551=1,"PENDING LINE",IF(CALC!$Q551=1,"STALE LINE",IF($AE551="QB UNCERTAIN","QB UNCERTAIN",IF($AF551<>"","TRANSITION UNCERTAIN",IF(OR($B551="",$C551=""),"DATA INCOMPLETE","READY"))))))))'
ENGINE	AI552	'=IF($A552="","",IF($AH552<>"","BLOCKED",IF($AG552<>"","FCS — NO PLAY",IF(CALC!$S552=1,"PENDING LINE",IF(CALC!$Q552=1,"STALE LINE",IF($AE552="QB UNCERTAIN","QB UNCERTAIN",IF($AF552<>"","FCS/TRANSITION UNCERTAIN",IF(OR($B552="",$C552=""),"DATA INCOMPLETE","READY"))))))))'	'=IF($A552="","",IF($AH552<>"","BLOCKED",IF($AG552<>"","FCS — NO PLAY",IF(CALC!$S552=1,"PENDING LINE",IF(CALC!$Q552=1,"STALE LINE",IF($AE552="QB UNCERTAIN","QB UNCERTAIN",IF($AF552<>"","TRANSITION UNCERTAIN",IF(OR($B552="",$C552=""),"DATA INCOMPLETE","READY"))))))))'
ENGINE	AI553	'=IF($A553="","",IF($AH553<>"","BLOCKED",IF($AG553<>"","FCS — NO PLAY",IF(CALC!$S553=1,"PENDING LINE",IF(CALC!$Q553=1,"STALE LINE",IF($AE553="QB UNCERTAIN","QB UNCERTAIN",IF($AF553<>"","FCS/TRANSITION UNCERTAIN",IF(OR($B553="",$C553=""),"DATA INCOMPLETE","READY"))))))))'	'=IF($A553="","",IF($AH553<>"","BLOCKED",IF($AG553<>"","FCS — NO PLAY",IF(CALC!$S553=1,"PENDING LINE",IF(CALC!$Q553=1,"STALE LINE",IF($AE553="QB UNCERTAIN","QB UNCERTAIN",IF($AF553<>"","TRANSITION UNCERTAIN",IF(OR($B553="",$C553=""),"DATA INCOMPLETE","READY"))))))))'
ENGINE	AI554	'=IF($A554="","",IF($AH554<>"","BLOCKED",IF($AG554<>"","FCS — NO PLAY",IF(CALC!$S554=1,"PENDING LINE",IF(CALC!$Q554=1,"STALE LINE",IF($AE554="QB UNCERTAIN","QB UNCERTAIN",IF($AF554<>"","FCS/TRANSITION UNCERTAIN",IF(OR($B554="",$C554=""),"DATA INCOMPLETE","READY"))))))))'	'=IF($A554="","",IF($AH554<>"","BLOCKED",IF($AG554<>"","FCS — NO PLAY",IF(CALC!$S554=1,"PENDING LINE",IF(CALC!$Q554=1,"STALE LINE",IF($AE554="QB UNCERTAIN","QB UNCERTAIN",IF($AF554<>"","TRANSITION UNCERTAIN",IF(OR($B554="",$C554=""),"DATA INCOMPLETE","READY"))))))))'
ENGINE	AI555	'=IF($A555="","",IF($AH555<>"","BLOCKED",IF($AG555<>"","FCS — NO PLAY",IF(CALC!$S555=1,"PENDING LINE",IF(CALC!$Q555=1,"STALE LINE",IF($AE555="QB UNCERTAIN","QB UNCERTAIN",IF($AF555<>"","FCS/TRANSITION UNCERTAIN",IF(OR($B555="",$C555=""),"DATA INCOMPLETE","READY"))))))))'	'=IF($A555="","",IF($AH555<>"","BLOCKED",IF($AG555<>"","FCS — NO PLAY",IF(CALC!$S555=1,"PENDING LINE",IF(CALC!$Q555=1,"STALE LINE",IF($AE555="QB UNCERTAIN","QB UNCERTAIN",IF($AF555<>"","TRANSITION UNCERTAIN",IF(OR($B555="",$C555=""),"DATA INCOMPLETE","READY"))))))))'
ENGINE	AI556	'=IF($A556="","",IF($AH556<>"","BLOCKED",IF($AG556<>"","FCS — NO PLAY",IF(CALC!$S556=1,"PENDING LINE",IF(CALC!$Q556=1,"STALE LINE",IF($AE556="QB UNCERTAIN","QB UNCERTAIN",IF($AF556<>"","FCS/TRANSITION UNCERTAIN",IF(OR($B556="",$C556=""),"DATA INCOMPLETE","READY"))))))))'	'=IF($A556="","",IF($AH556<>"","BLOCKED",IF($AG556<>"","FCS — NO PLAY",IF(CALC!$S556=1,"PENDING LINE",IF(CALC!$Q556=1,"STALE LINE",IF($AE556="QB UNCERTAIN","QB UNCERTAIN",IF($AF556<>"","TRANSITION UNCERTAIN",IF(OR($B556="",$C556=""),"DATA INCOMPLETE","READY"))))))))'
ENGINE	AI557	'=IF($A557="","",IF($AH557<>"","BLOCKED",IF($AG557<>"","FCS — NO PLAY",IF(CALC!$S557=1,"PENDING LINE",IF(CALC!$Q557=1,"STALE LINE",IF($AE557="QB UNCERTAIN","QB UNCERTAIN",IF($AF557<>"","FCS/TRANSITION UNCERTAIN",IF(OR($B557="",$C557=""),"DATA INCOMPLETE","READY"))))))))'	'=IF($A557="","",IF($AH557<>"","BLOCKED",IF($AG557<>"","FCS — NO PLAY",IF(CALC!$S557=1,"PENDING LINE",IF(CALC!$Q557=1,"STALE LINE",IF($AE557="QB UNCERTAIN","QB UNCERTAIN",IF($AF557<>"","TRANSITION UNCERTAIN",IF(OR($B557="",$C557=""),"DATA INCOMPLETE","READY"))))))))'
ENGINE	AI558	'=IF($A558="","",IF($AH558<>"","BLOCKED",IF($AG558<>"","FCS — NO PLAY",IF(CALC!$S558=1,"PENDING LINE",IF(CALC!$Q558=1,"STALE LINE",IF($AE558="QB UNCERTAIN","QB UNCERTAIN",IF($AF558<>"","FCS/TRANSITION UNCERTAIN",IF(OR($B558="",$C558=""),"DATA INCOMPLETE","READY"))))))))'	'=IF($A558="","",IF($AH558<>"","BLOCKED",IF($AG558<>"","FCS — NO PLAY",IF(CALC!$S558=1,"PENDING LINE",IF(CALC!$Q558=1,"STALE LINE",IF($AE558="QB UNCERTAIN","QB UNCERTAIN",IF($AF558<>"","TRANSITION UNCERTAIN",IF(OR($B558="",$C558=""),"DATA INCOMPLETE","READY"))))))))'
ENGINE	AI559	'=IF($A559="","",IF($AH559<>"","BLOCKED",IF($AG559<>"","FCS — NO PLAY",IF(CALC!$S559=1,"PENDING LINE",IF(CALC!$Q559=1,"STALE LINE",IF($AE559="QB UNCERTAIN","QB UNCERTAIN",IF($AF559<>"","FCS/TRANSITION UNCERTAIN",IF(OR($B559="",$C559=""),"DATA INCOMPLETE","READY"))))))))'	'=IF($A559="","",IF($AH559<>"","BLOCKED",IF($AG559<>"","FCS — NO PLAY",IF(CALC!$S559=1,"PENDING LINE",IF(CALC!$Q559=1,"STALE LINE",IF($AE559="QB UNCERTAIN","QB UNCERTAIN",IF($AF559<>"","TRANSITION UNCERTAIN",IF(OR($B559="",$C559=""),"DATA INCOMPLETE","READY"))))))))'
ENGINE	AI560	'=IF($A560="","",IF($AH560<>"","BLOCKED",IF($AG560<>"","FCS — NO PLAY",IF(CALC!$S560=1,"PENDING LINE",IF(CALC!$Q560=1,"STALE LINE",IF($AE560="QB UNCERTAIN","QB UNCERTAIN",IF($AF560<>"","FCS/TRANSITION UNCERTAIN",IF(OR($B560="",$C560=""),"DATA INCOMPLETE","READY"))))))))'	'=IF($A560="","",IF($AH560<>"","BLOCKED",IF($AG560<>"","FCS — NO PLAY",IF(CALC!$S560=1,"PENDING LINE",IF(CALC!$Q560=1,"STALE LINE",IF($AE560="QB UNCERTAIN","QB UNCERTAIN",IF($AF560<>"","TRANSITION UNCERTAIN",IF(OR($B560="",$C560=""),"DATA INCOMPLETE","READY"))))))))'
ENGINE	AI561	'=IF($A561="","",IF($AH561<>"","BLOCKED",IF($AG561<>"","FCS — NO PLAY",IF(CALC!$S561=1,"PENDING LINE",IF(CALC!$Q561=1,"STALE LINE",IF($AE561="QB UNCERTAIN","QB UNCERTAIN",IF($AF561<>"","FCS/TRANSITION UNCERTAIN",IF(OR($B561="",$C561=""),"DATA INCOMPLETE","READY"))))))))'	'=IF($A561="","",IF($AH561<>"","BLOCKED",IF($AG561<>"","FCS — NO PLAY",IF(CALC!$S561=1,"PENDING LINE",IF(CALC!$Q561=1,"STALE LINE",IF($AE561="QB UNCERTAIN","QB UNCERTAIN",IF($AF561<>"","TRANSITION UNCERTAIN",IF(OR($B561="",$C561=""),"DATA INCOMPLETE","READY"))))))))'
ENGINE	AI562	'=IF($A562="","",IF($AH562<>"","BLOCKED",IF($AG562<>"","FCS — NO PLAY",IF(CALC!$S562=1,"PENDING LINE",IF(CALC!$Q562=1,"STALE LINE",IF($AE562="QB UNCERTAIN","QB UNCERTAIN",IF($AF562<>"","FCS/TRANSITION UNCERTAIN",IF(OR($B562="",$C562=""),"DATA INCOMPLETE","READY"))))))))'	'=IF($A562="","",IF($AH562<>"","BLOCKED",IF($AG562<>"","FCS — NO PLAY",IF(CALC!$S562=1,"PENDING LINE",IF(CALC!$Q562=1,"STALE LINE",IF($AE562="QB UNCERTAIN","QB UNCERTAIN",IF($AF562<>"","TRANSITION UNCERTAIN",IF(OR($B562="",$C562=""),"DATA INCOMPLETE","READY"))))))))'
ENGINE	AI563	'=IF($A563="","",IF($AH563<>"","BLOCKED",IF($AG563<>"","FCS — NO PLAY",IF(CALC!$S563=1,"PENDING LINE",IF(CALC!$Q563=1,"STALE LINE",IF($AE563="QB UNCERTAIN","QB UNCERTAIN",IF($AF563<>"","FCS/TRANSITION UNCERTAIN",IF(OR($B563="",$C563=""),"DATA INCOMPLETE","READY"))))))))'	'=IF($A563="","",IF($AH563<>"","BLOCKED",IF($AG563<>"","FCS — NO PLAY",IF(CALC!$S563=1,"PENDING LINE",IF(CALC!$Q563=1,"STALE LINE",IF($AE563="QB UNCERTAIN","QB UNCERTAIN",IF($AF563<>"","TRANSITION UNCERTAIN",IF(OR($B563="",$C563=""),"DATA INCOMPLETE","READY"))))))))'
ENGINE	AI564	'=IF($A564="","",IF($AH564<>"","BLOCKED",IF($AG564<>"","FCS — NO PLAY",IF(CALC!$S564=1,"PENDING LINE",IF(CALC!$Q564=1,"STALE LINE",IF($AE564="QB UNCERTAIN","QB UNCERTAIN",IF($AF564<>"","FCS/TRANSITION UNCERTAIN",IF(OR($B564="",$C564=""),"DATA INCOMPLETE","READY"))))))))'	'=IF($A564="","",IF($AH564<>"","BLOCKED",IF($AG564<>"","FCS — NO PLAY",IF(CALC!$S564=1,"PENDING LINE",IF(CALC!$Q564=1,"STALE LINE",IF($AE564="QB UNCERTAIN","QB UNCERTAIN",IF($AF564<>"","TRANSITION UNCERTAIN",IF(OR($B564="",$C564=""),"DATA INCOMPLETE","READY"))))))))'
ENGINE	AI565	'=IF($A565="","",IF($AH565<>"","BLOCKED",IF($AG565<>"","FCS — NO PLAY",IF(CALC!$S565=1,"PENDING LINE",IF(CALC!$Q565=1,"STALE LINE",IF($AE565="QB UNCERTAIN","QB UNCERTAIN",IF($AF565<>"","FCS/TRANSITION UNCERTAIN",IF(OR($B565="",$C565=""),"DATA INCOMPLETE","READY"))))))))'	'=IF($A565="","",IF($AH565<>"","BLOCKED",IF($AG565<>"","FCS — NO PLAY",IF(CALC!$S565=1,"PENDING LINE",IF(CALC!$Q565=1,"STALE LINE",IF($AE565="QB UNCERTAIN","QB UNCERTAIN",IF($AF565<>"","TRANSITION UNCERTAIN",IF(OR($B565="",$C565=""),"DATA INCOMPLETE","READY"))))))))'
ENGINE	AI566	'=IF($A566="","",IF($AH566<>"","BLOCKED",IF($AG566<>"","FCS — NO PLAY",IF(CALC!$S566=1,"PENDING LINE",IF(CALC!$Q566=1,"STALE LINE",IF($AE566="QB UNCERTAIN","QB UNCERTAIN",IF($AF566<>"","FCS/TRANSITION UNCERTAIN",IF(OR($B566="",$C566=""),"DATA INCOMPLETE","READY"))))))))'	'=IF($A566="","",IF($AH566<>"","BLOCKED",IF($AG566<>"","FCS — NO PLAY",IF(CALC!$S566=1,"PENDING LINE",IF(CALC!$Q566=1,"STALE LINE",IF($AE566="QB UNCERTAIN","QB UNCERTAIN",IF($AF566<>"","TRANSITION UNCERTAIN",IF(OR($B566="",$C566=""),"DATA INCOMPLETE","READY"))))))))'
ENGINE	AI567	'=IF($A567="","",IF($AH567<>"","BLOCKED",IF($AG567<>"","FCS — NO PLAY",IF(CALC!$S567=1,"PENDING LINE",IF(CALC!$Q567=1,"STALE LINE",IF($AE567="QB UNCERTAIN","QB UNCERTAIN",IF($AF567<>"","FCS/TRANSITION UNCERTAIN",IF(OR($B567="",$C567=""),"DATA INCOMPLETE","READY"))))))))'	'=IF($A567="","",IF($AH567<>"","BLOCKED",IF($AG567<>"","FCS — NO PLAY",IF(CALC!$S567=1,"PENDING LINE",IF(CALC!$Q567=1,"STALE LINE",IF($AE567="QB UNCERTAIN","QB UNCERTAIN",IF($AF567<>"","TRANSITION UNCERTAIN",IF(OR($B567="",$C567=""),"DATA INCOMPLETE","READY"))))))))'
ENGINE	AI568	'=IF($A568="","",IF($AH568<>"","BLOCKED",IF($AG568<>"","FCS — NO PLAY",IF(CALC!$S568=1,"PENDING LINE",IF(CALC!$Q568=1,"STALE LINE",IF($AE568="QB UNCERTAIN","QB UNCERTAIN",IF($AF568<>"","FCS/TRANSITION UNCERTAIN",IF(OR($B568="",$C568=""),"DATA INCOMPLETE","READY"))))))))'	'=IF($A568="","",IF($AH568<>"","BLOCKED",IF($AG568<>"","FCS — NO PLAY",IF(CALC!$S568=1,"PENDING LINE",IF(CALC!$Q568=1,"STALE LINE",IF($AE568="QB UNCERTAIN","QB UNCERTAIN",IF($AF568<>"","TRANSITION UNCERTAIN",IF(OR($B568="",$C568=""),"DATA INCOMPLETE","READY"))))))))'
ENGINE	AI569	'=IF($A569="","",IF($AH569<>"","BLOCKED",IF($AG569<>"","FCS — NO PLAY",IF(CALC!$S569=1,"PENDING LINE",IF(CALC!$Q569=1,"STALE LINE",IF($AE569="QB UNCERTAIN","QB UNCERTAIN",IF($AF569<>"","FCS/TRANSITION UNCERTAIN",IF(OR($B569="",$C569=""),"DATA INCOMPLETE","READY"))))))))'	'=IF($A569="","",IF($AH569<>"","BLOCKED",IF($AG569<>"","FCS — NO PLAY",IF(CALC!$S569=1,"PENDING LINE",IF(CALC!$Q569=1,"STALE LINE",IF($AE569="QB UNCERTAIN","QB UNCERTAIN",IF($AF569<>"","TRANSITION UNCERTAIN",IF(OR($B569="",$C569=""),"DATA INCOMPLETE","READY"))))))))'
ENGINE	AI570	'=IF($A570="","",IF($AH570<>"","BLOCKED",IF($AG570<>"","FCS — NO PLAY",IF(CALC!$S570=1,"PENDING LINE",IF(CALC!$Q570=1,"STALE LINE",IF($AE570="QB UNCERTAIN","QB UNCERTAIN",IF($AF570<>"","FCS/TRANSITION UNCERTAIN",IF(OR($B570="",$C570=""),"DATA INCOMPLETE","READY"))))))))'	'=IF($A570="","",IF($AH570<>"","BLOCKED",IF($AG570<>"","FCS — NO PLAY",IF(CALC!$S570=1,"PENDING LINE",IF(CALC!$Q570=1,"STALE LINE",IF($AE570="QB UNCERTAIN","QB UNCERTAIN",IF($AF570<>"","TRANSITION UNCERTAIN",IF(OR($B570="",$C570=""),"DATA INCOMPLETE","READY"))))))))'
ENGINE	AI571	'=IF($A571="","",IF($AH571<>"","BLOCKED",IF($AG571<>"","FCS — NO PLAY",IF(CALC!$S571=1,"PENDING LINE",IF(CALC!$Q571=1,"STALE LINE",IF($AE571="QB UNCERTAIN","QB UNCERTAIN",IF($AF571<>"","FCS/TRANSITION UNCERTAIN",IF(OR($B571="",$C571=""),"DATA INCOMPLETE","READY"))))))))'	'=IF($A571="","",IF($AH571<>"","BLOCKED",IF($AG571<>"","FCS — NO PLAY",IF(CALC!$S571=1,"PENDING LINE",IF(CALC!$Q571=1,"STALE LINE",IF($AE571="QB UNCERTAIN","QB UNCERTAIN",IF($AF571<>"","TRANSITION UNCERTAIN",IF(OR($B571="",$C571=""),"DATA INCOMPLETE","READY"))))))))'
ENGINE	AI572	'=IF($A572="","",IF($AH572<>"","BLOCKED",IF($AG572<>"","FCS — NO PLAY",IF(CALC!$S572=1,"PENDING LINE",IF(CALC!$Q572=1,"STALE LINE",IF($AE572="QB UNCERTAIN","QB UNCERTAIN",IF($AF572<>"","FCS/TRANSITION UNCERTAIN",IF(OR($B572="",$C572=""),"DATA INCOMPLETE","READY"))))))))'	'=IF($A572="","",IF($AH572<>"","BLOCKED",IF($AG572<>"","FCS — NO PLAY",IF(CALC!$S572=1,"PENDING LINE",IF(CALC!$Q572=1,"STALE LINE",IF($AE572="QB UNCERTAIN","QB UNCERTAIN",IF($AF572<>"","TRANSITION UNCERTAIN",IF(OR($B572="",$C572=""),"DATA INCOMPLETE","READY"))))))))'
ENGINE	AI573	'=IF($A573="","",IF($AH573<>"","BLOCKED",IF($AG573<>"","FCS — NO PLAY",IF(CALC!$S573=1,"PENDING LINE",IF(CALC!$Q573=1,"STALE LINE",IF($AE573="QB UNCERTAIN","QB UNCERTAIN",IF($AF573<>"","FCS/TRANSITION UNCERTAIN",IF(OR($B573="",$C573=""),"DATA INCOMPLETE","READY"))))))))'	'=IF($A573="","",IF($AH573<>"","BLOCKED",IF($AG573<>"","FCS — NO PLAY",IF(CALC!$S573=1,"PENDING LINE",IF(CALC!$Q573=1,"STALE LINE",IF($AE573="QB UNCERTAIN","QB UNCERTAIN",IF($AF573<>"","TRANSITION UNCERTAIN",IF(OR($B573="",$C573=""),"DATA INCOMPLETE","READY"))))))))'
ENGINE	AI574	'=IF($A574="","",IF($AH574<>"","BLOCKED",IF($AG574<>"","FCS — NO PLAY",IF(CALC!$S574=1,"PENDING LINE",IF(CALC!$Q574=1,"STALE LINE",IF($AE574="QB UNCERTAIN","QB UNCERTAIN",IF($AF574<>"","FCS/TRANSITION UNCERTAIN",IF(OR($B574="",$C574=""),"DATA INCOMPLETE","READY"))))))))'	'=IF($A574="","",IF($AH574<>"","BLOCKED",IF($AG574<>"","FCS — NO PLAY",IF(CALC!$S574=1,"PENDING LINE",IF(CALC!$Q574=1,"STALE LINE",IF($AE574="QB UNCERTAIN","QB UNCERTAIN",IF($AF574<>"","TRANSITION UNCERTAIN",IF(OR($B574="",$C574=""),"DATA INCOMPLETE","READY"))))))))'
ENGINE	AI575	'=IF($A575="","",IF($AH575<>"","BLOCKED",IF($AG575<>"","FCS — NO PLAY",IF(CALC!$S575=1,"PENDING LINE",IF(CALC!$Q575=1,"STALE LINE",IF($AE575="QB UNCERTAIN","QB UNCERTAIN",IF($AF575<>"","FCS/TRANSITION UNCERTAIN",IF(OR($B575="",$C575=""),"DATA INCOMPLETE","READY"))))))))'	'=IF($A575="","",IF($AH575<>"","BLOCKED",IF($AG575<>"","FCS — NO PLAY",IF(CALC!$S575=1,"PENDING LINE",IF(CALC!$Q575=1,"STALE LINE",IF($AE575="QB UNCERTAIN","QB UNCERTAIN",IF($AF575<>"","TRANSITION UNCERTAIN",IF(OR($B575="",$C575=""),"DATA INCOMPLETE","READY"))))))))'
ENGINE	AI576	'=IF($A576="","",IF($AH576<>"","BLOCKED",IF($AG576<>"","FCS — NO PLAY",IF(CALC!$S576=1,"PENDING LINE",IF(CALC!$Q576=1,"STALE LINE",IF($AE576="QB UNCERTAIN","QB UNCERTAIN",IF($AF576<>"","FCS/TRANSITION UNCERTAIN",IF(OR($B576="",$C576=""),"DATA INCOMPLETE","READY"))))))))'	'=IF($A576="","",IF($AH576<>"","BLOCKED",IF($AG576<>"","FCS — NO PLAY",IF(CALC!$S576=1,"PENDING LINE",IF(CALC!$Q576=1,"STALE LINE",IF($AE576="QB UNCERTAIN","QB UNCERTAIN",IF($AF576<>"","TRANSITION UNCERTAIN",IF(OR($B576="",$C576=""),"DATA INCOMPLETE","READY"))))))))'
ENGINE	AI577	'=IF($A577="","",IF($AH577<>"","BLOCKED",IF($AG577<>"","FCS — NO PLAY",IF(CALC!$S577=1,"PENDING LINE",IF(CALC!$Q577=1,"STALE LINE",IF($AE577="QB UNCERTAIN","QB UNCERTAIN",IF($AF577<>"","FCS/TRANSITION UNCERTAIN",IF(OR($B577="",$C577=""),"DATA INCOMPLETE","READY"))))))))'	'=IF($A577="","",IF($AH577<>"","BLOCKED",IF($AG577<>"","FCS — NO PLAY",IF(CALC!$S577=1,"PENDING LINE",IF(CALC!$Q577=1,"STALE LINE",IF($AE577="QB UNCERTAIN","QB UNCERTAIN",IF($AF577<>"","TRANSITION UNCERTAIN",IF(OR($B577="",$C577=""),"DATA INCOMPLETE","READY"))))))))'
ENGINE	AI578	'=IF($A578="","",IF($AH578<>"","BLOCKED",IF($AG578<>"","FCS — NO PLAY",IF(CALC!$S578=1,"PENDING LINE",IF(CALC!$Q578=1,"STALE LINE",IF($AE578="QB UNCERTAIN","QB UNCERTAIN",IF($AF578<>"","FCS/TRANSITION UNCERTAIN",IF(OR($B578="",$C578=""),"DATA INCOMPLETE","READY"))))))))'	'=IF($A578="","",IF($AH578<>"","BLOCKED",IF($AG578<>"","FCS — NO PLAY",IF(CALC!$S578=1,"PENDING LINE",IF(CALC!$Q578=1,"STALE LINE",IF($AE578="QB UNCERTAIN","QB UNCERTAIN",IF($AF578<>"","TRANSITION UNCERTAIN",IF(OR($B578="",$C578=""),"DATA INCOMPLETE","READY"))))))))'
ENGINE	AI579	'=IF($A579="","",IF($AH579<>"","BLOCKED",IF($AG579<>"","FCS — NO PLAY",IF(CALC!$S579=1,"PENDING LINE",IF(CALC!$Q579=1,"STALE LINE",IF($AE579="QB UNCERTAIN","QB UNCERTAIN",IF($AF579<>"","FCS/TRANSITION UNCERTAIN",IF(OR($B579="",$C579=""),"DATA INCOMPLETE","READY"))))))))'	'=IF($A579="","",IF($AH579<>"","BLOCKED",IF($AG579<>"","FCS — NO PLAY",IF(CALC!$S579=1,"PENDING LINE",IF(CALC!$Q579=1,"STALE LINE",IF($AE579="QB UNCERTAIN","QB UNCERTAIN",IF($AF579<>"","TRANSITION UNCERTAIN",IF(OR($B579="",$C579=""),"DATA INCOMPLETE","READY"))))))))'
ENGINE	AI580	'=IF($A580="","",IF($AH580<>"","BLOCKED",IF($AG580<>"","FCS — NO PLAY",IF(CALC!$S580=1,"PENDING LINE",IF(CALC!$Q580=1,"STALE LINE",IF($AE580="QB UNCERTAIN","QB UNCERTAIN",IF($AF580<>"","FCS/TRANSITION UNCERTAIN",IF(OR($B580="",$C580=""),"DATA INCOMPLETE","READY"))))))))'	'=IF($A580="","",IF($AH580<>"","BLOCKED",IF($AG580<>"","FCS — NO PLAY",IF(CALC!$S580=1,"PENDING LINE",IF(CALC!$Q580=1,"STALE LINE",IF($AE580="QB UNCERTAIN","QB UNCERTAIN",IF($AF580<>"","TRANSITION UNCERTAIN",IF(OR($B580="",$C580=""),"DATA INCOMPLETE","READY"))))))))'
ENGINE	AI581	'=IF($A581="","",IF($AH581<>"","BLOCKED",IF($AG581<>"","FCS — NO PLAY",IF(CALC!$S581=1,"PENDING LINE",IF(CALC!$Q581=1,"STALE LINE",IF($AE581="QB UNCERTAIN","QB UNCERTAIN",IF($AF581<>"","FCS/TRANSITION UNCERTAIN",IF(OR($B581="",$C581=""),"DATA INCOMPLETE","READY"))))))))'	'=IF($A581="","",IF($AH581<>"","BLOCKED",IF($AG581<>"","FCS — NO PLAY",IF(CALC!$S581=1,"PENDING LINE",IF(CALC!$Q581=1,"STALE LINE",IF($AE581="QB UNCERTAIN","QB UNCERTAIN",IF($AF581<>"","TRANSITION UNCERTAIN",IF(OR($B581="",$C581=""),"DATA INCOMPLETE","READY"))))))))'
ENGINE	AI582	'=IF($A582="","",IF($AH582<>"","BLOCKED",IF($AG582<>"","FCS — NO PLAY",IF(CALC!$S582=1,"PENDING LINE",IF(CALC!$Q582=1,"STALE LINE",IF($AE582="QB UNCERTAIN","QB UNCERTAIN",IF($AF582<>"","FCS/TRANSITION UNCERTAIN",IF(OR($B582="",$C582=""),"DATA INCOMPLETE","READY"))))))))'	'=IF($A582="","",IF($AH582<>"","BLOCKED",IF($AG582<>"","FCS — NO PLAY",IF(CALC!$S582=1,"PENDING LINE",IF(CALC!$Q582=1,"STALE LINE",IF($AE582="QB UNCERTAIN","QB UNCERTAIN",IF($AF582<>"","TRANSITION UNCERTAIN",IF(OR($B582="",$C582=""),"DATA INCOMPLETE","READY"))))))))'
ENGINE	AI583	'=IF($A583="","",IF($AH583<>"","BLOCKED",IF($AG583<>"","FCS — NO PLAY",IF(CALC!$S583=1,"PENDING LINE",IF(CALC!$Q583=1,"STALE LINE",IF($AE583="QB UNCERTAIN","QB UNCERTAIN",IF($AF583<>"","FCS/TRANSITION UNCERTAIN",IF(OR($B583="",$C583=""),"DATA INCOMPLETE","READY"))))))))'	'=IF($A583="","",IF($AH583<>"","BLOCKED",IF($AG583<>"","FCS — NO PLAY",IF(CALC!$S583=1,"PENDING LINE",IF(CALC!$Q583=1,"STALE LINE",IF($AE583="QB UNCERTAIN","QB UNCERTAIN",IF($AF583<>"","TRANSITION UNCERTAIN",IF(OR($B583="",$C583=""),"DATA INCOMPLETE","READY"))))))))'
ENGINE	AI584	'=IF($A584="","",IF($AH584<>"","BLOCKED",IF($AG584<>"","FCS — NO PLAY",IF(CALC!$S584=1,"PENDING LINE",IF(CALC!$Q584=1,"STALE LINE",IF($AE584="QB UNCERTAIN","QB UNCERTAIN",IF($AF584<>"","FCS/TRANSITION UNCERTAIN",IF(OR($B584="",$C584=""),"DATA INCOMPLETE","READY"))))))))'	'=IF($A584="","",IF($AH584<>"","BLOCKED",IF($AG584<>"","FCS — NO PLAY",IF(CALC!$S584=1,"PENDING LINE",IF(CALC!$Q584=1,"STALE LINE",IF($AE584="QB UNCERTAIN","QB UNCERTAIN",IF($AF584<>"","TRANSITION UNCERTAIN",IF(OR($B584="",$C584=""),"DATA INCOMPLETE","READY"))))))))'
ENGINE	AI585	'=IF($A585="","",IF($AH585<>"","BLOCKED",IF($AG585<>"","FCS — NO PLAY",IF(CALC!$S585=1,"PENDING LINE",IF(CALC!$Q585=1,"STALE LINE",IF($AE585="QB UNCERTAIN","QB UNCERTAIN",IF($AF585<>"","FCS/TRANSITION UNCERTAIN",IF(OR($B585="",$C585=""),"DATA INCOMPLETE","READY"))))))))'	'=IF($A585="","",IF($AH585<>"","BLOCKED",IF($AG585<>"","FCS — NO PLAY",IF(CALC!$S585=1,"PENDING LINE",IF(CALC!$Q585=1,"STALE LINE",IF($AE585="QB UNCERTAIN","QB UNCERTAIN",IF($AF585<>"","TRANSITION UNCERTAIN",IF(OR($B585="",$C585=""),"DATA INCOMPLETE","READY"))))))))'
ENGINE	AI586	'=IF($A586="","",IF($AH586<>"","BLOCKED",IF($AG586<>"","FCS — NO PLAY",IF(CALC!$S586=1,"PENDING LINE",IF(CALC!$Q586=1,"STALE LINE",IF($AE586="QB UNCERTAIN","QB UNCERTAIN",IF($AF586<>"","FCS/TRANSITION UNCERTAIN",IF(OR($B586="",$C586=""),"DATA INCOMPLETE","READY"))))))))'	'=IF($A586="","",IF($AH586<>"","BLOCKED",IF($AG586<>"","FCS — NO PLAY",IF(CALC!$S586=1,"PENDING LINE",IF(CALC!$Q586=1,"STALE LINE",IF($AE586="QB UNCERTAIN","QB UNCERTAIN",IF($AF586<>"","TRANSITION UNCERTAIN",IF(OR($B586="",$C586=""),"DATA INCOMPLETE","READY"))))))))'
ENGINE	AI587	'=IF($A587="","",IF($AH587<>"","BLOCKED",IF($AG587<>"","FCS — NO PLAY",IF(CALC!$S587=1,"PENDING LINE",IF(CALC!$Q587=1,"STALE LINE",IF($AE587="QB UNCERTAIN","QB UNCERTAIN",IF($AF587<>"","FCS/TRANSITION UNCERTAIN",IF(OR($B587="",$C587=""),"DATA INCOMPLETE","READY"))))))))'	'=IF($A587="","",IF($AH587<>"","BLOCKED",IF($AG587<>"","FCS — NO PLAY",IF(CALC!$S587=1,"PENDING LINE",IF(CALC!$Q587=1,"STALE LINE",IF($AE587="QB UNCERTAIN","QB UNCERTAIN",IF($AF587<>"","TRANSITION UNCERTAIN",IF(OR($B587="",$C587=""),"DATA INCOMPLETE","READY"))))))))'
ENGINE	AI588	'=IF($A588="","",IF($AH588<>"","BLOCKED",IF($AG588<>"","FCS — NO PLAY",IF(CALC!$S588=1,"PENDING LINE",IF(CALC!$Q588=1,"STALE LINE",IF($AE588="QB UNCERTAIN","QB UNCERTAIN",IF($AF588<>"","FCS/TRANSITION UNCERTAIN",IF(OR($B588="",$C588=""),"DATA INCOMPLETE","READY"))))))))'	'=IF($A588="","",IF($AH588<>"","BLOCKED",IF($AG588<>"","FCS — NO PLAY",IF(CALC!$S588=1,"PENDING LINE",IF(CALC!$Q588=1,"STALE LINE",IF($AE588="QB UNCERTAIN","QB UNCERTAIN",IF($AF588<>"","TRANSITION UNCERTAIN",IF(OR($B588="",$C588=""),"DATA INCOMPLETE","READY"))))))))'
ENGINE	AI589	'=IF($A589="","",IF($AH589<>"","BLOCKED",IF($AG589<>"","FCS — NO PLAY",IF(CALC!$S589=1,"PENDING LINE",IF(CALC!$Q589=1,"STALE LINE",IF($AE589="QB UNCERTAIN","QB UNCERTAIN",IF($AF589<>"","FCS/TRANSITION UNCERTAIN",IF(OR($B589="",$C589=""),"DATA INCOMPLETE","READY"))))))))'	'=IF($A589="","",IF($AH589<>"","BLOCKED",IF($AG589<>"","FCS — NO PLAY",IF(CALC!$S589=1,"PENDING LINE",IF(CALC!$Q589=1,"STALE LINE",IF($AE589="QB UNCERTAIN","QB UNCERTAIN",IF($AF589<>"","TRANSITION UNCERTAIN",IF(OR($B589="",$C589=""),"DATA INCOMPLETE","READY"))))))))'
ENGINE	AI590	'=IF($A590="","",IF($AH590<>"","BLOCKED",IF($AG590<>"","FCS — NO PLAY",IF(CALC!$S590=1,"PENDING LINE",IF(CALC!$Q590=1,"STALE LINE",IF($AE590="QB UNCERTAIN","QB UNCERTAIN",IF($AF590<>"","FCS/TRANSITION UNCERTAIN",IF(OR($B590="",$C590=""),"DATA INCOMPLETE","READY"))))))))'	'=IF($A590="","",IF($AH590<>"","BLOCKED",IF($AG590<>"","FCS — NO PLAY",IF(CALC!$S590=1,"PENDING LINE",IF(CALC!$Q590=1,"STALE LINE",IF($AE590="QB UNCERTAIN","QB UNCERTAIN",IF($AF590<>"","TRANSITION UNCERTAIN",IF(OR($B590="",$C590=""),"DATA INCOMPLETE","READY"))))))))'
ENGINE	AI591	'=IF($A591="","",IF($AH591<>"","BLOCKED",IF($AG591<>"","FCS — NO PLAY",IF(CALC!$S591=1,"PENDING LINE",IF(CALC!$Q591=1,"STALE LINE",IF($AE591="QB UNCERTAIN","QB UNCERTAIN",IF($AF591<>"","FCS/TRANSITION UNCERTAIN",IF(OR($B591="",$C591=""),"DATA INCOMPLETE","READY"))))))))'	'=IF($A591="","",IF($AH591<>"","BLOCKED",IF($AG591<>"","FCS — NO PLAY",IF(CALC!$S591=1,"PENDING LINE",IF(CALC!$Q591=1,"STALE LINE",IF($AE591="QB UNCERTAIN","QB UNCERTAIN",IF($AF591<>"","TRANSITION UNCERTAIN",IF(OR($B591="",$C591=""),"DATA INCOMPLETE","READY"))))))))'
ENGINE	AI592	'=IF($A592="","",IF($AH592<>"","BLOCKED",IF($AG592<>"","FCS — NO PLAY",IF(CALC!$S592=1,"PENDING LINE",IF(CALC!$Q592=1,"STALE LINE",IF($AE592="QB UNCERTAIN","QB UNCERTAIN",IF($AF592<>"","FCS/TRANSITION UNCERTAIN",IF(OR($B592="",$C592=""),"DATA INCOMPLETE","READY"))))))))'	'=IF($A592="","",IF($AH592<>"","BLOCKED",IF($AG592<>"","FCS — NO PLAY",IF(CALC!$S592=1,"PENDING LINE",IF(CALC!$Q592=1,"STALE LINE",IF($AE592="QB UNCERTAIN","QB UNCERTAIN",IF($AF592<>"","TRANSITION UNCERTAIN",IF(OR($B592="",$C592=""),"DATA INCOMPLETE","READY"))))))))'
ENGINE	AI593	'=IF($A593="","",IF($AH593<>"","BLOCKED",IF($AG593<>"","FCS — NO PLAY",IF(CALC!$S593=1,"PENDING LINE",IF(CALC!$Q593=1,"STALE LINE",IF($AE593="QB UNCERTAIN","QB UNCERTAIN",IF($AF593<>"","FCS/TRANSITION UNCERTAIN",IF(OR($B593="",$C593=""),"DATA INCOMPLETE","READY"))))))))'	'=IF($A593="","",IF($AH593<>"","BLOCKED",IF($AG593<>"","FCS — NO PLAY",IF(CALC!$S593=1,"PENDING LINE",IF(CALC!$Q593=1,"STALE LINE",IF($AE593="QB UNCERTAIN","QB UNCERTAIN",IF($AF593<>"","TRANSITION UNCERTAIN",IF(OR($B593="",$C593=""),"DATA INCOMPLETE","READY"))))))))'
ENGINE	AI594	'=IF($A594="","",IF($AH594<>"","BLOCKED",IF($AG594<>"","FCS — NO PLAY",IF(CALC!$S594=1,"PENDING LINE",IF(CALC!$Q594=1,"STALE LINE",IF($AE594="QB UNCERTAIN","QB UNCERTAIN",IF($AF594<>"","FCS/TRANSITION UNCERTAIN",IF(OR($B594="",$C594=""),"DATA INCOMPLETE","READY"))))))))'	'=IF($A594="","",IF($AH594<>"","BLOCKED",IF($AG594<>"","FCS — NO PLAY",IF(CALC!$S594=1,"PENDING LINE",IF(CALC!$Q594=1,"STALE LINE",IF($AE594="QB UNCERTAIN","QB UNCERTAIN",IF($AF594<>"","TRANSITION UNCERTAIN",IF(OR($B594="",$C594=""),"DATA INCOMPLETE","READY"))))))))'
ENGINE	AI595	'=IF($A595="","",IF($AH595<>"","BLOCKED",IF($AG595<>"","FCS — NO PLAY",IF(CALC!$S595=1,"PENDING LINE",IF(CALC!$Q595=1,"STALE LINE",IF($AE595="QB UNCERTAIN","QB UNCERTAIN",IF($AF595<>"","FCS/TRANSITION UNCERTAIN",IF(OR($B595="",$C595=""),"DATA INCOMPLETE","READY"))))))))'	'=IF($A595="","",IF($AH595<>"","BLOCKED",IF($AG595<>"","FCS — NO PLAY",IF(CALC!$S595=1,"PENDING LINE",IF(CALC!$Q595=1,"STALE LINE",IF($AE595="QB UNCERTAIN","QB UNCERTAIN",IF($AF595<>"","TRANSITION UNCERTAIN",IF(OR($B595="",$C595=""),"DATA INCOMPLETE","READY"))))))))'
ENGINE	AI596	'=IF($A596="","",IF($AH596<>"","BLOCKED",IF($AG596<>"","FCS — NO PLAY",IF(CALC!$S596=1,"PENDING LINE",IF(CALC!$Q596=1,"STALE LINE",IF($AE596="QB UNCERTAIN","QB UNCERTAIN",IF($AF596<>"","FCS/TRANSITION UNCERTAIN",IF(OR($B596="",$C596=""),"DATA INCOMPLETE","READY"))))))))'	'=IF($A596="","",IF($AH596<>"","BLOCKED",IF($AG596<>"","FCS — NO PLAY",IF(CALC!$S596=1,"PENDING LINE",IF(CALC!$Q596=1,"STALE LINE",IF($AE596="QB UNCERTAIN","QB UNCERTAIN",IF($AF596<>"","TRANSITION UNCERTAIN",IF(OR($B596="",$C596=""),"DATA INCOMPLETE","READY"))))))))'
ENGINE	AI597	'=IF($A597="","",IF($AH597<>"","BLOCKED",IF($AG597<>"","FCS — NO PLAY",IF(CALC!$S597=1,"PENDING LINE",IF(CALC!$Q597=1,"STALE LINE",IF($AE597="QB UNCERTAIN","QB UNCERTAIN",IF($AF597<>"","FCS/TRANSITION UNCERTAIN",IF(OR($B597="",$C597=""),"DATA INCOMPLETE","READY"))))))))'	'=IF($A597="","",IF($AH597<>"","BLOCKED",IF($AG597<>"","FCS — NO PLAY",IF(CALC!$S597=1,"PENDING LINE",IF(CALC!$Q597=1,"STALE LINE",IF($AE597="QB UNCERTAIN","QB UNCERTAIN",IF($AF597<>"","TRANSITION UNCERTAIN",IF(OR($B597="",$C597=""),"DATA INCOMPLETE","READY"))))))))'
ENGINE	AI598	'=IF($A598="","",IF($AH598<>"","BLOCKED",IF($AG598<>"","FCS — NO PLAY",IF(CALC!$S598=1,"PENDING LINE",IF(CALC!$Q598=1,"STALE LINE",IF($AE598="QB UNCERTAIN","QB UNCERTAIN",IF($AF598<>"","FCS/TRANSITION UNCERTAIN",IF(OR($B598="",$C598=""),"DATA INCOMPLETE","READY"))))))))'	'=IF($A598="","",IF($AH598<>"","BLOCKED",IF($AG598<>"","FCS — NO PLAY",IF(CALC!$S598=1,"PENDING LINE",IF(CALC!$Q598=1,"STALE LINE",IF($AE598="QB UNCERTAIN","QB UNCERTAIN",IF($AF598<>"","TRANSITION UNCERTAIN",IF(OR($B598="",$C598=""),"DATA INCOMPLETE","READY"))))))))'
ENGINE	AI599	'=IF($A599="","",IF($AH599<>"","BLOCKED",IF($AG599<>"","FCS — NO PLAY",IF(CALC!$S599=1,"PENDING LINE",IF(CALC!$Q599=1,"STALE LINE",IF($AE599="QB UNCERTAIN","QB UNCERTAIN",IF($AF599<>"","FCS/TRANSITION UNCERTAIN",IF(OR($B599="",$C599=""),"DATA INCOMPLETE","READY"))))))))'	'=IF($A599="","",IF($AH599<>"","BLOCKED",IF($AG599<>"","FCS — NO PLAY",IF(CALC!$S599=1,"PENDING LINE",IF(CALC!$Q599=1,"STALE LINE",IF($AE599="QB UNCERTAIN","QB UNCERTAIN",IF($AF599<>"","TRANSITION UNCERTAIN",IF(OR($B599="",$C599=""),"DATA INCOMPLETE","READY"))))))))'
ENGINE	AI600	'=IF($A600="","",IF($AH600<>"","BLOCKED",IF($AG600<>"","FCS — NO PLAY",IF(CALC!$S600=1,"PENDING LINE",IF(CALC!$Q600=1,"STALE LINE",IF($AE600="QB UNCERTAIN","QB UNCERTAIN",IF($AF600<>"","FCS/TRANSITION UNCERTAIN",IF(OR($B600="",$C600=""),"DATA INCOMPLETE","READY"))))))))'	'=IF($A600="","",IF($AH600<>"","BLOCKED",IF($AG600<>"","FCS — NO PLAY",IF(CALC!$S600=1,"PENDING LINE",IF(CALC!$Q600=1,"STALE LINE",IF($AE600="QB UNCERTAIN","QB UNCERTAIN",IF($AF600<>"","TRANSITION UNCERTAIN",IF(OR($B600="",$C600=""),"DATA INCOMPLETE","READY"))))))))'
ENGINE	AI601	'=IF($A601="","",IF($AH601<>"","BLOCKED",IF($AG601<>"","FCS — NO PLAY",IF(CALC!$S601=1,"PENDING LINE",IF(CALC!$Q601=1,"STALE LINE",IF($AE601="QB UNCERTAIN","QB UNCERTAIN",IF($AF601<>"","FCS/TRANSITION UNCERTAIN",IF(OR($B601="",$C601=""),"DATA INCOMPLETE","READY"))))))))'	'=IF($A601="","",IF($AH601<>"","BLOCKED",IF($AG601<>"","FCS — NO PLAY",IF(CALC!$S601=1,"PENDING LINE",IF(CALC!$Q601=1,"STALE LINE",IF($AE601="QB UNCERTAIN","QB UNCERTAIN",IF($AF601<>"","TRANSITION UNCERTAIN",IF(OR($B601="",$C601=""),"DATA INCOMPLETE","READY"))))))))'
ENGINE	AI602	'=IF($A602="","",IF($AH602<>"","BLOCKED",IF($AG602<>"","FCS — NO PLAY",IF(CALC!$S602=1,"PENDING LINE",IF(CALC!$Q602=1,"STALE LINE",IF($AE602="QB UNCERTAIN","QB UNCERTAIN",IF($AF602<>"","FCS/TRANSITION UNCERTAIN",IF(OR($B602="",$C602=""),"DATA INCOMPLETE","READY"))))))))'	'=IF($A602="","",IF($AH602<>"","BLOCKED",IF($AG602<>"","FCS — NO PLAY",IF(CALC!$S602=1,"PENDING LINE",IF(CALC!$Q602=1,"STALE LINE",IF($AE602="QB UNCERTAIN","QB UNCERTAIN",IF($AF602<>"","TRANSITION UNCERTAIN",IF(OR($B602="",$C602=""),"DATA INCOMPLETE","READY"))))))))'
ENGINE	AI603	'=IF($A603="","",IF($AH603<>"","BLOCKED",IF($AG603<>"","FCS — NO PLAY",IF(CALC!$S603=1,"PENDING LINE",IF(CALC!$Q603=1,"STALE LINE",IF($AE603="QB UNCERTAIN","QB UNCERTAIN",IF($AF603<>"","FCS/TRANSITION UNCERTAIN",IF(OR($B603="",$C603=""),"DATA INCOMPLETE","READY"))))))))'	'=IF($A603="","",IF($AH603<>"","BLOCKED",IF($AG603<>"","FCS — NO PLAY",IF(CALC!$S603=1,"PENDING LINE",IF(CALC!$Q603=1,"STALE LINE",IF($AE603="QB UNCERTAIN","QB UNCERTAIN",IF($AF603<>"","TRANSITION UNCERTAIN",IF(OR($B603="",$C603=""),"DATA INCOMPLETE","READY"))))))))'
ENGINE	AI604	'=IF($A604="","",IF($AH604<>"","BLOCKED",IF($AG604<>"","FCS — NO PLAY",IF(CALC!$S604=1,"PENDING LINE",IF(CALC!$Q604=1,"STALE LINE",IF($AE604="QB UNCERTAIN","QB UNCERTAIN",IF($AF604<>"","FCS/TRANSITION UNCERTAIN",IF(OR($B604="",$C604=""),"DATA INCOMPLETE","READY"))))))))'	'=IF($A604="","",IF($AH604<>"","BLOCKED",IF($AG604<>"","FCS — NO PLAY",IF(CALC!$S604=1,"PENDING LINE",IF(CALC!$Q604=1,"STALE LINE",IF($AE604="QB UNCERTAIN","QB UNCERTAIN",IF($AF604<>"","TRANSITION UNCERTAIN",IF(OR($B604="",$C604=""),"DATA INCOMPLETE","READY"))))))))'
ENGINE	AI605	'=IF($A605="","",IF($AH605<>"","BLOCKED",IF($AG605<>"","FCS — NO PLAY",IF(CALC!$S605=1,"PENDING LINE",IF(CALC!$Q605=1,"STALE LINE",IF($AE605="QB UNCERTAIN","QB UNCERTAIN",IF($AF605<>"","FCS/TRANSITION UNCERTAIN",IF(OR($B605="",$C605=""),"DATA INCOMPLETE","READY"))))))))'	'=IF($A605="","",IF($AH605<>"","BLOCKED",IF($AG605<>"","FCS — NO PLAY",IF(CALC!$S605=1,"PENDING LINE",IF(CALC!$Q605=1,"STALE LINE",IF($AE605="QB UNCERTAIN","QB UNCERTAIN",IF($AF605<>"","TRANSITION UNCERTAIN",IF(OR($B605="",$C605=""),"DATA INCOMPLETE","READY"))))))))'
ENGINE	AI606	'=IF($A606="","",IF($AH606<>"","BLOCKED",IF($AG606<>"","FCS — NO PLAY",IF(CALC!$S606=1,"PENDING LINE",IF(CALC!$Q606=1,"STALE LINE",IF($AE606="QB UNCERTAIN","QB UNCERTAIN",IF($AF606<>"","FCS/TRANSITION UNCERTAIN",IF(OR($B606="",$C606=""),"DATA INCOMPLETE","READY"))))))))'	'=IF($A606="","",IF($AH606<>"","BLOCKED",IF($AG606<>"","FCS — NO PLAY",IF(CALC!$S606=1,"PENDING LINE",IF(CALC!$Q606=1,"STALE LINE",IF($AE606="QB UNCERTAIN","QB UNCERTAIN",IF($AF606<>"","TRANSITION UNCERTAIN",IF(OR($B606="",$C606=""),"DATA INCOMPLETE","READY"))))))))'
ENGINE	AI607	'=IF($A607="","",IF($AH607<>"","BLOCKED",IF($AG607<>"","FCS — NO PLAY",IF(CALC!$S607=1,"PENDING LINE",IF(CALC!$Q607=1,"STALE LINE",IF($AE607="QB UNCERTAIN","QB UNCERTAIN",IF($AF607<>"","FCS/TRANSITION UNCERTAIN",IF(OR($B607="",$C607=""),"DATA INCOMPLETE","READY"))))))))'	'=IF($A607="","",IF($AH607<>"","BLOCKED",IF($AG607<>"","FCS — NO PLAY",IF(CALC!$S607=1,"PENDING LINE",IF(CALC!$Q607=1,"STALE LINE",IF($AE607="QB UNCERTAIN","QB UNCERTAIN",IF($AF607<>"","TRANSITION UNCERTAIN",IF(OR($B607="",$C607=""),"DATA INCOMPLETE","READY"))))))))'
ENGINE	AI608	'=IF($A608="","",IF($AH608<>"","BLOCKED",IF($AG608<>"","FCS — NO PLAY",IF(CALC!$S608=1,"PENDING LINE",IF(CALC!$Q608=1,"STALE LINE",IF($AE608="QB UNCERTAIN","QB UNCERTAIN",IF($AF608<>"","FCS/TRANSITION UNCERTAIN",IF(OR($B608="",$C608=""),"DATA INCOMPLETE","READY"))))))))'	'=IF($A608="","",IF($AH608<>"","BLOCKED",IF($AG608<>"","FCS — NO PLAY",IF(CALC!$S608=1,"PENDING LINE",IF(CALC!$Q608=1,"STALE LINE",IF($AE608="QB UNCERTAIN","QB UNCERTAIN",IF($AF608<>"","TRANSITION UNCERTAIN",IF(OR($B608="",$C608=""),"DATA INCOMPLETE","READY"))))))))'
ENGINE	AI609	'=IF($A609="","",IF($AH609<>"","BLOCKED",IF($AG609<>"","FCS — NO PLAY",IF(CALC!$S609=1,"PENDING LINE",IF(CALC!$Q609=1,"STALE LINE",IF($AE609="QB UNCERTAIN","QB UNCERTAIN",IF($AF609<>"","FCS/TRANSITION UNCERTAIN",IF(OR($B609="",$C609=""),"DATA INCOMPLETE","READY"))))))))'	'=IF($A609="","",IF($AH609<>"","BLOCKED",IF($AG609<>"","FCS — NO PLAY",IF(CALC!$S609=1,"PENDING LINE",IF(CALC!$Q609=1,"STALE LINE",IF($AE609="QB UNCERTAIN","QB UNCERTAIN",IF($AF609<>"","TRANSITION UNCERTAIN",IF(OR($B609="",$C609=""),"DATA INCOMPLETE","READY"))))))))'
ENGINE	AI610	'=IF($A610="","",IF($AH610<>"","BLOCKED",IF($AG610<>"","FCS — NO PLAY",IF(CALC!$S610=1,"PENDING LINE",IF(CALC!$Q610=1,"STALE LINE",IF($AE610="QB UNCERTAIN","QB UNCERTAIN",IF($AF610<>"","FCS/TRANSITION UNCERTAIN",IF(OR($B610="",$C610=""),"DATA INCOMPLETE","READY"))))))))'	'=IF($A610="","",IF($AH610<>"","BLOCKED",IF($AG610<>"","FCS — NO PLAY",IF(CALC!$S610=1,"PENDING LINE",IF(CALC!$Q610=1,"STALE LINE",IF($AE610="QB UNCERTAIN","QB UNCERTAIN",IF($AF610<>"","TRANSITION UNCERTAIN",IF(OR($B610="",$C610=""),"DATA INCOMPLETE","READY"))))))))'
ENGINE	AI611	'=IF($A611="","",IF($AH611<>"","BLOCKED",IF($AG611<>"","FCS — NO PLAY",IF(CALC!$S611=1,"PENDING LINE",IF(CALC!$Q611=1,"STALE LINE",IF($AE611="QB UNCERTAIN","QB UNCERTAIN",IF($AF611<>"","FCS/TRANSITION UNCERTAIN",IF(OR($B611="",$C611=""),"DATA INCOMPLETE","READY"))))))))'	'=IF($A611="","",IF($AH611<>"","BLOCKED",IF($AG611<>"","FCS — NO PLAY",IF(CALC!$S611=1,"PENDING LINE",IF(CALC!$Q611=1,"STALE LINE",IF($AE611="QB UNCERTAIN","QB UNCERTAIN",IF($AF611<>"","TRANSITION UNCERTAIN",IF(OR($B611="",$C611=""),"DATA INCOMPLETE","READY"))))))))'
ENGINE	AI612	'=IF($A612="","",IF($AH612<>"","BLOCKED",IF($AG612<>"","FCS — NO PLAY",IF(CALC!$S612=1,"PENDING LINE",IF(CALC!$Q612=1,"STALE LINE",IF($AE612="QB UNCERTAIN","QB UNCERTAIN",IF($AF612<>"","FCS/TRANSITION UNCERTAIN",IF(OR($B612="",$C612=""),"DATA INCOMPLETE","READY"))))))))'	'=IF($A612="","",IF($AH612<>"","BLOCKED",IF($AG612<>"","FCS — NO PLAY",IF(CALC!$S612=1,"PENDING LINE",IF(CALC!$Q612=1,"STALE LINE",IF($AE612="QB UNCERTAIN","QB UNCERTAIN",IF($AF612<>"","TRANSITION UNCERTAIN",IF(OR($B612="",$C612=""),"DATA INCOMPLETE","READY"))))))))'
ENGINE	AI613	'=IF($A613="","",IF($AH613<>"","BLOCKED",IF($AG613<>"","FCS — NO PLAY",IF(CALC!$S613=1,"PENDING LINE",IF(CALC!$Q613=1,"STALE LINE",IF($AE613="QB UNCERTAIN","QB UNCERTAIN",IF($AF613<>"","FCS/TRANSITION UNCERTAIN",IF(OR($B613="",$C613=""),"DATA INCOMPLETE","READY"))))))))'	'=IF($A613="","",IF($AH613<>"","BLOCKED",IF($AG613<>"","FCS — NO PLAY",IF(CALC!$S613=1,"PENDING LINE",IF(CALC!$Q613=1,"STALE LINE",IF($AE613="QB UNCERTAIN","QB UNCERTAIN",IF($AF613<>"","TRANSITION UNCERTAIN",IF(OR($B613="",$C613=""),"DATA INCOMPLETE","READY"))))))))'
ENGINE	AI614	'=IF($A614="","",IF($AH614<>"","BLOCKED",IF($AG614<>"","FCS — NO PLAY",IF(CALC!$S614=1,"PENDING LINE",IF(CALC!$Q614=1,"STALE LINE",IF($AE614="QB UNCERTAIN","QB UNCERTAIN",IF($AF614<>"","FCS/TRANSITION UNCERTAIN",IF(OR($B614="",$C614=""),"DATA INCOMPLETE","READY"))))))))'	'=IF($A614="","",IF($AH614<>"","BLOCKED",IF($AG614<>"","FCS — NO PLAY",IF(CALC!$S614=1,"PENDING LINE",IF(CALC!$Q614=1,"STALE LINE",IF($AE614="QB UNCERTAIN","QB UNCERTAIN",IF($AF614<>"","TRANSITION UNCERTAIN",IF(OR($B614="",$C614=""),"DATA INCOMPLETE","READY"))))))))'
ENGINE	AI615	'=IF($A615="","",IF($AH615<>"","BLOCKED",IF($AG615<>"","FCS — NO PLAY",IF(CALC!$S615=1,"PENDING LINE",IF(CALC!$Q615=1,"STALE LINE",IF($AE615="QB UNCERTAIN","QB UNCERTAIN",IF($AF615<>"","FCS/TRANSITION UNCERTAIN",IF(OR($B615="",$C615=""),"DATA INCOMPLETE","READY"))))))))'	'=IF($A615="","",IF($AH615<>"","BLOCKED",IF($AG615<>"","FCS — NO PLAY",IF(CALC!$S615=1,"PENDING LINE",IF(CALC!$Q615=1,"STALE LINE",IF($AE615="QB UNCERTAIN","QB UNCERTAIN",IF($AF615<>"","TRANSITION UNCERTAIN",IF(OR($B615="",$C615=""),"DATA INCOMPLETE","READY"))))))))'
ENGINE	AI616	'=IF($A616="","",IF($AH616<>"","BLOCKED",IF($AG616<>"","FCS — NO PLAY",IF(CALC!$S616=1,"PENDING LINE",IF(CALC!$Q616=1,"STALE LINE",IF($AE616="QB UNCERTAIN","QB UNCERTAIN",IF($AF616<>"","FCS/TRANSITION UNCERTAIN",IF(OR($B616="",$C616=""),"DATA INCOMPLETE","READY"))))))))'	'=IF($A616="","",IF($AH616<>"","BLOCKED",IF($AG616<>"","FCS — NO PLAY",IF(CALC!$S616=1,"PENDING LINE",IF(CALC!$Q616=1,"STALE LINE",IF($AE616="QB UNCERTAIN","QB UNCERTAIN",IF($AF616<>"","TRANSITION UNCERTAIN",IF(OR($B616="",$C616=""),"DATA INCOMPLETE","READY"))))))))'
ENGINE	AI617	'=IF($A617="","",IF($AH617<>"","BLOCKED",IF($AG617<>"","FCS — NO PLAY",IF(CALC!$S617=1,"PENDING LINE",IF(CALC!$Q617=1,"STALE LINE",IF($AE617="QB UNCERTAIN","QB UNCERTAIN",IF($AF617<>"","FCS/TRANSITION UNCERTAIN",IF(OR($B617="",$C617=""),"DATA INCOMPLETE","READY"))))))))'	'=IF($A617="","",IF($AH617<>"","BLOCKED",IF($AG617<>"","FCS — NO PLAY",IF(CALC!$S617=1,"PENDING LINE",IF(CALC!$Q617=1,"STALE LINE",IF($AE617="QB UNCERTAIN","QB UNCERTAIN",IF($AF617<>"","TRANSITION UNCERTAIN",IF(OR($B617="",$C617=""),"DATA INCOMPLETE","READY"))))))))'
ENGINE	AI618	'=IF($A618="","",IF($AH618<>"","BLOCKED",IF($AG618<>"","FCS — NO PLAY",IF(CALC!$S618=1,"PENDING LINE",IF(CALC!$Q618=1,"STALE LINE",IF($AE618="QB UNCERTAIN","QB UNCERTAIN",IF($AF618<>"","FCS/TRANSITION UNCERTAIN",IF(OR($B618="",$C618=""),"DATA INCOMPLETE","READY"))))))))'	'=IF($A618="","",IF($AH618<>"","BLOCKED",IF($AG618<>"","FCS — NO PLAY",IF(CALC!$S618=1,"PENDING LINE",IF(CALC!$Q618=1,"STALE LINE",IF($AE618="QB UNCERTAIN","QB UNCERTAIN",IF($AF618<>"","TRANSITION UNCERTAIN",IF(OR($B618="",$C618=""),"DATA INCOMPLETE","READY"))))))))'
ENGINE	AI619	'=IF($A619="","",IF($AH619<>"","BLOCKED",IF($AG619<>"","FCS — NO PLAY",IF(CALC!$S619=1,"PENDING LINE",IF(CALC!$Q619=1,"STALE LINE",IF($AE619="QB UNCERTAIN","QB UNCERTAIN",IF($AF619<>"","FCS/TRANSITION UNCERTAIN",IF(OR($B619="",$C619=""),"DATA INCOMPLETE","READY"))))))))'	'=IF($A619="","",IF($AH619<>"","BLOCKED",IF($AG619<>"","FCS — NO PLAY",IF(CALC!$S619=1,"PENDING LINE",IF(CALC!$Q619=1,"STALE LINE",IF($AE619="QB UNCERTAIN","QB UNCERTAIN",IF($AF619<>"","TRANSITION UNCERTAIN",IF(OR($B619="",$C619=""),"DATA INCOMPLETE","READY"))))))))'
ENGINE	AI620	'=IF($A620="","",IF($AH620<>"","BLOCKED",IF($AG620<>"","FCS — NO PLAY",IF(CALC!$S620=1,"PENDING LINE",IF(CALC!$Q620=1,"STALE LINE",IF($AE620="QB UNCERTAIN","QB UNCERTAIN",IF($AF620<>"","FCS/TRANSITION UNCERTAIN",IF(OR($B620="",$C620=""),"DATA INCOMPLETE","READY"))))))))'	'=IF($A620="","",IF($AH620<>"","BLOCKED",IF($AG620<>"","FCS — NO PLAY",IF(CALC!$S620=1,"PENDING LINE",IF(CALC!$Q620=1,"STALE LINE",IF($AE620="QB UNCERTAIN","QB UNCERTAIN",IF($AF620<>"","TRANSITION UNCERTAIN",IF(OR($B620="",$C620=""),"DATA INCOMPLETE","READY"))))))))'
ENGINE	AI621	'=IF($A621="","",IF($AH621<>"","BLOCKED",IF($AG621<>"","FCS — NO PLAY",IF(CALC!$S621=1,"PENDING LINE",IF(CALC!$Q621=1,"STALE LINE",IF($AE621="QB UNCERTAIN","QB UNCERTAIN",IF($AF621<>"","FCS/TRANSITION UNCERTAIN",IF(OR($B621="",$C621=""),"DATA INCOMPLETE","READY"))))))))'	'=IF($A621="","",IF($AH621<>"","BLOCKED",IF($AG621<>"","FCS — NO PLAY",IF(CALC!$S621=1,"PENDING LINE",IF(CALC!$Q621=1,"STALE LINE",IF($AE621="QB UNCERTAIN","QB UNCERTAIN",IF($AF621<>"","TRANSITION UNCERTAIN",IF(OR($B621="",$C621=""),"DATA INCOMPLETE","READY"))))))))'
ENGINE	AI622	'=IF($A622="","",IF($AH622<>"","BLOCKED",IF($AG622<>"","FCS — NO PLAY",IF(CALC!$S622=1,"PENDING LINE",IF(CALC!$Q622=1,"STALE LINE",IF($AE622="QB UNCERTAIN","QB UNCERTAIN",IF($AF622<>"","FCS/TRANSITION UNCERTAIN",IF(OR($B622="",$C622=""),"DATA INCOMPLETE","READY"))))))))'	'=IF($A622="","",IF($AH622<>"","BLOCKED",IF($AG622<>"","FCS — NO PLAY",IF(CALC!$S622=1,"PENDING LINE",IF(CALC!$Q622=1,"STALE LINE",IF($AE622="QB UNCERTAIN","QB UNCERTAIN",IF($AF622<>"","TRANSITION UNCERTAIN",IF(OR($B622="",$C622=""),"DATA INCOMPLETE","READY"))))))))'
ENGINE	AI623	'=IF($A623="","",IF($AH623<>"","BLOCKED",IF($AG623<>"","FCS — NO PLAY",IF(CALC!$S623=1,"PENDING LINE",IF(CALC!$Q623=1,"STALE LINE",IF($AE623="QB UNCERTAIN","QB UNCERTAIN",IF($AF623<>"","FCS/TRANSITION UNCERTAIN",IF(OR($B623="",$C623=""),"DATA INCOMPLETE","READY"))))))))'	'=IF($A623="","",IF($AH623<>"","BLOCKED",IF($AG623<>"","FCS — NO PLAY",IF(CALC!$S623=1,"PENDING LINE",IF(CALC!$Q623=1,"STALE LINE",IF($AE623="QB UNCERTAIN","QB UNCERTAIN",IF($AF623<>"","TRANSITION UNCERTAIN",IF(OR($B623="",$C623=""),"DATA INCOMPLETE","READY"))))))))'
ENGINE	AI624	'=IF($A624="","",IF($AH624<>"","BLOCKED",IF($AG624<>"","FCS — NO PLAY",IF(CALC!$S624=1,"PENDING LINE",IF(CALC!$Q624=1,"STALE LINE",IF($AE624="QB UNCERTAIN","QB UNCERTAIN",IF($AF624<>"","FCS/TRANSITION UNCERTAIN",IF(OR($B624="",$C624=""),"DATA INCOMPLETE","READY"))))))))'	'=IF($A624="","",IF($AH624<>"","BLOCKED",IF($AG624<>"","FCS — NO PLAY",IF(CALC!$S624=1,"PENDING LINE",IF(CALC!$Q624=1,"STALE LINE",IF($AE624="QB UNCERTAIN","QB UNCERTAIN",IF($AF624<>"","TRANSITION UNCERTAIN",IF(OR($B624="",$C624=""),"DATA INCOMPLETE","READY"))))))))'
ENGINE	AI625	'=IF($A625="","",IF($AH625<>"","BLOCKED",IF($AG625<>"","FCS — NO PLAY",IF(CALC!$S625=1,"PENDING LINE",IF(CALC!$Q625=1,"STALE LINE",IF($AE625="QB UNCERTAIN","QB UNCERTAIN",IF($AF625<>"","FCS/TRANSITION UNCERTAIN",IF(OR($B625="",$C625=""),"DATA INCOMPLETE","READY"))))))))'	'=IF($A625="","",IF($AH625<>"","BLOCKED",IF($AG625<>"","FCS — NO PLAY",IF(CALC!$S625=1,"PENDING LINE",IF(CALC!$Q625=1,"STALE LINE",IF($AE625="QB UNCERTAIN","QB UNCERTAIN",IF($AF625<>"","TRANSITION UNCERTAIN",IF(OR($B625="",$C625=""),"DATA INCOMPLETE","READY"))))))))'
ENGINE	AI626	'=IF($A626="","",IF($AH626<>"","BLOCKED",IF($AG626<>"","FCS — NO PLAY",IF(CALC!$S626=1,"PENDING LINE",IF(CALC!$Q626=1,"STALE LINE",IF($AE626="QB UNCERTAIN","QB UNCERTAIN",IF($AF626<>"","FCS/TRANSITION UNCERTAIN",IF(OR($B626="",$C626=""),"DATA INCOMPLETE","READY"))))))))'	'=IF($A626="","",IF($AH626<>"","BLOCKED",IF($AG626<>"","FCS — NO PLAY",IF(CALC!$S626=1,"PENDING LINE",IF(CALC!$Q626=1,"STALE LINE",IF($AE626="QB UNCERTAIN","QB UNCERTAIN",IF($AF626<>"","TRANSITION UNCERTAIN",IF(OR($B626="",$C626=""),"DATA INCOMPLETE","READY"))))))))'
ENGINE	AI627	'=IF($A627="","",IF($AH627<>"","BLOCKED",IF($AG627<>"","FCS — NO PLAY",IF(CALC!$S627=1,"PENDING LINE",IF(CALC!$Q627=1,"STALE LINE",IF($AE627="QB UNCERTAIN","QB UNCERTAIN",IF($AF627<>"","FCS/TRANSITION UNCERTAIN",IF(OR($B627="",$C627=""),"DATA INCOMPLETE","READY"))))))))'	'=IF($A627="","",IF($AH627<>"","BLOCKED",IF($AG627<>"","FCS — NO PLAY",IF(CALC!$S627=1,"PENDING LINE",IF(CALC!$Q627=1,"STALE LINE",IF($AE627="QB UNCERTAIN","QB UNCERTAIN",IF($AF627<>"","TRANSITION UNCERTAIN",IF(OR($B627="",$C627=""),"DATA INCOMPLETE","READY"))))))))'
ENGINE	AI628	'=IF($A628="","",IF($AH628<>"","BLOCKED",IF($AG628<>"","FCS — NO PLAY",IF(CALC!$S628=1,"PENDING LINE",IF(CALC!$Q628=1,"STALE LINE",IF($AE628="QB UNCERTAIN","QB UNCERTAIN",IF($AF628<>"","FCS/TRANSITION UNCERTAIN",IF(OR($B628="",$C628=""),"DATA INCOMPLETE","READY"))))))))'	'=IF($A628="","",IF($AH628<>"","BLOCKED",IF($AG628<>"","FCS — NO PLAY",IF(CALC!$S628=1,"PENDING LINE",IF(CALC!$Q628=1,"STALE LINE",IF($AE628="QB UNCERTAIN","QB UNCERTAIN",IF($AF628<>"","TRANSITION UNCERTAIN",IF(OR($B628="",$C628=""),"DATA INCOMPLETE","READY"))))))))'
ENGINE	AI629	'=IF($A629="","",IF($AH629<>"","BLOCKED",IF($AG629<>"","FCS — NO PLAY",IF(CALC!$S629=1,"PENDING LINE",IF(CALC!$Q629=1,"STALE LINE",IF($AE629="QB UNCERTAIN","QB UNCERTAIN",IF($AF629<>"","FCS/TRANSITION UNCERTAIN",IF(OR($B629="",$C629=""),"DATA INCOMPLETE","READY"))))))))'	'=IF($A629="","",IF($AH629<>"","BLOCKED",IF($AG629<>"","FCS — NO PLAY",IF(CALC!$S629=1,"PENDING LINE",IF(CALC!$Q629=1,"STALE LINE",IF($AE629="QB UNCERTAIN","QB UNCERTAIN",IF($AF629<>"","TRANSITION UNCERTAIN",IF(OR($B629="",$C629=""),"DATA INCOMPLETE","READY"))))))))'
ENGINE	AI630	'=IF($A630="","",IF($AH630<>"","BLOCKED",IF($AG630<>"","FCS — NO PLAY",IF(CALC!$S630=1,"PENDING LINE",IF(CALC!$Q630=1,"STALE LINE",IF($AE630="QB UNCERTAIN","QB UNCERTAIN",IF($AF630<>"","FCS/TRANSITION UNCERTAIN",IF(OR($B630="",$C630=""),"DATA INCOMPLETE","READY"))))))))'	'=IF($A630="","",IF($AH630<>"","BLOCKED",IF($AG630<>"","FCS — NO PLAY",IF(CALC!$S630=1,"PENDING LINE",IF(CALC!$Q630=1,"STALE LINE",IF($AE630="QB UNCERTAIN","QB UNCERTAIN",IF($AF630<>"","TRANSITION UNCERTAIN",IF(OR($B630="",$C630=""),"DATA INCOMPLETE","READY"))))))))'
ENGINE	AI631	'=IF($A631="","",IF($AH631<>"","BLOCKED",IF($AG631<>"","FCS — NO PLAY",IF(CALC!$S631=1,"PENDING LINE",IF(CALC!$Q631=1,"STALE LINE",IF($AE631="QB UNCERTAIN","QB UNCERTAIN",IF($AF631<>"","FCS/TRANSITION UNCERTAIN",IF(OR($B631="",$C631=""),"DATA INCOMPLETE","READY"))))))))'	'=IF($A631="","",IF($AH631<>"","BLOCKED",IF($AG631<>"","FCS — NO PLAY",IF(CALC!$S631=1,"PENDING LINE",IF(CALC!$Q631=1,"STALE LINE",IF($AE631="QB UNCERTAIN","QB UNCERTAIN",IF($AF631<>"","TRANSITION UNCERTAIN",IF(OR($B631="",$C631=""),"DATA INCOMPLETE","READY"))))))))'
ENGINE	AI632	'=IF($A632="","",IF($AH632<>"","BLOCKED",IF($AG632<>"","FCS — NO PLAY",IF(CALC!$S632=1,"PENDING LINE",IF(CALC!$Q632=1,"STALE LINE",IF($AE632="QB UNCERTAIN","QB UNCERTAIN",IF($AF632<>"","FCS/TRANSITION UNCERTAIN",IF(OR($B632="",$C632=""),"DATA INCOMPLETE","READY"))))))))'	'=IF($A632="","",IF($AH632<>"","BLOCKED",IF($AG632<>"","FCS — NO PLAY",IF(CALC!$S632=1,"PENDING LINE",IF(CALC!$Q632=1,"STALE LINE",IF($AE632="QB UNCERTAIN","QB UNCERTAIN",IF($AF632<>"","TRANSITION UNCERTAIN",IF(OR($B632="",$C632=""),"DATA INCOMPLETE","READY"))))))))'
ENGINE	AI633	'=IF($A633="","",IF($AH633<>"","BLOCKED",IF($AG633<>"","FCS — NO PLAY",IF(CALC!$S633=1,"PENDING LINE",IF(CALC!$Q633=1,"STALE LINE",IF($AE633="QB UNCERTAIN","QB UNCERTAIN",IF($AF633<>"","FCS/TRANSITION UNCERTAIN",IF(OR($B633="",$C633=""),"DATA INCOMPLETE","READY"))))))))'	'=IF($A633="","",IF($AH633<>"","BLOCKED",IF($AG633<>"","FCS — NO PLAY",IF(CALC!$S633=1,"PENDING LINE",IF(CALC!$Q633=1,"STALE LINE",IF($AE633="QB UNCERTAIN","QB UNCERTAIN",IF($AF633<>"","TRANSITION UNCERTAIN",IF(OR($B633="",$C633=""),"DATA INCOMPLETE","READY"))))))))'
ENGINE	AI634	'=IF($A634="","",IF($AH634<>"","BLOCKED",IF($AG634<>"","FCS — NO PLAY",IF(CALC!$S634=1,"PENDING LINE",IF(CALC!$Q634=1,"STALE LINE",IF($AE634="QB UNCERTAIN","QB UNCERTAIN",IF($AF634<>"","FCS/TRANSITION UNCERTAIN",IF(OR($B634="",$C634=""),"DATA INCOMPLETE","READY"))))))))'	'=IF($A634="","",IF($AH634<>"","BLOCKED",IF($AG634<>"","FCS — NO PLAY",IF(CALC!$S634=1,"PENDING LINE",IF(CALC!$Q634=1,"STALE LINE",IF($AE634="QB UNCERTAIN","QB UNCERTAIN",IF($AF634<>"","TRANSITION UNCERTAIN",IF(OR($B634="",$C634=""),"DATA INCOMPLETE","READY"))))))))'
ENGINE	AI635	'=IF($A635="","",IF($AH635<>"","BLOCKED",IF($AG635<>"","FCS — NO PLAY",IF(CALC!$S635=1,"PENDING LINE",IF(CALC!$Q635=1,"STALE LINE",IF($AE635="QB UNCERTAIN","QB UNCERTAIN",IF($AF635<>"","FCS/TRANSITION UNCERTAIN",IF(OR($B635="",$C635=""),"DATA INCOMPLETE","READY"))))))))'	'=IF($A635="","",IF($AH635<>"","BLOCKED",IF($AG635<>"","FCS — NO PLAY",IF(CALC!$S635=1,"PENDING LINE",IF(CALC!$Q635=1,"STALE LINE",IF($AE635="QB UNCERTAIN","QB UNCERTAIN",IF($AF635<>"","TRANSITION UNCERTAIN",IF(OR($B635="",$C635=""),"DATA INCOMPLETE","READY"))))))))'
ENGINE	AI636	'=IF($A636="","",IF($AH636<>"","BLOCKED",IF($AG636<>"","FCS — NO PLAY",IF(CALC!$S636=1,"PENDING LINE",IF(CALC!$Q636=1,"STALE LINE",IF($AE636="QB UNCERTAIN","QB UNCERTAIN",IF($AF636<>"","FCS/TRANSITION UNCERTAIN",IF(OR($B636="",$C636=""),"DATA INCOMPLETE","READY"))))))))'	'=IF($A636="","",IF($AH636<>"","BLOCKED",IF($AG636<>"","FCS — NO PLAY",IF(CALC!$S636=1,"PENDING LINE",IF(CALC!$Q636=1,"STALE LINE",IF($AE636="QB UNCERTAIN","QB UNCERTAIN",IF($AF636<>"","TRANSITION UNCERTAIN",IF(OR($B636="",$C636=""),"DATA INCOMPLETE","READY"))))))))'
ENGINE	AI637	'=IF($A637="","",IF($AH637<>"","BLOCKED",IF($AG637<>"","FCS — NO PLAY",IF(CALC!$S637=1,"PENDING LINE",IF(CALC!$Q637=1,"STALE LINE",IF($AE637="QB UNCERTAIN","QB UNCERTAIN",IF($AF637<>"","FCS/TRANSITION UNCERTAIN",IF(OR($B637="",$C637=""),"DATA INCOMPLETE","READY"))))))))'	'=IF($A637="","",IF($AH637<>"","BLOCKED",IF($AG637<>"","FCS — NO PLAY",IF(CALC!$S637=1,"PENDING LINE",IF(CALC!$Q637=1,"STALE LINE",IF($AE637="QB UNCERTAIN","QB UNCERTAIN",IF($AF637<>"","TRANSITION UNCERTAIN",IF(OR($B637="",$C637=""),"DATA INCOMPLETE","READY"))))))))'
ENGINE	AI638	'=IF($A638="","",IF($AH638<>"","BLOCKED",IF($AG638<>"","FCS — NO PLAY",IF(CALC!$S638=1,"PENDING LINE",IF(CALC!$Q638=1,"STALE LINE",IF($AE638="QB UNCERTAIN","QB UNCERTAIN",IF($AF638<>"","FCS/TRANSITION UNCERTAIN",IF(OR($B638="",$C638=""),"DATA INCOMPLETE","READY"))))))))'	'=IF($A638="","",IF($AH638<>"","BLOCKED",IF($AG638<>"","FCS — NO PLAY",IF(CALC!$S638=1,"PENDING LINE",IF(CALC!$Q638=1,"STALE LINE",IF($AE638="QB UNCERTAIN","QB UNCERTAIN",IF($AF638<>"","TRANSITION UNCERTAIN",IF(OR($B638="",$C638=""),"DATA INCOMPLETE","READY"))))))))'
ENGINE	AI639	'=IF($A639="","",IF($AH639<>"","BLOCKED",IF($AG639<>"","FCS — NO PLAY",IF(CALC!$S639=1,"PENDING LINE",IF(CALC!$Q639=1,"STALE LINE",IF($AE639="QB UNCERTAIN","QB UNCERTAIN",IF($AF639<>"","FCS/TRANSITION UNCERTAIN",IF(OR($B639="",$C639=""),"DATA INCOMPLETE","READY"))))))))'	'=IF($A639="","",IF($AH639<>"","BLOCKED",IF($AG639<>"","FCS — NO PLAY",IF(CALC!$S639=1,"PENDING LINE",IF(CALC!$Q639=1,"STALE LINE",IF($AE639="QB UNCERTAIN","QB UNCERTAIN",IF($AF639<>"","TRANSITION UNCERTAIN",IF(OR($B639="",$C639=""),"DATA INCOMPLETE","READY"))))))))'
ENGINE	AI640	'=IF($A640="","",IF($AH640<>"","BLOCKED",IF($AG640<>"","FCS — NO PLAY",IF(CALC!$S640=1,"PENDING LINE",IF(CALC!$Q640=1,"STALE LINE",IF($AE640="QB UNCERTAIN","QB UNCERTAIN",IF($AF640<>"","FCS/TRANSITION UNCERTAIN",IF(OR($B640="",$C640=""),"DATA INCOMPLETE","READY"))))))))'	'=IF($A640="","",IF($AH640<>"","BLOCKED",IF($AG640<>"","FCS — NO PLAY",IF(CALC!$S640=1,"PENDING LINE",IF(CALC!$Q640=1,"STALE LINE",IF($AE640="QB UNCERTAIN","QB UNCERTAIN",IF($AF640<>"","TRANSITION UNCERTAIN",IF(OR($B640="",$C640=""),"DATA INCOMPLETE","READY"))))))))'
ENGINE	AI641	'=IF($A641="","",IF($AH641<>"","BLOCKED",IF($AG641<>"","FCS — NO PLAY",IF(CALC!$S641=1,"PENDING LINE",IF(CALC!$Q641=1,"STALE LINE",IF($AE641="QB UNCERTAIN","QB UNCERTAIN",IF($AF641<>"","FCS/TRANSITION UNCERTAIN",IF(OR($B641="",$C641=""),"DATA INCOMPLETE","READY"))))))))'	'=IF($A641="","",IF($AH641<>"","BLOCKED",IF($AG641<>"","FCS — NO PLAY",IF(CALC!$S641=1,"PENDING LINE",IF(CALC!$Q641=1,"STALE LINE",IF($AE641="QB UNCERTAIN","QB UNCERTAIN",IF($AF641<>"","TRANSITION UNCERTAIN",IF(OR($B641="",$C641=""),"DATA INCOMPLETE","READY"))))))))'
ENGINE	AI642	'=IF($A642="","",IF($AH642<>"","BLOCKED",IF($AG642<>"","FCS — NO PLAY",IF(CALC!$S642=1,"PENDING LINE",IF(CALC!$Q642=1,"STALE LINE",IF($AE642="QB UNCERTAIN","QB UNCERTAIN",IF($AF642<>"","FCS/TRANSITION UNCERTAIN",IF(OR($B642="",$C642=""),"DATA INCOMPLETE","READY"))))))))'	'=IF($A642="","",IF($AH642<>"","BLOCKED",IF($AG642<>"","FCS — NO PLAY",IF(CALC!$S642=1,"PENDING LINE",IF(CALC!$Q642=1,"STALE LINE",IF($AE642="QB UNCERTAIN","QB UNCERTAIN",IF($AF642<>"","TRANSITION UNCERTAIN",IF(OR($B642="",$C642=""),"DATA INCOMPLETE","READY"))))))))'
ENGINE	AI643	'=IF($A643="","",IF($AH643<>"","BLOCKED",IF($AG643<>"","FCS — NO PLAY",IF(CALC!$S643=1,"PENDING LINE",IF(CALC!$Q643=1,"STALE LINE",IF($AE643="QB UNCERTAIN","QB UNCERTAIN",IF($AF643<>"","FCS/TRANSITION UNCERTAIN",IF(OR($B643="",$C643=""),"DATA INCOMPLETE","READY"))))))))'	'=IF($A643="","",IF($AH643<>"","BLOCKED",IF($AG643<>"","FCS — NO PLAY",IF(CALC!$S643=1,"PENDING LINE",IF(CALC!$Q643=1,"STALE LINE",IF($AE643="QB UNCERTAIN","QB UNCERTAIN",IF($AF643<>"","TRANSITION UNCERTAIN",IF(OR($B643="",$C643=""),"DATA INCOMPLETE","READY"))))))))'
ENGINE	AI644	'=IF($A644="","",IF($AH644<>"","BLOCKED",IF($AG644<>"","FCS — NO PLAY",IF(CALC!$S644=1,"PENDING LINE",IF(CALC!$Q644=1,"STALE LINE",IF($AE644="QB UNCERTAIN","QB UNCERTAIN",IF($AF644<>"","FCS/TRANSITION UNCERTAIN",IF(OR($B644="",$C644=""),"DATA INCOMPLETE","READY"))))))))'	'=IF($A644="","",IF($AH644<>"","BLOCKED",IF($AG644<>"","FCS — NO PLAY",IF(CALC!$S644=1,"PENDING LINE",IF(CALC!$Q644=1,"STALE LINE",IF($AE644="QB UNCERTAIN","QB UNCERTAIN",IF($AF644<>"","TRANSITION UNCERTAIN",IF(OR($B644="",$C644=""),"DATA INCOMPLETE","READY"))))))))'
ENGINE	AI645	'=IF($A645="","",IF($AH645<>"","BLOCKED",IF($AG645<>"","FCS — NO PLAY",IF(CALC!$S645=1,"PENDING LINE",IF(CALC!$Q645=1,"STALE LINE",IF($AE645="QB UNCERTAIN","QB UNCERTAIN",IF($AF645<>"","FCS/TRANSITION UNCERTAIN",IF(OR($B645="",$C645=""),"DATA INCOMPLETE","READY"))))))))'	'=IF($A645="","",IF($AH645<>"","BLOCKED",IF($AG645<>"","FCS — NO PLAY",IF(CALC!$S645=1,"PENDING LINE",IF(CALC!$Q645=1,"STALE LINE",IF($AE645="QB UNCERTAIN","QB UNCERTAIN",IF($AF645<>"","TRANSITION UNCERTAIN",IF(OR($B645="",$C645=""),"DATA INCOMPLETE","READY"))))))))'
ENGINE	AI646	'=IF($A646="","",IF($AH646<>"","BLOCKED",IF($AG646<>"","FCS — NO PLAY",IF(CALC!$S646=1,"PENDING LINE",IF(CALC!$Q646=1,"STALE LINE",IF($AE646="QB UNCERTAIN","QB UNCERTAIN",IF($AF646<>"","FCS/TRANSITION UNCERTAIN",IF(OR($B646="",$C646=""),"DATA INCOMPLETE","READY"))))))))'	'=IF($A646="","",IF($AH646<>"","BLOCKED",IF($AG646<>"","FCS — NO PLAY",IF(CALC!$S646=1,"PENDING LINE",IF(CALC!$Q646=1,"STALE LINE",IF($AE646="QB UNCERTAIN","QB UNCERTAIN",IF($AF646<>"","TRANSITION UNCERTAIN",IF(OR($B646="",$C646=""),"DATA INCOMPLETE","READY"))))))))'
ENGINE	AI647	'=IF($A647="","",IF($AH647<>"","BLOCKED",IF($AG647<>"","FCS — NO PLAY",IF(CALC!$S647=1,"PENDING LINE",IF(CALC!$Q647=1,"STALE LINE",IF($AE647="QB UNCERTAIN","QB UNCERTAIN",IF($AF647<>"","FCS/TRANSITION UNCERTAIN",IF(OR($B647="",$C647=""),"DATA INCOMPLETE","READY"))))))))'	'=IF($A647="","",IF($AH647<>"","BLOCKED",IF($AG647<>"","FCS — NO PLAY",IF(CALC!$S647=1,"PENDING LINE",IF(CALC!$Q647=1,"STALE LINE",IF($AE647="QB UNCERTAIN","QB UNCERTAIN",IF($AF647<>"","TRANSITION UNCERTAIN",IF(OR($B647="",$C647=""),"DATA INCOMPLETE","READY"))))))))'
ENGINE	AI648	'=IF($A648="","",IF($AH648<>"","BLOCKED",IF($AG648<>"","FCS — NO PLAY",IF(CALC!$S648=1,"PENDING LINE",IF(CALC!$Q648=1,"STALE LINE",IF($AE648="QB UNCERTAIN","QB UNCERTAIN",IF($AF648<>"","FCS/TRANSITION UNCERTAIN",IF(OR($B648="",$C648=""),"DATA INCOMPLETE","READY"))))))))'	'=IF($A648="","",IF($AH648<>"","BLOCKED",IF($AG648<>"","FCS — NO PLAY",IF(CALC!$S648=1,"PENDING LINE",IF(CALC!$Q648=1,"STALE LINE",IF($AE648="QB UNCERTAIN","QB UNCERTAIN",IF($AF648<>"","TRANSITION UNCERTAIN",IF(OR($B648="",$C648=""),"DATA INCOMPLETE","READY"))))))))'
ENGINE	AI649	'=IF($A649="","",IF($AH649<>"","BLOCKED",IF($AG649<>"","FCS — NO PLAY",IF(CALC!$S649=1,"PENDING LINE",IF(CALC!$Q649=1,"STALE LINE",IF($AE649="QB UNCERTAIN","QB UNCERTAIN",IF($AF649<>"","FCS/TRANSITION UNCERTAIN",IF(OR($B649="",$C649=""),"DATA INCOMPLETE","READY"))))))))'	'=IF($A649="","",IF($AH649<>"","BLOCKED",IF($AG649<>"","FCS — NO PLAY",IF(CALC!$S649=1,"PENDING LINE",IF(CALC!$Q649=1,"STALE LINE",IF($AE649="QB UNCERTAIN","QB UNCERTAIN",IF($AF649<>"","TRANSITION UNCERTAIN",IF(OR($B649="",$C649=""),"DATA INCOMPLETE","READY"))))))))'
ENGINE	AI650	'=IF($A650="","",IF($AH650<>"","BLOCKED",IF($AG650<>"","FCS — NO PLAY",IF(CALC!$S650=1,"PENDING LINE",IF(CALC!$Q650=1,"STALE LINE",IF($AE650="QB UNCERTAIN","QB UNCERTAIN",IF($AF650<>"","FCS/TRANSITION UNCERTAIN",IF(OR($B650="",$C650=""),"DATA INCOMPLETE","READY"))))))))'	'=IF($A650="","",IF($AH650<>"","BLOCKED",IF($AG650<>"","FCS — NO PLAY",IF(CALC!$S650=1,"PENDING LINE",IF(CALC!$Q650=1,"STALE LINE",IF($AE650="QB UNCERTAIN","QB UNCERTAIN",IF($AF650<>"","TRANSITION UNCERTAIN",IF(OR($B650="",$C650=""),"DATA INCOMPLETE","READY"))))))))'
ENGINE	AI651	'=IF($A651="","",IF($AH651<>"","BLOCKED",IF($AG651<>"","FCS — NO PLAY",IF(CALC!$S651=1,"PENDING LINE",IF(CALC!$Q651=1,"STALE LINE",IF($AE651="QB UNCERTAIN","QB UNCERTAIN",IF($AF651<>"","FCS/TRANSITION UNCERTAIN",IF(OR($B651="",$C651=""),"DATA INCOMPLETE","READY"))))))))'	'=IF($A651="","",IF($AH651<>"","BLOCKED",IF($AG651<>"","FCS — NO PLAY",IF(CALC!$S651=1,"PENDING LINE",IF(CALC!$Q651=1,"STALE LINE",IF($AE651="QB UNCERTAIN","QB UNCERTAIN",IF($AF651<>"","TRANSITION UNCERTAIN",IF(OR($B651="",$C651=""),"DATA INCOMPLETE","READY"))))))))'
ENGINE	AI652	'=IF($A652="","",IF($AH652<>"","BLOCKED",IF($AG652<>"","FCS — NO PLAY",IF(CALC!$S652=1,"PENDING LINE",IF(CALC!$Q652=1,"STALE LINE",IF($AE652="QB UNCERTAIN","QB UNCERTAIN",IF($AF652<>"","FCS/TRANSITION UNCERTAIN",IF(OR($B652="",$C652=""),"DATA INCOMPLETE","READY"))))))))'	'=IF($A652="","",IF($AH652<>"","BLOCKED",IF($AG652<>"","FCS — NO PLAY",IF(CALC!$S652=1,"PENDING LINE",IF(CALC!$Q652=1,"STALE LINE",IF($AE652="QB UNCERTAIN","QB UNCERTAIN",IF($AF652<>"","TRANSITION UNCERTAIN",IF(OR($B652="",$C652=""),"DATA INCOMPLETE","READY"))))))))'
ENGINE	AI653	'=IF($A653="","",IF($AH653<>"","BLOCKED",IF($AG653<>"","FCS — NO PLAY",IF(CALC!$S653=1,"PENDING LINE",IF(CALC!$Q653=1,"STALE LINE",IF($AE653="QB UNCERTAIN","QB UNCERTAIN",IF($AF653<>"","FCS/TRANSITION UNCERTAIN",IF(OR($B653="",$C653=""),"DATA INCOMPLETE","READY"))))))))'	'=IF($A653="","",IF($AH653<>"","BLOCKED",IF($AG653<>"","FCS — NO PLAY",IF(CALC!$S653=1,"PENDING LINE",IF(CALC!$Q653=1,"STALE LINE",IF($AE653="QB UNCERTAIN","QB UNCERTAIN",IF($AF653<>"","TRANSITION UNCERTAIN",IF(OR($B653="",$C653=""),"DATA INCOMPLETE","READY"))))))))'
ENGINE	AI654	'=IF($A654="","",IF($AH654<>"","BLOCKED",IF($AG654<>"","FCS — NO PLAY",IF(CALC!$S654=1,"PENDING LINE",IF(CALC!$Q654=1,"STALE LINE",IF($AE654="QB UNCERTAIN","QB UNCERTAIN",IF($AF654<>"","FCS/TRANSITION UNCERTAIN",IF(OR($B654="",$C654=""),"DATA INCOMPLETE","READY"))))))))'	'=IF($A654="","",IF($AH654<>"","BLOCKED",IF($AG654<>"","FCS — NO PLAY",IF(CALC!$S654=1,"PENDING LINE",IF(CALC!$Q654=1,"STALE LINE",IF($AE654="QB UNCERTAIN","QB UNCERTAIN",IF($AF654<>"","TRANSITION UNCERTAIN",IF(OR($B654="",$C654=""),"DATA INCOMPLETE","READY"))))))))'
ENGINE	AI655	'=IF($A655="","",IF($AH655<>"","BLOCKED",IF($AG655<>"","FCS — NO PLAY",IF(CALC!$S655=1,"PENDING LINE",IF(CALC!$Q655=1,"STALE LINE",IF($AE655="QB UNCERTAIN","QB UNCERTAIN",IF($AF655<>"","FCS/TRANSITION UNCERTAIN",IF(OR($B655="",$C655=""),"DATA INCOMPLETE","READY"))))))))'	'=IF($A655="","",IF($AH655<>"","BLOCKED",IF($AG655<>"","FCS — NO PLAY",IF(CALC!$S655=1,"PENDING LINE",IF(CALC!$Q655=1,"STALE LINE",IF($AE655="QB UNCERTAIN","QB UNCERTAIN",IF($AF655<>"","TRANSITION UNCERTAIN",IF(OR($B655="",$C655=""),"DATA INCOMPLETE","READY"))))))))'
ENGINE	AI656	'=IF($A656="","",IF($AH656<>"","BLOCKED",IF($AG656<>"","FCS — NO PLAY",IF(CALC!$S656=1,"PENDING LINE",IF(CALC!$Q656=1,"STALE LINE",IF($AE656="QB UNCERTAIN","QB UNCERTAIN",IF($AF656<>"","FCS/TRANSITION UNCERTAIN",IF(OR($B656="",$C656=""),"DATA INCOMPLETE","READY"))))))))'	'=IF($A656="","",IF($AH656<>"","BLOCKED",IF($AG656<>"","FCS — NO PLAY",IF(CALC!$S656=1,"PENDING LINE",IF(CALC!$Q656=1,"STALE LINE",IF($AE656="QB UNCERTAIN","QB UNCERTAIN",IF($AF656<>"","TRANSITION UNCERTAIN",IF(OR($B656="",$C656=""),"DATA INCOMPLETE","READY"))))))))'
ENGINE	AI657	'=IF($A657="","",IF($AH657<>"","BLOCKED",IF($AG657<>"","FCS — NO PLAY",IF(CALC!$S657=1,"PENDING LINE",IF(CALC!$Q657=1,"STALE LINE",IF($AE657="QB UNCERTAIN","QB UNCERTAIN",IF($AF657<>"","FCS/TRANSITION UNCERTAIN",IF(OR($B657="",$C657=""),"DATA INCOMPLETE","READY"))))))))'	'=IF($A657="","",IF($AH657<>"","BLOCKED",IF($AG657<>"","FCS — NO PLAY",IF(CALC!$S657=1,"PENDING LINE",IF(CALC!$Q657=1,"STALE LINE",IF($AE657="QB UNCERTAIN","QB UNCERTAIN",IF($AF657<>"","TRANSITION UNCERTAIN",IF(OR($B657="",$C657=""),"DATA INCOMPLETE","READY"))))))))'
ENGINE	AI658	'=IF($A658="","",IF($AH658<>"","BLOCKED",IF($AG658<>"","FCS — NO PLAY",IF(CALC!$S658=1,"PENDING LINE",IF(CALC!$Q658=1,"STALE LINE",IF($AE658="QB UNCERTAIN","QB UNCERTAIN",IF($AF658<>"","FCS/TRANSITION UNCERTAIN",IF(OR($B658="",$C658=""),"DATA INCOMPLETE","READY"))))))))'	'=IF($A658="","",IF($AH658<>"","BLOCKED",IF($AG658<>"","FCS — NO PLAY",IF(CALC!$S658=1,"PENDING LINE",IF(CALC!$Q658=1,"STALE LINE",IF($AE658="QB UNCERTAIN","QB UNCERTAIN",IF($AF658<>"","TRANSITION UNCERTAIN",IF(OR($B658="",$C658=""),"DATA INCOMPLETE","READY"))))))))'
ENGINE	AI659	'=IF($A659="","",IF($AH659<>"","BLOCKED",IF($AG659<>"","FCS — NO PLAY",IF(CALC!$S659=1,"PENDING LINE",IF(CALC!$Q659=1,"STALE LINE",IF($AE659="QB UNCERTAIN","QB UNCERTAIN",IF($AF659<>"","FCS/TRANSITION UNCERTAIN",IF(OR($B659="",$C659=""),"DATA INCOMPLETE","READY"))))))))'	'=IF($A659="","",IF($AH659<>"","BLOCKED",IF($AG659<>"","FCS — NO PLAY",IF(CALC!$S659=1,"PENDING LINE",IF(CALC!$Q659=1,"STALE LINE",IF($AE659="QB UNCERTAIN","QB UNCERTAIN",IF($AF659<>"","TRANSITION UNCERTAIN",IF(OR($B659="",$C659=""),"DATA INCOMPLETE","READY"))))))))'
ENGINE	AI660	'=IF($A660="","",IF($AH660<>"","BLOCKED",IF($AG660<>"","FCS — NO PLAY",IF(CALC!$S660=1,"PENDING LINE",IF(CALC!$Q660=1,"STALE LINE",IF($AE660="QB UNCERTAIN","QB UNCERTAIN",IF($AF660<>"","FCS/TRANSITION UNCERTAIN",IF(OR($B660="",$C660=""),"DATA INCOMPLETE","READY"))))))))'	'=IF($A660="","",IF($AH660<>"","BLOCKED",IF($AG660<>"","FCS — NO PLAY",IF(CALC!$S660=1,"PENDING LINE",IF(CALC!$Q660=1,"STALE LINE",IF($AE660="QB UNCERTAIN","QB UNCERTAIN",IF($AF660<>"","TRANSITION UNCERTAIN",IF(OR($B660="",$C660=""),"DATA INCOMPLETE","READY"))))))))'
ENGINE	AI661	'=IF($A661="","",IF($AH661<>"","BLOCKED",IF($AG661<>"","FCS — NO PLAY",IF(CALC!$S661=1,"PENDING LINE",IF(CALC!$Q661=1,"STALE LINE",IF($AE661="QB UNCERTAIN","QB UNCERTAIN",IF($AF661<>"","FCS/TRANSITION UNCERTAIN",IF(OR($B661="",$C661=""),"DATA INCOMPLETE","READY"))))))))'	'=IF($A661="","",IF($AH661<>"","BLOCKED",IF($AG661<>"","FCS — NO PLAY",IF(CALC!$S661=1,"PENDING LINE",IF(CALC!$Q661=1,"STALE LINE",IF($AE661="QB UNCERTAIN","QB UNCERTAIN",IF($AF661<>"","TRANSITION UNCERTAIN",IF(OR($B661="",$C661=""),"DATA INCOMPLETE","READY"))))))))'
ENGINE	AI662	'=IF($A662="","",IF($AH662<>"","BLOCKED",IF($AG662<>"","FCS — NO PLAY",IF(CALC!$S662=1,"PENDING LINE",IF(CALC!$Q662=1,"STALE LINE",IF($AE662="QB UNCERTAIN","QB UNCERTAIN",IF($AF662<>"","FCS/TRANSITION UNCERTAIN",IF(OR($B662="",$C662=""),"DATA INCOMPLETE","READY"))))))))'	'=IF($A662="","",IF($AH662<>"","BLOCKED",IF($AG662<>"","FCS — NO PLAY",IF(CALC!$S662=1,"PENDING LINE",IF(CALC!$Q662=1,"STALE LINE",IF($AE662="QB UNCERTAIN","QB UNCERTAIN",IF($AF662<>"","TRANSITION UNCERTAIN",IF(OR($B662="",$C662=""),"DATA INCOMPLETE","READY"))))))))'
ENGINE	AI663	'=IF($A663="","",IF($AH663<>"","BLOCKED",IF($AG663<>"","FCS — NO PLAY",IF(CALC!$S663=1,"PENDING LINE",IF(CALC!$Q663=1,"STALE LINE",IF($AE663="QB UNCERTAIN","QB UNCERTAIN",IF($AF663<>"","FCS/TRANSITION UNCERTAIN",IF(OR($B663="",$C663=""),"DATA INCOMPLETE","READY"))))))))'	'=IF($A663="","",IF($AH663<>"","BLOCKED",IF($AG663<>"","FCS — NO PLAY",IF(CALC!$S663=1,"PENDING LINE",IF(CALC!$Q663=1,"STALE LINE",IF($AE663="QB UNCERTAIN","QB UNCERTAIN",IF($AF663<>"","TRANSITION UNCERTAIN",IF(OR($B663="",$C663=""),"DATA INCOMPLETE","READY"))))))))'
ENGINE	AI664	'=IF($A664="","",IF($AH664<>"","BLOCKED",IF($AG664<>"","FCS — NO PLAY",IF(CALC!$S664=1,"PENDING LINE",IF(CALC!$Q664=1,"STALE LINE",IF($AE664="QB UNCERTAIN","QB UNCERTAIN",IF($AF664<>"","FCS/TRANSITION UNCERTAIN",IF(OR($B664="",$C664=""),"DATA INCOMPLETE","READY"))))))))'	'=IF($A664="","",IF($AH664<>"","BLOCKED",IF($AG664<>"","FCS — NO PLAY",IF(CALC!$S664=1,"PENDING LINE",IF(CALC!$Q664=1,"STALE LINE",IF($AE664="QB UNCERTAIN","QB UNCERTAIN",IF($AF664<>"","TRANSITION UNCERTAIN",IF(OR($B664="",$C664=""),"DATA INCOMPLETE","READY"))))))))'
ENGINE	AI665	'=IF($A665="","",IF($AH665<>"","BLOCKED",IF($AG665<>"","FCS — NO PLAY",IF(CALC!$S665=1,"PENDING LINE",IF(CALC!$Q665=1,"STALE LINE",IF($AE665="QB UNCERTAIN","QB UNCERTAIN",IF($AF665<>"","FCS/TRANSITION UNCERTAIN",IF(OR($B665="",$C665=""),"DATA INCOMPLETE","READY"))))))))'	'=IF($A665="","",IF($AH665<>"","BLOCKED",IF($AG665<>"","FCS — NO PLAY",IF(CALC!$S665=1,"PENDING LINE",IF(CALC!$Q665=1,"STALE LINE",IF($AE665="QB UNCERTAIN","QB UNCERTAIN",IF($AF665<>"","TRANSITION UNCERTAIN",IF(OR($B665="",$C665=""),"DATA INCOMPLETE","READY"))))))))'
ENGINE	AI666	'=IF($A666="","",IF($AH666<>"","BLOCKED",IF($AG666<>"","FCS — NO PLAY",IF(CALC!$S666=1,"PENDING LINE",IF(CALC!$Q666=1,"STALE LINE",IF($AE666="QB UNCERTAIN","QB UNCERTAIN",IF($AF666<>"","FCS/TRANSITION UNCERTAIN",IF(OR($B666="",$C666=""),"DATA INCOMPLETE","READY"))))))))'	'=IF($A666="","",IF($AH666<>"","BLOCKED",IF($AG666<>"","FCS — NO PLAY",IF(CALC!$S666=1,"PENDING LINE",IF(CALC!$Q666=1,"STALE LINE",IF($AE666="QB UNCERTAIN","QB UNCERTAIN",IF($AF666<>"","TRANSITION UNCERTAIN",IF(OR($B666="",$C666=""),"DATA INCOMPLETE","READY"))))))))'
ENGINE	AI667	'=IF($A667="","",IF($AH667<>"","BLOCKED",IF($AG667<>"","FCS — NO PLAY",IF(CALC!$S667=1,"PENDING LINE",IF(CALC!$Q667=1,"STALE LINE",IF($AE667="QB UNCERTAIN","QB UNCERTAIN",IF($AF667<>"","FCS/TRANSITION UNCERTAIN",IF(OR($B667="",$C667=""),"DATA INCOMPLETE","READY"))))))))'	'=IF($A667="","",IF($AH667<>"","BLOCKED",IF($AG667<>"","FCS — NO PLAY",IF(CALC!$S667=1,"PENDING LINE",IF(CALC!$Q667=1,"STALE LINE",IF($AE667="QB UNCERTAIN","QB UNCERTAIN",IF($AF667<>"","TRANSITION UNCERTAIN",IF(OR($B667="",$C667=""),"DATA INCOMPLETE","READY"))))))))'
ENGINE	AI668	'=IF($A668="","",IF($AH668<>"","BLOCKED",IF($AG668<>"","FCS — NO PLAY",IF(CALC!$S668=1,"PENDING LINE",IF(CALC!$Q668=1,"STALE LINE",IF($AE668="QB UNCERTAIN","QB UNCERTAIN",IF($AF668<>"","FCS/TRANSITION UNCERTAIN",IF(OR($B668="",$C668=""),"DATA INCOMPLETE","READY"))))))))'	'=IF($A668="","",IF($AH668<>"","BLOCKED",IF($AG668<>"","FCS — NO PLAY",IF(CALC!$S668=1,"PENDING LINE",IF(CALC!$Q668=1,"STALE LINE",IF($AE668="QB UNCERTAIN","QB UNCERTAIN",IF($AF668<>"","TRANSITION UNCERTAIN",IF(OR($B668="",$C668=""),"DATA INCOMPLETE","READY"))))))))'
ENGINE	AI669	'=IF($A669="","",IF($AH669<>"","BLOCKED",IF($AG669<>"","FCS — NO PLAY",IF(CALC!$S669=1,"PENDING LINE",IF(CALC!$Q669=1,"STALE LINE",IF($AE669="QB UNCERTAIN","QB UNCERTAIN",IF($AF669<>"","FCS/TRANSITION UNCERTAIN",IF(OR($B669="",$C669=""),"DATA INCOMPLETE","READY"))))))))'	'=IF($A669="","",IF($AH669<>"","BLOCKED",IF($AG669<>"","FCS — NO PLAY",IF(CALC!$S669=1,"PENDING LINE",IF(CALC!$Q669=1,"STALE LINE",IF($AE669="QB UNCERTAIN","QB UNCERTAIN",IF($AF669<>"","TRANSITION UNCERTAIN",IF(OR($B669="",$C669=""),"DATA INCOMPLETE","READY"))))))))'
ENGINE	AI670	'=IF($A670="","",IF($AH670<>"","BLOCKED",IF($AG670<>"","FCS — NO PLAY",IF(CALC!$S670=1,"PENDING LINE",IF(CALC!$Q670=1,"STALE LINE",IF($AE670="QB UNCERTAIN","QB UNCERTAIN",IF($AF670<>"","FCS/TRANSITION UNCERTAIN",IF(OR($B670="",$C670=""),"DATA INCOMPLETE","READY"))))))))'	'=IF($A670="","",IF($AH670<>"","BLOCKED",IF($AG670<>"","FCS — NO PLAY",IF(CALC!$S670=1,"PENDING LINE",IF(CALC!$Q670=1,"STALE LINE",IF($AE670="QB UNCERTAIN","QB UNCERTAIN",IF($AF670<>"","TRANSITION UNCERTAIN",IF(OR($B670="",$C670=""),"DATA INCOMPLETE","READY"))))))))'
ENGINE	AI671	'=IF($A671="","",IF($AH671<>"","BLOCKED",IF($AG671<>"","FCS — NO PLAY",IF(CALC!$S671=1,"PENDING LINE",IF(CALC!$Q671=1,"STALE LINE",IF($AE671="QB UNCERTAIN","QB UNCERTAIN",IF($AF671<>"","FCS/TRANSITION UNCERTAIN",IF(OR($B671="",$C671=""),"DATA INCOMPLETE","READY"))))))))'	'=IF($A671="","",IF($AH671<>"","BLOCKED",IF($AG671<>"","FCS — NO PLAY",IF(CALC!$S671=1,"PENDING LINE",IF(CALC!$Q671=1,"STALE LINE",IF($AE671="QB UNCERTAIN","QB UNCERTAIN",IF($AF671<>"","TRANSITION UNCERTAIN",IF(OR($B671="",$C671=""),"DATA INCOMPLETE","READY"))))))))'
ENGINE	AI672	'=IF($A672="","",IF($AH672<>"","BLOCKED",IF($AG672<>"","FCS — NO PLAY",IF(CALC!$S672=1,"PENDING LINE",IF(CALC!$Q672=1,"STALE LINE",IF($AE672="QB UNCERTAIN","QB UNCERTAIN",IF($AF672<>"","FCS/TRANSITION UNCERTAIN",IF(OR($B672="",$C672=""),"DATA INCOMPLETE","READY"))))))))'	'=IF($A672="","",IF($AH672<>"","BLOCKED",IF($AG672<>"","FCS — NO PLAY",IF(CALC!$S672=1,"PENDING LINE",IF(CALC!$Q672=1,"STALE LINE",IF($AE672="QB UNCERTAIN","QB UNCERTAIN",IF($AF672<>"","TRANSITION UNCERTAIN",IF(OR($B672="",$C672=""),"DATA INCOMPLETE","READY"))))))))'
ENGINE	AI673	'=IF($A673="","",IF($AH673<>"","BLOCKED",IF($AG673<>"","FCS — NO PLAY",IF(CALC!$S673=1,"PENDING LINE",IF(CALC!$Q673=1,"STALE LINE",IF($AE673="QB UNCERTAIN","QB UNCERTAIN",IF($AF673<>"","FCS/TRANSITION UNCERTAIN",IF(OR($B673="",$C673=""),"DATA INCOMPLETE","READY"))))))))'	'=IF($A673="","",IF($AH673<>"","BLOCKED",IF($AG673<>"","FCS — NO PLAY",IF(CALC!$S673=1,"PENDING LINE",IF(CALC!$Q673=1,"STALE LINE",IF($AE673="QB UNCERTAIN","QB UNCERTAIN",IF($AF673<>"","TRANSITION UNCERTAIN",IF(OR($B673="",$C673=""),"DATA INCOMPLETE","READY"))))))))'
ENGINE	AI674	'=IF($A674="","",IF($AH674<>"","BLOCKED",IF($AG674<>"","FCS — NO PLAY",IF(CALC!$S674=1,"PENDING LINE",IF(CALC!$Q674=1,"STALE LINE",IF($AE674="QB UNCERTAIN","QB UNCERTAIN",IF($AF674<>"","FCS/TRANSITION UNCERTAIN",IF(OR($B674="",$C674=""),"DATA INCOMPLETE","READY"))))))))'	'=IF($A674="","",IF($AH674<>"","BLOCKED",IF($AG674<>"","FCS — NO PLAY",IF(CALC!$S674=1,"PENDING LINE",IF(CALC!$Q674=1,"STALE LINE",IF($AE674="QB UNCERTAIN","QB UNCERTAIN",IF($AF674<>"","TRANSITION UNCERTAIN",IF(OR($B674="",$C674=""),"DATA INCOMPLETE","READY"))))))))'
ENGINE	AI675	'=IF($A675="","",IF($AH675<>"","BLOCKED",IF($AG675<>"","FCS — NO PLAY",IF(CALC!$S675=1,"PENDING LINE",IF(CALC!$Q675=1,"STALE LINE",IF($AE675="QB UNCERTAIN","QB UNCERTAIN",IF($AF675<>"","FCS/TRANSITION UNCERTAIN",IF(OR($B675="",$C675=""),"DATA INCOMPLETE","READY"))))))))'	'=IF($A675="","",IF($AH675<>"","BLOCKED",IF($AG675<>"","FCS — NO PLAY",IF(CALC!$S675=1,"PENDING LINE",IF(CALC!$Q675=1,"STALE LINE",IF($AE675="QB UNCERTAIN","QB UNCERTAIN",IF($AF675<>"","TRANSITION UNCERTAIN",IF(OR($B675="",$C675=""),"DATA INCOMPLETE","READY"))))))))'
ENGINE	AI676	'=IF($A676="","",IF($AH676<>"","BLOCKED",IF($AG676<>"","FCS — NO PLAY",IF(CALC!$S676=1,"PENDING LINE",IF(CALC!$Q676=1,"STALE LINE",IF($AE676="QB UNCERTAIN","QB UNCERTAIN",IF($AF676<>"","FCS/TRANSITION UNCERTAIN",IF(OR($B676="",$C676=""),"DATA INCOMPLETE","READY"))))))))'	'=IF($A676="","",IF($AH676<>"","BLOCKED",IF($AG676<>"","FCS — NO PLAY",IF(CALC!$S676=1,"PENDING LINE",IF(CALC!$Q676=1,"STALE LINE",IF($AE676="QB UNCERTAIN","QB UNCERTAIN",IF($AF676<>"","TRANSITION UNCERTAIN",IF(OR($B676="",$C676=""),"DATA INCOMPLETE","READY"))))))))'
ENGINE	AI677	'=IF($A677="","",IF($AH677<>"","BLOCKED",IF($AG677<>"","FCS — NO PLAY",IF(CALC!$S677=1,"PENDING LINE",IF(CALC!$Q677=1,"STALE LINE",IF($AE677="QB UNCERTAIN","QB UNCERTAIN",IF($AF677<>"","FCS/TRANSITION UNCERTAIN",IF(OR($B677="",$C677=""),"DATA INCOMPLETE","READY"))))))))'	'=IF($A677="","",IF($AH677<>"","BLOCKED",IF($AG677<>"","FCS — NO PLAY",IF(CALC!$S677=1,"PENDING LINE",IF(CALC!$Q677=1,"STALE LINE",IF($AE677="QB UNCERTAIN","QB UNCERTAIN",IF($AF677<>"","TRANSITION UNCERTAIN",IF(OR($B677="",$C677=""),"DATA INCOMPLETE","READY"))))))))'
ENGINE	AI678	'=IF($A678="","",IF($AH678<>"","BLOCKED",IF($AG678<>"","FCS — NO PLAY",IF(CALC!$S678=1,"PENDING LINE",IF(CALC!$Q678=1,"STALE LINE",IF($AE678="QB UNCERTAIN","QB UNCERTAIN",IF($AF678<>"","FCS/TRANSITION UNCERTAIN",IF(OR($B678="",$C678=""),"DATA INCOMPLETE","READY"))))))))'	'=IF($A678="","",IF($AH678<>"","BLOCKED",IF($AG678<>"","FCS — NO PLAY",IF(CALC!$S678=1,"PENDING LINE",IF(CALC!$Q678=1,"STALE LINE",IF($AE678="QB UNCERTAIN","QB UNCERTAIN",IF($AF678<>"","TRANSITION UNCERTAIN",IF(OR($B678="",$C678=""),"DATA INCOMPLETE","READY"))))))))'
ENGINE	AI679	'=IF($A679="","",IF($AH679<>"","BLOCKED",IF($AG679<>"","FCS — NO PLAY",IF(CALC!$S679=1,"PENDING LINE",IF(CALC!$Q679=1,"STALE LINE",IF($AE679="QB UNCERTAIN","QB UNCERTAIN",IF($AF679<>"","FCS/TRANSITION UNCERTAIN",IF(OR($B679="",$C679=""),"DATA INCOMPLETE","READY"))))))))'	'=IF($A679="","",IF($AH679<>"","BLOCKED",IF($AG679<>"","FCS — NO PLAY",IF(CALC!$S679=1,"PENDING LINE",IF(CALC!$Q679=1,"STALE LINE",IF($AE679="QB UNCERTAIN","QB UNCERTAIN",IF($AF679<>"","TRANSITION UNCERTAIN",IF(OR($B679="",$C679=""),"DATA INCOMPLETE","READY"))))))))'
ENGINE	AI680	'=IF($A680="","",IF($AH680<>"","BLOCKED",IF($AG680<>"","FCS — NO PLAY",IF(CALC!$S680=1,"PENDING LINE",IF(CALC!$Q680=1,"STALE LINE",IF($AE680="QB UNCERTAIN","QB UNCERTAIN",IF($AF680<>"","FCS/TRANSITION UNCERTAIN",IF(OR($B680="",$C680=""),"DATA INCOMPLETE","READY"))))))))'	'=IF($A680="","",IF($AH680<>"","BLOCKED",IF($AG680<>"","FCS — NO PLAY",IF(CALC!$S680=1,"PENDING LINE",IF(CALC!$Q680=1,"STALE LINE",IF($AE680="QB UNCERTAIN","QB UNCERTAIN",IF($AF680<>"","TRANSITION UNCERTAIN",IF(OR($B680="",$C680=""),"DATA INCOMPLETE","READY"))))))))'
ENGINE	AI681	'=IF($A681="","",IF($AH681<>"","BLOCKED",IF($AG681<>"","FCS — NO PLAY",IF(CALC!$S681=1,"PENDING LINE",IF(CALC!$Q681=1,"STALE LINE",IF($AE681="QB UNCERTAIN","QB UNCERTAIN",IF($AF681<>"","FCS/TRANSITION UNCERTAIN",IF(OR($B681="",$C681=""),"DATA INCOMPLETE","READY"))))))))'	'=IF($A681="","",IF($AH681<>"","BLOCKED",IF($AG681<>"","FCS — NO PLAY",IF(CALC!$S681=1,"PENDING LINE",IF(CALC!$Q681=1,"STALE LINE",IF($AE681="QB UNCERTAIN","QB UNCERTAIN",IF($AF681<>"","TRANSITION UNCERTAIN",IF(OR($B681="",$C681=""),"DATA INCOMPLETE","READY"))))))))'
ENGINE	AI682	'=IF($A682="","",IF($AH682<>"","BLOCKED",IF($AG682<>"","FCS — NO PLAY",IF(CALC!$S682=1,"PENDING LINE",IF(CALC!$Q682=1,"STALE LINE",IF($AE682="QB UNCERTAIN","QB UNCERTAIN",IF($AF682<>"","FCS/TRANSITION UNCERTAIN",IF(OR($B682="",$C682=""),"DATA INCOMPLETE","READY"))))))))'	'=IF($A682="","",IF($AH682<>"","BLOCKED",IF($AG682<>"","FCS — NO PLAY",IF(CALC!$S682=1,"PENDING LINE",IF(CALC!$Q682=1,"STALE LINE",IF($AE682="QB UNCERTAIN","QB UNCERTAIN",IF($AF682<>"","TRANSITION UNCERTAIN",IF(OR($B682="",$C682=""),"DATA INCOMPLETE","READY"))))))))'
ENGINE	AI683	'=IF($A683="","",IF($AH683<>"","BLOCKED",IF($AG683<>"","FCS — NO PLAY",IF(CALC!$S683=1,"PENDING LINE",IF(CALC!$Q683=1,"STALE LINE",IF($AE683="QB UNCERTAIN","QB UNCERTAIN",IF($AF683<>"","FCS/TRANSITION UNCERTAIN",IF(OR($B683="",$C683=""),"DATA INCOMPLETE","READY"))))))))'	'=IF($A683="","",IF($AH683<>"","BLOCKED",IF($AG683<>"","FCS — NO PLAY",IF(CALC!$S683=1,"PENDING LINE",IF(CALC!$Q683=1,"STALE LINE",IF($AE683="QB UNCERTAIN","QB UNCERTAIN",IF($AF683<>"","TRANSITION UNCERTAIN",IF(OR($B683="",$C683=""),"DATA INCOMPLETE","READY"))))))))'
ENGINE	AI684	'=IF($A684="","",IF($AH684<>"","BLOCKED",IF($AG684<>"","FCS — NO PLAY",IF(CALC!$S684=1,"PENDING LINE",IF(CALC!$Q684=1,"STALE LINE",IF($AE684="QB UNCERTAIN","QB UNCERTAIN",IF($AF684<>"","FCS/TRANSITION UNCERTAIN",IF(OR($B684="",$C684=""),"DATA INCOMPLETE","READY"))))))))'	'=IF($A684="","",IF($AH684<>"","BLOCKED",IF($AG684<>"","FCS — NO PLAY",IF(CALC!$S684=1,"PENDING LINE",IF(CALC!$Q684=1,"STALE LINE",IF($AE684="QB UNCERTAIN","QB UNCERTAIN",IF($AF684<>"","TRANSITION UNCERTAIN",IF(OR($B684="",$C684=""),"DATA INCOMPLETE","READY"))))))))'
ENGINE	AI685	'=IF($A685="","",IF($AH685<>"","BLOCKED",IF($AG685<>"","FCS — NO PLAY",IF(CALC!$S685=1,"PENDING LINE",IF(CALC!$Q685=1,"STALE LINE",IF($AE685="QB UNCERTAIN","QB UNCERTAIN",IF($AF685<>"","FCS/TRANSITION UNCERTAIN",IF(OR($B685="",$C685=""),"DATA INCOMPLETE","READY"))))))))'	'=IF($A685="","",IF($AH685<>"","BLOCKED",IF($AG685<>"","FCS — NO PLAY",IF(CALC!$S685=1,"PENDING LINE",IF(CALC!$Q685=1,"STALE LINE",IF($AE685="QB UNCERTAIN","QB UNCERTAIN",IF($AF685<>"","TRANSITION UNCERTAIN",IF(OR($B685="",$C685=""),"DATA INCOMPLETE","READY"))))))))'
ENGINE	AI686	'=IF($A686="","",IF($AH686<>"","BLOCKED",IF($AG686<>"","FCS — NO PLAY",IF(CALC!$S686=1,"PENDING LINE",IF(CALC!$Q686=1,"STALE LINE",IF($AE686="QB UNCERTAIN","QB UNCERTAIN",IF($AF686<>"","FCS/TRANSITION UNCERTAIN",IF(OR($B686="",$C686=""),"DATA INCOMPLETE","READY"))))))))'	'=IF($A686="","",IF($AH686<>"","BLOCKED",IF($AG686<>"","FCS — NO PLAY",IF(CALC!$S686=1,"PENDING LINE",IF(CALC!$Q686=1,"STALE LINE",IF($AE686="QB UNCERTAIN","QB UNCERTAIN",IF($AF686<>"","TRANSITION UNCERTAIN",IF(OR($B686="",$C686=""),"DATA INCOMPLETE","READY"))))))))'
ENGINE	AI687	'=IF($A687="","",IF($AH687<>"","BLOCKED",IF($AG687<>"","FCS — NO PLAY",IF(CALC!$S687=1,"PENDING LINE",IF(CALC!$Q687=1,"STALE LINE",IF($AE687="QB UNCERTAIN","QB UNCERTAIN",IF($AF687<>"","FCS/TRANSITION UNCERTAIN",IF(OR($B687="",$C687=""),"DATA INCOMPLETE","READY"))))))))'	'=IF($A687="","",IF($AH687<>"","BLOCKED",IF($AG687<>"","FCS — NO PLAY",IF(CALC!$S687=1,"PENDING LINE",IF(CALC!$Q687=1,"STALE LINE",IF($AE687="QB UNCERTAIN","QB UNCERTAIN",IF($AF687<>"","TRANSITION UNCERTAIN",IF(OR($B687="",$C687=""),"DATA INCOMPLETE","READY"))))))))'
ENGINE	AI688	'=IF($A688="","",IF($AH688<>"","BLOCKED",IF($AG688<>"","FCS — NO PLAY",IF(CALC!$S688=1,"PENDING LINE",IF(CALC!$Q688=1,"STALE LINE",IF($AE688="QB UNCERTAIN","QB UNCERTAIN",IF($AF688<>"","FCS/TRANSITION UNCERTAIN",IF(OR($B688="",$C688=""),"DATA INCOMPLETE","READY"))))))))'	'=IF($A688="","",IF($AH688<>"","BLOCKED",IF($AG688<>"","FCS — NO PLAY",IF(CALC!$S688=1,"PENDING LINE",IF(CALC!$Q688=1,"STALE LINE",IF($AE688="QB UNCERTAIN","QB UNCERTAIN",IF($AF688<>"","TRANSITION UNCERTAIN",IF(OR($B688="",$C688=""),"DATA INCOMPLETE","READY"))))))))'
ENGINE	AI689	'=IF($A689="","",IF($AH689<>"","BLOCKED",IF($AG689<>"","FCS — NO PLAY",IF(CALC!$S689=1,"PENDING LINE",IF(CALC!$Q689=1,"STALE LINE",IF($AE689="QB UNCERTAIN","QB UNCERTAIN",IF($AF689<>"","FCS/TRANSITION UNCERTAIN",IF(OR($B689="",$C689=""),"DATA INCOMPLETE","READY"))))))))'	'=IF($A689="","",IF($AH689<>"","BLOCKED",IF($AG689<>"","FCS — NO PLAY",IF(CALC!$S689=1,"PENDING LINE",IF(CALC!$Q689=1,"STALE LINE",IF($AE689="QB UNCERTAIN","QB UNCERTAIN",IF($AF689<>"","TRANSITION UNCERTAIN",IF(OR($B689="",$C689=""),"DATA INCOMPLETE","READY"))))))))'
ENGINE	AI690	'=IF($A690="","",IF($AH690<>"","BLOCKED",IF($AG690<>"","FCS — NO PLAY",IF(CALC!$S690=1,"PENDING LINE",IF(CALC!$Q690=1,"STALE LINE",IF($AE690="QB UNCERTAIN","QB UNCERTAIN",IF($AF690<>"","FCS/TRANSITION UNCERTAIN",IF(OR($B690="",$C690=""),"DATA INCOMPLETE","READY"))))))))'	'=IF($A690="","",IF($AH690<>"","BLOCKED",IF($AG690<>"","FCS — NO PLAY",IF(CALC!$S690=1,"PENDING LINE",IF(CALC!$Q690=1,"STALE LINE",IF($AE690="QB UNCERTAIN","QB UNCERTAIN",IF($AF690<>"","TRANSITION UNCERTAIN",IF(OR($B690="",$C690=""),"DATA INCOMPLETE","READY"))))))))'
ENGINE	AI691	'=IF($A691="","",IF($AH691<>"","BLOCKED",IF($AG691<>"","FCS — NO PLAY",IF(CALC!$S691=1,"PENDING LINE",IF(CALC!$Q691=1,"STALE LINE",IF($AE691="QB UNCERTAIN","QB UNCERTAIN",IF($AF691<>"","FCS/TRANSITION UNCERTAIN",IF(OR($B691="",$C691=""),"DATA INCOMPLETE","READY"))))))))'	'=IF($A691="","",IF($AH691<>"","BLOCKED",IF($AG691<>"","FCS — NO PLAY",IF(CALC!$S691=1,"PENDING LINE",IF(CALC!$Q691=1,"STALE LINE",IF($AE691="QB UNCERTAIN","QB UNCERTAIN",IF($AF691<>"","TRANSITION UNCERTAIN",IF(OR($B691="",$C691=""),"DATA INCOMPLETE","READY"))))))))'
ENGINE	AI692	'=IF($A692="","",IF($AH692<>"","BLOCKED",IF($AG692<>"","FCS — NO PLAY",IF(CALC!$S692=1,"PENDING LINE",IF(CALC!$Q692=1,"STALE LINE",IF($AE692="QB UNCERTAIN","QB UNCERTAIN",IF($AF692<>"","FCS/TRANSITION UNCERTAIN",IF(OR($B692="",$C692=""),"DATA INCOMPLETE","READY"))))))))'	'=IF($A692="","",IF($AH692<>"","BLOCKED",IF($AG692<>"","FCS — NO PLAY",IF(CALC!$S692=1,"PENDING LINE",IF(CALC!$Q692=1,"STALE LINE",IF($AE692="QB UNCERTAIN","QB UNCERTAIN",IF($AF692<>"","TRANSITION UNCERTAIN",IF(OR($B692="",$C692=""),"DATA INCOMPLETE","READY"))))))))'
ENGINE	AI693	'=IF($A693="","",IF($AH693<>"","BLOCKED",IF($AG693<>"","FCS — NO PLAY",IF(CALC!$S693=1,"PENDING LINE",IF(CALC!$Q693=1,"STALE LINE",IF($AE693="QB UNCERTAIN","QB UNCERTAIN",IF($AF693<>"","FCS/TRANSITION UNCERTAIN",IF(OR($B693="",$C693=""),"DATA INCOMPLETE","READY"))))))))'	'=IF($A693="","",IF($AH693<>"","BLOCKED",IF($AG693<>"","FCS — NO PLAY",IF(CALC!$S693=1,"PENDING LINE",IF(CALC!$Q693=1,"STALE LINE",IF($AE693="QB UNCERTAIN","QB UNCERTAIN",IF($AF693<>"","TRANSITION UNCERTAIN",IF(OR($B693="",$C693=""),"DATA INCOMPLETE","READY"))))))))'
ENGINE	AI694	'=IF($A694="","",IF($AH694<>"","BLOCKED",IF($AG694<>"","FCS — NO PLAY",IF(CALC!$S694=1,"PENDING LINE",IF(CALC!$Q694=1,"STALE LINE",IF($AE694="QB UNCERTAIN","QB UNCERTAIN",IF($AF694<>"","FCS/TRANSITION UNCERTAIN",IF(OR($B694="",$C694=""),"DATA INCOMPLETE","READY"))))))))'	'=IF($A694="","",IF($AH694<>"","BLOCKED",IF($AG694<>"","FCS — NO PLAY",IF(CALC!$S694=1,"PENDING LINE",IF(CALC!$Q694=1,"STALE LINE",IF($AE694="QB UNCERTAIN","QB UNCERTAIN",IF($AF694<>"","TRANSITION UNCERTAIN",IF(OR($B694="",$C694=""),"DATA INCOMPLETE","READY"))))))))'
ENGINE	AI695	'=IF($A695="","",IF($AH695<>"","BLOCKED",IF($AG695<>"","FCS — NO PLAY",IF(CALC!$S695=1,"PENDING LINE",IF(CALC!$Q695=1,"STALE LINE",IF($AE695="QB UNCERTAIN","QB UNCERTAIN",IF($AF695<>"","FCS/TRANSITION UNCERTAIN",IF(OR($B695="",$C695=""),"DATA INCOMPLETE","READY"))))))))'	'=IF($A695="","",IF($AH695<>"","BLOCKED",IF($AG695<>"","FCS — NO PLAY",IF(CALC!$S695=1,"PENDING LINE",IF(CALC!$Q695=1,"STALE LINE",IF($AE695="QB UNCERTAIN","QB UNCERTAIN",IF($AF695<>"","TRANSITION UNCERTAIN",IF(OR($B695="",$C695=""),"DATA INCOMPLETE","READY"))))))))'
ENGINE	AI696	'=IF($A696="","",IF($AH696<>"","BLOCKED",IF($AG696<>"","FCS — NO PLAY",IF(CALC!$S696=1,"PENDING LINE",IF(CALC!$Q696=1,"STALE LINE",IF($AE696="QB UNCERTAIN","QB UNCERTAIN",IF($AF696<>"","FCS/TRANSITION UNCERTAIN",IF(OR($B696="",$C696=""),"DATA INCOMPLETE","READY"))))))))'	'=IF($A696="","",IF($AH696<>"","BLOCKED",IF($AG696<>"","FCS — NO PLAY",IF(CALC!$S696=1,"PENDING LINE",IF(CALC!$Q696=1,"STALE LINE",IF($AE696="QB UNCERTAIN","QB UNCERTAIN",IF($AF696<>"","TRANSITION UNCERTAIN",IF(OR($B696="",$C696=""),"DATA INCOMPLETE","READY"))))))))'
ENGINE	AI697	'=IF($A697="","",IF($AH697<>"","BLOCKED",IF($AG697<>"","FCS — NO PLAY",IF(CALC!$S697=1,"PENDING LINE",IF(CALC!$Q697=1,"STALE LINE",IF($AE697="QB UNCERTAIN","QB UNCERTAIN",IF($AF697<>"","FCS/TRANSITION UNCERTAIN",IF(OR($B697="",$C697=""),"DATA INCOMPLETE","READY"))))))))'	'=IF($A697="","",IF($AH697<>"","BLOCKED",IF($AG697<>"","FCS — NO PLAY",IF(CALC!$S697=1,"PENDING LINE",IF(CALC!$Q697=1,"STALE LINE",IF($AE697="QB UNCERTAIN","QB UNCERTAIN",IF($AF697<>"","TRANSITION UNCERTAIN",IF(OR($B697="",$C697=""),"DATA INCOMPLETE","READY"))))))))'
ENGINE	AI698	'=IF($A698="","",IF($AH698<>"","BLOCKED",IF($AG698<>"","FCS — NO PLAY",IF(CALC!$S698=1,"PENDING LINE",IF(CALC!$Q698=1,"STALE LINE",IF($AE698="QB UNCERTAIN","QB UNCERTAIN",IF($AF698<>"","FCS/TRANSITION UNCERTAIN",IF(OR($B698="",$C698=""),"DATA INCOMPLETE","READY"))))))))'	'=IF($A698="","",IF($AH698<>"","BLOCKED",IF($AG698<>"","FCS — NO PLAY",IF(CALC!$S698=1,"PENDING LINE",IF(CALC!$Q698=1,"STALE LINE",IF($AE698="QB UNCERTAIN","QB UNCERTAIN",IF($AF698<>"","TRANSITION UNCERTAIN",IF(OR($B698="",$C698=""),"DATA INCOMPLETE","READY"))))))))'
ENGINE	AI699	'=IF($A699="","",IF($AH699<>"","BLOCKED",IF($AG699<>"","FCS — NO PLAY",IF(CALC!$S699=1,"PENDING LINE",IF(CALC!$Q699=1,"STALE LINE",IF($AE699="QB UNCERTAIN","QB UNCERTAIN",IF($AF699<>"","FCS/TRANSITION UNCERTAIN",IF(OR($B699="",$C699=""),"DATA INCOMPLETE","READY"))))))))'	'=IF($A699="","",IF($AH699<>"","BLOCKED",IF($AG699<>"","FCS — NO PLAY",IF(CALC!$S699=1,"PENDING LINE",IF(CALC!$Q699=1,"STALE LINE",IF($AE699="QB UNCERTAIN","QB UNCERTAIN",IF($AF699<>"","TRANSITION UNCERTAIN",IF(OR($B699="",$C699=""),"DATA INCOMPLETE","READY"))))))))'
ENGINE	AI700	'=IF($A700="","",IF($AH700<>"","BLOCKED",IF($AG700<>"","FCS — NO PLAY",IF(CALC!$S700=1,"PENDING LINE",IF(CALC!$Q700=1,"STALE LINE",IF($AE700="QB UNCERTAIN","QB UNCERTAIN",IF($AF700<>"","FCS/TRANSITION UNCERTAIN",IF(OR($B700="",$C700=""),"DATA INCOMPLETE","READY"))))))))'	'=IF($A700="","",IF($AH700<>"","BLOCKED",IF($AG700<>"","FCS — NO PLAY",IF(CALC!$S700=1,"PENDING LINE",IF(CALC!$Q700=1,"STALE LINE",IF($AE700="QB UNCERTAIN","QB UNCERTAIN",IF($AF700<>"","TRANSITION UNCERTAIN",IF(OR($B700="",$C700=""),"DATA INCOMPLETE","READY"))))))))'
ENGINE	AI701	'=IF($A701="","",IF($AH701<>"","BLOCKED",IF($AG701<>"","FCS — NO PLAY",IF(CALC!$S701=1,"PENDING LINE",IF(CALC!$Q701=1,"STALE LINE",IF($AE701="QB UNCERTAIN","QB UNCERTAIN",IF($AF701<>"","FCS/TRANSITION UNCERTAIN",IF(OR($B701="",$C701=""),"DATA INCOMPLETE","READY"))))))))'	'=IF($A701="","",IF($AH701<>"","BLOCKED",IF($AG701<>"","FCS — NO PLAY",IF(CALC!$S701=1,"PENDING LINE",IF(CALC!$Q701=1,"STALE LINE",IF($AE701="QB UNCERTAIN","QB UNCERTAIN",IF($AF701<>"","TRANSITION UNCERTAIN",IF(OR($B701="",$C701=""),"DATA INCOMPLETE","READY"))))))))'
ENGINE	AI702	'=IF($A702="","",IF($AH702<>"","BLOCKED",IF($AG702<>"","FCS — NO PLAY",IF(CALC!$S702=1,"PENDING LINE",IF(CALC!$Q702=1,"STALE LINE",IF($AE702="QB UNCERTAIN","QB UNCERTAIN",IF($AF702<>"","FCS/TRANSITION UNCERTAIN",IF(OR($B702="",$C702=""),"DATA INCOMPLETE","READY"))))))))'	'=IF($A702="","",IF($AH702<>"","BLOCKED",IF($AG702<>"","FCS — NO PLAY",IF(CALC!$S702=1,"PENDING LINE",IF(CALC!$Q702=1,"STALE LINE",IF($AE702="QB UNCERTAIN","QB UNCERTAIN",IF($AF702<>"","TRANSITION UNCERTAIN",IF(OR($B702="",$C702=""),"DATA INCOMPLETE","READY"))))))))'
ENGINE	AI703	'=IF($A703="","",IF($AH703<>"","BLOCKED",IF($AG703<>"","FCS — NO PLAY",IF(CALC!$S703=1,"PENDING LINE",IF(CALC!$Q703=1,"STALE LINE",IF($AE703="QB UNCERTAIN","QB UNCERTAIN",IF($AF703<>"","FCS/TRANSITION UNCERTAIN",IF(OR($B703="",$C703=""),"DATA INCOMPLETE","READY"))))))))'	'=IF($A703="","",IF($AH703<>"","BLOCKED",IF($AG703<>"","FCS — NO PLAY",IF(CALC!$S703=1,"PENDING LINE",IF(CALC!$Q703=1,"STALE LINE",IF($AE703="QB UNCERTAIN","QB UNCERTAIN",IF($AF703<>"","TRANSITION UNCERTAIN",IF(OR($B703="",$C703=""),"DATA INCOMPLETE","READY"))))))))'
ENGINE	AI704	'=IF($A704="","",IF($AH704<>"","BLOCKED",IF($AG704<>"","FCS — NO PLAY",IF(CALC!$S704=1,"PENDING LINE",IF(CALC!$Q704=1,"STALE LINE",IF($AE704="QB UNCERTAIN","QB UNCERTAIN",IF($AF704<>"","FCS/TRANSITION UNCERTAIN",IF(OR($B704="",$C704=""),"DATA INCOMPLETE","READY"))))))))'	'=IF($A704="","",IF($AH704<>"","BLOCKED",IF($AG704<>"","FCS — NO PLAY",IF(CALC!$S704=1,"PENDING LINE",IF(CALC!$Q704=1,"STALE LINE",IF($AE704="QB UNCERTAIN","QB UNCERTAIN",IF($AF704<>"","TRANSITION UNCERTAIN",IF(OR($B704="",$C704=""),"DATA INCOMPLETE","READY"))))))))'
ENGINE	AI705	'=IF($A705="","",IF($AH705<>"","BLOCKED",IF($AG705<>"","FCS — NO PLAY",IF(CALC!$S705=1,"PENDING LINE",IF(CALC!$Q705=1,"STALE LINE",IF($AE705="QB UNCERTAIN","QB UNCERTAIN",IF($AF705<>"","FCS/TRANSITION UNCERTAIN",IF(OR($B705="",$C705=""),"DATA INCOMPLETE","READY"))))))))'	'=IF($A705="","",IF($AH705<>"","BLOCKED",IF($AG705<>"","FCS — NO PLAY",IF(CALC!$S705=1,"PENDING LINE",IF(CALC!$Q705=1,"STALE LINE",IF($AE705="QB UNCERTAIN","QB UNCERTAIN",IF($AF705<>"","TRANSITION UNCERTAIN",IF(OR($B705="",$C705=""),"DATA INCOMPLETE","READY"))))))))'
ENGINE	AI706	'=IF($A706="","",IF($AH706<>"","BLOCKED",IF($AG706<>"","FCS — NO PLAY",IF(CALC!$S706=1,"PENDING LINE",IF(CALC!$Q706=1,"STALE LINE",IF($AE706="QB UNCERTAIN","QB UNCERTAIN",IF($AF706<>"","FCS/TRANSITION UNCERTAIN",IF(OR($B706="",$C706=""),"DATA INCOMPLETE","READY"))))))))'	'=IF($A706="","",IF($AH706<>"","BLOCKED",IF($AG706<>"","FCS — NO PLAY",IF(CALC!$S706=1,"PENDING LINE",IF(CALC!$Q706=1,"STALE LINE",IF($AE706="QB UNCERTAIN","QB UNCERTAIN",IF($AF706<>"","TRANSITION UNCERTAIN",IF(OR($B706="",$C706=""),"DATA INCOMPLETE","READY"))))))))'
ENGINE	AI707	'=IF($A707="","",IF($AH707<>"","BLOCKED",IF($AG707<>"","FCS — NO PLAY",IF(CALC!$S707=1,"PENDING LINE",IF(CALC!$Q707=1,"STALE LINE",IF($AE707="QB UNCERTAIN","QB UNCERTAIN",IF($AF707<>"","FCS/TRANSITION UNCERTAIN",IF(OR($B707="",$C707=""),"DATA INCOMPLETE","READY"))))))))'	'=IF($A707="","",IF($AH707<>"","BLOCKED",IF($AG707<>"","FCS — NO PLAY",IF(CALC!$S707=1,"PENDING LINE",IF(CALC!$Q707=1,"STALE LINE",IF($AE707="QB UNCERTAIN","QB UNCERTAIN",IF($AF707<>"","TRANSITION UNCERTAIN",IF(OR($B707="",$C707=""),"DATA INCOMPLETE","READY"))))))))'
ENGINE	AI708	'=IF($A708="","",IF($AH708<>"","BLOCKED",IF($AG708<>"","FCS — NO PLAY",IF(CALC!$S708=1,"PENDING LINE",IF(CALC!$Q708=1,"STALE LINE",IF($AE708="QB UNCERTAIN","QB UNCERTAIN",IF($AF708<>"","FCS/TRANSITION UNCERTAIN",IF(OR($B708="",$C708=""),"DATA INCOMPLETE","READY"))))))))'	'=IF($A708="","",IF($AH708<>"","BLOCKED",IF($AG708<>"","FCS — NO PLAY",IF(CALC!$S708=1,"PENDING LINE",IF(CALC!$Q708=1,"STALE LINE",IF($AE708="QB UNCERTAIN","QB UNCERTAIN",IF($AF708<>"","TRANSITION UNCERTAIN",IF(OR($B708="",$C708=""),"DATA INCOMPLETE","READY"))))))))'
ENGINE	AI709	'=IF($A709="","",IF($AH709<>"","BLOCKED",IF($AG709<>"","FCS — NO PLAY",IF(CALC!$S709=1,"PENDING LINE",IF(CALC!$Q709=1,"STALE LINE",IF($AE709="QB UNCERTAIN","QB UNCERTAIN",IF($AF709<>"","FCS/TRANSITION UNCERTAIN",IF(OR($B709="",$C709=""),"DATA INCOMPLETE","READY"))))))))'	'=IF($A709="","",IF($AH709<>"","BLOCKED",IF($AG709<>"","FCS — NO PLAY",IF(CALC!$S709=1,"PENDING LINE",IF(CALC!$Q709=1,"STALE LINE",IF($AE709="QB UNCERTAIN","QB UNCERTAIN",IF($AF709<>"","TRANSITION UNCERTAIN",IF(OR($B709="",$C709=""),"DATA INCOMPLETE","READY"))))))))'
ENGINE	AI710	'=IF($A710="","",IF($AH710<>"","BLOCKED",IF($AG710<>"","FCS — NO PLAY",IF(CALC!$S710=1,"PENDING LINE",IF(CALC!$Q710=1,"STALE LINE",IF($AE710="QB UNCERTAIN","QB UNCERTAIN",IF($AF710<>"","FCS/TRANSITION UNCERTAIN",IF(OR($B710="",$C710=""),"DATA INCOMPLETE","READY"))))))))'	'=IF($A710="","",IF($AH710<>"","BLOCKED",IF($AG710<>"","FCS — NO PLAY",IF(CALC!$S710=1,"PENDING LINE",IF(CALC!$Q710=1,"STALE LINE",IF($AE710="QB UNCERTAIN","QB UNCERTAIN",IF($AF710<>"","TRANSITION UNCERTAIN",IF(OR($B710="",$C710=""),"DATA INCOMPLETE","READY"))))))))'
ENGINE	AI711	'=IF($A711="","",IF($AH711<>"","BLOCKED",IF($AG711<>"","FCS — NO PLAY",IF(CALC!$S711=1,"PENDING LINE",IF(CALC!$Q711=1,"STALE LINE",IF($AE711="QB UNCERTAIN","QB UNCERTAIN",IF($AF711<>"","FCS/TRANSITION UNCERTAIN",IF(OR($B711="",$C711=""),"DATA INCOMPLETE","READY"))))))))'	'=IF($A711="","",IF($AH711<>"","BLOCKED",IF($AG711<>"","FCS — NO PLAY",IF(CALC!$S711=1,"PENDING LINE",IF(CALC!$Q711=1,"STALE LINE",IF($AE711="QB UNCERTAIN","QB UNCERTAIN",IF($AF711<>"","TRANSITION UNCERTAIN",IF(OR($B711="",$C711=""),"DATA INCOMPLETE","READY"))))))))'
ENGINE	AI712	'=IF($A712="","",IF($AH712<>"","BLOCKED",IF($AG712<>"","FCS — NO PLAY",IF(CALC!$S712=1,"PENDING LINE",IF(CALC!$Q712=1,"STALE LINE",IF($AE712="QB UNCERTAIN","QB UNCERTAIN",IF($AF712<>"","FCS/TRANSITION UNCERTAIN",IF(OR($B712="",$C712=""),"DATA INCOMPLETE","READY"))))))))'	'=IF($A712="","",IF($AH712<>"","BLOCKED",IF($AG712<>"","FCS — NO PLAY",IF(CALC!$S712=1,"PENDING LINE",IF(CALC!$Q712=1,"STALE LINE",IF($AE712="QB UNCERTAIN","QB UNCERTAIN",IF($AF712<>"","TRANSITION UNCERTAIN",IF(OR($B712="",$C712=""),"DATA INCOMPLETE","READY"))))))))'
ENGINE	AI713	'=IF($A713="","",IF($AH713<>"","BLOCKED",IF($AG713<>"","FCS — NO PLAY",IF(CALC!$S713=1,"PENDING LINE",IF(CALC!$Q713=1,"STALE LINE",IF($AE713="QB UNCERTAIN","QB UNCERTAIN",IF($AF713<>"","FCS/TRANSITION UNCERTAIN",IF(OR($B713="",$C713=""),"DATA INCOMPLETE","READY"))))))))'	'=IF($A713="","",IF($AH713<>"","BLOCKED",IF($AG713<>"","FCS — NO PLAY",IF(CALC!$S713=1,"PENDING LINE",IF(CALC!$Q713=1,"STALE LINE",IF($AE713="QB UNCERTAIN","QB UNCERTAIN",IF($AF713<>"","TRANSITION UNCERTAIN",IF(OR($B713="",$C713=""),"DATA INCOMPLETE","READY"))))))))'
ENGINE	AI714	'=IF($A714="","",IF($AH714<>"","BLOCKED",IF($AG714<>"","FCS — NO PLAY",IF(CALC!$S714=1,"PENDING LINE",IF(CALC!$Q714=1,"STALE LINE",IF($AE714="QB UNCERTAIN","QB UNCERTAIN",IF($AF714<>"","FCS/TRANSITION UNCERTAIN",IF(OR($B714="",$C714=""),"DATA INCOMPLETE","READY"))))))))'	'=IF($A714="","",IF($AH714<>"","BLOCKED",IF($AG714<>"","FCS — NO PLAY",IF(CALC!$S714=1,"PENDING LINE",IF(CALC!$Q714=1,"STALE LINE",IF($AE714="QB UNCERTAIN","QB UNCERTAIN",IF($AF714<>"","TRANSITION UNCERTAIN",IF(OR($B714="",$C714=""),"DATA INCOMPLETE","READY"))))))))'
ENGINE	AI715	'=IF($A715="","",IF($AH715<>"","BLOCKED",IF($AG715<>"","FCS — NO PLAY",IF(CALC!$S715=1,"PENDING LINE",IF(CALC!$Q715=1,"STALE LINE",IF($AE715="QB UNCERTAIN","QB UNCERTAIN",IF($AF715<>"","FCS/TRANSITION UNCERTAIN",IF(OR($B715="",$C715=""),"DATA INCOMPLETE","READY"))))))))'	'=IF($A715="","",IF($AH715<>"","BLOCKED",IF($AG715<>"","FCS — NO PLAY",IF(CALC!$S715=1,"PENDING LINE",IF(CALC!$Q715=1,"STALE LINE",IF($AE715="QB UNCERTAIN","QB UNCERTAIN",IF($AF715<>"","TRANSITION UNCERTAIN",IF(OR($B715="",$C715=""),"DATA INCOMPLETE","READY"))))))))'
ENGINE	AI716	'=IF($A716="","",IF($AH716<>"","BLOCKED",IF($AG716<>"","FCS — NO PLAY",IF(CALC!$S716=1,"PENDING LINE",IF(CALC!$Q716=1,"STALE LINE",IF($AE716="QB UNCERTAIN","QB UNCERTAIN",IF($AF716<>"","FCS/TRANSITION UNCERTAIN",IF(OR($B716="",$C716=""),"DATA INCOMPLETE","READY"))))))))'	'=IF($A716="","",IF($AH716<>"","BLOCKED",IF($AG716<>"","FCS — NO PLAY",IF(CALC!$S716=1,"PENDING LINE",IF(CALC!$Q716=1,"STALE LINE",IF($AE716="QB UNCERTAIN","QB UNCERTAIN",IF($AF716<>"","TRANSITION UNCERTAIN",IF(OR($B716="",$C716=""),"DATA INCOMPLETE","READY"))))))))'
ENGINE	AI717	'=IF($A717="","",IF($AH717<>"","BLOCKED",IF($AG717<>"","FCS — NO PLAY",IF(CALC!$S717=1,"PENDING LINE",IF(CALC!$Q717=1,"STALE LINE",IF($AE717="QB UNCERTAIN","QB UNCERTAIN",IF($AF717<>"","FCS/TRANSITION UNCERTAIN",IF(OR($B717="",$C717=""),"DATA INCOMPLETE","READY"))))))))'	'=IF($A717="","",IF($AH717<>"","BLOCKED",IF($AG717<>"","FCS — NO PLAY",IF(CALC!$S717=1,"PENDING LINE",IF(CALC!$Q717=1,"STALE LINE",IF($AE717="QB UNCERTAIN","QB UNCERTAIN",IF($AF717<>"","TRANSITION UNCERTAIN",IF(OR($B717="",$C717=""),"DATA INCOMPLETE","READY"))))))))'
ENGINE	AI718	'=IF($A718="","",IF($AH718<>"","BLOCKED",IF($AG718<>"","FCS — NO PLAY",IF(CALC!$S718=1,"PENDING LINE",IF(CALC!$Q718=1,"STALE LINE",IF($AE718="QB UNCERTAIN","QB UNCERTAIN",IF($AF718<>"","FCS/TRANSITION UNCERTAIN",IF(OR($B718="",$C718=""),"DATA INCOMPLETE","READY"))))))))'	'=IF($A718="","",IF($AH718<>"","BLOCKED",IF($AG718<>"","FCS — NO PLAY",IF(CALC!$S718=1,"PENDING LINE",IF(CALC!$Q718=1,"STALE LINE",IF($AE718="QB UNCERTAIN","QB UNCERTAIN",IF($AF718<>"","TRANSITION UNCERTAIN",IF(OR($B718="",$C718=""),"DATA INCOMPLETE","READY"))))))))'
ENGINE	AI719	'=IF($A719="","",IF($AH719<>"","BLOCKED",IF($AG719<>"","FCS — NO PLAY",IF(CALC!$S719=1,"PENDING LINE",IF(CALC!$Q719=1,"STALE LINE",IF($AE719="QB UNCERTAIN","QB UNCERTAIN",IF($AF719<>"","FCS/TRANSITION UNCERTAIN",IF(OR($B719="",$C719=""),"DATA INCOMPLETE","READY"))))))))'	'=IF($A719="","",IF($AH719<>"","BLOCKED",IF($AG719<>"","FCS — NO PLAY",IF(CALC!$S719=1,"PENDING LINE",IF(CALC!$Q719=1,"STALE LINE",IF($AE719="QB UNCERTAIN","QB UNCERTAIN",IF($AF719<>"","TRANSITION UNCERTAIN",IF(OR($B719="",$C719=""),"DATA INCOMPLETE","READY"))))))))'
ENGINE	AI720	'=IF($A720="","",IF($AH720<>"","BLOCKED",IF($AG720<>"","FCS — NO PLAY",IF(CALC!$S720=1,"PENDING LINE",IF(CALC!$Q720=1,"STALE LINE",IF($AE720="QB UNCERTAIN","QB UNCERTAIN",IF($AF720<>"","FCS/TRANSITION UNCERTAIN",IF(OR($B720="",$C720=""),"DATA INCOMPLETE","READY"))))))))'	'=IF($A720="","",IF($AH720<>"","BLOCKED",IF($AG720<>"","FCS — NO PLAY",IF(CALC!$S720=1,"PENDING LINE",IF(CALC!$Q720=1,"STALE LINE",IF($AE720="QB UNCERTAIN","QB UNCERTAIN",IF($AF720<>"","TRANSITION UNCERTAIN",IF(OR($B720="",$C720=""),"DATA INCOMPLETE","READY"))))))))'
ENGINE	AI721	'=IF($A721="","",IF($AH721<>"","BLOCKED",IF($AG721<>"","FCS — NO PLAY",IF(CALC!$S721=1,"PENDING LINE",IF(CALC!$Q721=1,"STALE LINE",IF($AE721="QB UNCERTAIN","QB UNCERTAIN",IF($AF721<>"","FCS/TRANSITION UNCERTAIN",IF(OR($B721="",$C721=""),"DATA INCOMPLETE","READY"))))))))'	'=IF($A721="","",IF($AH721<>"","BLOCKED",IF($AG721<>"","FCS — NO PLAY",IF(CALC!$S721=1,"PENDING LINE",IF(CALC!$Q721=1,"STALE LINE",IF($AE721="QB UNCERTAIN","QB UNCERTAIN",IF($AF721<>"","TRANSITION UNCERTAIN",IF(OR($B721="",$C721=""),"DATA INCOMPLETE","READY"))))))))'
ENGINE	AI722	'=IF($A722="","",IF($AH722<>"","BLOCKED",IF($AG722<>"","FCS — NO PLAY",IF(CALC!$S722=1,"PENDING LINE",IF(CALC!$Q722=1,"STALE LINE",IF($AE722="QB UNCERTAIN","QB UNCERTAIN",IF($AF722<>"","FCS/TRANSITION UNCERTAIN",IF(OR($B722="",$C722=""),"DATA INCOMPLETE","READY"))))))))'	'=IF($A722="","",IF($AH722<>"","BLOCKED",IF($AG722<>"","FCS — NO PLAY",IF(CALC!$S722=1,"PENDING LINE",IF(CALC!$Q722=1,"STALE LINE",IF($AE722="QB UNCERTAIN","QB UNCERTAIN",IF($AF722<>"","TRANSITION UNCERTAIN",IF(OR($B722="",$C722=""),"DATA INCOMPLETE","READY"))))))))'
ENGINE	AI723	'=IF($A723="","",IF($AH723<>"","BLOCKED",IF($AG723<>"","FCS — NO PLAY",IF(CALC!$S723=1,"PENDING LINE",IF(CALC!$Q723=1,"STALE LINE",IF($AE723="QB UNCERTAIN","QB UNCERTAIN",IF($AF723<>"","FCS/TRANSITION UNCERTAIN",IF(OR($B723="",$C723=""),"DATA INCOMPLETE","READY"))))))))'	'=IF($A723="","",IF($AH723<>"","BLOCKED",IF($AG723<>"","FCS — NO PLAY",IF(CALC!$S723=1,"PENDING LINE",IF(CALC!$Q723=1,"STALE LINE",IF($AE723="QB UNCERTAIN","QB UNCERTAIN",IF($AF723<>"","TRANSITION UNCERTAIN",IF(OR($B723="",$C723=""),"DATA INCOMPLETE","READY"))))))))'
ENGINE	AI724	'=IF($A724="","",IF($AH724<>"","BLOCKED",IF($AG724<>"","FCS — NO PLAY",IF(CALC!$S724=1,"PENDING LINE",IF(CALC!$Q724=1,"STALE LINE",IF($AE724="QB UNCERTAIN","QB UNCERTAIN",IF($AF724<>"","FCS/TRANSITION UNCERTAIN",IF(OR($B724="",$C724=""),"DATA INCOMPLETE","READY"))))))))'	'=IF($A724="","",IF($AH724<>"","BLOCKED",IF($AG724<>"","FCS — NO PLAY",IF(CALC!$S724=1,"PENDING LINE",IF(CALC!$Q724=1,"STALE LINE",IF($AE724="QB UNCERTAIN","QB UNCERTAIN",IF($AF724<>"","TRANSITION UNCERTAIN",IF(OR($B724="",$C724=""),"DATA INCOMPLETE","READY"))))))))'
ENGINE	AI725	'=IF($A725="","",IF($AH725<>"","BLOCKED",IF($AG725<>"","FCS — NO PLAY",IF(CALC!$S725=1,"PENDING LINE",IF(CALC!$Q725=1,"STALE LINE",IF($AE725="QB UNCERTAIN","QB UNCERTAIN",IF($AF725<>"","FCS/TRANSITION UNCERTAIN",IF(OR($B725="",$C725=""),"DATA INCOMPLETE","READY"))))))))'	'=IF($A725="","",IF($AH725<>"","BLOCKED",IF($AG725<>"","FCS — NO PLAY",IF(CALC!$S725=1,"PENDING LINE",IF(CALC!$Q725=1,"STALE LINE",IF($AE725="QB UNCERTAIN","QB UNCERTAIN",IF($AF725<>"","TRANSITION UNCERTAIN",IF(OR($B725="",$C725=""),"DATA INCOMPLETE","READY"))))))))'
ENGINE	AI726	'=IF($A726="","",IF($AH726<>"","BLOCKED",IF($AG726<>"","FCS — NO PLAY",IF(CALC!$S726=1,"PENDING LINE",IF(CALC!$Q726=1,"STALE LINE",IF($AE726="QB UNCERTAIN","QB UNCERTAIN",IF($AF726<>"","FCS/TRANSITION UNCERTAIN",IF(OR($B726="",$C726=""),"DATA INCOMPLETE","READY"))))))))'	'=IF($A726="","",IF($AH726<>"","BLOCKED",IF($AG726<>"","FCS — NO PLAY",IF(CALC!$S726=1,"PENDING LINE",IF(CALC!$Q726=1,"STALE LINE",IF($AE726="QB UNCERTAIN","QB UNCERTAIN",IF($AF726<>"","TRANSITION UNCERTAIN",IF(OR($B726="",$C726=""),"DATA INCOMPLETE","READY"))))))))'
ENGINE	AI727	'=IF($A727="","",IF($AH727<>"","BLOCKED",IF($AG727<>"","FCS — NO PLAY",IF(CALC!$S727=1,"PENDING LINE",IF(CALC!$Q727=1,"STALE LINE",IF($AE727="QB UNCERTAIN","QB UNCERTAIN",IF($AF727<>"","FCS/TRANSITION UNCERTAIN",IF(OR($B727="",$C727=""),"DATA INCOMPLETE","READY"))))))))'	'=IF($A727="","",IF($AH727<>"","BLOCKED",IF($AG727<>"","FCS — NO PLAY",IF(CALC!$S727=1,"PENDING LINE",IF(CALC!$Q727=1,"STALE LINE",IF($AE727="QB UNCERTAIN","QB UNCERTAIN",IF($AF727<>"","TRANSITION UNCERTAIN",IF(OR($B727="",$C727=""),"DATA INCOMPLETE","READY"))))))))'
ENGINE	AI728	'=IF($A728="","",IF($AH728<>"","BLOCKED",IF($AG728<>"","FCS — NO PLAY",IF(CALC!$S728=1,"PENDING LINE",IF(CALC!$Q728=1,"STALE LINE",IF($AE728="QB UNCERTAIN","QB UNCERTAIN",IF($AF728<>"","FCS/TRANSITION UNCERTAIN",IF(OR($B728="",$C728=""),"DATA INCOMPLETE","READY"))))))))'	'=IF($A728="","",IF($AH728<>"","BLOCKED",IF($AG728<>"","FCS — NO PLAY",IF(CALC!$S728=1,"PENDING LINE",IF(CALC!$Q728=1,"STALE LINE",IF($AE728="QB UNCERTAIN","QB UNCERTAIN",IF($AF728<>"","TRANSITION UNCERTAIN",IF(OR($B728="",$C728=""),"DATA INCOMPLETE","READY"))))))))'
ENGINE	AI729	'=IF($A729="","",IF($AH729<>"","BLOCKED",IF($AG729<>"","FCS — NO PLAY",IF(CALC!$S729=1,"PENDING LINE",IF(CALC!$Q729=1,"STALE LINE",IF($AE729="QB UNCERTAIN","QB UNCERTAIN",IF($AF729<>"","FCS/TRANSITION UNCERTAIN",IF(OR($B729="",$C729=""),"DATA INCOMPLETE","READY"))))))))'	'=IF($A729="","",IF($AH729<>"","BLOCKED",IF($AG729<>"","FCS — NO PLAY",IF(CALC!$S729=1,"PENDING LINE",IF(CALC!$Q729=1,"STALE LINE",IF($AE729="QB UNCERTAIN","QB UNCERTAIN",IF($AF729<>"","TRANSITION UNCERTAIN",IF(OR($B729="",$C729=""),"DATA INCOMPLETE","READY"))))))))'
ENGINE	AI730	'=IF($A730="","",IF($AH730<>"","BLOCKED",IF($AG730<>"","FCS — NO PLAY",IF(CALC!$S730=1,"PENDING LINE",IF(CALC!$Q730=1,"STALE LINE",IF($AE730="QB UNCERTAIN","QB UNCERTAIN",IF($AF730<>"","FCS/TRANSITION UNCERTAIN",IF(OR($B730="",$C730=""),"DATA INCOMPLETE","READY"))))))))'	'=IF($A730="","",IF($AH730<>"","BLOCKED",IF($AG730<>"","FCS — NO PLAY",IF(CALC!$S730=1,"PENDING LINE",IF(CALC!$Q730=1,"STALE LINE",IF($AE730="QB UNCERTAIN","QB UNCERTAIN",IF($AF730<>"","TRANSITION UNCERTAIN",IF(OR($B730="",$C730=""),"DATA INCOMPLETE","READY"))))))))'
ENGINE	AI731	'=IF($A731="","",IF($AH731<>"","BLOCKED",IF($AG731<>"","FCS — NO PLAY",IF(CALC!$S731=1,"PENDING LINE",IF(CALC!$Q731=1,"STALE LINE",IF($AE731="QB UNCERTAIN","QB UNCERTAIN",IF($AF731<>"","FCS/TRANSITION UNCERTAIN",IF(OR($B731="",$C731=""),"DATA INCOMPLETE","READY"))))))))'	'=IF($A731="","",IF($AH731<>"","BLOCKED",IF($AG731<>"","FCS — NO PLAY",IF(CALC!$S731=1,"PENDING LINE",IF(CALC!$Q731=1,"STALE LINE",IF($AE731="QB UNCERTAIN","QB UNCERTAIN",IF($AF731<>"","TRANSITION UNCERTAIN",IF(OR($B731="",$C731=""),"DATA INCOMPLETE","READY"))))))))'
ENGINE	AI732	'=IF($A732="","",IF($AH732<>"","BLOCKED",IF($AG732<>"","FCS — NO PLAY",IF(CALC!$S732=1,"PENDING LINE",IF(CALC!$Q732=1,"STALE LINE",IF($AE732="QB UNCERTAIN","QB UNCERTAIN",IF($AF732<>"","FCS/TRANSITION UNCERTAIN",IF(OR($B732="",$C732=""),"DATA INCOMPLETE","READY"))))))))'	'=IF($A732="","",IF($AH732<>"","BLOCKED",IF($AG732<>"","FCS — NO PLAY",IF(CALC!$S732=1,"PENDING LINE",IF(CALC!$Q732=1,"STALE LINE",IF($AE732="QB UNCERTAIN","QB UNCERTAIN",IF($AF732<>"","TRANSITION UNCERTAIN",IF(OR($B732="",$C732=""),"DATA INCOMPLETE","READY"))))))))'
ENGINE	AI733	'=IF($A733="","",IF($AH733<>"","BLOCKED",IF($AG733<>"","FCS — NO PLAY",IF(CALC!$S733=1,"PENDING LINE",IF(CALC!$Q733=1,"STALE LINE",IF($AE733="QB UNCERTAIN","QB UNCERTAIN",IF($AF733<>"","FCS/TRANSITION UNCERTAIN",IF(OR($B733="",$C733=""),"DATA INCOMPLETE","READY"))))))))'	'=IF($A733="","",IF($AH733<>"","BLOCKED",IF($AG733<>"","FCS — NO PLAY",IF(CALC!$S733=1,"PENDING LINE",IF(CALC!$Q733=1,"STALE LINE",IF($AE733="QB UNCERTAIN","QB UNCERTAIN",IF($AF733<>"","TRANSITION UNCERTAIN",IF(OR($B733="",$C733=""),"DATA INCOMPLETE","READY"))))))))'
ENGINE	AI734	'=IF($A734="","",IF($AH734<>"","BLOCKED",IF($AG734<>"","FCS — NO PLAY",IF(CALC!$S734=1,"PENDING LINE",IF(CALC!$Q734=1,"STALE LINE",IF($AE734="QB UNCERTAIN","QB UNCERTAIN",IF($AF734<>"","FCS/TRANSITION UNCERTAIN",IF(OR($B734="",$C734=""),"DATA INCOMPLETE","READY"))))))))'	'=IF($A734="","",IF($AH734<>"","BLOCKED",IF($AG734<>"","FCS — NO PLAY",IF(CALC!$S734=1,"PENDING LINE",IF(CALC!$Q734=1,"STALE LINE",IF($AE734="QB UNCERTAIN","QB UNCERTAIN",IF($AF734<>"","TRANSITION UNCERTAIN",IF(OR($B734="",$C734=""),"DATA INCOMPLETE","READY"))))))))'
ENGINE	AI735	'=IF($A735="","",IF($AH735<>"","BLOCKED",IF($AG735<>"","FCS — NO PLAY",IF(CALC!$S735=1,"PENDING LINE",IF(CALC!$Q735=1,"STALE LINE",IF($AE735="QB UNCERTAIN","QB UNCERTAIN",IF($AF735<>"","FCS/TRANSITION UNCERTAIN",IF(OR($B735="",$C735=""),"DATA INCOMPLETE","READY"))))))))'	'=IF($A735="","",IF($AH735<>"","BLOCKED",IF($AG735<>"","FCS — NO PLAY",IF(CALC!$S735=1,"PENDING LINE",IF(CALC!$Q735=1,"STALE LINE",IF($AE735="QB UNCERTAIN","QB UNCERTAIN",IF($AF735<>"","TRANSITION UNCERTAIN",IF(OR($B735="",$C735=""),"DATA INCOMPLETE","READY"))))))))'
ENGINE	AI736	'=IF($A736="","",IF($AH736<>"","BLOCKED",IF($AG736<>"","FCS — NO PLAY",IF(CALC!$S736=1,"PENDING LINE",IF(CALC!$Q736=1,"STALE LINE",IF($AE736="QB UNCERTAIN","QB UNCERTAIN",IF($AF736<>"","FCS/TRANSITION UNCERTAIN",IF(OR($B736="",$C736=""),"DATA INCOMPLETE","READY"))))))))'	'=IF($A736="","",IF($AH736<>"","BLOCKED",IF($AG736<>"","FCS — NO PLAY",IF(CALC!$S736=1,"PENDING LINE",IF(CALC!$Q736=1,"STALE LINE",IF($AE736="QB UNCERTAIN","QB UNCERTAIN",IF($AF736<>"","TRANSITION UNCERTAIN",IF(OR($B736="",$C736=""),"DATA INCOMPLETE","READY"))))))))'
ENGINE	AI737	'=IF($A737="","",IF($AH737<>"","BLOCKED",IF($AG737<>"","FCS — NO PLAY",IF(CALC!$S737=1,"PENDING LINE",IF(CALC!$Q737=1,"STALE LINE",IF($AE737="QB UNCERTAIN","QB UNCERTAIN",IF($AF737<>"","FCS/TRANSITION UNCERTAIN",IF(OR($B737="",$C737=""),"DATA INCOMPLETE","READY"))))))))'	'=IF($A737="","",IF($AH737<>"","BLOCKED",IF($AG737<>"","FCS — NO PLAY",IF(CALC!$S737=1,"PENDING LINE",IF(CALC!$Q737=1,"STALE LINE",IF($AE737="QB UNCERTAIN","QB UNCERTAIN",IF($AF737<>"","TRANSITION UNCERTAIN",IF(OR($B737="",$C737=""),"DATA INCOMPLETE","READY"))))))))'
ENGINE	AI738	'=IF($A738="","",IF($AH738<>"","BLOCKED",IF($AG738<>"","FCS — NO PLAY",IF(CALC!$S738=1,"PENDING LINE",IF(CALC!$Q738=1,"STALE LINE",IF($AE738="QB UNCERTAIN","QB UNCERTAIN",IF($AF738<>"","FCS/TRANSITION UNCERTAIN",IF(OR($B738="",$C738=""),"DATA INCOMPLETE","READY"))))))))'	'=IF($A738="","",IF($AH738<>"","BLOCKED",IF($AG738<>"","FCS — NO PLAY",IF(CALC!$S738=1,"PENDING LINE",IF(CALC!$Q738=1,"STALE LINE",IF($AE738="QB UNCERTAIN","QB UNCERTAIN",IF($AF738<>"","TRANSITION UNCERTAIN",IF(OR($B738="",$C738=""),"DATA INCOMPLETE","READY"))))))))'
ENGINE	AI739	'=IF($A739="","",IF($AH739<>"","BLOCKED",IF($AG739<>"","FCS — NO PLAY",IF(CALC!$S739=1,"PENDING LINE",IF(CALC!$Q739=1,"STALE LINE",IF($AE739="QB UNCERTAIN","QB UNCERTAIN",IF($AF739<>"","FCS/TRANSITION UNCERTAIN",IF(OR($B739="",$C739=""),"DATA INCOMPLETE","READY"))))))))'	'=IF($A739="","",IF($AH739<>"","BLOCKED",IF($AG739<>"","FCS — NO PLAY",IF(CALC!$S739=1,"PENDING LINE",IF(CALC!$Q739=1,"STALE LINE",IF($AE739="QB UNCERTAIN","QB UNCERTAIN",IF($AF739<>"","TRANSITION UNCERTAIN",IF(OR($B739="",$C739=""),"DATA INCOMPLETE","READY"))))))))'
ENGINE	AI740	'=IF($A740="","",IF($AH740<>"","BLOCKED",IF($AG740<>"","FCS — NO PLAY",IF(CALC!$S740=1,"PENDING LINE",IF(CALC!$Q740=1,"STALE LINE",IF($AE740="QB UNCERTAIN","QB UNCERTAIN",IF($AF740<>"","FCS/TRANSITION UNCERTAIN",IF(OR($B740="",$C740=""),"DATA INCOMPLETE","READY"))))))))'	'=IF($A740="","",IF($AH740<>"","BLOCKED",IF($AG740<>"","FCS — NO PLAY",IF(CALC!$S740=1,"PENDING LINE",IF(CALC!$Q740=1,"STALE LINE",IF($AE740="QB UNCERTAIN","QB UNCERTAIN",IF($AF740<>"","TRANSITION UNCERTAIN",IF(OR($B740="",$C740=""),"DATA INCOMPLETE","READY"))))))))'
ENGINE	AI741	'=IF($A741="","",IF($AH741<>"","BLOCKED",IF($AG741<>"","FCS — NO PLAY",IF(CALC!$S741=1,"PENDING LINE",IF(CALC!$Q741=1,"STALE LINE",IF($AE741="QB UNCERTAIN","QB UNCERTAIN",IF($AF741<>"","FCS/TRANSITION UNCERTAIN",IF(OR($B741="",$C741=""),"DATA INCOMPLETE","READY"))))))))'	'=IF($A741="","",IF($AH741<>"","BLOCKED",IF($AG741<>"","FCS — NO PLAY",IF(CALC!$S741=1,"PENDING LINE",IF(CALC!$Q741=1,"STALE LINE",IF($AE741="QB UNCERTAIN","QB UNCERTAIN",IF($AF741<>"","TRANSITION UNCERTAIN",IF(OR($B741="",$C741=""),"DATA INCOMPLETE","READY"))))))))'
ENGINE	AI742	'=IF($A742="","",IF($AH742<>"","BLOCKED",IF($AG742<>"","FCS — NO PLAY",IF(CALC!$S742=1,"PENDING LINE",IF(CALC!$Q742=1,"STALE LINE",IF($AE742="QB UNCERTAIN","QB UNCERTAIN",IF($AF742<>"","FCS/TRANSITION UNCERTAIN",IF(OR($B742="",$C742=""),"DATA INCOMPLETE","READY"))))))))'	'=IF($A742="","",IF($AH742<>"","BLOCKED",IF($AG742<>"","FCS — NO PLAY",IF(CALC!$S742=1,"PENDING LINE",IF(CALC!$Q742=1,"STALE LINE",IF($AE742="QB UNCERTAIN","QB UNCERTAIN",IF($AF742<>"","TRANSITION UNCERTAIN",IF(OR($B742="",$C742=""),"DATA INCOMPLETE","READY"))))))))'
ENGINE	AI743	'=IF($A743="","",IF($AH743<>"","BLOCKED",IF($AG743<>"","FCS — NO PLAY",IF(CALC!$S743=1,"PENDING LINE",IF(CALC!$Q743=1,"STALE LINE",IF($AE743="QB UNCERTAIN","QB UNCERTAIN",IF($AF743<>"","FCS/TRANSITION UNCERTAIN",IF(OR($B743="",$C743=""),"DATA INCOMPLETE","READY"))))))))'	'=IF($A743="","",IF($AH743<>"","BLOCKED",IF($AG743<>"","FCS — NO PLAY",IF(CALC!$S743=1,"PENDING LINE",IF(CALC!$Q743=1,"STALE LINE",IF($AE743="QB UNCERTAIN","QB UNCERTAIN",IF($AF743<>"","TRANSITION UNCERTAIN",IF(OR($B743="",$C743=""),"DATA INCOMPLETE","READY"))))))))'
ENGINE	AI744	'=IF($A744="","",IF($AH744<>"","BLOCKED",IF($AG744<>"","FCS — NO PLAY",IF(CALC!$S744=1,"PENDING LINE",IF(CALC!$Q744=1,"STALE LINE",IF($AE744="QB UNCERTAIN","QB UNCERTAIN",IF($AF744<>"","FCS/TRANSITION UNCERTAIN",IF(OR($B744="",$C744=""),"DATA INCOMPLETE","READY"))))))))'	'=IF($A744="","",IF($AH744<>"","BLOCKED",IF($AG744<>"","FCS — NO PLAY",IF(CALC!$S744=1,"PENDING LINE",IF(CALC!$Q744=1,"STALE LINE",IF($AE744="QB UNCERTAIN","QB UNCERTAIN",IF($AF744<>"","TRANSITION UNCERTAIN",IF(OR($B744="",$C744=""),"DATA INCOMPLETE","READY"))))))))'
ENGINE	AI745	'=IF($A745="","",IF($AH745<>"","BLOCKED",IF($AG745<>"","FCS — NO PLAY",IF(CALC!$S745=1,"PENDING LINE",IF(CALC!$Q745=1,"STALE LINE",IF($AE745="QB UNCERTAIN","QB UNCERTAIN",IF($AF745<>"","FCS/TRANSITION UNCERTAIN",IF(OR($B745="",$C745=""),"DATA INCOMPLETE","READY"))))))))'	'=IF($A745="","",IF($AH745<>"","BLOCKED",IF($AG745<>"","FCS — NO PLAY",IF(CALC!$S745=1,"PENDING LINE",IF(CALC!$Q745=1,"STALE LINE",IF($AE745="QB UNCERTAIN","QB UNCERTAIN",IF($AF745<>"","TRANSITION UNCERTAIN",IF(OR($B745="",$C745=""),"DATA INCOMPLETE","READY"))))))))'
ENGINE	AI746	'=IF($A746="","",IF($AH746<>"","BLOCKED",IF($AG746<>"","FCS — NO PLAY",IF(CALC!$S746=1,"PENDING LINE",IF(CALC!$Q746=1,"STALE LINE",IF($AE746="QB UNCERTAIN","QB UNCERTAIN",IF($AF746<>"","FCS/TRANSITION UNCERTAIN",IF(OR($B746="",$C746=""),"DATA INCOMPLETE","READY"))))))))'	'=IF($A746="","",IF($AH746<>"","BLOCKED",IF($AG746<>"","FCS — NO PLAY",IF(CALC!$S746=1,"PENDING LINE",IF(CALC!$Q746=1,"STALE LINE",IF($AE746="QB UNCERTAIN","QB UNCERTAIN",IF($AF746<>"","TRANSITION UNCERTAIN",IF(OR($B746="",$C746=""),"DATA INCOMPLETE","READY"))))))))'
ENGINE	AI747	'=IF($A747="","",IF($AH747<>"","BLOCKED",IF($AG747<>"","FCS — NO PLAY",IF(CALC!$S747=1,"PENDING LINE",IF(CALC!$Q747=1,"STALE LINE",IF($AE747="QB UNCERTAIN","QB UNCERTAIN",IF($AF747<>"","FCS/TRANSITION UNCERTAIN",IF(OR($B747="",$C747=""),"DATA INCOMPLETE","READY"))))))))'	'=IF($A747="","",IF($AH747<>"","BLOCKED",IF($AG747<>"","FCS — NO PLAY",IF(CALC!$S747=1,"PENDING LINE",IF(CALC!$Q747=1,"STALE LINE",IF($AE747="QB UNCERTAIN","QB UNCERTAIN",IF($AF747<>"","TRANSITION UNCERTAIN",IF(OR($B747="",$C747=""),"DATA INCOMPLETE","READY"))))))))'
ENGINE	AI748	'=IF($A748="","",IF($AH748<>"","BLOCKED",IF($AG748<>"","FCS — NO PLAY",IF(CALC!$S748=1,"PENDING LINE",IF(CALC!$Q748=1,"STALE LINE",IF($AE748="QB UNCERTAIN","QB UNCERTAIN",IF($AF748<>"","FCS/TRANSITION UNCERTAIN",IF(OR($B748="",$C748=""),"DATA INCOMPLETE","READY"))))))))'	'=IF($A748="","",IF($AH748<>"","BLOCKED",IF($AG748<>"","FCS — NO PLAY",IF(CALC!$S748=1,"PENDING LINE",IF(CALC!$Q748=1,"STALE LINE",IF($AE748="QB UNCERTAIN","QB UNCERTAIN",IF($AF748<>"","TRANSITION UNCERTAIN",IF(OR($B748="",$C748=""),"DATA INCOMPLETE","READY"))))))))'
ENGINE	AI749	'=IF($A749="","",IF($AH749<>"","BLOCKED",IF($AG749<>"","FCS — NO PLAY",IF(CALC!$S749=1,"PENDING LINE",IF(CALC!$Q749=1,"STALE LINE",IF($AE749="QB UNCERTAIN","QB UNCERTAIN",IF($AF749<>"","FCS/TRANSITION UNCERTAIN",IF(OR($B749="",$C749=""),"DATA INCOMPLETE","READY"))))))))'	'=IF($A749="","",IF($AH749<>"","BLOCKED",IF($AG749<>"","FCS — NO PLAY",IF(CALC!$S749=1,"PENDING LINE",IF(CALC!$Q749=1,"STALE LINE",IF($AE749="QB UNCERTAIN","QB UNCERTAIN",IF($AF749<>"","TRANSITION UNCERTAIN",IF(OR($B749="",$C749=""),"DATA INCOMPLETE","READY"))))))))'
ENGINE	AI750	'=IF($A750="","",IF($AH750<>"","BLOCKED",IF($AG750<>"","FCS — NO PLAY",IF(CALC!$S750=1,"PENDING LINE",IF(CALC!$Q750=1,"STALE LINE",IF($AE750="QB UNCERTAIN","QB UNCERTAIN",IF($AF750<>"","FCS/TRANSITION UNCERTAIN",IF(OR($B750="",$C750=""),"DATA INCOMPLETE","READY"))))))))'	'=IF($A750="","",IF($AH750<>"","BLOCKED",IF($AG750<>"","FCS — NO PLAY",IF(CALC!$S750=1,"PENDING LINE",IF(CALC!$Q750=1,"STALE LINE",IF($AE750="QB UNCERTAIN","QB UNCERTAIN",IF($AF750<>"","TRANSITION UNCERTAIN",IF(OR($B750="",$C750=""),"DATA INCOMPLETE","READY"))))))))'
ENGINE	AI751	'=IF($A751="","",IF($AH751<>"","BLOCKED",IF($AG751<>"","FCS — NO PLAY",IF(CALC!$S751=1,"PENDING LINE",IF(CALC!$Q751=1,"STALE LINE",IF($AE751="QB UNCERTAIN","QB UNCERTAIN",IF($AF751<>"","FCS/TRANSITION UNCERTAIN",IF(OR($B751="",$C751=""),"DATA INCOMPLETE","READY"))))))))'	'=IF($A751="","",IF($AH751<>"","BLOCKED",IF($AG751<>"","FCS — NO PLAY",IF(CALC!$S751=1,"PENDING LINE",IF(CALC!$Q751=1,"STALE LINE",IF($AE751="QB UNCERTAIN","QB UNCERTAIN",IF($AF751<>"","TRANSITION UNCERTAIN",IF(OR($B751="",$C751=""),"DATA INCOMPLETE","READY"))))))))'
ENGINE	AI752	'=IF($A752="","",IF($AH752<>"","BLOCKED",IF($AG752<>"","FCS — NO PLAY",IF(CALC!$S752=1,"PENDING LINE",IF(CALC!$Q752=1,"STALE LINE",IF($AE752="QB UNCERTAIN","QB UNCERTAIN",IF($AF752<>"","FCS/TRANSITION UNCERTAIN",IF(OR($B752="",$C752=""),"DATA INCOMPLETE","READY"))))))))'	'=IF($A752="","",IF($AH752<>"","BLOCKED",IF($AG752<>"","FCS — NO PLAY",IF(CALC!$S752=1,"PENDING LINE",IF(CALC!$Q752=1,"STALE LINE",IF($AE752="QB UNCERTAIN","QB UNCERTAIN",IF($AF752<>"","TRANSITION UNCERTAIN",IF(OR($B752="",$C752=""),"DATA INCOMPLETE","READY"))))))))'
ENGINE	AI753	'=IF($A753="","",IF($AH753<>"","BLOCKED",IF($AG753<>"","FCS — NO PLAY",IF(CALC!$S753=1,"PENDING LINE",IF(CALC!$Q753=1,"STALE LINE",IF($AE753="QB UNCERTAIN","QB UNCERTAIN",IF($AF753<>"","FCS/TRANSITION UNCERTAIN",IF(OR($B753="",$C753=""),"DATA INCOMPLETE","READY"))))))))'	'=IF($A753="","",IF($AH753<>"","BLOCKED",IF($AG753<>"","FCS — NO PLAY",IF(CALC!$S753=1,"PENDING LINE",IF(CALC!$Q753=1,"STALE LINE",IF($AE753="QB UNCERTAIN","QB UNCERTAIN",IF($AF753<>"","TRANSITION UNCERTAIN",IF(OR($B753="",$C753=""),"DATA INCOMPLETE","READY"))))))))'
ENGINE	AI754	'=IF($A754="","",IF($AH754<>"","BLOCKED",IF($AG754<>"","FCS — NO PLAY",IF(CALC!$S754=1,"PENDING LINE",IF(CALC!$Q754=1,"STALE LINE",IF($AE754="QB UNCERTAIN","QB UNCERTAIN",IF($AF754<>"","FCS/TRANSITION UNCERTAIN",IF(OR($B754="",$C754=""),"DATA INCOMPLETE","READY"))))))))'	'=IF($A754="","",IF($AH754<>"","BLOCKED",IF($AG754<>"","FCS — NO PLAY",IF(CALC!$S754=1,"PENDING LINE",IF(CALC!$Q754=1,"STALE LINE",IF($AE754="QB UNCERTAIN","QB UNCERTAIN",IF($AF754<>"","TRANSITION UNCERTAIN",IF(OR($B754="",$C754=""),"DATA INCOMPLETE","READY"))))))))'
ENGINE	AI755	'=IF($A755="","",IF($AH755<>"","BLOCKED",IF($AG755<>"","FCS — NO PLAY",IF(CALC!$S755=1,"PENDING LINE",IF(CALC!$Q755=1,"STALE LINE",IF($AE755="QB UNCERTAIN","QB UNCERTAIN",IF($AF755<>"","FCS/TRANSITION UNCERTAIN",IF(OR($B755="",$C755=""),"DATA INCOMPLETE","READY"))))))))'	'=IF($A755="","",IF($AH755<>"","BLOCKED",IF($AG755<>"","FCS — NO PLAY",IF(CALC!$S755=1,"PENDING LINE",IF(CALC!$Q755=1,"STALE LINE",IF($AE755="QB UNCERTAIN","QB UNCERTAIN",IF($AF755<>"","TRANSITION UNCERTAIN",IF(OR($B755="",$C755=""),"DATA INCOMPLETE","READY"))))))))'
ENGINE	AI756	'=IF($A756="","",IF($AH756<>"","BLOCKED",IF($AG756<>"","FCS — NO PLAY",IF(CALC!$S756=1,"PENDING LINE",IF(CALC!$Q756=1,"STALE LINE",IF($AE756="QB UNCERTAIN","QB UNCERTAIN",IF($AF756<>"","FCS/TRANSITION UNCERTAIN",IF(OR($B756="",$C756=""),"DATA INCOMPLETE","READY"))))))))'	'=IF($A756="","",IF($AH756<>"","BLOCKED",IF($AG756<>"","FCS — NO PLAY",IF(CALC!$S756=1,"PENDING LINE",IF(CALC!$Q756=1,"STALE LINE",IF($AE756="QB UNCERTAIN","QB UNCERTAIN",IF($AF756<>"","TRANSITION UNCERTAIN",IF(OR($B756="",$C756=""),"DATA INCOMPLETE","READY"))))))))'
ENGINE	AI757	'=IF($A757="","",IF($AH757<>"","BLOCKED",IF($AG757<>"","FCS — NO PLAY",IF(CALC!$S757=1,"PENDING LINE",IF(CALC!$Q757=1,"STALE LINE",IF($AE757="QB UNCERTAIN","QB UNCERTAIN",IF($AF757<>"","FCS/TRANSITION UNCERTAIN",IF(OR($B757="",$C757=""),"DATA INCOMPLETE","READY"))))))))'	'=IF($A757="","",IF($AH757<>"","BLOCKED",IF($AG757<>"","FCS — NO PLAY",IF(CALC!$S757=1,"PENDING LINE",IF(CALC!$Q757=1,"STALE LINE",IF($AE757="QB UNCERTAIN","QB UNCERTAIN",IF($AF757<>"","TRANSITION UNCERTAIN",IF(OR($B757="",$C757=""),"DATA INCOMPLETE","READY"))))))))'
ENGINE	AI758	'=IF($A758="","",IF($AH758<>"","BLOCKED",IF($AG758<>"","FCS — NO PLAY",IF(CALC!$S758=1,"PENDING LINE",IF(CALC!$Q758=1,"STALE LINE",IF($AE758="QB UNCERTAIN","QB UNCERTAIN",IF($AF758<>"","FCS/TRANSITION UNCERTAIN",IF(OR($B758="",$C758=""),"DATA INCOMPLETE","READY"))))))))'	'=IF($A758="","",IF($AH758<>"","BLOCKED",IF($AG758<>"","FCS — NO PLAY",IF(CALC!$S758=1,"PENDING LINE",IF(CALC!$Q758=1,"STALE LINE",IF($AE758="QB UNCERTAIN","QB UNCERTAIN",IF($AF758<>"","TRANSITION UNCERTAIN",IF(OR($B758="",$C758=""),"DATA INCOMPLETE","READY"))))))))'
ENGINE	AI759	'=IF($A759="","",IF($AH759<>"","BLOCKED",IF($AG759<>"","FCS — NO PLAY",IF(CALC!$S759=1,"PENDING LINE",IF(CALC!$Q759=1,"STALE LINE",IF($AE759="QB UNCERTAIN","QB UNCERTAIN",IF($AF759<>"","FCS/TRANSITION UNCERTAIN",IF(OR($B759="",$C759=""),"DATA INCOMPLETE","READY"))))))))'	'=IF($A759="","",IF($AH759<>"","BLOCKED",IF($AG759<>"","FCS — NO PLAY",IF(CALC!$S759=1,"PENDING LINE",IF(CALC!$Q759=1,"STALE LINE",IF($AE759="QB UNCERTAIN","QB UNCERTAIN",IF($AF759<>"","TRANSITION UNCERTAIN",IF(OR($B759="",$C759=""),"DATA INCOMPLETE","READY"))))))))'
ENGINE	AI760	'=IF($A760="","",IF($AH760<>"","BLOCKED",IF($AG760<>"","FCS — NO PLAY",IF(CALC!$S760=1,"PENDING LINE",IF(CALC!$Q760=1,"STALE LINE",IF($AE760="QB UNCERTAIN","QB UNCERTAIN",IF($AF760<>"","FCS/TRANSITION UNCERTAIN",IF(OR($B760="",$C760=""),"DATA INCOMPLETE","READY"))))))))'	'=IF($A760="","",IF($AH760<>"","BLOCKED",IF($AG760<>"","FCS — NO PLAY",IF(CALC!$S760=1,"PENDING LINE",IF(CALC!$Q760=1,"STALE LINE",IF($AE760="QB UNCERTAIN","QB UNCERTAIN",IF($AF760<>"","TRANSITION UNCERTAIN",IF(OR($B760="",$C760=""),"DATA INCOMPLETE","READY"))))))))'
ENGINE	AI761	'=IF($A761="","",IF($AH761<>"","BLOCKED",IF($AG761<>"","FCS — NO PLAY",IF(CALC!$S761=1,"PENDING LINE",IF(CALC!$Q761=1,"STALE LINE",IF($AE761="QB UNCERTAIN","QB UNCERTAIN",IF($AF761<>"","FCS/TRANSITION UNCERTAIN",IF(OR($B761="",$C761=""),"DATA INCOMPLETE","READY"))))))))'	'=IF($A761="","",IF($AH761<>"","BLOCKED",IF($AG761<>"","FCS — NO PLAY",IF(CALC!$S761=1,"PENDING LINE",IF(CALC!$Q761=1,"STALE LINE",IF($AE761="QB UNCERTAIN","QB UNCERTAIN",IF($AF761<>"","TRANSITION UNCERTAIN",IF(OR($B761="",$C761=""),"DATA INCOMPLETE","READY"))))))))'
ENGINE	AI762	'=IF($A762="","",IF($AH762<>"","BLOCKED",IF($AG762<>"","FCS — NO PLAY",IF(CALC!$S762=1,"PENDING LINE",IF(CALC!$Q762=1,"STALE LINE",IF($AE762="QB UNCERTAIN","QB UNCERTAIN",IF($AF762<>"","FCS/TRANSITION UNCERTAIN",IF(OR($B762="",$C762=""),"DATA INCOMPLETE","READY"))))))))'	'=IF($A762="","",IF($AH762<>"","BLOCKED",IF($AG762<>"","FCS — NO PLAY",IF(CALC!$S762=1,"PENDING LINE",IF(CALC!$Q762=1,"STALE LINE",IF($AE762="QB UNCERTAIN","QB UNCERTAIN",IF($AF762<>"","TRANSITION UNCERTAIN",IF(OR($B762="",$C762=""),"DATA INCOMPLETE","READY"))))))))'
ENGINE	AI763	'=IF($A763="","",IF($AH763<>"","BLOCKED",IF($AG763<>"","FCS — NO PLAY",IF(CALC!$S763=1,"PENDING LINE",IF(CALC!$Q763=1,"STALE LINE",IF($AE763="QB UNCERTAIN","QB UNCERTAIN",IF($AF763<>"","FCS/TRANSITION UNCERTAIN",IF(OR($B763="",$C763=""),"DATA INCOMPLETE","READY"))))))))'	'=IF($A763="","",IF($AH763<>"","BLOCKED",IF($AG763<>"","FCS — NO PLAY",IF(CALC!$S763=1,"PENDING LINE",IF(CALC!$Q763=1,"STALE LINE",IF($AE763="QB UNCERTAIN","QB UNCERTAIN",IF($AF763<>"","TRANSITION UNCERTAIN",IF(OR($B763="",$C763=""),"DATA INCOMPLETE","READY"))))))))'
ENGINE	AI764	'=IF($A764="","",IF($AH764<>"","BLOCKED",IF($AG764<>"","FCS — NO PLAY",IF(CALC!$S764=1,"PENDING LINE",IF(CALC!$Q764=1,"STALE LINE",IF($AE764="QB UNCERTAIN","QB UNCERTAIN",IF($AF764<>"","FCS/TRANSITION UNCERTAIN",IF(OR($B764="",$C764=""),"DATA INCOMPLETE","READY"))))))))'	'=IF($A764="","",IF($AH764<>"","BLOCKED",IF($AG764<>"","FCS — NO PLAY",IF(CALC!$S764=1,"PENDING LINE",IF(CALC!$Q764=1,"STALE LINE",IF($AE764="QB UNCERTAIN","QB UNCERTAIN",IF($AF764<>"","TRANSITION UNCERTAIN",IF(OR($B764="",$C764=""),"DATA INCOMPLETE","READY"))))))))'
ENGINE	AI765	'=IF($A765="","",IF($AH765<>"","BLOCKED",IF($AG765<>"","FCS — NO PLAY",IF(CALC!$S765=1,"PENDING LINE",IF(CALC!$Q765=1,"STALE LINE",IF($AE765="QB UNCERTAIN","QB UNCERTAIN",IF($AF765<>"","FCS/TRANSITION UNCERTAIN",IF(OR($B765="",$C765=""),"DATA INCOMPLETE","READY"))))))))'	'=IF($A765="","",IF($AH765<>"","BLOCKED",IF($AG765<>"","FCS — NO PLAY",IF(CALC!$S765=1,"PENDING LINE",IF(CALC!$Q765=1,"STALE LINE",IF($AE765="QB UNCERTAIN","QB UNCERTAIN",IF($AF765<>"","TRANSITION UNCERTAIN",IF(OR($B765="",$C765=""),"DATA INCOMPLETE","READY"))))))))'
ENGINE	AI766	'=IF($A766="","",IF($AH766<>"","BLOCKED",IF($AG766<>"","FCS — NO PLAY",IF(CALC!$S766=1,"PENDING LINE",IF(CALC!$Q766=1,"STALE LINE",IF($AE766="QB UNCERTAIN","QB UNCERTAIN",IF($AF766<>"","FCS/TRANSITION UNCERTAIN",IF(OR($B766="",$C766=""),"DATA INCOMPLETE","READY"))))))))'	'=IF($A766="","",IF($AH766<>"","BLOCKED",IF($AG766<>"","FCS — NO PLAY",IF(CALC!$S766=1,"PENDING LINE",IF(CALC!$Q766=1,"STALE LINE",IF($AE766="QB UNCERTAIN","QB UNCERTAIN",IF($AF766<>"","TRANSITION UNCERTAIN",IF(OR($B766="",$C766=""),"DATA INCOMPLETE","READY"))))))))'
ENGINE	AI767	'=IF($A767="","",IF($AH767<>"","BLOCKED",IF($AG767<>"","FCS — NO PLAY",IF(CALC!$S767=1,"PENDING LINE",IF(CALC!$Q767=1,"STALE LINE",IF($AE767="QB UNCERTAIN","QB UNCERTAIN",IF($AF767<>"","FCS/TRANSITION UNCERTAIN",IF(OR($B767="",$C767=""),"DATA INCOMPLETE","READY"))))))))'	'=IF($A767="","",IF($AH767<>"","BLOCKED",IF($AG767<>"","FCS — NO PLAY",IF(CALC!$S767=1,"PENDING LINE",IF(CALC!$Q767=1,"STALE LINE",IF($AE767="QB UNCERTAIN","QB UNCERTAIN",IF($AF767<>"","TRANSITION UNCERTAIN",IF(OR($B767="",$C767=""),"DATA INCOMPLETE","READY"))))))))'
ENGINE	AI768	'=IF($A768="","",IF($AH768<>"","BLOCKED",IF($AG768<>"","FCS — NO PLAY",IF(CALC!$S768=1,"PENDING LINE",IF(CALC!$Q768=1,"STALE LINE",IF($AE768="QB UNCERTAIN","QB UNCERTAIN",IF($AF768<>"","FCS/TRANSITION UNCERTAIN",IF(OR($B768="",$C768=""),"DATA INCOMPLETE","READY"))))))))'	'=IF($A768="","",IF($AH768<>"","BLOCKED",IF($AG768<>"","FCS — NO PLAY",IF(CALC!$S768=1,"PENDING LINE",IF(CALC!$Q768=1,"STALE LINE",IF($AE768="QB UNCERTAIN","QB UNCERTAIN",IF($AF768<>"","TRANSITION UNCERTAIN",IF(OR($B768="",$C768=""),"DATA INCOMPLETE","READY"))))))))'
ENGINE	AI769	'=IF($A769="","",IF($AH769<>"","BLOCKED",IF($AG769<>"","FCS — NO PLAY",IF(CALC!$S769=1,"PENDING LINE",IF(CALC!$Q769=1,"STALE LINE",IF($AE769="QB UNCERTAIN","QB UNCERTAIN",IF($AF769<>"","FCS/TRANSITION UNCERTAIN",IF(OR($B769="",$C769=""),"DATA INCOMPLETE","READY"))))))))'	'=IF($A769="","",IF($AH769<>"","BLOCKED",IF($AG769<>"","FCS — NO PLAY",IF(CALC!$S769=1,"PENDING LINE",IF(CALC!$Q769=1,"STALE LINE",IF($AE769="QB UNCERTAIN","QB UNCERTAIN",IF($AF769<>"","TRANSITION UNCERTAIN",IF(OR($B769="",$C769=""),"DATA INCOMPLETE","READY"))))))))'
ENGINE	AI770	'=IF($A770="","",IF($AH770<>"","BLOCKED",IF($AG770<>"","FCS — NO PLAY",IF(CALC!$S770=1,"PENDING LINE",IF(CALC!$Q770=1,"STALE LINE",IF($AE770="QB UNCERTAIN","QB UNCERTAIN",IF($AF770<>"","FCS/TRANSITION UNCERTAIN",IF(OR($B770="",$C770=""),"DATA INCOMPLETE","READY"))))))))'	'=IF($A770="","",IF($AH770<>"","BLOCKED",IF($AG770<>"","FCS — NO PLAY",IF(CALC!$S770=1,"PENDING LINE",IF(CALC!$Q770=1,"STALE LINE",IF($AE770="QB UNCERTAIN","QB UNCERTAIN",IF($AF770<>"","TRANSITION UNCERTAIN",IF(OR($B770="",$C770=""),"DATA INCOMPLETE","READY"))))))))'
ENGINE	AI771	'=IF($A771="","",IF($AH771<>"","BLOCKED",IF($AG771<>"","FCS — NO PLAY",IF(CALC!$S771=1,"PENDING LINE",IF(CALC!$Q771=1,"STALE LINE",IF($AE771="QB UNCERTAIN","QB UNCERTAIN",IF($AF771<>"","FCS/TRANSITION UNCERTAIN",IF(OR($B771="",$C771=""),"DATA INCOMPLETE","READY"))))))))'	'=IF($A771="","",IF($AH771<>"","BLOCKED",IF($AG771<>"","FCS — NO PLAY",IF(CALC!$S771=1,"PENDING LINE",IF(CALC!$Q771=1,"STALE LINE",IF($AE771="QB UNCERTAIN","QB UNCERTAIN",IF($AF771<>"","TRANSITION UNCERTAIN",IF(OR($B771="",$C771=""),"DATA INCOMPLETE","READY"))))))))'
ENGINE	AI772	'=IF($A772="","",IF($AH772<>"","BLOCKED",IF($AG772<>"","FCS — NO PLAY",IF(CALC!$S772=1,"PENDING LINE",IF(CALC!$Q772=1,"STALE LINE",IF($AE772="QB UNCERTAIN","QB UNCERTAIN",IF($AF772<>"","FCS/TRANSITION UNCERTAIN",IF(OR($B772="",$C772=""),"DATA INCOMPLETE","READY"))))))))'	'=IF($A772="","",IF($AH772<>"","BLOCKED",IF($AG772<>"","FCS — NO PLAY",IF(CALC!$S772=1,"PENDING LINE",IF(CALC!$Q772=1,"STALE LINE",IF($AE772="QB UNCERTAIN","QB UNCERTAIN",IF($AF772<>"","TRANSITION UNCERTAIN",IF(OR($B772="",$C772=""),"DATA INCOMPLETE","READY"))))))))'
ENGINE	AI773	'=IF($A773="","",IF($AH773<>"","BLOCKED",IF($AG773<>"","FCS — NO PLAY",IF(CALC!$S773=1,"PENDING LINE",IF(CALC!$Q773=1,"STALE LINE",IF($AE773="QB UNCERTAIN","QB UNCERTAIN",IF($AF773<>"","FCS/TRANSITION UNCERTAIN",IF(OR($B773="",$C773=""),"DATA INCOMPLETE","READY"))))))))'	'=IF($A773="","",IF($AH773<>"","BLOCKED",IF($AG773<>"","FCS — NO PLAY",IF(CALC!$S773=1,"PENDING LINE",IF(CALC!$Q773=1,"STALE LINE",IF($AE773="QB UNCERTAIN","QB UNCERTAIN",IF($AF773<>"","TRANSITION UNCERTAIN",IF(OR($B773="",$C773=""),"DATA INCOMPLETE","READY"))))))))'
ENGINE	AI774	'=IF($A774="","",IF($AH774<>"","BLOCKED",IF($AG774<>"","FCS — NO PLAY",IF(CALC!$S774=1,"PENDING LINE",IF(CALC!$Q774=1,"STALE LINE",IF($AE774="QB UNCERTAIN","QB UNCERTAIN",IF($AF774<>"","FCS/TRANSITION UNCERTAIN",IF(OR($B774="",$C774=""),"DATA INCOMPLETE","READY"))))))))'	'=IF($A774="","",IF($AH774<>"","BLOCKED",IF($AG774<>"","FCS — NO PLAY",IF(CALC!$S774=1,"PENDING LINE",IF(CALC!$Q774=1,"STALE LINE",IF($AE774="QB UNCERTAIN","QB UNCERTAIN",IF($AF774<>"","TRANSITION UNCERTAIN",IF(OR($B774="",$C774=""),"DATA INCOMPLETE","READY"))))))))'
ENGINE	AI775	'=IF($A775="","",IF($AH775<>"","BLOCKED",IF($AG775<>"","FCS — NO PLAY",IF(CALC!$S775=1,"PENDING LINE",IF(CALC!$Q775=1,"STALE LINE",IF($AE775="QB UNCERTAIN","QB UNCERTAIN",IF($AF775<>"","FCS/TRANSITION UNCERTAIN",IF(OR($B775="",$C775=""),"DATA INCOMPLETE","READY"))))))))'	'=IF($A775="","",IF($AH775<>"","BLOCKED",IF($AG775<>"","FCS — NO PLAY",IF(CALC!$S775=1,"PENDING LINE",IF(CALC!$Q775=1,"STALE LINE",IF($AE775="QB UNCERTAIN","QB UNCERTAIN",IF($AF775<>"","TRANSITION UNCERTAIN",IF(OR($B775="",$C775=""),"DATA INCOMPLETE","READY"))))))))'
ENGINE	AI776	'=IF($A776="","",IF($AH776<>"","BLOCKED",IF($AG776<>"","FCS — NO PLAY",IF(CALC!$S776=1,"PENDING LINE",IF(CALC!$Q776=1,"STALE LINE",IF($AE776="QB UNCERTAIN","QB UNCERTAIN",IF($AF776<>"","FCS/TRANSITION UNCERTAIN",IF(OR($B776="",$C776=""),"DATA INCOMPLETE","READY"))))))))'	'=IF($A776="","",IF($AH776<>"","BLOCKED",IF($AG776<>"","FCS — NO PLAY",IF(CALC!$S776=1,"PENDING LINE",IF(CALC!$Q776=1,"STALE LINE",IF($AE776="QB UNCERTAIN","QB UNCERTAIN",IF($AF776<>"","TRANSITION UNCERTAIN",IF(OR($B776="",$C776=""),"DATA INCOMPLETE","READY"))))))))'
ENGINE	AI777	'=IF($A777="","",IF($AH777<>"","BLOCKED",IF($AG777<>"","FCS — NO PLAY",IF(CALC!$S777=1,"PENDING LINE",IF(CALC!$Q777=1,"STALE LINE",IF($AE777="QB UNCERTAIN","QB UNCERTAIN",IF($AF777<>"","FCS/TRANSITION UNCERTAIN",IF(OR($B777="",$C777=""),"DATA INCOMPLETE","READY"))))))))'	'=IF($A777="","",IF($AH777<>"","BLOCKED",IF($AG777<>"","FCS — NO PLAY",IF(CALC!$S777=1,"PENDING LINE",IF(CALC!$Q777=1,"STALE LINE",IF($AE777="QB UNCERTAIN","QB UNCERTAIN",IF($AF777<>"","TRANSITION UNCERTAIN",IF(OR($B777="",$C777=""),"DATA INCOMPLETE","READY"))))))))'
ENGINE	AI778	'=IF($A778="","",IF($AH778<>"","BLOCKED",IF($AG778<>"","FCS — NO PLAY",IF(CALC!$S778=1,"PENDING LINE",IF(CALC!$Q778=1,"STALE LINE",IF($AE778="QB UNCERTAIN","QB UNCERTAIN",IF($AF778<>"","FCS/TRANSITION UNCERTAIN",IF(OR($B778="",$C778=""),"DATA INCOMPLETE","READY"))))))))'	'=IF($A778="","",IF($AH778<>"","BLOCKED",IF($AG778<>"","FCS — NO PLAY",IF(CALC!$S778=1,"PENDING LINE",IF(CALC!$Q778=1,"STALE LINE",IF($AE778="QB UNCERTAIN","QB UNCERTAIN",IF($AF778<>"","TRANSITION UNCERTAIN",IF(OR($B778="",$C778=""),"DATA INCOMPLETE","READY"))))))))'
ENGINE	AI779	'=IF($A779="","",IF($AH779<>"","BLOCKED",IF($AG779<>"","FCS — NO PLAY",IF(CALC!$S779=1,"PENDING LINE",IF(CALC!$Q779=1,"STALE LINE",IF($AE779="QB UNCERTAIN","QB UNCERTAIN",IF($AF779<>"","FCS/TRANSITION UNCERTAIN",IF(OR($B779="",$C779=""),"DATA INCOMPLETE","READY"))))))))'	'=IF($A779="","",IF($AH779<>"","BLOCKED",IF($AG779<>"","FCS — NO PLAY",IF(CALC!$S779=1,"PENDING LINE",IF(CALC!$Q779=1,"STALE LINE",IF($AE779="QB UNCERTAIN","QB UNCERTAIN",IF($AF779<>"","TRANSITION UNCERTAIN",IF(OR($B779="",$C779=""),"DATA INCOMPLETE","READY"))))))))'
ENGINE	AI780	'=IF($A780="","",IF($AH780<>"","BLOCKED",IF($AG780<>"","FCS — NO PLAY",IF(CALC!$S780=1,"PENDING LINE",IF(CALC!$Q780=1,"STALE LINE",IF($AE780="QB UNCERTAIN","QB UNCERTAIN",IF($AF780<>"","FCS/TRANSITION UNCERTAIN",IF(OR($B780="",$C780=""),"DATA INCOMPLETE","READY"))))))))'	'=IF($A780="","",IF($AH780<>"","BLOCKED",IF($AG780<>"","FCS — NO PLAY",IF(CALC!$S780=1,"PENDING LINE",IF(CALC!$Q780=1,"STALE LINE",IF($AE780="QB UNCERTAIN","QB UNCERTAIN",IF($AF780<>"","TRANSITION UNCERTAIN",IF(OR($B780="",$C780=""),"DATA INCOMPLETE","READY"))))))))'
ENGINE	AI781	'=IF($A781="","",IF($AH781<>"","BLOCKED",IF($AG781<>"","FCS — NO PLAY",IF(CALC!$S781=1,"PENDING LINE",IF(CALC!$Q781=1,"STALE LINE",IF($AE781="QB UNCERTAIN","QB UNCERTAIN",IF($AF781<>"","FCS/TRANSITION UNCERTAIN",IF(OR($B781="",$C781=""),"DATA INCOMPLETE","READY"))))))))'	'=IF($A781="","",IF($AH781<>"","BLOCKED",IF($AG781<>"","FCS — NO PLAY",IF(CALC!$S781=1,"PENDING LINE",IF(CALC!$Q781=1,"STALE LINE",IF($AE781="QB UNCERTAIN","QB UNCERTAIN",IF($AF781<>"","TRANSITION UNCERTAIN",IF(OR($B781="",$C781=""),"DATA INCOMPLETE","READY"))))))))'
ENGINE	AI782	'=IF($A782="","",IF($AH782<>"","BLOCKED",IF($AG782<>"","FCS — NO PLAY",IF(CALC!$S782=1,"PENDING LINE",IF(CALC!$Q782=1,"STALE LINE",IF($AE782="QB UNCERTAIN","QB UNCERTAIN",IF($AF782<>"","FCS/TRANSITION UNCERTAIN",IF(OR($B782="",$C782=""),"DATA INCOMPLETE","READY"))))))))'	'=IF($A782="","",IF($AH782<>"","BLOCKED",IF($AG782<>"","FCS — NO PLAY",IF(CALC!$S782=1,"PENDING LINE",IF(CALC!$Q782=1,"STALE LINE",IF($AE782="QB UNCERTAIN","QB UNCERTAIN",IF($AF782<>"","TRANSITION UNCERTAIN",IF(OR($B782="",$C782=""),"DATA INCOMPLETE","READY"))))))))'
ENGINE	AI783	'=IF($A783="","",IF($AH783<>"","BLOCKED",IF($AG783<>"","FCS — NO PLAY",IF(CALC!$S783=1,"PENDING LINE",IF(CALC!$Q783=1,"STALE LINE",IF($AE783="QB UNCERTAIN","QB UNCERTAIN",IF($AF783<>"","FCS/TRANSITION UNCERTAIN",IF(OR($B783="",$C783=""),"DATA INCOMPLETE","READY"))))))))'	'=IF($A783="","",IF($AH783<>"","BLOCKED",IF($AG783<>"","FCS — NO PLAY",IF(CALC!$S783=1,"PENDING LINE",IF(CALC!$Q783=1,"STALE LINE",IF($AE783="QB UNCERTAIN","QB UNCERTAIN",IF($AF783<>"","TRANSITION UNCERTAIN",IF(OR($B783="",$C783=""),"DATA INCOMPLETE","READY"))))))))'
ENGINE	AI784	'=IF($A784="","",IF($AH784<>"","BLOCKED",IF($AG784<>"","FCS — NO PLAY",IF(CALC!$S784=1,"PENDING LINE",IF(CALC!$Q784=1,"STALE LINE",IF($AE784="QB UNCERTAIN","QB UNCERTAIN",IF($AF784<>"","FCS/TRANSITION UNCERTAIN",IF(OR($B784="",$C784=""),"DATA INCOMPLETE","READY"))))))))'	'=IF($A784="","",IF($AH784<>"","BLOCKED",IF($AG784<>"","FCS — NO PLAY",IF(CALC!$S784=1,"PENDING LINE",IF(CALC!$Q784=1,"STALE LINE",IF($AE784="QB UNCERTAIN","QB UNCERTAIN",IF($AF784<>"","TRANSITION UNCERTAIN",IF(OR($B784="",$C784=""),"DATA INCOMPLETE","READY"))))))))'
ENGINE	AI785	'=IF($A785="","",IF($AH785<>"","BLOCKED",IF($AG785<>"","FCS — NO PLAY",IF(CALC!$S785=1,"PENDING LINE",IF(CALC!$Q785=1,"STALE LINE",IF($AE785="QB UNCERTAIN","QB UNCERTAIN",IF($AF785<>"","FCS/TRANSITION UNCERTAIN",IF(OR($B785="",$C785=""),"DATA INCOMPLETE","READY"))))))))'	'=IF($A785="","",IF($AH785<>"","BLOCKED",IF($AG785<>"","FCS — NO PLAY",IF(CALC!$S785=1,"PENDING LINE",IF(CALC!$Q785=1,"STALE LINE",IF($AE785="QB UNCERTAIN","QB UNCERTAIN",IF($AF785<>"","TRANSITION UNCERTAIN",IF(OR($B785="",$C785=""),"DATA INCOMPLETE","READY"))))))))'
ENGINE	AI786	'=IF($A786="","",IF($AH786<>"","BLOCKED",IF($AG786<>"","FCS — NO PLAY",IF(CALC!$S786=1,"PENDING LINE",IF(CALC!$Q786=1,"STALE LINE",IF($AE786="QB UNCERTAIN","QB UNCERTAIN",IF($AF786<>"","FCS/TRANSITION UNCERTAIN",IF(OR($B786="",$C786=""),"DATA INCOMPLETE","READY"))))))))'	'=IF($A786="","",IF($AH786<>"","BLOCKED",IF($AG786<>"","FCS — NO PLAY",IF(CALC!$S786=1,"PENDING LINE",IF(CALC!$Q786=1,"STALE LINE",IF($AE786="QB UNCERTAIN","QB UNCERTAIN",IF($AF786<>"","TRANSITION UNCERTAIN",IF(OR($B786="",$C786=""),"DATA INCOMPLETE","READY"))))))))'
ENGINE	AI787	'=IF($A787="","",IF($AH787<>"","BLOCKED",IF($AG787<>"","FCS — NO PLAY",IF(CALC!$S787=1,"PENDING LINE",IF(CALC!$Q787=1,"STALE LINE",IF($AE787="QB UNCERTAIN","QB UNCERTAIN",IF($AF787<>"","FCS/TRANSITION UNCERTAIN",IF(OR($B787="",$C787=""),"DATA INCOMPLETE","READY"))))))))'	'=IF($A787="","",IF($AH787<>"","BLOCKED",IF($AG787<>"","FCS — NO PLAY",IF(CALC!$S787=1,"PENDING LINE",IF(CALC!$Q787=1,"STALE LINE",IF($AE787="QB UNCERTAIN","QB UNCERTAIN",IF($AF787<>"","TRANSITION UNCERTAIN",IF(OR($B787="",$C787=""),"DATA INCOMPLETE","READY"))))))))'
ENGINE	AI788	'=IF($A788="","",IF($AH788<>"","BLOCKED",IF($AG788<>"","FCS — NO PLAY",IF(CALC!$S788=1,"PENDING LINE",IF(CALC!$Q788=1,"STALE LINE",IF($AE788="QB UNCERTAIN","QB UNCERTAIN",IF($AF788<>"","FCS/TRANSITION UNCERTAIN",IF(OR($B788="",$C788=""),"DATA INCOMPLETE","READY"))))))))'	'=IF($A788="","",IF($AH788<>"","BLOCKED",IF($AG788<>"","FCS — NO PLAY",IF(CALC!$S788=1,"PENDING LINE",IF(CALC!$Q788=1,"STALE LINE",IF($AE788="QB UNCERTAIN","QB UNCERTAIN",IF($AF788<>"","TRANSITION UNCERTAIN",IF(OR($B788="",$C788=""),"DATA INCOMPLETE","READY"))))))))'
ENGINE	AI789	'=IF($A789="","",IF($AH789<>"","BLOCKED",IF($AG789<>"","FCS — NO PLAY",IF(CALC!$S789=1,"PENDING LINE",IF(CALC!$Q789=1,"STALE LINE",IF($AE789="QB UNCERTAIN","QB UNCERTAIN",IF($AF789<>"","FCS/TRANSITION UNCERTAIN",IF(OR($B789="",$C789=""),"DATA INCOMPLETE","READY"))))))))'	'=IF($A789="","",IF($AH789<>"","BLOCKED",IF($AG789<>"","FCS — NO PLAY",IF(CALC!$S789=1,"PENDING LINE",IF(CALC!$Q789=1,"STALE LINE",IF($AE789="QB UNCERTAIN","QB UNCERTAIN",IF($AF789<>"","TRANSITION UNCERTAIN",IF(OR($B789="",$C789=""),"DATA INCOMPLETE","READY"))))))))'
ENGINE	AI790	'=IF($A790="","",IF($AH790<>"","BLOCKED",IF($AG790<>"","FCS — NO PLAY",IF(CALC!$S790=1,"PENDING LINE",IF(CALC!$Q790=1,"STALE LINE",IF($AE790="QB UNCERTAIN","QB UNCERTAIN",IF($AF790<>"","FCS/TRANSITION UNCERTAIN",IF(OR($B790="",$C790=""),"DATA INCOMPLETE","READY"))))))))'	'=IF($A790="","",IF($AH790<>"","BLOCKED",IF($AG790<>"","FCS — NO PLAY",IF(CALC!$S790=1,"PENDING LINE",IF(CALC!$Q790=1,"STALE LINE",IF($AE790="QB UNCERTAIN","QB UNCERTAIN",IF($AF790<>"","TRANSITION UNCERTAIN",IF(OR($B790="",$C790=""),"DATA INCOMPLETE","READY"))))))))'
ENGINE	AI791	'=IF($A791="","",IF($AH791<>"","BLOCKED",IF($AG791<>"","FCS — NO PLAY",IF(CALC!$S791=1,"PENDING LINE",IF(CALC!$Q791=1,"STALE LINE",IF($AE791="QB UNCERTAIN","QB UNCERTAIN",IF($AF791<>"","FCS/TRANSITION UNCERTAIN",IF(OR($B791="",$C791=""),"DATA INCOMPLETE","READY"))))))))'	'=IF($A791="","",IF($AH791<>"","BLOCKED",IF($AG791<>"","FCS — NO PLAY",IF(CALC!$S791=1,"PENDING LINE",IF(CALC!$Q791=1,"STALE LINE",IF($AE791="QB UNCERTAIN","QB UNCERTAIN",IF($AF791<>"","TRANSITION UNCERTAIN",IF(OR($B791="",$C791=""),"DATA INCOMPLETE","READY"))))))))'
ENGINE	AI792	'=IF($A792="","",IF($AH792<>"","BLOCKED",IF($AG792<>"","FCS — NO PLAY",IF(CALC!$S792=1,"PENDING LINE",IF(CALC!$Q792=1,"STALE LINE",IF($AE792="QB UNCERTAIN","QB UNCERTAIN",IF($AF792<>"","FCS/TRANSITION UNCERTAIN",IF(OR($B792="",$C792=""),"DATA INCOMPLETE","READY"))))))))'	'=IF($A792="","",IF($AH792<>"","BLOCKED",IF($AG792<>"","FCS — NO PLAY",IF(CALC!$S792=1,"PENDING LINE",IF(CALC!$Q792=1,"STALE LINE",IF($AE792="QB UNCERTAIN","QB UNCERTAIN",IF($AF792<>"","TRANSITION UNCERTAIN",IF(OR($B792="",$C792=""),"DATA INCOMPLETE","READY"))))))))'
ENGINE	AI793	'=IF($A793="","",IF($AH793<>"","BLOCKED",IF($AG793<>"","FCS — NO PLAY",IF(CALC!$S793=1,"PENDING LINE",IF(CALC!$Q793=1,"STALE LINE",IF($AE793="QB UNCERTAIN","QB UNCERTAIN",IF($AF793<>"","FCS/TRANSITION UNCERTAIN",IF(OR($B793="",$C793=""),"DATA INCOMPLETE","READY"))))))))'	'=IF($A793="","",IF($AH793<>"","BLOCKED",IF($AG793<>"","FCS — NO PLAY",IF(CALC!$S793=1,"PENDING LINE",IF(CALC!$Q793=1,"STALE LINE",IF($AE793="QB UNCERTAIN","QB UNCERTAIN",IF($AF793<>"","TRANSITION UNCERTAIN",IF(OR($B793="",$C793=""),"DATA INCOMPLETE","READY"))))))))'
ENGINE	AI794	'=IF($A794="","",IF($AH794<>"","BLOCKED",IF($AG794<>"","FCS — NO PLAY",IF(CALC!$S794=1,"PENDING LINE",IF(CALC!$Q794=1,"STALE LINE",IF($AE794="QB UNCERTAIN","QB UNCERTAIN",IF($AF794<>"","FCS/TRANSITION UNCERTAIN",IF(OR($B794="",$C794=""),"DATA INCOMPLETE","READY"))))))))'	'=IF($A794="","",IF($AH794<>"","BLOCKED",IF($AG794<>"","FCS — NO PLAY",IF(CALC!$S794=1,"PENDING LINE",IF(CALC!$Q794=1,"STALE LINE",IF($AE794="QB UNCERTAIN","QB UNCERTAIN",IF($AF794<>"","TRANSITION UNCERTAIN",IF(OR($B794="",$C794=""),"DATA INCOMPLETE","READY"))))))))'
ENGINE	AI795	'=IF($A795="","",IF($AH795<>"","BLOCKED",IF($AG795<>"","FCS — NO PLAY",IF(CALC!$S795=1,"PENDING LINE",IF(CALC!$Q795=1,"STALE LINE",IF($AE795="QB UNCERTAIN","QB UNCERTAIN",IF($AF795<>"","FCS/TRANSITION UNCERTAIN",IF(OR($B795="",$C795=""),"DATA INCOMPLETE","READY"))))))))'	'=IF($A795="","",IF($AH795<>"","BLOCKED",IF($AG795<>"","FCS — NO PLAY",IF(CALC!$S795=1,"PENDING LINE",IF(CALC!$Q795=1,"STALE LINE",IF($AE795="QB UNCERTAIN","QB UNCERTAIN",IF($AF795<>"","TRANSITION UNCERTAIN",IF(OR($B795="",$C795=""),"DATA INCOMPLETE","READY"))))))))'
ENGINE	AI796	'=IF($A796="","",IF($AH796<>"","BLOCKED",IF($AG796<>"","FCS — NO PLAY",IF(CALC!$S796=1,"PENDING LINE",IF(CALC!$Q796=1,"STALE LINE",IF($AE796="QB UNCERTAIN","QB UNCERTAIN",IF($AF796<>"","FCS/TRANSITION UNCERTAIN",IF(OR($B796="",$C796=""),"DATA INCOMPLETE","READY"))))))))'	'=IF($A796="","",IF($AH796<>"","BLOCKED",IF($AG796<>"","FCS — NO PLAY",IF(CALC!$S796=1,"PENDING LINE",IF(CALC!$Q796=1,"STALE LINE",IF($AE796="QB UNCERTAIN","QB UNCERTAIN",IF($AF796<>"","TRANSITION UNCERTAIN",IF(OR($B796="",$C796=""),"DATA INCOMPLETE","READY"))))))))'
ENGINE	AI797	'=IF($A797="","",IF($AH797<>"","BLOCKED",IF($AG797<>"","FCS — NO PLAY",IF(CALC!$S797=1,"PENDING LINE",IF(CALC!$Q797=1,"STALE LINE",IF($AE797="QB UNCERTAIN","QB UNCERTAIN",IF($AF797<>"","FCS/TRANSITION UNCERTAIN",IF(OR($B797="",$C797=""),"DATA INCOMPLETE","READY"))))))))'	'=IF($A797="","",IF($AH797<>"","BLOCKED",IF($AG797<>"","FCS — NO PLAY",IF(CALC!$S797=1,"PENDING LINE",IF(CALC!$Q797=1,"STALE LINE",IF($AE797="QB UNCERTAIN","QB UNCERTAIN",IF($AF797<>"","TRANSITION UNCERTAIN",IF(OR($B797="",$C797=""),"DATA INCOMPLETE","READY"))))))))'
ENGINE	AI798	'=IF($A798="","",IF($AH798<>"","BLOCKED",IF($AG798<>"","FCS — NO PLAY",IF(CALC!$S798=1,"PENDING LINE",IF(CALC!$Q798=1,"STALE LINE",IF($AE798="QB UNCERTAIN","QB UNCERTAIN",IF($AF798<>"","FCS/TRANSITION UNCERTAIN",IF(OR($B798="",$C798=""),"DATA INCOMPLETE","READY"))))))))'	'=IF($A798="","",IF($AH798<>"","BLOCKED",IF($AG798<>"","FCS — NO PLAY",IF(CALC!$S798=1,"PENDING LINE",IF(CALC!$Q798=1,"STALE LINE",IF($AE798="QB UNCERTAIN","QB UNCERTAIN",IF($AF798<>"","TRANSITION UNCERTAIN",IF(OR($B798="",$C798=""),"DATA INCOMPLETE","READY"))))))))'
ENGINE	AI799	'=IF($A799="","",IF($AH799<>"","BLOCKED",IF($AG799<>"","FCS — NO PLAY",IF(CALC!$S799=1,"PENDING LINE",IF(CALC!$Q799=1,"STALE LINE",IF($AE799="QB UNCERTAIN","QB UNCERTAIN",IF($AF799<>"","FCS/TRANSITION UNCERTAIN",IF(OR($B799="",$C799=""),"DATA INCOMPLETE","READY"))))))))'	'=IF($A799="","",IF($AH799<>"","BLOCKED",IF($AG799<>"","FCS — NO PLAY",IF(CALC!$S799=1,"PENDING LINE",IF(CALC!$Q799=1,"STALE LINE",IF($AE799="QB UNCERTAIN","QB UNCERTAIN",IF($AF799<>"","TRANSITION UNCERTAIN",IF(OR($B799="",$C799=""),"DATA INCOMPLETE","READY"))))))))'
ENGINE	AI800	'=IF($A800="","",IF($AH800<>"","BLOCKED",IF($AG800<>"","FCS — NO PLAY",IF(CALC!$S800=1,"PENDING LINE",IF(CALC!$Q800=1,"STALE LINE",IF($AE800="QB UNCERTAIN","QB UNCERTAIN",IF($AF800<>"","FCS/TRANSITION UNCERTAIN",IF(OR($B800="",$C800=""),"DATA INCOMPLETE","READY"))))))))'	'=IF($A800="","",IF($AH800<>"","BLOCKED",IF($AG800<>"","FCS — NO PLAY",IF(CALC!$S800=1,"PENDING LINE",IF(CALC!$Q800=1,"STALE LINE",IF($AE800="QB UNCERTAIN","QB UNCERTAIN",IF($AF800<>"","TRANSITION UNCERTAIN",IF(OR($B800="",$C800=""),"DATA INCOMPLETE","READY"))))))))'
ENGINE	AI801	'=IF($A801="","",IF($AH801<>"","BLOCKED",IF($AG801<>"","FCS — NO PLAY",IF(CALC!$S801=1,"PENDING LINE",IF(CALC!$Q801=1,"STALE LINE",IF($AE801="QB UNCERTAIN","QB UNCERTAIN",IF($AF801<>"","FCS/TRANSITION UNCERTAIN",IF(OR($B801="",$C801=""),"DATA INCOMPLETE","READY"))))))))'	'=IF($A801="","",IF($AH801<>"","BLOCKED",IF($AG801<>"","FCS — NO PLAY",IF(CALC!$S801=1,"PENDING LINE",IF(CALC!$Q801=1,"STALE LINE",IF($AE801="QB UNCERTAIN","QB UNCERTAIN",IF($AF801<>"","TRANSITION UNCERTAIN",IF(OR($B801="",$C801=""),"DATA INCOMPLETE","READY"))))))))'
ENGINE	AI802	'=IF($A802="","",IF($AH802<>"","BLOCKED",IF($AG802<>"","FCS — NO PLAY",IF(CALC!$S802=1,"PENDING LINE",IF(CALC!$Q802=1,"STALE LINE",IF($AE802="QB UNCERTAIN","QB UNCERTAIN",IF($AF802<>"","FCS/TRANSITION UNCERTAIN",IF(OR($B802="",$C802=""),"DATA INCOMPLETE","READY"))))))))'	'=IF($A802="","",IF($AH802<>"","BLOCKED",IF($AG802<>"","FCS — NO PLAY",IF(CALC!$S802=1,"PENDING LINE",IF(CALC!$Q802=1,"STALE LINE",IF($AE802="QB UNCERTAIN","QB UNCERTAIN",IF($AF802<>"","TRANSITION UNCERTAIN",IF(OR($B802="",$C802=""),"DATA INCOMPLETE","READY"))))))))'
ENGINE	AI803	'=IF($A803="","",IF($AH803<>"","BLOCKED",IF($AG803<>"","FCS — NO PLAY",IF(CALC!$S803=1,"PENDING LINE",IF(CALC!$Q803=1,"STALE LINE",IF($AE803="QB UNCERTAIN","QB UNCERTAIN",IF($AF803<>"","FCS/TRANSITION UNCERTAIN",IF(OR($B803="",$C803=""),"DATA INCOMPLETE","READY"))))))))'	'=IF($A803="","",IF($AH803<>"","BLOCKED",IF($AG803<>"","FCS — NO PLAY",IF(CALC!$S803=1,"PENDING LINE",IF(CALC!$Q803=1,"STALE LINE",IF($AE803="QB UNCERTAIN","QB UNCERTAIN",IF($AF803<>"","TRANSITION UNCERTAIN",IF(OR($B803="",$C803=""),"DATA INCOMPLETE","READY"))))))))'
ENGINE	AI804	'=IF($A804="","",IF($AH804<>"","BLOCKED",IF($AG804<>"","FCS — NO PLAY",IF(CALC!$S804=1,"PENDING LINE",IF(CALC!$Q804=1,"STALE LINE",IF($AE804="QB UNCERTAIN","QB UNCERTAIN",IF($AF804<>"","FCS/TRANSITION UNCERTAIN",IF(OR($B804="",$C804=""),"DATA INCOMPLETE","READY"))))))))'	'=IF($A804="","",IF($AH804<>"","BLOCKED",IF($AG804<>"","FCS — NO PLAY",IF(CALC!$S804=1,"PENDING LINE",IF(CALC!$Q804=1,"STALE LINE",IF($AE804="QB UNCERTAIN","QB UNCERTAIN",IF($AF804<>"","TRANSITION UNCERTAIN",IF(OR($B804="",$C804=""),"DATA INCOMPLETE","READY"))))))))'
ENGINE	AI805	'=IF($A805="","",IF($AH805<>"","BLOCKED",IF($AG805<>"","FCS — NO PLAY",IF(CALC!$S805=1,"PENDING LINE",IF(CALC!$Q805=1,"STALE LINE",IF($AE805="QB UNCERTAIN","QB UNCERTAIN",IF($AF805<>"","FCS/TRANSITION UNCERTAIN",IF(OR($B805="",$C805=""),"DATA INCOMPLETE","READY"))))))))'	'=IF($A805="","",IF($AH805<>"","BLOCKED",IF($AG805<>"","FCS — NO PLAY",IF(CALC!$S805=1,"PENDING LINE",IF(CALC!$Q805=1,"STALE LINE",IF($AE805="QB UNCERTAIN","QB UNCERTAIN",IF($AF805<>"","TRANSITION UNCERTAIN",IF(OR($B805="",$C805=""),"DATA INCOMPLETE","READY"))))))))'
ENGINE	AI806	'=IF($A806="","",IF($AH806<>"","BLOCKED",IF($AG806<>"","FCS — NO PLAY",IF(CALC!$S806=1,"PENDING LINE",IF(CALC!$Q806=1,"STALE LINE",IF($AE806="QB UNCERTAIN","QB UNCERTAIN",IF($AF806<>"","FCS/TRANSITION UNCERTAIN",IF(OR($B806="",$C806=""),"DATA INCOMPLETE","READY"))))))))'	'=IF($A806="","",IF($AH806<>"","BLOCKED",IF($AG806<>"","FCS — NO PLAY",IF(CALC!$S806=1,"PENDING LINE",IF(CALC!$Q806=1,"STALE LINE",IF($AE806="QB UNCERTAIN","QB UNCERTAIN",IF($AF806<>"","TRANSITION UNCERTAIN",IF(OR($B806="",$C806=""),"DATA INCOMPLETE","READY"))))))))'
ENGINE	AI807	'=IF($A807="","",IF($AH807<>"","BLOCKED",IF($AG807<>"","FCS — NO PLAY",IF(CALC!$S807=1,"PENDING LINE",IF(CALC!$Q807=1,"STALE LINE",IF($AE807="QB UNCERTAIN","QB UNCERTAIN",IF($AF807<>"","FCS/TRANSITION UNCERTAIN",IF(OR($B807="",$C807=""),"DATA INCOMPLETE","READY"))))))))'	'=IF($A807="","",IF($AH807<>"","BLOCKED",IF($AG807<>"","FCS — NO PLAY",IF(CALC!$S807=1,"PENDING LINE",IF(CALC!$Q807=1,"STALE LINE",IF($AE807="QB UNCERTAIN","QB UNCERTAIN",IF($AF807<>"","TRANSITION UNCERTAIN",IF(OR($B807="",$C807=""),"DATA INCOMPLETE","READY"))))))))'
ENGINE	AI808	'=IF($A808="","",IF($AH808<>"","BLOCKED",IF($AG808<>"","FCS — NO PLAY",IF(CALC!$S808=1,"PENDING LINE",IF(CALC!$Q808=1,"STALE LINE",IF($AE808="QB UNCERTAIN","QB UNCERTAIN",IF($AF808<>"","FCS/TRANSITION UNCERTAIN",IF(OR($B808="",$C808=""),"DATA INCOMPLETE","READY"))))))))'	'=IF($A808="","",IF($AH808<>"","BLOCKED",IF($AG808<>"","FCS — NO PLAY",IF(CALC!$S808=1,"PENDING LINE",IF(CALC!$Q808=1,"STALE LINE",IF($AE808="QB UNCERTAIN","QB UNCERTAIN",IF($AF808<>"","TRANSITION UNCERTAIN",IF(OR($B808="",$C808=""),"DATA INCOMPLETE","READY"))))))))'
ENGINE	AI809	'=IF($A809="","",IF($AH809<>"","BLOCKED",IF($AG809<>"","FCS — NO PLAY",IF(CALC!$S809=1,"PENDING LINE",IF(CALC!$Q809=1,"STALE LINE",IF($AE809="QB UNCERTAIN","QB UNCERTAIN",IF($AF809<>"","FCS/TRANSITION UNCERTAIN",IF(OR($B809="",$C809=""),"DATA INCOMPLETE","READY"))))))))'	'=IF($A809="","",IF($AH809<>"","BLOCKED",IF($AG809<>"","FCS — NO PLAY",IF(CALC!$S809=1,"PENDING LINE",IF(CALC!$Q809=1,"STALE LINE",IF($AE809="QB UNCERTAIN","QB UNCERTAIN",IF($AF809<>"","TRANSITION UNCERTAIN",IF(OR($B809="",$C809=""),"DATA INCOMPLETE","READY"))))))))'
ENGINE	AI810	'=IF($A810="","",IF($AH810<>"","BLOCKED",IF($AG810<>"","FCS — NO PLAY",IF(CALC!$S810=1,"PENDING LINE",IF(CALC!$Q810=1,"STALE LINE",IF($AE810="QB UNCERTAIN","QB UNCERTAIN",IF($AF810<>"","FCS/TRANSITION UNCERTAIN",IF(OR($B810="",$C810=""),"DATA INCOMPLETE","READY"))))))))'	'=IF($A810="","",IF($AH810<>"","BLOCKED",IF($AG810<>"","FCS — NO PLAY",IF(CALC!$S810=1,"PENDING LINE",IF(CALC!$Q810=1,"STALE LINE",IF($AE810="QB UNCERTAIN","QB UNCERTAIN",IF($AF810<>"","TRANSITION UNCERTAIN",IF(OR($B810="",$C810=""),"DATA INCOMPLETE","READY"))))))))'
ENGINE	AI811	'=IF($A811="","",IF($AH811<>"","BLOCKED",IF($AG811<>"","FCS — NO PLAY",IF(CALC!$S811=1,"PENDING LINE",IF(CALC!$Q811=1,"STALE LINE",IF($AE811="QB UNCERTAIN","QB UNCERTAIN",IF($AF811<>"","FCS/TRANSITION UNCERTAIN",IF(OR($B811="",$C811=""),"DATA INCOMPLETE","READY"))))))))'	'=IF($A811="","",IF($AH811<>"","BLOCKED",IF($AG811<>"","FCS — NO PLAY",IF(CALC!$S811=1,"PENDING LINE",IF(CALC!$Q811=1,"STALE LINE",IF($AE811="QB UNCERTAIN","QB UNCERTAIN",IF($AF811<>"","TRANSITION UNCERTAIN",IF(OR($B811="",$C811=""),"DATA INCOMPLETE","READY"))))))))'
ENGINE	AI812	'=IF($A812="","",IF($AH812<>"","BLOCKED",IF($AG812<>"","FCS — NO PLAY",IF(CALC!$S812=1,"PENDING LINE",IF(CALC!$Q812=1,"STALE LINE",IF($AE812="QB UNCERTAIN","QB UNCERTAIN",IF($AF812<>"","FCS/TRANSITION UNCERTAIN",IF(OR($B812="",$C812=""),"DATA INCOMPLETE","READY"))))))))'	'=IF($A812="","",IF($AH812<>"","BLOCKED",IF($AG812<>"","FCS — NO PLAY",IF(CALC!$S812=1,"PENDING LINE",IF(CALC!$Q812=1,"STALE LINE",IF($AE812="QB UNCERTAIN","QB UNCERTAIN",IF($AF812<>"","TRANSITION UNCERTAIN",IF(OR($B812="",$C812=""),"DATA INCOMPLETE","READY"))))))))'
ENGINE	AI813	'=IF($A813="","",IF($AH813<>"","BLOCKED",IF($AG813<>"","FCS — NO PLAY",IF(CALC!$S813=1,"PENDING LINE",IF(CALC!$Q813=1,"STALE LINE",IF($AE813="QB UNCERTAIN","QB UNCERTAIN",IF($AF813<>"","FCS/TRANSITION UNCERTAIN",IF(OR($B813="",$C813=""),"DATA INCOMPLETE","READY"))))))))'	'=IF($A813="","",IF($AH813<>"","BLOCKED",IF($AG813<>"","FCS — NO PLAY",IF(CALC!$S813=1,"PENDING LINE",IF(CALC!$Q813=1,"STALE LINE",IF($AE813="QB UNCERTAIN","QB UNCERTAIN",IF($AF813<>"","TRANSITION UNCERTAIN",IF(OR($B813="",$C813=""),"DATA INCOMPLETE","READY"))))))))'
ENGINE	AI814	'=IF($A814="","",IF($AH814<>"","BLOCKED",IF($AG814<>"","FCS — NO PLAY",IF(CALC!$S814=1,"PENDING LINE",IF(CALC!$Q814=1,"STALE LINE",IF($AE814="QB UNCERTAIN","QB UNCERTAIN",IF($AF814<>"","FCS/TRANSITION UNCERTAIN",IF(OR($B814="",$C814=""),"DATA INCOMPLETE","READY"))))))))'	'=IF($A814="","",IF($AH814<>"","BLOCKED",IF($AG814<>"","FCS — NO PLAY",IF(CALC!$S814=1,"PENDING LINE",IF(CALC!$Q814=1,"STALE LINE",IF($AE814="QB UNCERTAIN","QB UNCERTAIN",IF($AF814<>"","TRANSITION UNCERTAIN",IF(OR($B814="",$C814=""),"DATA INCOMPLETE","READY"))))))))'
ENGINE	AI815	'=IF($A815="","",IF($AH815<>"","BLOCKED",IF($AG815<>"","FCS — NO PLAY",IF(CALC!$S815=1,"PENDING LINE",IF(CALC!$Q815=1,"STALE LINE",IF($AE815="QB UNCERTAIN","QB UNCERTAIN",IF($AF815<>"","FCS/TRANSITION UNCERTAIN",IF(OR($B815="",$C815=""),"DATA INCOMPLETE","READY"))))))))'	'=IF($A815="","",IF($AH815<>"","BLOCKED",IF($AG815<>"","FCS — NO PLAY",IF(CALC!$S815=1,"PENDING LINE",IF(CALC!$Q815=1,"STALE LINE",IF($AE815="QB UNCERTAIN","QB UNCERTAIN",IF($AF815<>"","TRANSITION UNCERTAIN",IF(OR($B815="",$C815=""),"DATA INCOMPLETE","READY"))))))))'
ENGINE	AI816	'=IF($A816="","",IF($AH816<>"","BLOCKED",IF($AG816<>"","FCS — NO PLAY",IF(CALC!$S816=1,"PENDING LINE",IF(CALC!$Q816=1,"STALE LINE",IF($AE816="QB UNCERTAIN","QB UNCERTAIN",IF($AF816<>"","FCS/TRANSITION UNCERTAIN",IF(OR($B816="",$C816=""),"DATA INCOMPLETE","READY"))))))))'	'=IF($A816="","",IF($AH816<>"","BLOCKED",IF($AG816<>"","FCS — NO PLAY",IF(CALC!$S816=1,"PENDING LINE",IF(CALC!$Q816=1,"STALE LINE",IF($AE816="QB UNCERTAIN","QB UNCERTAIN",IF($AF816<>"","TRANSITION UNCERTAIN",IF(OR($B816="",$C816=""),"DATA INCOMPLETE","READY"))))))))'
ENGINE	AI817	'=IF($A817="","",IF($AH817<>"","BLOCKED",IF($AG817<>"","FCS — NO PLAY",IF(CALC!$S817=1,"PENDING LINE",IF(CALC!$Q817=1,"STALE LINE",IF($AE817="QB UNCERTAIN","QB UNCERTAIN",IF($AF817<>"","FCS/TRANSITION UNCERTAIN",IF(OR($B817="",$C817=""),"DATA INCOMPLETE","READY"))))))))'	'=IF($A817="","",IF($AH817<>"","BLOCKED",IF($AG817<>"","FCS — NO PLAY",IF(CALC!$S817=1,"PENDING LINE",IF(CALC!$Q817=1,"STALE LINE",IF($AE817="QB UNCERTAIN","QB UNCERTAIN",IF($AF817<>"","TRANSITION UNCERTAIN",IF(OR($B817="",$C817=""),"DATA INCOMPLETE","READY"))))))))'
ENGINE	AI818	'=IF($A818="","",IF($AH818<>"","BLOCKED",IF($AG818<>"","FCS — NO PLAY",IF(CALC!$S818=1,"PENDING LINE",IF(CALC!$Q818=1,"STALE LINE",IF($AE818="QB UNCERTAIN","QB UNCERTAIN",IF($AF818<>"","FCS/TRANSITION UNCERTAIN",IF(OR($B818="",$C818=""),"DATA INCOMPLETE","READY"))))))))'	'=IF($A818="","",IF($AH818<>"","BLOCKED",IF($AG818<>"","FCS — NO PLAY",IF(CALC!$S818=1,"PENDING LINE",IF(CALC!$Q818=1,"STALE LINE",IF($AE818="QB UNCERTAIN","QB UNCERTAIN",IF($AF818<>"","TRANSITION UNCERTAIN",IF(OR($B818="",$C818=""),"DATA INCOMPLETE","READY"))))))))'
ENGINE	AI819	'=IF($A819="","",IF($AH819<>"","BLOCKED",IF($AG819<>"","FCS — NO PLAY",IF(CALC!$S819=1,"PENDING LINE",IF(CALC!$Q819=1,"STALE LINE",IF($AE819="QB UNCERTAIN","QB UNCERTAIN",IF($AF819<>"","FCS/TRANSITION UNCERTAIN",IF(OR($B819="",$C819=""),"DATA INCOMPLETE","READY"))))))))'	'=IF($A819="","",IF($AH819<>"","BLOCKED",IF($AG819<>"","FCS — NO PLAY",IF(CALC!$S819=1,"PENDING LINE",IF(CALC!$Q819=1,"STALE LINE",IF($AE819="QB UNCERTAIN","QB UNCERTAIN",IF($AF819<>"","TRANSITION UNCERTAIN",IF(OR($B819="",$C819=""),"DATA INCOMPLETE","READY"))))))))'
ENGINE	AI820	'=IF($A820="","",IF($AH820<>"","BLOCKED",IF($AG820<>"","FCS — NO PLAY",IF(CALC!$S820=1,"PENDING LINE",IF(CALC!$Q820=1,"STALE LINE",IF($AE820="QB UNCERTAIN","QB UNCERTAIN",IF($AF820<>"","FCS/TRANSITION UNCERTAIN",IF(OR($B820="",$C820=""),"DATA INCOMPLETE","READY"))))))))'	'=IF($A820="","",IF($AH820<>"","BLOCKED",IF($AG820<>"","FCS — NO PLAY",IF(CALC!$S820=1,"PENDING LINE",IF(CALC!$Q820=1,"STALE LINE",IF($AE820="QB UNCERTAIN","QB UNCERTAIN",IF($AF820<>"","TRANSITION UNCERTAIN",IF(OR($B820="",$C820=""),"DATA INCOMPLETE","READY"))))))))'
ENGINE	AI821	'=IF($A821="","",IF($AH821<>"","BLOCKED",IF($AG821<>"","FCS — NO PLAY",IF(CALC!$S821=1,"PENDING LINE",IF(CALC!$Q821=1,"STALE LINE",IF($AE821="QB UNCERTAIN","QB UNCERTAIN",IF($AF821<>"","FCS/TRANSITION UNCERTAIN",IF(OR($B821="",$C821=""),"DATA INCOMPLETE","READY"))))))))'	'=IF($A821="","",IF($AH821<>"","BLOCKED",IF($AG821<>"","FCS — NO PLAY",IF(CALC!$S821=1,"PENDING LINE",IF(CALC!$Q821=1,"STALE LINE",IF($AE821="QB UNCERTAIN","QB UNCERTAIN",IF($AF821<>"","TRANSITION UNCERTAIN",IF(OR($B821="",$C821=""),"DATA INCOMPLETE","READY"))))))))'
ENGINE	AI822	'=IF($A822="","",IF($AH822<>"","BLOCKED",IF($AG822<>"","FCS — NO PLAY",IF(CALC!$S822=1,"PENDING LINE",IF(CALC!$Q822=1,"STALE LINE",IF($AE822="QB UNCERTAIN","QB UNCERTAIN",IF($AF822<>"","FCS/TRANSITION UNCERTAIN",IF(OR($B822="",$C822=""),"DATA INCOMPLETE","READY"))))))))'	'=IF($A822="","",IF($AH822<>"","BLOCKED",IF($AG822<>"","FCS — NO PLAY",IF(CALC!$S822=1,"PENDING LINE",IF(CALC!$Q822=1,"STALE LINE",IF($AE822="QB UNCERTAIN","QB UNCERTAIN",IF($AF822<>"","TRANSITION UNCERTAIN",IF(OR($B822="",$C822=""),"DATA INCOMPLETE","READY"))))))))'
ENGINE	AI823	'=IF($A823="","",IF($AH823<>"","BLOCKED",IF($AG823<>"","FCS — NO PLAY",IF(CALC!$S823=1,"PENDING LINE",IF(CALC!$Q823=1,"STALE LINE",IF($AE823="QB UNCERTAIN","QB UNCERTAIN",IF($AF823<>"","FCS/TRANSITION UNCERTAIN",IF(OR($B823="",$C823=""),"DATA INCOMPLETE","READY"))))))))'	'=IF($A823="","",IF($AH823<>"","BLOCKED",IF($AG823<>"","FCS — NO PLAY",IF(CALC!$S823=1,"PENDING LINE",IF(CALC!$Q823=1,"STALE LINE",IF($AE823="QB UNCERTAIN","QB UNCERTAIN",IF($AF823<>"","TRANSITION UNCERTAIN",IF(OR($B823="",$C823=""),"DATA INCOMPLETE","READY"))))))))'
ENGINE	AI824	'=IF($A824="","",IF($AH824<>"","BLOCKED",IF($AG824<>"","FCS — NO PLAY",IF(CALC!$S824=1,"PENDING LINE",IF(CALC!$Q824=1,"STALE LINE",IF($AE824="QB UNCERTAIN","QB UNCERTAIN",IF($AF824<>"","FCS/TRANSITION UNCERTAIN",IF(OR($B824="",$C824=""),"DATA INCOMPLETE","READY"))))))))'	'=IF($A824="","",IF($AH824<>"","BLOCKED",IF($AG824<>"","FCS — NO PLAY",IF(CALC!$S824=1,"PENDING LINE",IF(CALC!$Q824=1,"STALE LINE",IF($AE824="QB UNCERTAIN","QB UNCERTAIN",IF($AF824<>"","TRANSITION UNCERTAIN",IF(OR($B824="",$C824=""),"DATA INCOMPLETE","READY"))))))))'
ENGINE	AI825	'=IF($A825="","",IF($AH825<>"","BLOCKED",IF($AG825<>"","FCS — NO PLAY",IF(CALC!$S825=1,"PENDING LINE",IF(CALC!$Q825=1,"STALE LINE",IF($AE825="QB UNCERTAIN","QB UNCERTAIN",IF($AF825<>"","FCS/TRANSITION UNCERTAIN",IF(OR($B825="",$C825=""),"DATA INCOMPLETE","READY"))))))))'	'=IF($A825="","",IF($AH825<>"","BLOCKED",IF($AG825<>"","FCS — NO PLAY",IF(CALC!$S825=1,"PENDING LINE",IF(CALC!$Q825=1,"STALE LINE",IF($AE825="QB UNCERTAIN","QB UNCERTAIN",IF($AF825<>"","TRANSITION UNCERTAIN",IF(OR($B825="",$C825=""),"DATA INCOMPLETE","READY"))))))))'
ENGINE	AI826	'=IF($A826="","",IF($AH826<>"","BLOCKED",IF($AG826<>"","FCS — NO PLAY",IF(CALC!$S826=1,"PENDING LINE",IF(CALC!$Q826=1,"STALE LINE",IF($AE826="QB UNCERTAIN","QB UNCERTAIN",IF($AF826<>"","FCS/TRANSITION UNCERTAIN",IF(OR($B826="",$C826=""),"DATA INCOMPLETE","READY"))))))))'	'=IF($A826="","",IF($AH826<>"","BLOCKED",IF($AG826<>"","FCS — NO PLAY",IF(CALC!$S826=1,"PENDING LINE",IF(CALC!$Q826=1,"STALE LINE",IF($AE826="QB UNCERTAIN","QB UNCERTAIN",IF($AF826<>"","TRANSITION UNCERTAIN",IF(OR($B826="",$C826=""),"DATA INCOMPLETE","READY"))))))))'
ENGINE	AI827	'=IF($A827="","",IF($AH827<>"","BLOCKED",IF($AG827<>"","FCS — NO PLAY",IF(CALC!$S827=1,"PENDING LINE",IF(CALC!$Q827=1,"STALE LINE",IF($AE827="QB UNCERTAIN","QB UNCERTAIN",IF($AF827<>"","FCS/TRANSITION UNCERTAIN",IF(OR($B827="",$C827=""),"DATA INCOMPLETE","READY"))))))))'	'=IF($A827="","",IF($AH827<>"","BLOCKED",IF($AG827<>"","FCS — NO PLAY",IF(CALC!$S827=1,"PENDING LINE",IF(CALC!$Q827=1,"STALE LINE",IF($AE827="QB UNCERTAIN","QB UNCERTAIN",IF($AF827<>"","TRANSITION UNCERTAIN",IF(OR($B827="",$C827=""),"DATA INCOMPLETE","READY"))))))))'
ENGINE	AI828	'=IF($A828="","",IF($AH828<>"","BLOCKED",IF($AG828<>"","FCS — NO PLAY",IF(CALC!$S828=1,"PENDING LINE",IF(CALC!$Q828=1,"STALE LINE",IF($AE828="QB UNCERTAIN","QB UNCERTAIN",IF($AF828<>"","FCS/TRANSITION UNCERTAIN",IF(OR($B828="",$C828=""),"DATA INCOMPLETE","READY"))))))))'	'=IF($A828="","",IF($AH828<>"","BLOCKED",IF($AG828<>"","FCS — NO PLAY",IF(CALC!$S828=1,"PENDING LINE",IF(CALC!$Q828=1,"STALE LINE",IF($AE828="QB UNCERTAIN","QB UNCERTAIN",IF($AF828<>"","TRANSITION UNCERTAIN",IF(OR($B828="",$C828=""),"DATA INCOMPLETE","READY"))))))))'
ENGINE	AI829	'=IF($A829="","",IF($AH829<>"","BLOCKED",IF($AG829<>"","FCS — NO PLAY",IF(CALC!$S829=1,"PENDING LINE",IF(CALC!$Q829=1,"STALE LINE",IF($AE829="QB UNCERTAIN","QB UNCERTAIN",IF($AF829<>"","FCS/TRANSITION UNCERTAIN",IF(OR($B829="",$C829=""),"DATA INCOMPLETE","READY"))))))))'	'=IF($A829="","",IF($AH829<>"","BLOCKED",IF($AG829<>"","FCS — NO PLAY",IF(CALC!$S829=1,"PENDING LINE",IF(CALC!$Q829=1,"STALE LINE",IF($AE829="QB UNCERTAIN","QB UNCERTAIN",IF($AF829<>"","TRANSITION UNCERTAIN",IF(OR($B829="",$C829=""),"DATA INCOMPLETE","READY"))))))))'
ENGINE	AI830	'=IF($A830="","",IF($AH830<>"","BLOCKED",IF($AG830<>"","FCS — NO PLAY",IF(CALC!$S830=1,"PENDING LINE",IF(CALC!$Q830=1,"STALE LINE",IF($AE830="QB UNCERTAIN","QB UNCERTAIN",IF($AF830<>"","FCS/TRANSITION UNCERTAIN",IF(OR($B830="",$C830=""),"DATA INCOMPLETE","READY"))))))))'	'=IF($A830="","",IF($AH830<>"","BLOCKED",IF($AG830<>"","FCS — NO PLAY",IF(CALC!$S830=1,"PENDING LINE",IF(CALC!$Q830=1,"STALE LINE",IF($AE830="QB UNCERTAIN","QB UNCERTAIN",IF($AF830<>"","TRANSITION UNCERTAIN",IF(OR($B830="",$C830=""),"DATA INCOMPLETE","READY"))))))))'
ENGINE	AI831	'=IF($A831="","",IF($AH831<>"","BLOCKED",IF($AG831<>"","FCS — NO PLAY",IF(CALC!$S831=1,"PENDING LINE",IF(CALC!$Q831=1,"STALE LINE",IF($AE831="QB UNCERTAIN","QB UNCERTAIN",IF($AF831<>"","FCS/TRANSITION UNCERTAIN",IF(OR($B831="",$C831=""),"DATA INCOMPLETE","READY"))))))))'	'=IF($A831="","",IF($AH831<>"","BLOCKED",IF($AG831<>"","FCS — NO PLAY",IF(CALC!$S831=1,"PENDING LINE",IF(CALC!$Q831=1,"STALE LINE",IF($AE831="QB UNCERTAIN","QB UNCERTAIN",IF($AF831<>"","TRANSITION UNCERTAIN",IF(OR($B831="",$C831=""),"DATA INCOMPLETE","READY"))))))))'
ENGINE	AI832	'=IF($A832="","",IF($AH832<>"","BLOCKED",IF($AG832<>"","FCS — NO PLAY",IF(CALC!$S832=1,"PENDING LINE",IF(CALC!$Q832=1,"STALE LINE",IF($AE832="QB UNCERTAIN","QB UNCERTAIN",IF($AF832<>"","FCS/TRANSITION UNCERTAIN",IF(OR($B832="",$C832=""),"DATA INCOMPLETE","READY"))))))))'	'=IF($A832="","",IF($AH832<>"","BLOCKED",IF($AG832<>"","FCS — NO PLAY",IF(CALC!$S832=1,"PENDING LINE",IF(CALC!$Q832=1,"STALE LINE",IF($AE832="QB UNCERTAIN","QB UNCERTAIN",IF($AF832<>"","TRANSITION UNCERTAIN",IF(OR($B832="",$C832=""),"DATA INCOMPLETE","READY"))))))))'
ENGINE	AI833	'=IF($A833="","",IF($AH833<>"","BLOCKED",IF($AG833<>"","FCS — NO PLAY",IF(CALC!$S833=1,"PENDING LINE",IF(CALC!$Q833=1,"STALE LINE",IF($AE833="QB UNCERTAIN","QB UNCERTAIN",IF($AF833<>"","FCS/TRANSITION UNCERTAIN",IF(OR($B833="",$C833=""),"DATA INCOMPLETE","READY"))))))))'	'=IF($A833="","",IF($AH833<>"","BLOCKED",IF($AG833<>"","FCS — NO PLAY",IF(CALC!$S833=1,"PENDING LINE",IF(CALC!$Q833=1,"STALE LINE",IF($AE833="QB UNCERTAIN","QB UNCERTAIN",IF($AF833<>"","TRANSITION UNCERTAIN",IF(OR($B833="",$C833=""),"DATA INCOMPLETE","READY"))))))))'
ENGINE	AI834	'=IF($A834="","",IF($AH834<>"","BLOCKED",IF($AG834<>"","FCS — NO PLAY",IF(CALC!$S834=1,"PENDING LINE",IF(CALC!$Q834=1,"STALE LINE",IF($AE834="QB UNCERTAIN","QB UNCERTAIN",IF($AF834<>"","FCS/TRANSITION UNCERTAIN",IF(OR($B834="",$C834=""),"DATA INCOMPLETE","READY"))))))))'	'=IF($A834="","",IF($AH834<>"","BLOCKED",IF($AG834<>"","FCS — NO PLAY",IF(CALC!$S834=1,"PENDING LINE",IF(CALC!$Q834=1,"STALE LINE",IF($AE834="QB UNCERTAIN","QB UNCERTAIN",IF($AF834<>"","TRANSITION UNCERTAIN",IF(OR($B834="",$C834=""),"DATA INCOMPLETE","READY"))))))))'
ENGINE	AI835	'=IF($A835="","",IF($AH835<>"","BLOCKED",IF($AG835<>"","FCS — NO PLAY",IF(CALC!$S835=1,"PENDING LINE",IF(CALC!$Q835=1,"STALE LINE",IF($AE835="QB UNCERTAIN","QB UNCERTAIN",IF($AF835<>"","FCS/TRANSITION UNCERTAIN",IF(OR($B835="",$C835=""),"DATA INCOMPLETE","READY"))))))))'	'=IF($A835="","",IF($AH835<>"","BLOCKED",IF($AG835<>"","FCS — NO PLAY",IF(CALC!$S835=1,"PENDING LINE",IF(CALC!$Q835=1,"STALE LINE",IF($AE835="QB UNCERTAIN","QB UNCERTAIN",IF($AF835<>"","TRANSITION UNCERTAIN",IF(OR($B835="",$C835=""),"DATA INCOMPLETE","READY"))))))))'
ENGINE	AI836	'=IF($A836="","",IF($AH836<>"","BLOCKED",IF($AG836<>"","FCS — NO PLAY",IF(CALC!$S836=1,"PENDING LINE",IF(CALC!$Q836=1,"STALE LINE",IF($AE836="QB UNCERTAIN","QB UNCERTAIN",IF($AF836<>"","FCS/TRANSITION UNCERTAIN",IF(OR($B836="",$C836=""),"DATA INCOMPLETE","READY"))))))))'	'=IF($A836="","",IF($AH836<>"","BLOCKED",IF($AG836<>"","FCS — NO PLAY",IF(CALC!$S836=1,"PENDING LINE",IF(CALC!$Q836=1,"STALE LINE",IF($AE836="QB UNCERTAIN","QB UNCERTAIN",IF($AF836<>"","TRANSITION UNCERTAIN",IF(OR($B836="",$C836=""),"DATA INCOMPLETE","READY"))))))))'
ENGINE	AI837	'=IF($A837="","",IF($AH837<>"","BLOCKED",IF($AG837<>"","FCS — NO PLAY",IF(CALC!$S837=1,"PENDING LINE",IF(CALC!$Q837=1,"STALE LINE",IF($AE837="QB UNCERTAIN","QB UNCERTAIN",IF($AF837<>"","FCS/TRANSITION UNCERTAIN",IF(OR($B837="",$C837=""),"DATA INCOMPLETE","READY"))))))))'	'=IF($A837="","",IF($AH837<>"","BLOCKED",IF($AG837<>"","FCS — NO PLAY",IF(CALC!$S837=1,"PENDING LINE",IF(CALC!$Q837=1,"STALE LINE",IF($AE837="QB UNCERTAIN","QB UNCERTAIN",IF($AF837<>"","TRANSITION UNCERTAIN",IF(OR($B837="",$C837=""),"DATA INCOMPLETE","READY"))))))))'
ENGINE	AI838	'=IF($A838="","",IF($AH838<>"","BLOCKED",IF($AG838<>"","FCS — NO PLAY",IF(CALC!$S838=1,"PENDING LINE",IF(CALC!$Q838=1,"STALE LINE",IF($AE838="QB UNCERTAIN","QB UNCERTAIN",IF($AF838<>"","FCS/TRANSITION UNCERTAIN",IF(OR($B838="",$C838=""),"DATA INCOMPLETE","READY"))))))))'	'=IF($A838="","",IF($AH838<>"","BLOCKED",IF($AG838<>"","FCS — NO PLAY",IF(CALC!$S838=1,"PENDING LINE",IF(CALC!$Q838=1,"STALE LINE",IF($AE838="QB UNCERTAIN","QB UNCERTAIN",IF($AF838<>"","TRANSITION UNCERTAIN",IF(OR($B838="",$C838=""),"DATA INCOMPLETE","READY"))))))))'
ENGINE	AI839	'=IF($A839="","",IF($AH839<>"","BLOCKED",IF($AG839<>"","FCS — NO PLAY",IF(CALC!$S839=1,"PENDING LINE",IF(CALC!$Q839=1,"STALE LINE",IF($AE839="QB UNCERTAIN","QB UNCERTAIN",IF($AF839<>"","FCS/TRANSITION UNCERTAIN",IF(OR($B839="",$C839=""),"DATA INCOMPLETE","READY"))))))))'	'=IF($A839="","",IF($AH839<>"","BLOCKED",IF($AG839<>"","FCS — NO PLAY",IF(CALC!$S839=1,"PENDING LINE",IF(CALC!$Q839=1,"STALE LINE",IF($AE839="QB UNCERTAIN","QB UNCERTAIN",IF($AF839<>"","TRANSITION UNCERTAIN",IF(OR($B839="",$C839=""),"DATA INCOMPLETE","READY"))))))))'
ENGINE	AI840	'=IF($A840="","",IF($AH840<>"","BLOCKED",IF($AG840<>"","FCS — NO PLAY",IF(CALC!$S840=1,"PENDING LINE",IF(CALC!$Q840=1,"STALE LINE",IF($AE840="QB UNCERTAIN","QB UNCERTAIN",IF($AF840<>"","FCS/TRANSITION UNCERTAIN",IF(OR($B840="",$C840=""),"DATA INCOMPLETE","READY"))))))))'	'=IF($A840="","",IF($AH840<>"","BLOCKED",IF($AG840<>"","FCS — NO PLAY",IF(CALC!$S840=1,"PENDING LINE",IF(CALC!$Q840=1,"STALE LINE",IF($AE840="QB UNCERTAIN","QB UNCERTAIN",IF($AF840<>"","TRANSITION UNCERTAIN",IF(OR($B840="",$C840=""),"DATA INCOMPLETE","READY"))))))))'
ENGINE	AI841	'=IF($A841="","",IF($AH841<>"","BLOCKED",IF($AG841<>"","FCS — NO PLAY",IF(CALC!$S841=1,"PENDING LINE",IF(CALC!$Q841=1,"STALE LINE",IF($AE841="QB UNCERTAIN","QB UNCERTAIN",IF($AF841<>"","FCS/TRANSITION UNCERTAIN",IF(OR($B841="",$C841=""),"DATA INCOMPLETE","READY"))))))))'	'=IF($A841="","",IF($AH841<>"","BLOCKED",IF($AG841<>"","FCS — NO PLAY",IF(CALC!$S841=1,"PENDING LINE",IF(CALC!$Q841=1,"STALE LINE",IF($AE841="QB UNCERTAIN","QB UNCERTAIN",IF($AF841<>"","TRANSITION UNCERTAIN",IF(OR($B841="",$C841=""),"DATA INCOMPLETE","READY"))))))))'
ENGINE	AI842	'=IF($A842="","",IF($AH842<>"","BLOCKED",IF($AG842<>"","FCS — NO PLAY",IF(CALC!$S842=1,"PENDING LINE",IF(CALC!$Q842=1,"STALE LINE",IF($AE842="QB UNCERTAIN","QB UNCERTAIN",IF($AF842<>"","FCS/TRANSITION UNCERTAIN",IF(OR($B842="",$C842=""),"DATA INCOMPLETE","READY"))))))))'	'=IF($A842="","",IF($AH842<>"","BLOCKED",IF($AG842<>"","FCS — NO PLAY",IF(CALC!$S842=1,"PENDING LINE",IF(CALC!$Q842=1,"STALE LINE",IF($AE842="QB UNCERTAIN","QB UNCERTAIN",IF($AF842<>"","TRANSITION UNCERTAIN",IF(OR($B842="",$C842=""),"DATA INCOMPLETE","READY"))))))))'
ENGINE	AI843	'=IF($A843="","",IF($AH843<>"","BLOCKED",IF($AG843<>"","FCS — NO PLAY",IF(CALC!$S843=1,"PENDING LINE",IF(CALC!$Q843=1,"STALE LINE",IF($AE843="QB UNCERTAIN","QB UNCERTAIN",IF($AF843<>"","FCS/TRANSITION UNCERTAIN",IF(OR($B843="",$C843=""),"DATA INCOMPLETE","READY"))))))))'	'=IF($A843="","",IF($AH843<>"","BLOCKED",IF($AG843<>"","FCS — NO PLAY",IF(CALC!$S843=1,"PENDING LINE",IF(CALC!$Q843=1,"STALE LINE",IF($AE843="QB UNCERTAIN","QB UNCERTAIN",IF($AF843<>"","TRANSITION UNCERTAIN",IF(OR($B843="",$C843=""),"DATA INCOMPLETE","READY"))))))))'
ENGINE	AI844	'=IF($A844="","",IF($AH844<>"","BLOCKED",IF($AG844<>"","FCS — NO PLAY",IF(CALC!$S844=1,"PENDING LINE",IF(CALC!$Q844=1,"STALE LINE",IF($AE844="QB UNCERTAIN","QB UNCERTAIN",IF($AF844<>"","FCS/TRANSITION UNCERTAIN",IF(OR($B844="",$C844=""),"DATA INCOMPLETE","READY"))))))))'	'=IF($A844="","",IF($AH844<>"","BLOCKED",IF($AG844<>"","FCS — NO PLAY",IF(CALC!$S844=1,"PENDING LINE",IF(CALC!$Q844=1,"STALE LINE",IF($AE844="QB UNCERTAIN","QB UNCERTAIN",IF($AF844<>"","TRANSITION UNCERTAIN",IF(OR($B844="",$C844=""),"DATA INCOMPLETE","READY"))))))))'
ENGINE	AI845	'=IF($A845="","",IF($AH845<>"","BLOCKED",IF($AG845<>"","FCS — NO PLAY",IF(CALC!$S845=1,"PENDING LINE",IF(CALC!$Q845=1,"STALE LINE",IF($AE845="QB UNCERTAIN","QB UNCERTAIN",IF($AF845<>"","FCS/TRANSITION UNCERTAIN",IF(OR($B845="",$C845=""),"DATA INCOMPLETE","READY"))))))))'	'=IF($A845="","",IF($AH845<>"","BLOCKED",IF($AG845<>"","FCS — NO PLAY",IF(CALC!$S845=1,"PENDING LINE",IF(CALC!$Q845=1,"STALE LINE",IF($AE845="QB UNCERTAIN","QB UNCERTAIN",IF($AF845<>"","TRANSITION UNCERTAIN",IF(OR($B845="",$C845=""),"DATA INCOMPLETE","READY"))))))))'
ENGINE	AI846	'=IF($A846="","",IF($AH846<>"","BLOCKED",IF($AG846<>"","FCS — NO PLAY",IF(CALC!$S846=1,"PENDING LINE",IF(CALC!$Q846=1,"STALE LINE",IF($AE846="QB UNCERTAIN","QB UNCERTAIN",IF($AF846<>"","FCS/TRANSITION UNCERTAIN",IF(OR($B846="",$C846=""),"DATA INCOMPLETE","READY"))))))))'	'=IF($A846="","",IF($AH846<>"","BLOCKED",IF($AG846<>"","FCS — NO PLAY",IF(CALC!$S846=1,"PENDING LINE",IF(CALC!$Q846=1,"STALE LINE",IF($AE846="QB UNCERTAIN","QB UNCERTAIN",IF($AF846<>"","TRANSITION UNCERTAIN",IF(OR($B846="",$C846=""),"DATA INCOMPLETE","READY"))))))))'
ENGINE	AI847	'=IF($A847="","",IF($AH847<>"","BLOCKED",IF($AG847<>"","FCS — NO PLAY",IF(CALC!$S847=1,"PENDING LINE",IF(CALC!$Q847=1,"STALE LINE",IF($AE847="QB UNCERTAIN","QB UNCERTAIN",IF($AF847<>"","FCS/TRANSITION UNCERTAIN",IF(OR($B847="",$C847=""),"DATA INCOMPLETE","READY"))))))))'	'=IF($A847="","",IF($AH847<>"","BLOCKED",IF($AG847<>"","FCS — NO PLAY",IF(CALC!$S847=1,"PENDING LINE",IF(CALC!$Q847=1,"STALE LINE",IF($AE847="QB UNCERTAIN","QB UNCERTAIN",IF($AF847<>"","TRANSITION UNCERTAIN",IF(OR($B847="",$C847=""),"DATA INCOMPLETE","READY"))))))))'
ENGINE	AI848	'=IF($A848="","",IF($AH848<>"","BLOCKED",IF($AG848<>"","FCS — NO PLAY",IF(CALC!$S848=1,"PENDING LINE",IF(CALC!$Q848=1,"STALE LINE",IF($AE848="QB UNCERTAIN","QB UNCERTAIN",IF($AF848<>"","FCS/TRANSITION UNCERTAIN",IF(OR($B848="",$C848=""),"DATA INCOMPLETE","READY"))))))))'	'=IF($A848="","",IF($AH848<>"","BLOCKED",IF($AG848<>"","FCS — NO PLAY",IF(CALC!$S848=1,"PENDING LINE",IF(CALC!$Q848=1,"STALE LINE",IF($AE848="QB UNCERTAIN","QB UNCERTAIN",IF($AF848<>"","TRANSITION UNCERTAIN",IF(OR($B848="",$C848=""),"DATA INCOMPLETE","READY"))))))))'
ENGINE	AI849	'=IF($A849="","",IF($AH849<>"","BLOCKED",IF($AG849<>"","FCS — NO PLAY",IF(CALC!$S849=1,"PENDING LINE",IF(CALC!$Q849=1,"STALE LINE",IF($AE849="QB UNCERTAIN","QB UNCERTAIN",IF($AF849<>"","FCS/TRANSITION UNCERTAIN",IF(OR($B849="",$C849=""),"DATA INCOMPLETE","READY"))))))))'	'=IF($A849="","",IF($AH849<>"","BLOCKED",IF($AG849<>"","FCS — NO PLAY",IF(CALC!$S849=1,"PENDING LINE",IF(CALC!$Q849=1,"STALE LINE",IF($AE849="QB UNCERTAIN","QB UNCERTAIN",IF($AF849<>"","TRANSITION UNCERTAIN",IF(OR($B849="",$C849=""),"DATA INCOMPLETE","READY"))))))))'
ENGINE	AI850	'=IF($A850="","",IF($AH850<>"","BLOCKED",IF($AG850<>"","FCS — NO PLAY",IF(CALC!$S850=1,"PENDING LINE",IF(CALC!$Q850=1,"STALE LINE",IF($AE850="QB UNCERTAIN","QB UNCERTAIN",IF($AF850<>"","FCS/TRANSITION UNCERTAIN",IF(OR($B850="",$C850=""),"DATA INCOMPLETE","READY"))))))))'	'=IF($A850="","",IF($AH850<>"","BLOCKED",IF($AG850<>"","FCS — NO PLAY",IF(CALC!$S850=1,"PENDING LINE",IF(CALC!$Q850=1,"STALE LINE",IF($AE850="QB UNCERTAIN","QB UNCERTAIN",IF($AF850<>"","TRANSITION UNCERTAIN",IF(OR($B850="",$C850=""),"DATA INCOMPLETE","READY"))))))))'
ENGINE	AI851	'=IF($A851="","",IF($AH851<>"","BLOCKED",IF($AG851<>"","FCS — NO PLAY",IF(CALC!$S851=1,"PENDING LINE",IF(CALC!$Q851=1,"STALE LINE",IF($AE851="QB UNCERTAIN","QB UNCERTAIN",IF($AF851<>"","FCS/TRANSITION UNCERTAIN",IF(OR($B851="",$C851=""),"DATA INCOMPLETE","READY"))))))))'	'=IF($A851="","",IF($AH851<>"","BLOCKED",IF($AG851<>"","FCS — NO PLAY",IF(CALC!$S851=1,"PENDING LINE",IF(CALC!$Q851=1,"STALE LINE",IF($AE851="QB UNCERTAIN","QB UNCERTAIN",IF($AF851<>"","TRANSITION UNCERTAIN",IF(OR($B851="",$C851=""),"DATA INCOMPLETE","READY"))))))))'
ENGINE	AI852	'=IF($A852="","",IF($AH852<>"","BLOCKED",IF($AG852<>"","FCS — NO PLAY",IF(CALC!$S852=1,"PENDING LINE",IF(CALC!$Q852=1,"STALE LINE",IF($AE852="QB UNCERTAIN","QB UNCERTAIN",IF($AF852<>"","FCS/TRANSITION UNCERTAIN",IF(OR($B852="",$C852=""),"DATA INCOMPLETE","READY"))))))))'	'=IF($A852="","",IF($AH852<>"","BLOCKED",IF($AG852<>"","FCS — NO PLAY",IF(CALC!$S852=1,"PENDING LINE",IF(CALC!$Q852=1,"STALE LINE",IF($AE852="QB UNCERTAIN","QB UNCERTAIN",IF($AF852<>"","TRANSITION UNCERTAIN",IF(OR($B852="",$C852=""),"DATA INCOMPLETE","READY"))))))))'
ENGINE	AI853	'=IF($A853="","",IF($AH853<>"","BLOCKED",IF($AG853<>"","FCS — NO PLAY",IF(CALC!$S853=1,"PENDING LINE",IF(CALC!$Q853=1,"STALE LINE",IF($AE853="QB UNCERTAIN","QB UNCERTAIN",IF($AF853<>"","FCS/TRANSITION UNCERTAIN",IF(OR($B853="",$C853=""),"DATA INCOMPLETE","READY"))))))))'	'=IF($A853="","",IF($AH853<>"","BLOCKED",IF($AG853<>"","FCS — NO PLAY",IF(CALC!$S853=1,"PENDING LINE",IF(CALC!$Q853=1,"STALE LINE",IF($AE853="QB UNCERTAIN","QB UNCERTAIN",IF($AF853<>"","TRANSITION UNCERTAIN",IF(OR($B853="",$C853=""),"DATA INCOMPLETE","READY"))))))))'
ENGINE	AI854	'=IF($A854="","",IF($AH854<>"","BLOCKED",IF($AG854<>"","FCS — NO PLAY",IF(CALC!$S854=1,"PENDING LINE",IF(CALC!$Q854=1,"STALE LINE",IF($AE854="QB UNCERTAIN","QB UNCERTAIN",IF($AF854<>"","FCS/TRANSITION UNCERTAIN",IF(OR($B854="",$C854=""),"DATA INCOMPLETE","READY"))))))))'	'=IF($A854="","",IF($AH854<>"","BLOCKED",IF($AG854<>"","FCS — NO PLAY",IF(CALC!$S854=1,"PENDING LINE",IF(CALC!$Q854=1,"STALE LINE",IF($AE854="QB UNCERTAIN","QB UNCERTAIN",IF($AF854<>"","TRANSITION UNCERTAIN",IF(OR($B854="",$C854=""),"DATA INCOMPLETE","READY"))))))))'
ENGINE	AI855	'=IF($A855="","",IF($AH855<>"","BLOCKED",IF($AG855<>"","FCS — NO PLAY",IF(CALC!$S855=1,"PENDING LINE",IF(CALC!$Q855=1,"STALE LINE",IF($AE855="QB UNCERTAIN","QB UNCERTAIN",IF($AF855<>"","FCS/TRANSITION UNCERTAIN",IF(OR($B855="",$C855=""),"DATA INCOMPLETE","READY"))))))))'	'=IF($A855="","",IF($AH855<>"","BLOCKED",IF($AG855<>"","FCS — NO PLAY",IF(CALC!$S855=1,"PENDING LINE",IF(CALC!$Q855=1,"STALE LINE",IF($AE855="QB UNCERTAIN","QB UNCERTAIN",IF($AF855<>"","TRANSITION UNCERTAIN",IF(OR($B855="",$C855=""),"DATA INCOMPLETE","READY"))))))))'
ENGINE	AI856	'=IF($A856="","",IF($AH856<>"","BLOCKED",IF($AG856<>"","FCS — NO PLAY",IF(CALC!$S856=1,"PENDING LINE",IF(CALC!$Q856=1,"STALE LINE",IF($AE856="QB UNCERTAIN","QB UNCERTAIN",IF($AF856<>"","FCS/TRANSITION UNCERTAIN",IF(OR($B856="",$C856=""),"DATA INCOMPLETE","READY"))))))))'	'=IF($A856="","",IF($AH856<>"","BLOCKED",IF($AG856<>"","FCS — NO PLAY",IF(CALC!$S856=1,"PENDING LINE",IF(CALC!$Q856=1,"STALE LINE",IF($AE856="QB UNCERTAIN","QB UNCERTAIN",IF($AF856<>"","TRANSITION UNCERTAIN",IF(OR($B856="",$C856=""),"DATA INCOMPLETE","READY"))))))))'
ENGINE	AI857	'=IF($A857="","",IF($AH857<>"","BLOCKED",IF($AG857<>"","FCS — NO PLAY",IF(CALC!$S857=1,"PENDING LINE",IF(CALC!$Q857=1,"STALE LINE",IF($AE857="QB UNCERTAIN","QB UNCERTAIN",IF($AF857<>"","FCS/TRANSITION UNCERTAIN",IF(OR($B857="",$C857=""),"DATA INCOMPLETE","READY"))))))))'	'=IF($A857="","",IF($AH857<>"","BLOCKED",IF($AG857<>"","FCS — NO PLAY",IF(CALC!$S857=1,"PENDING LINE",IF(CALC!$Q857=1,"STALE LINE",IF($AE857="QB UNCERTAIN","QB UNCERTAIN",IF($AF857<>"","TRANSITION UNCERTAIN",IF(OR($B857="",$C857=""),"DATA INCOMPLETE","READY"))))))))'
ENGINE	AI858	'=IF($A858="","",IF($AH858<>"","BLOCKED",IF($AG858<>"","FCS — NO PLAY",IF(CALC!$S858=1,"PENDING LINE",IF(CALC!$Q858=1,"STALE LINE",IF($AE858="QB UNCERTAIN","QB UNCERTAIN",IF($AF858<>"","FCS/TRANSITION UNCERTAIN",IF(OR($B858="",$C858=""),"DATA INCOMPLETE","READY"))))))))'	'=IF($A858="","",IF($AH858<>"","BLOCKED",IF($AG858<>"","FCS — NO PLAY",IF(CALC!$S858=1,"PENDING LINE",IF(CALC!$Q858=1,"STALE LINE",IF($AE858="QB UNCERTAIN","QB UNCERTAIN",IF($AF858<>"","TRANSITION UNCERTAIN",IF(OR($B858="",$C858=""),"DATA INCOMPLETE","READY"))))))))'
ENGINE	AI859	'=IF($A859="","",IF($AH859<>"","BLOCKED",IF($AG859<>"","FCS — NO PLAY",IF(CALC!$S859=1,"PENDING LINE",IF(CALC!$Q859=1,"STALE LINE",IF($AE859="QB UNCERTAIN","QB UNCERTAIN",IF($AF859<>"","FCS/TRANSITION UNCERTAIN",IF(OR($B859="",$C859=""),"DATA INCOMPLETE","READY"))))))))'	'=IF($A859="","",IF($AH859<>"","BLOCKED",IF($AG859<>"","FCS — NO PLAY",IF(CALC!$S859=1,"PENDING LINE",IF(CALC!$Q859=1,"STALE LINE",IF($AE859="QB UNCERTAIN","QB UNCERTAIN",IF($AF859<>"","TRANSITION UNCERTAIN",IF(OR($B859="",$C859=""),"DATA INCOMPLETE","READY"))))))))'
ENGINE	AI860	'=IF($A860="","",IF($AH860<>"","BLOCKED",IF($AG860<>"","FCS — NO PLAY",IF(CALC!$S860=1,"PENDING LINE",IF(CALC!$Q860=1,"STALE LINE",IF($AE860="QB UNCERTAIN","QB UNCERTAIN",IF($AF860<>"","FCS/TRANSITION UNCERTAIN",IF(OR($B860="",$C860=""),"DATA INCOMPLETE","READY"))))))))'	'=IF($A860="","",IF($AH860<>"","BLOCKED",IF($AG860<>"","FCS — NO PLAY",IF(CALC!$S860=1,"PENDING LINE",IF(CALC!$Q860=1,"STALE LINE",IF($AE860="QB UNCERTAIN","QB UNCERTAIN",IF($AF860<>"","TRANSITION UNCERTAIN",IF(OR($B860="",$C860=""),"DATA INCOMPLETE","READY"))))))))'
ENGINE	AI861	'=IF($A861="","",IF($AH861<>"","BLOCKED",IF($AG861<>"","FCS — NO PLAY",IF(CALC!$S861=1,"PENDING LINE",IF(CALC!$Q861=1,"STALE LINE",IF($AE861="QB UNCERTAIN","QB UNCERTAIN",IF($AF861<>"","FCS/TRANSITION UNCERTAIN",IF(OR($B861="",$C861=""),"DATA INCOMPLETE","READY"))))))))'	'=IF($A861="","",IF($AH861<>"","BLOCKED",IF($AG861<>"","FCS — NO PLAY",IF(CALC!$S861=1,"PENDING LINE",IF(CALC!$Q861=1,"STALE LINE",IF($AE861="QB UNCERTAIN","QB UNCERTAIN",IF($AF861<>"","TRANSITION UNCERTAIN",IF(OR($B861="",$C861=""),"DATA INCOMPLETE","READY"))))))))'
ENGINE	AI862	'=IF($A862="","",IF($AH862<>"","BLOCKED",IF($AG862<>"","FCS — NO PLAY",IF(CALC!$S862=1,"PENDING LINE",IF(CALC!$Q862=1,"STALE LINE",IF($AE862="QB UNCERTAIN","QB UNCERTAIN",IF($AF862<>"","FCS/TRANSITION UNCERTAIN",IF(OR($B862="",$C862=""),"DATA INCOMPLETE","READY"))))))))'	'=IF($A862="","",IF($AH862<>"","BLOCKED",IF($AG862<>"","FCS — NO PLAY",IF(CALC!$S862=1,"PENDING LINE",IF(CALC!$Q862=1,"STALE LINE",IF($AE862="QB UNCERTAIN","QB UNCERTAIN",IF($AF862<>"","TRANSITION UNCERTAIN",IF(OR($B862="",$C862=""),"DATA INCOMPLETE","READY"))))))))'
ENGINE	AI863	'=IF($A863="","",IF($AH863<>"","BLOCKED",IF($AG863<>"","FCS — NO PLAY",IF(CALC!$S863=1,"PENDING LINE",IF(CALC!$Q863=1,"STALE LINE",IF($AE863="QB UNCERTAIN","QB UNCERTAIN",IF($AF863<>"","FCS/TRANSITION UNCERTAIN",IF(OR($B863="",$C863=""),"DATA INCOMPLETE","READY"))))))))'	'=IF($A863="","",IF($AH863<>"","BLOCKED",IF($AG863<>"","FCS — NO PLAY",IF(CALC!$S863=1,"PENDING LINE",IF(CALC!$Q863=1,"STALE LINE",IF($AE863="QB UNCERTAIN","QB UNCERTAIN",IF($AF863<>"","TRANSITION UNCERTAIN",IF(OR($B863="",$C863=""),"DATA INCOMPLETE","READY"))))))))'
ENGINE	AI864	'=IF($A864="","",IF($AH864<>"","BLOCKED",IF($AG864<>"","FCS — NO PLAY",IF(CALC!$S864=1,"PENDING LINE",IF(CALC!$Q864=1,"STALE LINE",IF($AE864="QB UNCERTAIN","QB UNCERTAIN",IF($AF864<>"","FCS/TRANSITION UNCERTAIN",IF(OR($B864="",$C864=""),"DATA INCOMPLETE","READY"))))))))'	'=IF($A864="","",IF($AH864<>"","BLOCKED",IF($AG864<>"","FCS — NO PLAY",IF(CALC!$S864=1,"PENDING LINE",IF(CALC!$Q864=1,"STALE LINE",IF($AE864="QB UNCERTAIN","QB UNCERTAIN",IF($AF864<>"","TRANSITION UNCERTAIN",IF(OR($B864="",$C864=""),"DATA INCOMPLETE","READY"))))))))'
ENGINE	AI865	'=IF($A865="","",IF($AH865<>"","BLOCKED",IF($AG865<>"","FCS — NO PLAY",IF(CALC!$S865=1,"PENDING LINE",IF(CALC!$Q865=1,"STALE LINE",IF($AE865="QB UNCERTAIN","QB UNCERTAIN",IF($AF865<>"","FCS/TRANSITION UNCERTAIN",IF(OR($B865="",$C865=""),"DATA INCOMPLETE","READY"))))))))'	'=IF($A865="","",IF($AH865<>"","BLOCKED",IF($AG865<>"","FCS — NO PLAY",IF(CALC!$S865=1,"PENDING LINE",IF(CALC!$Q865=1,"STALE LINE",IF($AE865="QB UNCERTAIN","QB UNCERTAIN",IF($AF865<>"","TRANSITION UNCERTAIN",IF(OR($B865="",$C865=""),"DATA INCOMPLETE","READY"))))))))'
ENGINE	AI866	'=IF($A866="","",IF($AH866<>"","BLOCKED",IF($AG866<>"","FCS — NO PLAY",IF(CALC!$S866=1,"PENDING LINE",IF(CALC!$Q866=1,"STALE LINE",IF($AE866="QB UNCERTAIN","QB UNCERTAIN",IF($AF866<>"","FCS/TRANSITION UNCERTAIN",IF(OR($B866="",$C866=""),"DATA INCOMPLETE","READY"))))))))'	'=IF($A866="","",IF($AH866<>"","BLOCKED",IF($AG866<>"","FCS — NO PLAY",IF(CALC!$S866=1,"PENDING LINE",IF(CALC!$Q866=1,"STALE LINE",IF($AE866="QB UNCERTAIN","QB UNCERTAIN",IF($AF866<>"","TRANSITION UNCERTAIN",IF(OR($B866="",$C866=""),"DATA INCOMPLETE","READY"))))))))'
ENGINE	AI867	'=IF($A867="","",IF($AH867<>"","BLOCKED",IF($AG867<>"","FCS — NO PLAY",IF(CALC!$S867=1,"PENDING LINE",IF(CALC!$Q867=1,"STALE LINE",IF($AE867="QB UNCERTAIN","QB UNCERTAIN",IF($AF867<>"","FCS/TRANSITION UNCERTAIN",IF(OR($B867="",$C867=""),"DATA INCOMPLETE","READY"))))))))'	'=IF($A867="","",IF($AH867<>"","BLOCKED",IF($AG867<>"","FCS — NO PLAY",IF(CALC!$S867=1,"PENDING LINE",IF(CALC!$Q867=1,"STALE LINE",IF($AE867="QB UNCERTAIN","QB UNCERTAIN",IF($AF867<>"","TRANSITION UNCERTAIN",IF(OR($B867="",$C867=""),"DATA INCOMPLETE","READY"))))))))'
ENGINE	AI868	'=IF($A868="","",IF($AH868<>"","BLOCKED",IF($AG868<>"","FCS — NO PLAY",IF(CALC!$S868=1,"PENDING LINE",IF(CALC!$Q868=1,"STALE LINE",IF($AE868="QB UNCERTAIN","QB UNCERTAIN",IF($AF868<>"","FCS/TRANSITION UNCERTAIN",IF(OR($B868="",$C868=""),"DATA INCOMPLETE","READY"))))))))'	'=IF($A868="","",IF($AH868<>"","BLOCKED",IF($AG868<>"","FCS — NO PLAY",IF(CALC!$S868=1,"PENDING LINE",IF(CALC!$Q868=1,"STALE LINE",IF($AE868="QB UNCERTAIN","QB UNCERTAIN",IF($AF868<>"","TRANSITION UNCERTAIN",IF(OR($B868="",$C868=""),"DATA INCOMPLETE","READY"))))))))'
ENGINE	AI869	'=IF($A869="","",IF($AH869<>"","BLOCKED",IF($AG869<>"","FCS — NO PLAY",IF(CALC!$S869=1,"PENDING LINE",IF(CALC!$Q869=1,"STALE LINE",IF($AE869="QB UNCERTAIN","QB UNCERTAIN",IF($AF869<>"","FCS/TRANSITION UNCERTAIN",IF(OR($B869="",$C869=""),"DATA INCOMPLETE","READY"))))))))'	'=IF($A869="","",IF($AH869<>"","BLOCKED",IF($AG869<>"","FCS — NO PLAY",IF(CALC!$S869=1,"PENDING LINE",IF(CALC!$Q869=1,"STALE LINE",IF($AE869="QB UNCERTAIN","QB UNCERTAIN",IF($AF869<>"","TRANSITION UNCERTAIN",IF(OR($B869="",$C869=""),"DATA INCOMPLETE","READY"))))))))'
ENGINE	AI870	'=IF($A870="","",IF($AH870<>"","BLOCKED",IF($AG870<>"","FCS — NO PLAY",IF(CALC!$S870=1,"PENDING LINE",IF(CALC!$Q870=1,"STALE LINE",IF($AE870="QB UNCERTAIN","QB UNCERTAIN",IF($AF870<>"","FCS/TRANSITION UNCERTAIN",IF(OR($B870="",$C870=""),"DATA INCOMPLETE","READY"))))))))'	'=IF($A870="","",IF($AH870<>"","BLOCKED",IF($AG870<>"","FCS — NO PLAY",IF(CALC!$S870=1,"PENDING LINE",IF(CALC!$Q870=1,"STALE LINE",IF($AE870="QB UNCERTAIN","QB UNCERTAIN",IF($AF870<>"","TRANSITION UNCERTAIN",IF(OR($B870="",$C870=""),"DATA INCOMPLETE","READY"))))))))'
ENGINE	AI871	'=IF($A871="","",IF($AH871<>"","BLOCKED",IF($AG871<>"","FCS — NO PLAY",IF(CALC!$S871=1,"PENDING LINE",IF(CALC!$Q871=1,"STALE LINE",IF($AE871="QB UNCERTAIN","QB UNCERTAIN",IF($AF871<>"","FCS/TRANSITION UNCERTAIN",IF(OR($B871="",$C871=""),"DATA INCOMPLETE","READY"))))))))'	'=IF($A871="","",IF($AH871<>"","BLOCKED",IF($AG871<>"","FCS — NO PLAY",IF(CALC!$S871=1,"PENDING LINE",IF(CALC!$Q871=1,"STALE LINE",IF($AE871="QB UNCERTAIN","QB UNCERTAIN",IF($AF871<>"","TRANSITION UNCERTAIN",IF(OR($B871="",$C871=""),"DATA INCOMPLETE","READY"))))))))'
ENGINE	AI872	'=IF($A872="","",IF($AH872<>"","BLOCKED",IF($AG872<>"","FCS — NO PLAY",IF(CALC!$S872=1,"PENDING LINE",IF(CALC!$Q872=1,"STALE LINE",IF($AE872="QB UNCERTAIN","QB UNCERTAIN",IF($AF872<>"","FCS/TRANSITION UNCERTAIN",IF(OR($B872="",$C872=""),"DATA INCOMPLETE","READY"))))))))'	'=IF($A872="","",IF($AH872<>"","BLOCKED",IF($AG872<>"","FCS — NO PLAY",IF(CALC!$S872=1,"PENDING LINE",IF(CALC!$Q872=1,"STALE LINE",IF($AE872="QB UNCERTAIN","QB UNCERTAIN",IF($AF872<>"","TRANSITION UNCERTAIN",IF(OR($B872="",$C872=""),"DATA INCOMPLETE","READY"))))))))'
ENGINE	AI873	'=IF($A873="","",IF($AH873<>"","BLOCKED",IF($AG873<>"","FCS — NO PLAY",IF(CALC!$S873=1,"PENDING LINE",IF(CALC!$Q873=1,"STALE LINE",IF($AE873="QB UNCERTAIN","QB UNCERTAIN",IF($AF873<>"","FCS/TRANSITION UNCERTAIN",IF(OR($B873="",$C873=""),"DATA INCOMPLETE","READY"))))))))'	'=IF($A873="","",IF($AH873<>"","BLOCKED",IF($AG873<>"","FCS — NO PLAY",IF(CALC!$S873=1,"PENDING LINE",IF(CALC!$Q873=1,"STALE LINE",IF($AE873="QB UNCERTAIN","QB UNCERTAIN",IF($AF873<>"","TRANSITION UNCERTAIN",IF(OR($B873="",$C873=""),"DATA INCOMPLETE","READY"))))))))'
ENGINE	AI874	'=IF($A874="","",IF($AH874<>"","BLOCKED",IF($AG874<>"","FCS — NO PLAY",IF(CALC!$S874=1,"PENDING LINE",IF(CALC!$Q874=1,"STALE LINE",IF($AE874="QB UNCERTAIN","QB UNCERTAIN",IF($AF874<>"","FCS/TRANSITION UNCERTAIN",IF(OR($B874="",$C874=""),"DATA INCOMPLETE","READY"))))))))'	'=IF($A874="","",IF($AH874<>"","BLOCKED",IF($AG874<>"","FCS — NO PLAY",IF(CALC!$S874=1,"PENDING LINE",IF(CALC!$Q874=1,"STALE LINE",IF($AE874="QB UNCERTAIN","QB UNCERTAIN",IF($AF874<>"","TRANSITION UNCERTAIN",IF(OR($B874="",$C874=""),"DATA INCOMPLETE","READY"))))))))'
ENGINE	AI875	'=IF($A875="","",IF($AH875<>"","BLOCKED",IF($AG875<>"","FCS — NO PLAY",IF(CALC!$S875=1,"PENDING LINE",IF(CALC!$Q875=1,"STALE LINE",IF($AE875="QB UNCERTAIN","QB UNCERTAIN",IF($AF875<>"","FCS/TRANSITION UNCERTAIN",IF(OR($B875="",$C875=""),"DATA INCOMPLETE","READY"))))))))'	'=IF($A875="","",IF($AH875<>"","BLOCKED",IF($AG875<>"","FCS — NO PLAY",IF(CALC!$S875=1,"PENDING LINE",IF(CALC!$Q875=1,"STALE LINE",IF($AE875="QB UNCERTAIN","QB UNCERTAIN",IF($AF875<>"","TRANSITION UNCERTAIN",IF(OR($B875="",$C875=""),"DATA INCOMPLETE","READY"))))))))'
ENGINE	AI876	'=IF($A876="","",IF($AH876<>"","BLOCKED",IF($AG876<>"","FCS — NO PLAY",IF(CALC!$S876=1,"PENDING LINE",IF(CALC!$Q876=1,"STALE LINE",IF($AE876="QB UNCERTAIN","QB UNCERTAIN",IF($AF876<>"","FCS/TRANSITION UNCERTAIN",IF(OR($B876="",$C876=""),"DATA INCOMPLETE","READY"))))))))'	'=IF($A876="","",IF($AH876<>"","BLOCKED",IF($AG876<>"","FCS — NO PLAY",IF(CALC!$S876=1,"PENDING LINE",IF(CALC!$Q876=1,"STALE LINE",IF($AE876="QB UNCERTAIN","QB UNCERTAIN",IF($AF876<>"","TRANSITION UNCERTAIN",IF(OR($B876="",$C876=""),"DATA INCOMPLETE","READY"))))))))'
ENGINE	AI877	'=IF($A877="","",IF($AH877<>"","BLOCKED",IF($AG877<>"","FCS — NO PLAY",IF(CALC!$S877=1,"PENDING LINE",IF(CALC!$Q877=1,"STALE LINE",IF($AE877="QB UNCERTAIN","QB UNCERTAIN",IF($AF877<>"","FCS/TRANSITION UNCERTAIN",IF(OR($B877="",$C877=""),"DATA INCOMPLETE","READY"))))))))'	'=IF($A877="","",IF($AH877<>"","BLOCKED",IF($AG877<>"","FCS — NO PLAY",IF(CALC!$S877=1,"PENDING LINE",IF(CALC!$Q877=1,"STALE LINE",IF($AE877="QB UNCERTAIN","QB UNCERTAIN",IF($AF877<>"","TRANSITION UNCERTAIN",IF(OR($B877="",$C877=""),"DATA INCOMPLETE","READY"))))))))'
ENGINE	AI878	'=IF($A878="","",IF($AH878<>"","BLOCKED",IF($AG878<>"","FCS — NO PLAY",IF(CALC!$S878=1,"PENDING LINE",IF(CALC!$Q878=1,"STALE LINE",IF($AE878="QB UNCERTAIN","QB UNCERTAIN",IF($AF878<>"","FCS/TRANSITION UNCERTAIN",IF(OR($B878="",$C878=""),"DATA INCOMPLETE","READY"))))))))'	'=IF($A878="","",IF($AH878<>"","BLOCKED",IF($AG878<>"","FCS — NO PLAY",IF(CALC!$S878=1,"PENDING LINE",IF(CALC!$Q878=1,"STALE LINE",IF($AE878="QB UNCERTAIN","QB UNCERTAIN",IF($AF878<>"","TRANSITION UNCERTAIN",IF(OR($B878="",$C878=""),"DATA INCOMPLETE","READY"))))))))'
ENGINE	AI879	'=IF($A879="","",IF($AH879<>"","BLOCKED",IF($AG879<>"","FCS — NO PLAY",IF(CALC!$S879=1,"PENDING LINE",IF(CALC!$Q879=1,"STALE LINE",IF($AE879="QB UNCERTAIN","QB UNCERTAIN",IF($AF879<>"","FCS/TRANSITION UNCERTAIN",IF(OR($B879="",$C879=""),"DATA INCOMPLETE","READY"))))))))'	'=IF($A879="","",IF($AH879<>"","BLOCKED",IF($AG879<>"","FCS — NO PLAY",IF(CALC!$S879=1,"PENDING LINE",IF(CALC!$Q879=1,"STALE LINE",IF($AE879="QB UNCERTAIN","QB UNCERTAIN",IF($AF879<>"","TRANSITION UNCERTAIN",IF(OR($B879="",$C879=""),"DATA INCOMPLETE","READY"))))))))'
ENGINE	AI880	'=IF($A880="","",IF($AH880<>"","BLOCKED",IF($AG880<>"","FCS — NO PLAY",IF(CALC!$S880=1,"PENDING LINE",IF(CALC!$Q880=1,"STALE LINE",IF($AE880="QB UNCERTAIN","QB UNCERTAIN",IF($AF880<>"","FCS/TRANSITION UNCERTAIN",IF(OR($B880="",$C880=""),"DATA INCOMPLETE","READY"))))))))'	'=IF($A880="","",IF($AH880<>"","BLOCKED",IF($AG880<>"","FCS — NO PLAY",IF(CALC!$S880=1,"PENDING LINE",IF(CALC!$Q880=1,"STALE LINE",IF($AE880="QB UNCERTAIN","QB UNCERTAIN",IF($AF880<>"","TRANSITION UNCERTAIN",IF(OR($B880="",$C880=""),"DATA INCOMPLETE","READY"))))))))'
ENGINE	AI881	'=IF($A881="","",IF($AH881<>"","BLOCKED",IF($AG881<>"","FCS — NO PLAY",IF(CALC!$S881=1,"PENDING LINE",IF(CALC!$Q881=1,"STALE LINE",IF($AE881="QB UNCERTAIN","QB UNCERTAIN",IF($AF881<>"","FCS/TRANSITION UNCERTAIN",IF(OR($B881="",$C881=""),"DATA INCOMPLETE","READY"))))))))'	'=IF($A881="","",IF($AH881<>"","BLOCKED",IF($AG881<>"","FCS — NO PLAY",IF(CALC!$S881=1,"PENDING LINE",IF(CALC!$Q881=1,"STALE LINE",IF($AE881="QB UNCERTAIN","QB UNCERTAIN",IF($AF881<>"","TRANSITION UNCERTAIN",IF(OR($B881="",$C881=""),"DATA INCOMPLETE","READY"))))))))'
ENGINE	AI882	'=IF($A882="","",IF($AH882<>"","BLOCKED",IF($AG882<>"","FCS — NO PLAY",IF(CALC!$S882=1,"PENDING LINE",IF(CALC!$Q882=1,"STALE LINE",IF($AE882="QB UNCERTAIN","QB UNCERTAIN",IF($AF882<>"","FCS/TRANSITION UNCERTAIN",IF(OR($B882="",$C882=""),"DATA INCOMPLETE","READY"))))))))'	'=IF($A882="","",IF($AH882<>"","BLOCKED",IF($AG882<>"","FCS — NO PLAY",IF(CALC!$S882=1,"PENDING LINE",IF(CALC!$Q882=1,"STALE LINE",IF($AE882="QB UNCERTAIN","QB UNCERTAIN",IF($AF882<>"","TRANSITION UNCERTAIN",IF(OR($B882="",$C882=""),"DATA INCOMPLETE","READY"))))))))'
ENGINE	AI883	'=IF($A883="","",IF($AH883<>"","BLOCKED",IF($AG883<>"","FCS — NO PLAY",IF(CALC!$S883=1,"PENDING LINE",IF(CALC!$Q883=1,"STALE LINE",IF($AE883="QB UNCERTAIN","QB UNCERTAIN",IF($AF883<>"","FCS/TRANSITION UNCERTAIN",IF(OR($B883="",$C883=""),"DATA INCOMPLETE","READY"))))))))'	'=IF($A883="","",IF($AH883<>"","BLOCKED",IF($AG883<>"","FCS — NO PLAY",IF(CALC!$S883=1,"PENDING LINE",IF(CALC!$Q883=1,"STALE LINE",IF($AE883="QB UNCERTAIN","QB UNCERTAIN",IF($AF883<>"","TRANSITION UNCERTAIN",IF(OR($B883="",$C883=""),"DATA INCOMPLETE","READY"))))))))'
ENGINE	AI884	'=IF($A884="","",IF($AH884<>"","BLOCKED",IF($AG884<>"","FCS — NO PLAY",IF(CALC!$S884=1,"PENDING LINE",IF(CALC!$Q884=1,"STALE LINE",IF($AE884="QB UNCERTAIN","QB UNCERTAIN",IF($AF884<>"","FCS/TRANSITION UNCERTAIN",IF(OR($B884="",$C884=""),"DATA INCOMPLETE","READY"))))))))'	'=IF($A884="","",IF($AH884<>"","BLOCKED",IF($AG884<>"","FCS — NO PLAY",IF(CALC!$S884=1,"PENDING LINE",IF(CALC!$Q884=1,"STALE LINE",IF($AE884="QB UNCERTAIN","QB UNCERTAIN",IF($AF884<>"","TRANSITION UNCERTAIN",IF(OR($B884="",$C884=""),"DATA INCOMPLETE","READY"))))))))'
ENGINE	AI885	'=IF($A885="","",IF($AH885<>"","BLOCKED",IF($AG885<>"","FCS — NO PLAY",IF(CALC!$S885=1,"PENDING LINE",IF(CALC!$Q885=1,"STALE LINE",IF($AE885="QB UNCERTAIN","QB UNCERTAIN",IF($AF885<>"","FCS/TRANSITION UNCERTAIN",IF(OR($B885="",$C885=""),"DATA INCOMPLETE","READY"))))))))'	'=IF($A885="","",IF($AH885<>"","BLOCKED",IF($AG885<>"","FCS — NO PLAY",IF(CALC!$S885=1,"PENDING LINE",IF(CALC!$Q885=1,"STALE LINE",IF($AE885="QB UNCERTAIN","QB UNCERTAIN",IF($AF885<>"","TRANSITION UNCERTAIN",IF(OR($B885="",$C885=""),"DATA INCOMPLETE","READY"))))))))'
ENGINE	AI886	'=IF($A886="","",IF($AH886<>"","BLOCKED",IF($AG886<>"","FCS — NO PLAY",IF(CALC!$S886=1,"PENDING LINE",IF(CALC!$Q886=1,"STALE LINE",IF($AE886="QB UNCERTAIN","QB UNCERTAIN",IF($AF886<>"","FCS/TRANSITION UNCERTAIN",IF(OR($B886="",$C886=""),"DATA INCOMPLETE","READY"))))))))'	'=IF($A886="","",IF($AH886<>"","BLOCKED",IF($AG886<>"","FCS — NO PLAY",IF(CALC!$S886=1,"PENDING LINE",IF(CALC!$Q886=1,"STALE LINE",IF($AE886="QB UNCERTAIN","QB UNCERTAIN",IF($AF886<>"","TRANSITION UNCERTAIN",IF(OR($B886="",$C886=""),"DATA INCOMPLETE","READY"))))))))'
ENGINE	AI887	'=IF($A887="","",IF($AH887<>"","BLOCKED",IF($AG887<>"","FCS — NO PLAY",IF(CALC!$S887=1,"PENDING LINE",IF(CALC!$Q887=1,"STALE LINE",IF($AE887="QB UNCERTAIN","QB UNCERTAIN",IF($AF887<>"","FCS/TRANSITION UNCERTAIN",IF(OR($B887="",$C887=""),"DATA INCOMPLETE","READY"))))))))'	'=IF($A887="","",IF($AH887<>"","BLOCKED",IF($AG887<>"","FCS — NO PLAY",IF(CALC!$S887=1,"PENDING LINE",IF(CALC!$Q887=1,"STALE LINE",IF($AE887="QB UNCERTAIN","QB UNCERTAIN",IF($AF887<>"","TRANSITION UNCERTAIN",IF(OR($B887="",$C887=""),"DATA INCOMPLETE","READY"))))))))'
ENGINE	AI888	'=IF($A888="","",IF($AH888<>"","BLOCKED",IF($AG888<>"","FCS — NO PLAY",IF(CALC!$S888=1,"PENDING LINE",IF(CALC!$Q888=1,"STALE LINE",IF($AE888="QB UNCERTAIN","QB UNCERTAIN",IF($AF888<>"","FCS/TRANSITION UNCERTAIN",IF(OR($B888="",$C888=""),"DATA INCOMPLETE","READY"))))))))'	'=IF($A888="","",IF($AH888<>"","BLOCKED",IF($AG888<>"","FCS — NO PLAY",IF(CALC!$S888=1,"PENDING LINE",IF(CALC!$Q888=1,"STALE LINE",IF($AE888="QB UNCERTAIN","QB UNCERTAIN",IF($AF888<>"","TRANSITION UNCERTAIN",IF(OR($B888="",$C888=""),"DATA INCOMPLETE","READY"))))))))'
ENGINE	AI889	'=IF($A889="","",IF($AH889<>"","BLOCKED",IF($AG889<>"","FCS — NO PLAY",IF(CALC!$S889=1,"PENDING LINE",IF(CALC!$Q889=1,"STALE LINE",IF($AE889="QB UNCERTAIN","QB UNCERTAIN",IF($AF889<>"","FCS/TRANSITION UNCERTAIN",IF(OR($B889="",$C889=""),"DATA INCOMPLETE","READY"))))))))'	'=IF($A889="","",IF($AH889<>"","BLOCKED",IF($AG889<>"","FCS — NO PLAY",IF(CALC!$S889=1,"PENDING LINE",IF(CALC!$Q889=1,"STALE LINE",IF($AE889="QB UNCERTAIN","QB UNCERTAIN",IF($AF889<>"","TRANSITION UNCERTAIN",IF(OR($B889="",$C889=""),"DATA INCOMPLETE","READY"))))))))'
ENGINE	AI890	'=IF($A890="","",IF($AH890<>"","BLOCKED",IF($AG890<>"","FCS — NO PLAY",IF(CALC!$S890=1,"PENDING LINE",IF(CALC!$Q890=1,"STALE LINE",IF($AE890="QB UNCERTAIN","QB UNCERTAIN",IF($AF890<>"","FCS/TRANSITION UNCERTAIN",IF(OR($B890="",$C890=""),"DATA INCOMPLETE","READY"))))))))'	'=IF($A890="","",IF($AH890<>"","BLOCKED",IF($AG890<>"","FCS — NO PLAY",IF(CALC!$S890=1,"PENDING LINE",IF(CALC!$Q890=1,"STALE LINE",IF($AE890="QB UNCERTAIN","QB UNCERTAIN",IF($AF890<>"","TRANSITION UNCERTAIN",IF(OR($B890="",$C890=""),"DATA INCOMPLETE","READY"))))))))'
ENGINE	AI891	'=IF($A891="","",IF($AH891<>"","BLOCKED",IF($AG891<>"","FCS — NO PLAY",IF(CALC!$S891=1,"PENDING LINE",IF(CALC!$Q891=1,"STALE LINE",IF($AE891="QB UNCERTAIN","QB UNCERTAIN",IF($AF891<>"","FCS/TRANSITION UNCERTAIN",IF(OR($B891="",$C891=""),"DATA INCOMPLETE","READY"))))))))'	'=IF($A891="","",IF($AH891<>"","BLOCKED",IF($AG891<>"","FCS — NO PLAY",IF(CALC!$S891=1,"PENDING LINE",IF(CALC!$Q891=1,"STALE LINE",IF($AE891="QB UNCERTAIN","QB UNCERTAIN",IF($AF891<>"","TRANSITION UNCERTAIN",IF(OR($B891="",$C891=""),"DATA INCOMPLETE","READY"))))))))'
ENGINE	AI892	'=IF($A892="","",IF($AH892<>"","BLOCKED",IF($AG892<>"","FCS — NO PLAY",IF(CALC!$S892=1,"PENDING LINE",IF(CALC!$Q892=1,"STALE LINE",IF($AE892="QB UNCERTAIN","QB UNCERTAIN",IF($AF892<>"","FCS/TRANSITION UNCERTAIN",IF(OR($B892="",$C892=""),"DATA INCOMPLETE","READY"))))))))'	'=IF($A892="","",IF($AH892<>"","BLOCKED",IF($AG892<>"","FCS — NO PLAY",IF(CALC!$S892=1,"PENDING LINE",IF(CALC!$Q892=1,"STALE LINE",IF($AE892="QB UNCERTAIN","QB UNCERTAIN",IF($AF892<>"","TRANSITION UNCERTAIN",IF(OR($B892="",$C892=""),"DATA INCOMPLETE","READY"))))))))'
ENGINE	AI893	'=IF($A893="","",IF($AH893<>"","BLOCKED",IF($AG893<>"","FCS — NO PLAY",IF(CALC!$S893=1,"PENDING LINE",IF(CALC!$Q893=1,"STALE LINE",IF($AE893="QB UNCERTAIN","QB UNCERTAIN",IF($AF893<>"","FCS/TRANSITION UNCERTAIN",IF(OR($B893="",$C893=""),"DATA INCOMPLETE","READY"))))))))'	'=IF($A893="","",IF($AH893<>"","BLOCKED",IF($AG893<>"","FCS — NO PLAY",IF(CALC!$S893=1,"PENDING LINE",IF(CALC!$Q893=1,"STALE LINE",IF($AE893="QB UNCERTAIN","QB UNCERTAIN",IF($AF893<>"","TRANSITION UNCERTAIN",IF(OR($B893="",$C893=""),"DATA INCOMPLETE","READY"))))))))'
ENGINE	AI894	'=IF($A894="","",IF($AH894<>"","BLOCKED",IF($AG894<>"","FCS — NO PLAY",IF(CALC!$S894=1,"PENDING LINE",IF(CALC!$Q894=1,"STALE LINE",IF($AE894="QB UNCERTAIN","QB UNCERTAIN",IF($AF894<>"","FCS/TRANSITION UNCERTAIN",IF(OR($B894="",$C894=""),"DATA INCOMPLETE","READY"))))))))'	'=IF($A894="","",IF($AH894<>"","BLOCKED",IF($AG894<>"","FCS — NO PLAY",IF(CALC!$S894=1,"PENDING LINE",IF(CALC!$Q894=1,"STALE LINE",IF($AE894="QB UNCERTAIN","QB UNCERTAIN",IF($AF894<>"","TRANSITION UNCERTAIN",IF(OR($B894="",$C894=""),"DATA INCOMPLETE","READY"))))))))'
ENGINE	AI895	'=IF($A895="","",IF($AH895<>"","BLOCKED",IF($AG895<>"","FCS — NO PLAY",IF(CALC!$S895=1,"PENDING LINE",IF(CALC!$Q895=1,"STALE LINE",IF($AE895="QB UNCERTAIN","QB UNCERTAIN",IF($AF895<>"","FCS/TRANSITION UNCERTAIN",IF(OR($B895="",$C895=""),"DATA INCOMPLETE","READY"))))))))'	'=IF($A895="","",IF($AH895<>"","BLOCKED",IF($AG895<>"","FCS — NO PLAY",IF(CALC!$S895=1,"PENDING LINE",IF(CALC!$Q895=1,"STALE LINE",IF($AE895="QB UNCERTAIN","QB UNCERTAIN",IF($AF895<>"","TRANSITION UNCERTAIN",IF(OR($B895="",$C895=""),"DATA INCOMPLETE","READY"))))))))'
ENGINE	AI896	'=IF($A896="","",IF($AH896<>"","BLOCKED",IF($AG896<>"","FCS — NO PLAY",IF(CALC!$S896=1,"PENDING LINE",IF(CALC!$Q896=1,"STALE LINE",IF($AE896="QB UNCERTAIN","QB UNCERTAIN",IF($AF896<>"","FCS/TRANSITION UNCERTAIN",IF(OR($B896="",$C896=""),"DATA INCOMPLETE","READY"))))))))'	'=IF($A896="","",IF($AH896<>"","BLOCKED",IF($AG896<>"","FCS — NO PLAY",IF(CALC!$S896=1,"PENDING LINE",IF(CALC!$Q896=1,"STALE LINE",IF($AE896="QB UNCERTAIN","QB UNCERTAIN",IF($AF896<>"","TRANSITION UNCERTAIN",IF(OR($B896="",$C896=""),"DATA INCOMPLETE","READY"))))))))'
ENGINE	AI897	'=IF($A897="","",IF($AH897<>"","BLOCKED",IF($AG897<>"","FCS — NO PLAY",IF(CALC!$S897=1,"PENDING LINE",IF(CALC!$Q897=1,"STALE LINE",IF($AE897="QB UNCERTAIN","QB UNCERTAIN",IF($AF897<>"","FCS/TRANSITION UNCERTAIN",IF(OR($B897="",$C897=""),"DATA INCOMPLETE","READY"))))))))'	'=IF($A897="","",IF($AH897<>"","BLOCKED",IF($AG897<>"","FCS — NO PLAY",IF(CALC!$S897=1,"PENDING LINE",IF(CALC!$Q897=1,"STALE LINE",IF($AE897="QB UNCERTAIN","QB UNCERTAIN",IF($AF897<>"","TRANSITION UNCERTAIN",IF(OR($B897="",$C897=""),"DATA INCOMPLETE","READY"))))))))'
ENGINE	AI898	'=IF($A898="","",IF($AH898<>"","BLOCKED",IF($AG898<>"","FCS — NO PLAY",IF(CALC!$S898=1,"PENDING LINE",IF(CALC!$Q898=1,"STALE LINE",IF($AE898="QB UNCERTAIN","QB UNCERTAIN",IF($AF898<>"","FCS/TRANSITION UNCERTAIN",IF(OR($B898="",$C898=""),"DATA INCOMPLETE","READY"))))))))'	'=IF($A898="","",IF($AH898<>"","BLOCKED",IF($AG898<>"","FCS — NO PLAY",IF(CALC!$S898=1,"PENDING LINE",IF(CALC!$Q898=1,"STALE LINE",IF($AE898="QB UNCERTAIN","QB UNCERTAIN",IF($AF898<>"","TRANSITION UNCERTAIN",IF(OR($B898="",$C898=""),"DATA INCOMPLETE","READY"))))))))'
ENGINE	AI899	'=IF($A899="","",IF($AH899<>"","BLOCKED",IF($AG899<>"","FCS — NO PLAY",IF(CALC!$S899=1,"PENDING LINE",IF(CALC!$Q899=1,"STALE LINE",IF($AE899="QB UNCERTAIN","QB UNCERTAIN",IF($AF899<>"","FCS/TRANSITION UNCERTAIN",IF(OR($B899="",$C899=""),"DATA INCOMPLETE","READY"))))))))'	'=IF($A899="","",IF($AH899<>"","BLOCKED",IF($AG899<>"","FCS — NO PLAY",IF(CALC!$S899=1,"PENDING LINE",IF(CALC!$Q899=1,"STALE LINE",IF($AE899="QB UNCERTAIN","QB UNCERTAIN",IF($AF899<>"","TRANSITION UNCERTAIN",IF(OR($B899="",$C899=""),"DATA INCOMPLETE","READY"))))))))'
ENGINE	AI900	'=IF($A900="","",IF($AH900<>"","BLOCKED",IF($AG900<>"","FCS — NO PLAY",IF(CALC!$S900=1,"PENDING LINE",IF(CALC!$Q900=1,"STALE LINE",IF($AE900="QB UNCERTAIN","QB UNCERTAIN",IF($AF900<>"","FCS/TRANSITION UNCERTAIN",IF(OR($B900="",$C900=""),"DATA INCOMPLETE","READY"))))))))'	'=IF($A900="","",IF($AH900<>"","BLOCKED",IF($AG900<>"","FCS — NO PLAY",IF(CALC!$S900=1,"PENDING LINE",IF(CALC!$Q900=1,"STALE LINE",IF($AE900="QB UNCERTAIN","QB UNCERTAIN",IF($AF900<>"","TRANSITION UNCERTAIN",IF(OR($B900="",$C900=""),"DATA INCOMPLETE","READY"))))))))'
ENGINE	AI901	'=IF($A901="","",IF($AH901<>"","BLOCKED",IF($AG901<>"","FCS — NO PLAY",IF(CALC!$S901=1,"PENDING LINE",IF(CALC!$Q901=1,"STALE LINE",IF($AE901="QB UNCERTAIN","QB UNCERTAIN",IF($AF901<>"","FCS/TRANSITION UNCERTAIN",IF(OR($B901="",$C901=""),"DATA INCOMPLETE","READY"))))))))'	'=IF($A901="","",IF($AH901<>"","BLOCKED",IF($AG901<>"","FCS — NO PLAY",IF(CALC!$S901=1,"PENDING LINE",IF(CALC!$Q901=1,"STALE LINE",IF($AE901="QB UNCERTAIN","QB UNCERTAIN",IF($AF901<>"","TRANSITION UNCERTAIN",IF(OR($B901="",$C901=""),"DATA INCOMPLETE","READY"))))))))'
ENGINE	AI902	'=IF($A902="","",IF($AH902<>"","BLOCKED",IF($AG902<>"","FCS — NO PLAY",IF(CALC!$S902=1,"PENDING LINE",IF(CALC!$Q902=1,"STALE LINE",IF($AE902="QB UNCERTAIN","QB UNCERTAIN",IF($AF902<>"","FCS/TRANSITION UNCERTAIN",IF(OR($B902="",$C902=""),"DATA INCOMPLETE","READY"))))))))'	'=IF($A902="","",IF($AH902<>"","BLOCKED",IF($AG902<>"","FCS — NO PLAY",IF(CALC!$S902=1,"PENDING LINE",IF(CALC!$Q902=1,"STALE LINE",IF($AE902="QB UNCERTAIN","QB UNCERTAIN",IF($AF902<>"","TRANSITION UNCERTAIN",IF(OR($B902="",$C902=""),"DATA INCOMPLETE","READY"))))))))'
ENGINE	AI903	'=IF($A903="","",IF($AH903<>"","BLOCKED",IF($AG903<>"","FCS — NO PLAY",IF(CALC!$S903=1,"PENDING LINE",IF(CALC!$Q903=1,"STALE LINE",IF($AE903="QB UNCERTAIN","QB UNCERTAIN",IF($AF903<>"","FCS/TRANSITION UNCERTAIN",IF(OR($B903="",$C903=""),"DATA INCOMPLETE","READY"))))))))'	'=IF($A903="","",IF($AH903<>"","BLOCKED",IF($AG903<>"","FCS — NO PLAY",IF(CALC!$S903=1,"PENDING LINE",IF(CALC!$Q903=1,"STALE LINE",IF($AE903="QB UNCERTAIN","QB UNCERTAIN",IF($AF903<>"","TRANSITION UNCERTAIN",IF(OR($B903="",$C903=""),"DATA INCOMPLETE","READY"))))))))'
ENGINE	AI904	'=IF($A904="","",IF($AH904<>"","BLOCKED",IF($AG904<>"","FCS — NO PLAY",IF(CALC!$S904=1,"PENDING LINE",IF(CALC!$Q904=1,"STALE LINE",IF($AE904="QB UNCERTAIN","QB UNCERTAIN",IF($AF904<>"","FCS/TRANSITION UNCERTAIN",IF(OR($B904="",$C904=""),"DATA INCOMPLETE","READY"))))))))'	'=IF($A904="","",IF($AH904<>"","BLOCKED",IF($AG904<>"","FCS — NO PLAY",IF(CALC!$S904=1,"PENDING LINE",IF(CALC!$Q904=1,"STALE LINE",IF($AE904="QB UNCERTAIN","QB UNCERTAIN",IF($AF904<>"","TRANSITION UNCERTAIN",IF(OR($B904="",$C904=""),"DATA INCOMPLETE","READY"))))))))'
ENGINE	AI905	'=IF($A905="","",IF($AH905<>"","BLOCKED",IF($AG905<>"","FCS — NO PLAY",IF(CALC!$S905=1,"PENDING LINE",IF(CALC!$Q905=1,"STALE LINE",IF($AE905="QB UNCERTAIN","QB UNCERTAIN",IF($AF905<>"","FCS/TRANSITION UNCERTAIN",IF(OR($B905="",$C905=""),"DATA INCOMPLETE","READY"))))))))'	'=IF($A905="","",IF($AH905<>"","BLOCKED",IF($AG905<>"","FCS — NO PLAY",IF(CALC!$S905=1,"PENDING LINE",IF(CALC!$Q905=1,"STALE LINE",IF($AE905="QB UNCERTAIN","QB UNCERTAIN",IF($AF905<>"","TRANSITION UNCERTAIN",IF(OR($B905="",$C905=""),"DATA INCOMPLETE","READY"))))))))'
ENGINE	AI906	'=IF($A906="","",IF($AH906<>"","BLOCKED",IF($AG906<>"","FCS — NO PLAY",IF(CALC!$S906=1,"PENDING LINE",IF(CALC!$Q906=1,"STALE LINE",IF($AE906="QB UNCERTAIN","QB UNCERTAIN",IF($AF906<>"","FCS/TRANSITION UNCERTAIN",IF(OR($B906="",$C906=""),"DATA INCOMPLETE","READY"))))))))'	'=IF($A906="","",IF($AH906<>"","BLOCKED",IF($AG906<>"","FCS — NO PLAY",IF(CALC!$S906=1,"PENDING LINE",IF(CALC!$Q906=1,"STALE LINE",IF($AE906="QB UNCERTAIN","QB UNCERTAIN",IF($AF906<>"","TRANSITION UNCERTAIN",IF(OR($B906="",$C906=""),"DATA INCOMPLETE","READY"))))))))'
ENGINE	AI907	'=IF($A907="","",IF($AH907<>"","BLOCKED",IF($AG907<>"","FCS — NO PLAY",IF(CALC!$S907=1,"PENDING LINE",IF(CALC!$Q907=1,"STALE LINE",IF($AE907="QB UNCERTAIN","QB UNCERTAIN",IF($AF907<>"","FCS/TRANSITION UNCERTAIN",IF(OR($B907="",$C907=""),"DATA INCOMPLETE","READY"))))))))'	'=IF($A907="","",IF($AH907<>"","BLOCKED",IF($AG907<>"","FCS — NO PLAY",IF(CALC!$S907=1,"PENDING LINE",IF(CALC!$Q907=1,"STALE LINE",IF($AE907="QB UNCERTAIN","QB UNCERTAIN",IF($AF907<>"","TRANSITION UNCERTAIN",IF(OR($B907="",$C907=""),"DATA INCOMPLETE","READY"))))))))'
ENGINE	AI908	'=IF($A908="","",IF($AH908<>"","BLOCKED",IF($AG908<>"","FCS — NO PLAY",IF(CALC!$S908=1,"PENDING LINE",IF(CALC!$Q908=1,"STALE LINE",IF($AE908="QB UNCERTAIN","QB UNCERTAIN",IF($AF908<>"","FCS/TRANSITION UNCERTAIN",IF(OR($B908="",$C908=""),"DATA INCOMPLETE","READY"))))))))'	'=IF($A908="","",IF($AH908<>"","BLOCKED",IF($AG908<>"","FCS — NO PLAY",IF(CALC!$S908=1,"PENDING LINE",IF(CALC!$Q908=1,"STALE LINE",IF($AE908="QB UNCERTAIN","QB UNCERTAIN",IF($AF908<>"","TRANSITION UNCERTAIN",IF(OR($B908="",$C908=""),"DATA INCOMPLETE","READY"))))))))'
ENGINE	AI909	'=IF($A909="","",IF($AH909<>"","BLOCKED",IF($AG909<>"","FCS — NO PLAY",IF(CALC!$S909=1,"PENDING LINE",IF(CALC!$Q909=1,"STALE LINE",IF($AE909="QB UNCERTAIN","QB UNCERTAIN",IF($AF909<>"","FCS/TRANSITION UNCERTAIN",IF(OR($B909="",$C909=""),"DATA INCOMPLETE","READY"))))))))'	'=IF($A909="","",IF($AH909<>"","BLOCKED",IF($AG909<>"","FCS — NO PLAY",IF(CALC!$S909=1,"PENDING LINE",IF(CALC!$Q909=1,"STALE LINE",IF($AE909="QB UNCERTAIN","QB UNCERTAIN",IF($AF909<>"","TRANSITION UNCERTAIN",IF(OR($B909="",$C909=""),"DATA INCOMPLETE","READY"))))))))'
ENGINE	AI910	'=IF($A910="","",IF($AH910<>"","BLOCKED",IF($AG910<>"","FCS — NO PLAY",IF(CALC!$S910=1,"PENDING LINE",IF(CALC!$Q910=1,"STALE LINE",IF($AE910="QB UNCERTAIN","QB UNCERTAIN",IF($AF910<>"","FCS/TRANSITION UNCERTAIN",IF(OR($B910="",$C910=""),"DATA INCOMPLETE","READY"))))))))'	'=IF($A910="","",IF($AH910<>"","BLOCKED",IF($AG910<>"","FCS — NO PLAY",IF(CALC!$S910=1,"PENDING LINE",IF(CALC!$Q910=1,"STALE LINE",IF($AE910="QB UNCERTAIN","QB UNCERTAIN",IF($AF910<>"","TRANSITION UNCERTAIN",IF(OR($B910="",$C910=""),"DATA INCOMPLETE","READY"))))))))'
ENGINE	AI911	'=IF($A911="","",IF($AH911<>"","BLOCKED",IF($AG911<>"","FCS — NO PLAY",IF(CALC!$S911=1,"PENDING LINE",IF(CALC!$Q911=1,"STALE LINE",IF($AE911="QB UNCERTAIN","QB UNCERTAIN",IF($AF911<>"","FCS/TRANSITION UNCERTAIN",IF(OR($B911="",$C911=""),"DATA INCOMPLETE","READY"))))))))'	'=IF($A911="","",IF($AH911<>"","BLOCKED",IF($AG911<>"","FCS — NO PLAY",IF(CALC!$S911=1,"PENDING LINE",IF(CALC!$Q911=1,"STALE LINE",IF($AE911="QB UNCERTAIN","QB UNCERTAIN",IF($AF911<>"","TRANSITION UNCERTAIN",IF(OR($B911="",$C911=""),"DATA INCOMPLETE","READY"))))))))'
ENGINE	AI912	'=IF($A912="","",IF($AH912<>"","BLOCKED",IF($AG912<>"","FCS — NO PLAY",IF(CALC!$S912=1,"PENDING LINE",IF(CALC!$Q912=1,"STALE LINE",IF($AE912="QB UNCERTAIN","QB UNCERTAIN",IF($AF912<>"","FCS/TRANSITION UNCERTAIN",IF(OR($B912="",$C912=""),"DATA INCOMPLETE","READY"))))))))'	'=IF($A912="","",IF($AH912<>"","BLOCKED",IF($AG912<>"","FCS — NO PLAY",IF(CALC!$S912=1,"PENDING LINE",IF(CALC!$Q912=1,"STALE LINE",IF($AE912="QB UNCERTAIN","QB UNCERTAIN",IF($AF912<>"","TRANSITION UNCERTAIN",IF(OR($B912="",$C912=""),"DATA INCOMPLETE","READY"))))))))'
ENGINE	AI913	'=IF($A913="","",IF($AH913<>"","BLOCKED",IF($AG913<>"","FCS — NO PLAY",IF(CALC!$S913=1,"PENDING LINE",IF(CALC!$Q913=1,"STALE LINE",IF($AE913="QB UNCERTAIN","QB UNCERTAIN",IF($AF913<>"","FCS/TRANSITION UNCERTAIN",IF(OR($B913="",$C913=""),"DATA INCOMPLETE","READY"))))))))'	'=IF($A913="","",IF($AH913<>"","BLOCKED",IF($AG913<>"","FCS — NO PLAY",IF(CALC!$S913=1,"PENDING LINE",IF(CALC!$Q913=1,"STALE LINE",IF($AE913="QB UNCERTAIN","QB UNCERTAIN",IF($AF913<>"","TRANSITION UNCERTAIN",IF(OR($B913="",$C913=""),"DATA INCOMPLETE","READY"))))))))'
ENGINE	AI914	'=IF($A914="","",IF($AH914<>"","BLOCKED",IF($AG914<>"","FCS — NO PLAY",IF(CALC!$S914=1,"PENDING LINE",IF(CALC!$Q914=1,"STALE LINE",IF($AE914="QB UNCERTAIN","QB UNCERTAIN",IF($AF914<>"","FCS/TRANSITION UNCERTAIN",IF(OR($B914="",$C914=""),"DATA INCOMPLETE","READY"))))))))'	'=IF($A914="","",IF($AH914<>"","BLOCKED",IF($AG914<>"","FCS — NO PLAY",IF(CALC!$S914=1,"PENDING LINE",IF(CALC!$Q914=1,"STALE LINE",IF($AE914="QB UNCERTAIN","QB UNCERTAIN",IF($AF914<>"","TRANSITION UNCERTAIN",IF(OR($B914="",$C914=""),"DATA INCOMPLETE","READY"))))))))'
ENGINE	AI915	'=IF($A915="","",IF($AH915<>"","BLOCKED",IF($AG915<>"","FCS — NO PLAY",IF(CALC!$S915=1,"PENDING LINE",IF(CALC!$Q915=1,"STALE LINE",IF($AE915="QB UNCERTAIN","QB UNCERTAIN",IF($AF915<>"","FCS/TRANSITION UNCERTAIN",IF(OR($B915="",$C915=""),"DATA INCOMPLETE","READY"))))))))'	'=IF($A915="","",IF($AH915<>"","BLOCKED",IF($AG915<>"","FCS — NO PLAY",IF(CALC!$S915=1,"PENDING LINE",IF(CALC!$Q915=1,"STALE LINE",IF($AE915="QB UNCERTAIN","QB UNCERTAIN",IF($AF915<>"","TRANSITION UNCERTAIN",IF(OR($B915="",$C915=""),"DATA INCOMPLETE","READY"))))))))'
ENGINE	AI916	'=IF($A916="","",IF($AH916<>"","BLOCKED",IF($AG916<>"","FCS — NO PLAY",IF(CALC!$S916=1,"PENDING LINE",IF(CALC!$Q916=1,"STALE LINE",IF($AE916="QB UNCERTAIN","QB UNCERTAIN",IF($AF916<>"","FCS/TRANSITION UNCERTAIN",IF(OR($B916="",$C916=""),"DATA INCOMPLETE","READY"))))))))'	'=IF($A916="","",IF($AH916<>"","BLOCKED",IF($AG916<>"","FCS — NO PLAY",IF(CALC!$S916=1,"PENDING LINE",IF(CALC!$Q916=1,"STALE LINE",IF($AE916="QB UNCERTAIN","QB UNCERTAIN",IF($AF916<>"","TRANSITION UNCERTAIN",IF(OR($B916="",$C916=""),"DATA INCOMPLETE","READY"))))))))'
ENGINE	AI917	'=IF($A917="","",IF($AH917<>"","BLOCKED",IF($AG917<>"","FCS — NO PLAY",IF(CALC!$S917=1,"PENDING LINE",IF(CALC!$Q917=1,"STALE LINE",IF($AE917="QB UNCERTAIN","QB UNCERTAIN",IF($AF917<>"","FCS/TRANSITION UNCERTAIN",IF(OR($B917="",$C917=""),"DATA INCOMPLETE","READY"))))))))'	'=IF($A917="","",IF($AH917<>"","BLOCKED",IF($AG917<>"","FCS — NO PLAY",IF(CALC!$S917=1,"PENDING LINE",IF(CALC!$Q917=1,"STALE LINE",IF($AE917="QB UNCERTAIN","QB UNCERTAIN",IF($AF917<>"","TRANSITION UNCERTAIN",IF(OR($B917="",$C917=""),"DATA INCOMPLETE","READY"))))))))'
ENGINE	AI918	'=IF($A918="","",IF($AH918<>"","BLOCKED",IF($AG918<>"","FCS — NO PLAY",IF(CALC!$S918=1,"PENDING LINE",IF(CALC!$Q918=1,"STALE LINE",IF($AE918="QB UNCERTAIN","QB UNCERTAIN",IF($AF918<>"","FCS/TRANSITION UNCERTAIN",IF(OR($B918="",$C918=""),"DATA INCOMPLETE","READY"))))))))'	'=IF($A918="","",IF($AH918<>"","BLOCKED",IF($AG918<>"","FCS — NO PLAY",IF(CALC!$S918=1,"PENDING LINE",IF(CALC!$Q918=1,"STALE LINE",IF($AE918="QB UNCERTAIN","QB UNCERTAIN",IF($AF918<>"","TRANSITION UNCERTAIN",IF(OR($B918="",$C918=""),"DATA INCOMPLETE","READY"))))))))'
ENGINE	AI919	'=IF($A919="","",IF($AH919<>"","BLOCKED",IF($AG919<>"","FCS — NO PLAY",IF(CALC!$S919=1,"PENDING LINE",IF(CALC!$Q919=1,"STALE LINE",IF($AE919="QB UNCERTAIN","QB UNCERTAIN",IF($AF919<>"","FCS/TRANSITION UNCERTAIN",IF(OR($B919="",$C919=""),"DATA INCOMPLETE","READY"))))))))'	'=IF($A919="","",IF($AH919<>"","BLOCKED",IF($AG919<>"","FCS — NO PLAY",IF(CALC!$S919=1,"PENDING LINE",IF(CALC!$Q919=1,"STALE LINE",IF($AE919="QB UNCERTAIN","QB UNCERTAIN",IF($AF919<>"","TRANSITION UNCERTAIN",IF(OR($B919="",$C919=""),"DATA INCOMPLETE","READY"))))))))'
ENGINE	AI920	'=IF($A920="","",IF($AH920<>"","BLOCKED",IF($AG920<>"","FCS — NO PLAY",IF(CALC!$S920=1,"PENDING LINE",IF(CALC!$Q920=1,"STALE LINE",IF($AE920="QB UNCERTAIN","QB UNCERTAIN",IF($AF920<>"","FCS/TRANSITION UNCERTAIN",IF(OR($B920="",$C920=""),"DATA INCOMPLETE","READY"))))))))'	'=IF($A920="","",IF($AH920<>"","BLOCKED",IF($AG920<>"","FCS — NO PLAY",IF(CALC!$S920=1,"PENDING LINE",IF(CALC!$Q920=1,"STALE LINE",IF($AE920="QB UNCERTAIN","QB UNCERTAIN",IF($AF920<>"","TRANSITION UNCERTAIN",IF(OR($B920="",$C920=""),"DATA INCOMPLETE","READY"))))))))'
ENGINE	AI921	'=IF($A921="","",IF($AH921<>"","BLOCKED",IF($AG921<>"","FCS — NO PLAY",IF(CALC!$S921=1,"PENDING LINE",IF(CALC!$Q921=1,"STALE LINE",IF($AE921="QB UNCERTAIN","QB UNCERTAIN",IF($AF921<>"","FCS/TRANSITION UNCERTAIN",IF(OR($B921="",$C921=""),"DATA INCOMPLETE","READY"))))))))'	'=IF($A921="","",IF($AH921<>"","BLOCKED",IF($AG921<>"","FCS — NO PLAY",IF(CALC!$S921=1,"PENDING LINE",IF(CALC!$Q921=1,"STALE LINE",IF($AE921="QB UNCERTAIN","QB UNCERTAIN",IF($AF921<>"","TRANSITION UNCERTAIN",IF(OR($B921="",$C921=""),"DATA INCOMPLETE","READY"))))))))'
ENGINE	AI922	'=IF($A922="","",IF($AH922<>"","BLOCKED",IF($AG922<>"","FCS — NO PLAY",IF(CALC!$S922=1,"PENDING LINE",IF(CALC!$Q922=1,"STALE LINE",IF($AE922="QB UNCERTAIN","QB UNCERTAIN",IF($AF922<>"","FCS/TRANSITION UNCERTAIN",IF(OR($B922="",$C922=""),"DATA INCOMPLETE","READY"))))))))'	'=IF($A922="","",IF($AH922<>"","BLOCKED",IF($AG922<>"","FCS — NO PLAY",IF(CALC!$S922=1,"PENDING LINE",IF(CALC!$Q922=1,"STALE LINE",IF($AE922="QB UNCERTAIN","QB UNCERTAIN",IF($AF922<>"","TRANSITION UNCERTAIN",IF(OR($B922="",$C922=""),"DATA INCOMPLETE","READY"))))))))'
ENGINE	AI923	'=IF($A923="","",IF($AH923<>"","BLOCKED",IF($AG923<>"","FCS — NO PLAY",IF(CALC!$S923=1,"PENDING LINE",IF(CALC!$Q923=1,"STALE LINE",IF($AE923="QB UNCERTAIN","QB UNCERTAIN",IF($AF923<>"","FCS/TRANSITION UNCERTAIN",IF(OR($B923="",$C923=""),"DATA INCOMPLETE","READY"))))))))'	'=IF($A923="","",IF($AH923<>"","BLOCKED",IF($AG923<>"","FCS — NO PLAY",IF(CALC!$S923=1,"PENDING LINE",IF(CALC!$Q923=1,"STALE LINE",IF($AE923="QB UNCERTAIN","QB UNCERTAIN",IF($AF923<>"","TRANSITION UNCERTAIN",IF(OR($B923="",$C923=""),"DATA INCOMPLETE","READY"))))))))'
ENGINE	AI924	'=IF($A924="","",IF($AH924<>"","BLOCKED",IF($AG924<>"","FCS — NO PLAY",IF(CALC!$S924=1,"PENDING LINE",IF(CALC!$Q924=1,"STALE LINE",IF($AE924="QB UNCERTAIN","QB UNCERTAIN",IF($AF924<>"","FCS/TRANSITION UNCERTAIN",IF(OR($B924="",$C924=""),"DATA INCOMPLETE","READY"))))))))'	'=IF($A924="","",IF($AH924<>"","BLOCKED",IF($AG924<>"","FCS — NO PLAY",IF(CALC!$S924=1,"PENDING LINE",IF(CALC!$Q924=1,"STALE LINE",IF($AE924="QB UNCERTAIN","QB UNCERTAIN",IF($AF924<>"","TRANSITION UNCERTAIN",IF(OR($B924="",$C924=""),"DATA INCOMPLETE","READY"))))))))'
ENGINE	AI925	'=IF($A925="","",IF($AH925<>"","BLOCKED",IF($AG925<>"","FCS — NO PLAY",IF(CALC!$S925=1,"PENDING LINE",IF(CALC!$Q925=1,"STALE LINE",IF($AE925="QB UNCERTAIN","QB UNCERTAIN",IF($AF925<>"","FCS/TRANSITION UNCERTAIN",IF(OR($B925="",$C925=""),"DATA INCOMPLETE","READY"))))))))'	'=IF($A925="","",IF($AH925<>"","BLOCKED",IF($AG925<>"","FCS — NO PLAY",IF(CALC!$S925=1,"PENDING LINE",IF(CALC!$Q925=1,"STALE LINE",IF($AE925="QB UNCERTAIN","QB UNCERTAIN",IF($AF925<>"","TRANSITION UNCERTAIN",IF(OR($B925="",$C925=""),"DATA INCOMPLETE","READY"))))))))'
ENGINE	AI926	'=IF($A926="","",IF($AH926<>"","BLOCKED",IF($AG926<>"","FCS — NO PLAY",IF(CALC!$S926=1,"PENDING LINE",IF(CALC!$Q926=1,"STALE LINE",IF($AE926="QB UNCERTAIN","QB UNCERTAIN",IF($AF926<>"","FCS/TRANSITION UNCERTAIN",IF(OR($B926="",$C926=""),"DATA INCOMPLETE","READY"))))))))'	'=IF($A926="","",IF($AH926<>"","BLOCKED",IF($AG926<>"","FCS — NO PLAY",IF(CALC!$S926=1,"PENDING LINE",IF(CALC!$Q926=1,"STALE LINE",IF($AE926="QB UNCERTAIN","QB UNCERTAIN",IF($AF926<>"","TRANSITION UNCERTAIN",IF(OR($B926="",$C926=""),"DATA INCOMPLETE","READY"))))))))'
ENGINE	AI927	'=IF($A927="","",IF($AH927<>"","BLOCKED",IF($AG927<>"","FCS — NO PLAY",IF(CALC!$S927=1,"PENDING LINE",IF(CALC!$Q927=1,"STALE LINE",IF($AE927="QB UNCERTAIN","QB UNCERTAIN",IF($AF927<>"","FCS/TRANSITION UNCERTAIN",IF(OR($B927="",$C927=""),"DATA INCOMPLETE","READY"))))))))'	'=IF($A927="","",IF($AH927<>"","BLOCKED",IF($AG927<>"","FCS — NO PLAY",IF(CALC!$S927=1,"PENDING LINE",IF(CALC!$Q927=1,"STALE LINE",IF($AE927="QB UNCERTAIN","QB UNCERTAIN",IF($AF927<>"","TRANSITION UNCERTAIN",IF(OR($B927="",$C927=""),"DATA INCOMPLETE","READY"))))))))'
ENGINE	AI928	'=IF($A928="","",IF($AH928<>"","BLOCKED",IF($AG928<>"","FCS — NO PLAY",IF(CALC!$S928=1,"PENDING LINE",IF(CALC!$Q928=1,"STALE LINE",IF($AE928="QB UNCERTAIN","QB UNCERTAIN",IF($AF928<>"","FCS/TRANSITION UNCERTAIN",IF(OR($B928="",$C928=""),"DATA INCOMPLETE","READY"))))))))'	'=IF($A928="","",IF($AH928<>"","BLOCKED",IF($AG928<>"","FCS — NO PLAY",IF(CALC!$S928=1,"PENDING LINE",IF(CALC!$Q928=1,"STALE LINE",IF($AE928="QB UNCERTAIN","QB UNCERTAIN",IF($AF928<>"","TRANSITION UNCERTAIN",IF(OR($B928="",$C928=""),"DATA INCOMPLETE","READY"))))))))'
ENGINE	AI929	'=IF($A929="","",IF($AH929<>"","BLOCKED",IF($AG929<>"","FCS — NO PLAY",IF(CALC!$S929=1,"PENDING LINE",IF(CALC!$Q929=1,"STALE LINE",IF($AE929="QB UNCERTAIN","QB UNCERTAIN",IF($AF929<>"","FCS/TRANSITION UNCERTAIN",IF(OR($B929="",$C929=""),"DATA INCOMPLETE","READY"))))))))'	'=IF($A929="","",IF($AH929<>"","BLOCKED",IF($AG929<>"","FCS — NO PLAY",IF(CALC!$S929=1,"PENDING LINE",IF(CALC!$Q929=1,"STALE LINE",IF($AE929="QB UNCERTAIN","QB UNCERTAIN",IF($AF929<>"","TRANSITION UNCERTAIN",IF(OR($B929="",$C929=""),"DATA INCOMPLETE","READY"))))))))'
ENGINE	AI930	'=IF($A930="","",IF($AH930<>"","BLOCKED",IF($AG930<>"","FCS — NO PLAY",IF(CALC!$S930=1,"PENDING LINE",IF(CALC!$Q930=1,"STALE LINE",IF($AE930="QB UNCERTAIN","QB UNCERTAIN",IF($AF930<>"","FCS/TRANSITION UNCERTAIN",IF(OR($B930="",$C930=""),"DATA INCOMPLETE","READY"))))))))'	'=IF($A930="","",IF($AH930<>"","BLOCKED",IF($AG930<>"","FCS — NO PLAY",IF(CALC!$S930=1,"PENDING LINE",IF(CALC!$Q930=1,"STALE LINE",IF($AE930="QB UNCERTAIN","QB UNCERTAIN",IF($AF930<>"","TRANSITION UNCERTAIN",IF(OR($B930="",$C930=""),"DATA INCOMPLETE","READY"))))))))'
ENGINE	AI931	'=IF($A931="","",IF($AH931<>"","BLOCKED",IF($AG931<>"","FCS — NO PLAY",IF(CALC!$S931=1,"PENDING LINE",IF(CALC!$Q931=1,"STALE LINE",IF($AE931="QB UNCERTAIN","QB UNCERTAIN",IF($AF931<>"","FCS/TRANSITION UNCERTAIN",IF(OR($B931="",$C931=""),"DATA INCOMPLETE","READY"))))))))'	'=IF($A931="","",IF($AH931<>"","BLOCKED",IF($AG931<>"","FCS — NO PLAY",IF(CALC!$S931=1,"PENDING LINE",IF(CALC!$Q931=1,"STALE LINE",IF($AE931="QB UNCERTAIN","QB UNCERTAIN",IF($AF931<>"","TRANSITION UNCERTAIN",IF(OR($B931="",$C931=""),"DATA INCOMPLETE","READY"))))))))'
ENGINE	AI932	'=IF($A932="","",IF($AH932<>"","BLOCKED",IF($AG932<>"","FCS — NO PLAY",IF(CALC!$S932=1,"PENDING LINE",IF(CALC!$Q932=1,"STALE LINE",IF($AE932="QB UNCERTAIN","QB UNCERTAIN",IF($AF932<>"","FCS/TRANSITION UNCERTAIN",IF(OR($B932="",$C932=""),"DATA INCOMPLETE","READY"))))))))'	'=IF($A932="","",IF($AH932<>"","BLOCKED",IF($AG932<>"","FCS — NO PLAY",IF(CALC!$S932=1,"PENDING LINE",IF(CALC!$Q932=1,"STALE LINE",IF($AE932="QB UNCERTAIN","QB UNCERTAIN",IF($AF932<>"","TRANSITION UNCERTAIN",IF(OR($B932="",$C932=""),"DATA INCOMPLETE","READY"))))))))'
ENGINE	AI933	'=IF($A933="","",IF($AH933<>"","BLOCKED",IF($AG933<>"","FCS — NO PLAY",IF(CALC!$S933=1,"PENDING LINE",IF(CALC!$Q933=1,"STALE LINE",IF($AE933="QB UNCERTAIN","QB UNCERTAIN",IF($AF933<>"","FCS/TRANSITION UNCERTAIN",IF(OR($B933="",$C933=""),"DATA INCOMPLETE","READY"))))))))'	'=IF($A933="","",IF($AH933<>"","BLOCKED",IF($AG933<>"","FCS — NO PLAY",IF(CALC!$S933=1,"PENDING LINE",IF(CALC!$Q933=1,"STALE LINE",IF($AE933="QB UNCERTAIN","QB UNCERTAIN",IF($AF933<>"","TRANSITION UNCERTAIN",IF(OR($B933="",$C933=""),"DATA INCOMPLETE","READY"))))))))'
ENGINE	AI934	'=IF($A934="","",IF($AH934<>"","BLOCKED",IF($AG934<>"","FCS — NO PLAY",IF(CALC!$S934=1,"PENDING LINE",IF(CALC!$Q934=1,"STALE LINE",IF($AE934="QB UNCERTAIN","QB UNCERTAIN",IF($AF934<>"","FCS/TRANSITION UNCERTAIN",IF(OR($B934="",$C934=""),"DATA INCOMPLETE","READY"))))))))'	'=IF($A934="","",IF($AH934<>"","BLOCKED",IF($AG934<>"","FCS — NO PLAY",IF(CALC!$S934=1,"PENDING LINE",IF(CALC!$Q934=1,"STALE LINE",IF($AE934="QB UNCERTAIN","QB UNCERTAIN",IF($AF934<>"","TRANSITION UNCERTAIN",IF(OR($B934="",$C934=""),"DATA INCOMPLETE","READY"))))))))'
ENGINE	AI935	'=IF($A935="","",IF($AH935<>"","BLOCKED",IF($AG935<>"","FCS — NO PLAY",IF(CALC!$S935=1,"PENDING LINE",IF(CALC!$Q935=1,"STALE LINE",IF($AE935="QB UNCERTAIN","QB UNCERTAIN",IF($AF935<>"","FCS/TRANSITION UNCERTAIN",IF(OR($B935="",$C935=""),"DATA INCOMPLETE","READY"))))))))'	'=IF($A935="","",IF($AH935<>"","BLOCKED",IF($AG935<>"","FCS — NO PLAY",IF(CALC!$S935=1,"PENDING LINE",IF(CALC!$Q935=1,"STALE LINE",IF($AE935="QB UNCERTAIN","QB UNCERTAIN",IF($AF935<>"","TRANSITION UNCERTAIN",IF(OR($B935="",$C935=""),"DATA INCOMPLETE","READY"))))))))'
ENGINE	AI936	'=IF($A936="","",IF($AH936<>"","BLOCKED",IF($AG936<>"","FCS — NO PLAY",IF(CALC!$S936=1,"PENDING LINE",IF(CALC!$Q936=1,"STALE LINE",IF($AE936="QB UNCERTAIN","QB UNCERTAIN",IF($AF936<>"","FCS/TRANSITION UNCERTAIN",IF(OR($B936="",$C936=""),"DATA INCOMPLETE","READY"))))))))'	'=IF($A936="","",IF($AH936<>"","BLOCKED",IF($AG936<>"","FCS — NO PLAY",IF(CALC!$S936=1,"PENDING LINE",IF(CALC!$Q936=1,"STALE LINE",IF($AE936="QB UNCERTAIN","QB UNCERTAIN",IF($AF936<>"","TRANSITION UNCERTAIN",IF(OR($B936="",$C936=""),"DATA INCOMPLETE","READY"))))))))'
ENGINE	AI937	'=IF($A937="","",IF($AH937<>"","BLOCKED",IF($AG937<>"","FCS — NO PLAY",IF(CALC!$S937=1,"PENDING LINE",IF(CALC!$Q937=1,"STALE LINE",IF($AE937="QB UNCERTAIN","QB UNCERTAIN",IF($AF937<>"","FCS/TRANSITION UNCERTAIN",IF(OR($B937="",$C937=""),"DATA INCOMPLETE","READY"))))))))'	'=IF($A937="","",IF($AH937<>"","BLOCKED",IF($AG937<>"","FCS — NO PLAY",IF(CALC!$S937=1,"PENDING LINE",IF(CALC!$Q937=1,"STALE LINE",IF($AE937="QB UNCERTAIN","QB UNCERTAIN",IF($AF937<>"","TRANSITION UNCERTAIN",IF(OR($B937="",$C937=""),"DATA INCOMPLETE","READY"))))))))'
ENGINE	AI938	'=IF($A938="","",IF($AH938<>"","BLOCKED",IF($AG938<>"","FCS — NO PLAY",IF(CALC!$S938=1,"PENDING LINE",IF(CALC!$Q938=1,"STALE LINE",IF($AE938="QB UNCERTAIN","QB UNCERTAIN",IF($AF938<>"","FCS/TRANSITION UNCERTAIN",IF(OR($B938="",$C938=""),"DATA INCOMPLETE","READY"))))))))'	'=IF($A938="","",IF($AH938<>"","BLOCKED",IF($AG938<>"","FCS — NO PLAY",IF(CALC!$S938=1,"PENDING LINE",IF(CALC!$Q938=1,"STALE LINE",IF($AE938="QB UNCERTAIN","QB UNCERTAIN",IF($AF938<>"","TRANSITION UNCERTAIN",IF(OR($B938="",$C938=""),"DATA INCOMPLETE","READY"))))))))'
ENGINE	AI939	'=IF($A939="","",IF($AH939<>"","BLOCKED",IF($AG939<>"","FCS — NO PLAY",IF(CALC!$S939=1,"PENDING LINE",IF(CALC!$Q939=1,"STALE LINE",IF($AE939="QB UNCERTAIN","QB UNCERTAIN",IF($AF939<>"","FCS/TRANSITION UNCERTAIN",IF(OR($B939="",$C939=""),"DATA INCOMPLETE","READY"))))))))'	'=IF($A939="","",IF($AH939<>"","BLOCKED",IF($AG939<>"","FCS — NO PLAY",IF(CALC!$S939=1,"PENDING LINE",IF(CALC!$Q939=1,"STALE LINE",IF($AE939="QB UNCERTAIN","QB UNCERTAIN",IF($AF939<>"","TRANSITION UNCERTAIN",IF(OR($B939="",$C939=""),"DATA INCOMPLETE","READY"))))))))'
ENGINE	AI940	'=IF($A940="","",IF($AH940<>"","BLOCKED",IF($AG940<>"","FCS — NO PLAY",IF(CALC!$S940=1,"PENDING LINE",IF(CALC!$Q940=1,"STALE LINE",IF($AE940="QB UNCERTAIN","QB UNCERTAIN",IF($AF940<>"","FCS/TRANSITION UNCERTAIN",IF(OR($B940="",$C940=""),"DATA INCOMPLETE","READY"))))))))'	'=IF($A940="","",IF($AH940<>"","BLOCKED",IF($AG940<>"","FCS — NO PLAY",IF(CALC!$S940=1,"PENDING LINE",IF(CALC!$Q940=1,"STALE LINE",IF($AE940="QB UNCERTAIN","QB UNCERTAIN",IF($AF940<>"","TRANSITION UNCERTAIN",IF(OR($B940="",$C940=""),"DATA INCOMPLETE","READY"))))))))'
ENGINE	AI941	'=IF($A941="","",IF($AH941<>"","BLOCKED",IF($AG941<>"","FCS — NO PLAY",IF(CALC!$S941=1,"PENDING LINE",IF(CALC!$Q941=1,"STALE LINE",IF($AE941="QB UNCERTAIN","QB UNCERTAIN",IF($AF941<>"","FCS/TRANSITION UNCERTAIN",IF(OR($B941="",$C941=""),"DATA INCOMPLETE","READY"))))))))'	'=IF($A941="","",IF($AH941<>"","BLOCKED",IF($AG941<>"","FCS — NO PLAY",IF(CALC!$S941=1,"PENDING LINE",IF(CALC!$Q941=1,"STALE LINE",IF($AE941="QB UNCERTAIN","QB UNCERTAIN",IF($AF941<>"","TRANSITION UNCERTAIN",IF(OR($B941="",$C941=""),"DATA INCOMPLETE","READY"))))))))'
ENGINE	AI942	'=IF($A942="","",IF($AH942<>"","BLOCKED",IF($AG942<>"","FCS — NO PLAY",IF(CALC!$S942=1,"PENDING LINE",IF(CALC!$Q942=1,"STALE LINE",IF($AE942="QB UNCERTAIN","QB UNCERTAIN",IF($AF942<>"","FCS/TRANSITION UNCERTAIN",IF(OR($B942="",$C942=""),"DATA INCOMPLETE","READY"))))))))'	'=IF($A942="","",IF($AH942<>"","BLOCKED",IF($AG942<>"","FCS — NO PLAY",IF(CALC!$S942=1,"PENDING LINE",IF(CALC!$Q942=1,"STALE LINE",IF($AE942="QB UNCERTAIN","QB UNCERTAIN",IF($AF942<>"","TRANSITION UNCERTAIN",IF(OR($B942="",$C942=""),"DATA INCOMPLETE","READY"))))))))'
ENGINE	AI943	'=IF($A943="","",IF($AH943<>"","BLOCKED",IF($AG943<>"","FCS — NO PLAY",IF(CALC!$S943=1,"PENDING LINE",IF(CALC!$Q943=1,"STALE LINE",IF($AE943="QB UNCERTAIN","QB UNCERTAIN",IF($AF943<>"","FCS/TRANSITION UNCERTAIN",IF(OR($B943="",$C943=""),"DATA INCOMPLETE","READY"))))))))'	'=IF($A943="","",IF($AH943<>"","BLOCKED",IF($AG943<>"","FCS — NO PLAY",IF(CALC!$S943=1,"PENDING LINE",IF(CALC!$Q943=1,"STALE LINE",IF($AE943="QB UNCERTAIN","QB UNCERTAIN",IF($AF943<>"","TRANSITION UNCERTAIN",IF(OR($B943="",$C943=""),"DATA INCOMPLETE","READY"))))))))'
ENGINE	AI944	'=IF($A944="","",IF($AH944<>"","BLOCKED",IF($AG944<>"","FCS — NO PLAY",IF(CALC!$S944=1,"PENDING LINE",IF(CALC!$Q944=1,"STALE LINE",IF($AE944="QB UNCERTAIN","QB UNCERTAIN",IF($AF944<>"","FCS/TRANSITION UNCERTAIN",IF(OR($B944="",$C944=""),"DATA INCOMPLETE","READY"))))))))'	'=IF($A944="","",IF($AH944<>"","BLOCKED",IF($AG944<>"","FCS — NO PLAY",IF(CALC!$S944=1,"PENDING LINE",IF(CALC!$Q944=1,"STALE LINE",IF($AE944="QB UNCERTAIN","QB UNCERTAIN",IF($AF944<>"","TRANSITION UNCERTAIN",IF(OR($B944="",$C944=""),"DATA INCOMPLETE","READY"))))))))'
ENGINE	AI945	'=IF($A945="","",IF($AH945<>"","BLOCKED",IF($AG945<>"","FCS — NO PLAY",IF(CALC!$S945=1,"PENDING LINE",IF(CALC!$Q945=1,"STALE LINE",IF($AE945="QB UNCERTAIN","QB UNCERTAIN",IF($AF945<>"","FCS/TRANSITION UNCERTAIN",IF(OR($B945="",$C945=""),"DATA INCOMPLETE","READY"))))))))'	'=IF($A945="","",IF($AH945<>"","BLOCKED",IF($AG945<>"","FCS — NO PLAY",IF(CALC!$S945=1,"PENDING LINE",IF(CALC!$Q945=1,"STALE LINE",IF($AE945="QB UNCERTAIN","QB UNCERTAIN",IF($AF945<>"","TRANSITION UNCERTAIN",IF(OR($B945="",$C945=""),"DATA INCOMPLETE","READY"))))))))'
ENGINE	AI946	'=IF($A946="","",IF($AH946<>"","BLOCKED",IF($AG946<>"","FCS — NO PLAY",IF(CALC!$S946=1,"PENDING LINE",IF(CALC!$Q946=1,"STALE LINE",IF($AE946="QB UNCERTAIN","QB UNCERTAIN",IF($AF946<>"","FCS/TRANSITION UNCERTAIN",IF(OR($B946="",$C946=""),"DATA INCOMPLETE","READY"))))))))'	'=IF($A946="","",IF($AH946<>"","BLOCKED",IF($AG946<>"","FCS — NO PLAY",IF(CALC!$S946=1,"PENDING LINE",IF(CALC!$Q946=1,"STALE LINE",IF($AE946="QB UNCERTAIN","QB UNCERTAIN",IF($AF946<>"","TRANSITION UNCERTAIN",IF(OR($B946="",$C946=""),"DATA INCOMPLETE","READY"))))))))'
ENGINE	AI947	'=IF($A947="","",IF($AH947<>"","BLOCKED",IF($AG947<>"","FCS — NO PLAY",IF(CALC!$S947=1,"PENDING LINE",IF(CALC!$Q947=1,"STALE LINE",IF($AE947="QB UNCERTAIN","QB UNCERTAIN",IF($AF947<>"","FCS/TRANSITION UNCERTAIN",IF(OR($B947="",$C947=""),"DATA INCOMPLETE","READY"))))))))'	'=IF($A947="","",IF($AH947<>"","BLOCKED",IF($AG947<>"","FCS — NO PLAY",IF(CALC!$S947=1,"PENDING LINE",IF(CALC!$Q947=1,"STALE LINE",IF($AE947="QB UNCERTAIN","QB UNCERTAIN",IF($AF947<>"","TRANSITION UNCERTAIN",IF(OR($B947="",$C947=""),"DATA INCOMPLETE","READY"))))))))'
ENGINE	AI948	'=IF($A948="","",IF($AH948<>"","BLOCKED",IF($AG948<>"","FCS — NO PLAY",IF(CALC!$S948=1,"PENDING LINE",IF(CALC!$Q948=1,"STALE LINE",IF($AE948="QB UNCERTAIN","QB UNCERTAIN",IF($AF948<>"","FCS/TRANSITION UNCERTAIN",IF(OR($B948="",$C948=""),"DATA INCOMPLETE","READY"))))))))'	'=IF($A948="","",IF($AH948<>"","BLOCKED",IF($AG948<>"","FCS — NO PLAY",IF(CALC!$S948=1,"PENDING LINE",IF(CALC!$Q948=1,"STALE LINE",IF($AE948="QB UNCERTAIN","QB UNCERTAIN",IF($AF948<>"","TRANSITION UNCERTAIN",IF(OR($B948="",$C948=""),"DATA INCOMPLETE","READY"))))))))'
ENGINE	AI949	'=IF($A949="","",IF($AH949<>"","BLOCKED",IF($AG949<>"","FCS — NO PLAY",IF(CALC!$S949=1,"PENDING LINE",IF(CALC!$Q949=1,"STALE LINE",IF($AE949="QB UNCERTAIN","QB UNCERTAIN",IF($AF949<>"","FCS/TRANSITION UNCERTAIN",IF(OR($B949="",$C949=""),"DATA INCOMPLETE","READY"))))))))'	'=IF($A949="","",IF($AH949<>"","BLOCKED",IF($AG949<>"","FCS — NO PLAY",IF(CALC!$S949=1,"PENDING LINE",IF(CALC!$Q949=1,"STALE LINE",IF($AE949="QB UNCERTAIN","QB UNCERTAIN",IF($AF949<>"","TRANSITION UNCERTAIN",IF(OR($B949="",$C949=""),"DATA INCOMPLETE","READY"))))))))'
ENGINE	AI950	'=IF($A950="","",IF($AH950<>"","BLOCKED",IF($AG950<>"","FCS — NO PLAY",IF(CALC!$S950=1,"PENDING LINE",IF(CALC!$Q950=1,"STALE LINE",IF($AE950="QB UNCERTAIN","QB UNCERTAIN",IF($AF950<>"","FCS/TRANSITION UNCERTAIN",IF(OR($B950="",$C950=""),"DATA INCOMPLETE","READY"))))))))'	'=IF($A950="","",IF($AH950<>"","BLOCKED",IF($AG950<>"","FCS — NO PLAY",IF(CALC!$S950=1,"PENDING LINE",IF(CALC!$Q950=1,"STALE LINE",IF($AE950="QB UNCERTAIN","QB UNCERTAIN",IF($AF950<>"","TRANSITION UNCERTAIN",IF(OR($B950="",$C950=""),"DATA INCOMPLETE","READY"))))))))'
ENGINE	AI951	'=IF($A951="","",IF($AH951<>"","BLOCKED",IF($AG951<>"","FCS — NO PLAY",IF(CALC!$S951=1,"PENDING LINE",IF(CALC!$Q951=1,"STALE LINE",IF($AE951="QB UNCERTAIN","QB UNCERTAIN",IF($AF951<>"","FCS/TRANSITION UNCERTAIN",IF(OR($B951="",$C951=""),"DATA INCOMPLETE","READY"))))))))'	'=IF($A951="","",IF($AH951<>"","BLOCKED",IF($AG951<>"","FCS — NO PLAY",IF(CALC!$S951=1,"PENDING LINE",IF(CALC!$Q951=1,"STALE LINE",IF($AE951="QB UNCERTAIN","QB UNCERTAIN",IF($AF951<>"","TRANSITION UNCERTAIN",IF(OR($B951="",$C951=""),"DATA INCOMPLETE","READY"))))))))'
ENGINE	AI952	'=IF($A952="","",IF($AH952<>"","BLOCKED",IF($AG952<>"","FCS — NO PLAY",IF(CALC!$S952=1,"PENDING LINE",IF(CALC!$Q952=1,"STALE LINE",IF($AE952="QB UNCERTAIN","QB UNCERTAIN",IF($AF952<>"","FCS/TRANSITION UNCERTAIN",IF(OR($B952="",$C952=""),"DATA INCOMPLETE","READY"))))))))'	'=IF($A952="","",IF($AH952<>"","BLOCKED",IF($AG952<>"","FCS — NO PLAY",IF(CALC!$S952=1,"PENDING LINE",IF(CALC!$Q952=1,"STALE LINE",IF($AE952="QB UNCERTAIN","QB UNCERTAIN",IF($AF952<>"","TRANSITION UNCERTAIN",IF(OR($B952="",$C952=""),"DATA INCOMPLETE","READY"))))))))'
ENGINE	AI953	'=IF($A953="","",IF($AH953<>"","BLOCKED",IF($AG953<>"","FCS — NO PLAY",IF(CALC!$S953=1,"PENDING LINE",IF(CALC!$Q953=1,"STALE LINE",IF($AE953="QB UNCERTAIN","QB UNCERTAIN",IF($AF953<>"","FCS/TRANSITION UNCERTAIN",IF(OR($B953="",$C953=""),"DATA INCOMPLETE","READY"))))))))'	'=IF($A953="","",IF($AH953<>"","BLOCKED",IF($AG953<>"","FCS — NO PLAY",IF(CALC!$S953=1,"PENDING LINE",IF(CALC!$Q953=1,"STALE LINE",IF($AE953="QB UNCERTAIN","QB UNCERTAIN",IF($AF953<>"","TRANSITION UNCERTAIN",IF(OR($B953="",$C953=""),"DATA INCOMPLETE","READY"))))))))'
ENGINE	AI954	'=IF($A954="","",IF($AH954<>"","BLOCKED",IF($AG954<>"","FCS — NO PLAY",IF(CALC!$S954=1,"PENDING LINE",IF(CALC!$Q954=1,"STALE LINE",IF($AE954="QB UNCERTAIN","QB UNCERTAIN",IF($AF954<>"","FCS/TRANSITION UNCERTAIN",IF(OR($B954="",$C954=""),"DATA INCOMPLETE","READY"))))))))'	'=IF($A954="","",IF($AH954<>"","BLOCKED",IF($AG954<>"","FCS — NO PLAY",IF(CALC!$S954=1,"PENDING LINE",IF(CALC!$Q954=1,"STALE LINE",IF($AE954="QB UNCERTAIN","QB UNCERTAIN",IF($AF954<>"","TRANSITION UNCERTAIN",IF(OR($B954="",$C954=""),"DATA INCOMPLETE","READY"))))))))'
ENGINE	AI955	'=IF($A955="","",IF($AH955<>"","BLOCKED",IF($AG955<>"","FCS — NO PLAY",IF(CALC!$S955=1,"PENDING LINE",IF(CALC!$Q955=1,"STALE LINE",IF($AE955="QB UNCERTAIN","QB UNCERTAIN",IF($AF955<>"","FCS/TRANSITION UNCERTAIN",IF(OR($B955="",$C955=""),"DATA INCOMPLETE","READY"))))))))'	'=IF($A955="","",IF($AH955<>"","BLOCKED",IF($AG955<>"","FCS — NO PLAY",IF(CALC!$S955=1,"PENDING LINE",IF(CALC!$Q955=1,"STALE LINE",IF($AE955="QB UNCERTAIN","QB UNCERTAIN",IF($AF955<>"","TRANSITION UNCERTAIN",IF(OR($B955="",$C955=""),"DATA INCOMPLETE","READY"))))))))'
ENGINE	AI956	'=IF($A956="","",IF($AH956<>"","BLOCKED",IF($AG956<>"","FCS — NO PLAY",IF(CALC!$S956=1,"PENDING LINE",IF(CALC!$Q956=1,"STALE LINE",IF($AE956="QB UNCERTAIN","QB UNCERTAIN",IF($AF956<>"","FCS/TRANSITION UNCERTAIN",IF(OR($B956="",$C956=""),"DATA INCOMPLETE","READY"))))))))'	'=IF($A956="","",IF($AH956<>"","BLOCKED",IF($AG956<>"","FCS — NO PLAY",IF(CALC!$S956=1,"PENDING LINE",IF(CALC!$Q956=1,"STALE LINE",IF($AE956="QB UNCERTAIN","QB UNCERTAIN",IF($AF956<>"","TRANSITION UNCERTAIN",IF(OR($B956="",$C956=""),"DATA INCOMPLETE","READY"))))))))'
ENGINE	AI957	'=IF($A957="","",IF($AH957<>"","BLOCKED",IF($AG957<>"","FCS — NO PLAY",IF(CALC!$S957=1,"PENDING LINE",IF(CALC!$Q957=1,"STALE LINE",IF($AE957="QB UNCERTAIN","QB UNCERTAIN",IF($AF957<>"","FCS/TRANSITION UNCERTAIN",IF(OR($B957="",$C957=""),"DATA INCOMPLETE","READY"))))))))'	'=IF($A957="","",IF($AH957<>"","BLOCKED",IF($AG957<>"","FCS — NO PLAY",IF(CALC!$S957=1,"PENDING LINE",IF(CALC!$Q957=1,"STALE LINE",IF($AE957="QB UNCERTAIN","QB UNCERTAIN",IF($AF957<>"","TRANSITION UNCERTAIN",IF(OR($B957="",$C957=""),"DATA INCOMPLETE","READY"))))))))'
ENGINE	AI958	'=IF($A958="","",IF($AH958<>"","BLOCKED",IF($AG958<>"","FCS — NO PLAY",IF(CALC!$S958=1,"PENDING LINE",IF(CALC!$Q958=1,"STALE LINE",IF($AE958="QB UNCERTAIN","QB UNCERTAIN",IF($AF958<>"","FCS/TRANSITION UNCERTAIN",IF(OR($B958="",$C958=""),"DATA INCOMPLETE","READY"))))))))'	'=IF($A958="","",IF($AH958<>"","BLOCKED",IF($AG958<>"","FCS — NO PLAY",IF(CALC!$S958=1,"PENDING LINE",IF(CALC!$Q958=1,"STALE LINE",IF($AE958="QB UNCERTAIN","QB UNCERTAIN",IF($AF958<>"","TRANSITION UNCERTAIN",IF(OR($B958="",$C958=""),"DATA INCOMPLETE","READY"))))))))'
ENGINE	AI959	'=IF($A959="","",IF($AH959<>"","BLOCKED",IF($AG959<>"","FCS — NO PLAY",IF(CALC!$S959=1,"PENDING LINE",IF(CALC!$Q959=1,"STALE LINE",IF($AE959="QB UNCERTAIN","QB UNCERTAIN",IF($AF959<>"","FCS/TRANSITION UNCERTAIN",IF(OR($B959="",$C959=""),"DATA INCOMPLETE","READY"))))))))'	'=IF($A959="","",IF($AH959<>"","BLOCKED",IF($AG959<>"","FCS — NO PLAY",IF(CALC!$S959=1,"PENDING LINE",IF(CALC!$Q959=1,"STALE LINE",IF($AE959="QB UNCERTAIN","QB UNCERTAIN",IF($AF959<>"","TRANSITION UNCERTAIN",IF(OR($B959="",$C959=""),"DATA INCOMPLETE","READY"))))))))'
ENGINE	AI960	'=IF($A960="","",IF($AH960<>"","BLOCKED",IF($AG960<>"","FCS — NO PLAY",IF(CALC!$S960=1,"PENDING LINE",IF(CALC!$Q960=1,"STALE LINE",IF($AE960="QB UNCERTAIN","QB UNCERTAIN",IF($AF960<>"","FCS/TRANSITION UNCERTAIN",IF(OR($B960="",$C960=""),"DATA INCOMPLETE","READY"))))))))'	'=IF($A960="","",IF($AH960<>"","BLOCKED",IF($AG960<>"","FCS — NO PLAY",IF(CALC!$S960=1,"PENDING LINE",IF(CALC!$Q960=1,"STALE LINE",IF($AE960="QB UNCERTAIN","QB UNCERTAIN",IF($AF960<>"","TRANSITION UNCERTAIN",IF(OR($B960="",$C960=""),"DATA INCOMPLETE","READY"))))))))'
ENGINE	AI961	'=IF($A961="","",IF($AH961<>"","BLOCKED",IF($AG961<>"","FCS — NO PLAY",IF(CALC!$S961=1,"PENDING LINE",IF(CALC!$Q961=1,"STALE LINE",IF($AE961="QB UNCERTAIN","QB UNCERTAIN",IF($AF961<>"","FCS/TRANSITION UNCERTAIN",IF(OR($B961="",$C961=""),"DATA INCOMPLETE","READY"))))))))'	'=IF($A961="","",IF($AH961<>"","BLOCKED",IF($AG961<>"","FCS — NO PLAY",IF(CALC!$S961=1,"PENDING LINE",IF(CALC!$Q961=1,"STALE LINE",IF($AE961="QB UNCERTAIN","QB UNCERTAIN",IF($AF961<>"","TRANSITION UNCERTAIN",IF(OR($B961="",$C961=""),"DATA INCOMPLETE","READY"))))))))'
ENGINE	AI962	'=IF($A962="","",IF($AH962<>"","BLOCKED",IF($AG962<>"","FCS — NO PLAY",IF(CALC!$S962=1,"PENDING LINE",IF(CALC!$Q962=1,"STALE LINE",IF($AE962="QB UNCERTAIN","QB UNCERTAIN",IF($AF962<>"","FCS/TRANSITION UNCERTAIN",IF(OR($B962="",$C962=""),"DATA INCOMPLETE","READY"))))))))'	'=IF($A962="","",IF($AH962<>"","BLOCKED",IF($AG962<>"","FCS — NO PLAY",IF(CALC!$S962=1,"PENDING LINE",IF(CALC!$Q962=1,"STALE LINE",IF($AE962="QB UNCERTAIN","QB UNCERTAIN",IF($AF962<>"","TRANSITION UNCERTAIN",IF(OR($B962="",$C962=""),"DATA INCOMPLETE","READY"))))))))'
ENGINE	AI963	'=IF($A963="","",IF($AH963<>"","BLOCKED",IF($AG963<>"","FCS — NO PLAY",IF(CALC!$S963=1,"PENDING LINE",IF(CALC!$Q963=1,"STALE LINE",IF($AE963="QB UNCERTAIN","QB UNCERTAIN",IF($AF963<>"","FCS/TRANSITION UNCERTAIN",IF(OR($B963="",$C963=""),"DATA INCOMPLETE","READY"))))))))'	'=IF($A963="","",IF($AH963<>"","BLOCKED",IF($AG963<>"","FCS — NO PLAY",IF(CALC!$S963=1,"PENDING LINE",IF(CALC!$Q963=1,"STALE LINE",IF($AE963="QB UNCERTAIN","QB UNCERTAIN",IF($AF963<>"","TRANSITION UNCERTAIN",IF(OR($B963="",$C963=""),"DATA INCOMPLETE","READY"))))))))'
ENGINE	AI964	'=IF($A964="","",IF($AH964<>"","BLOCKED",IF($AG964<>"","FCS — NO PLAY",IF(CALC!$S964=1,"PENDING LINE",IF(CALC!$Q964=1,"STALE LINE",IF($AE964="QB UNCERTAIN","QB UNCERTAIN",IF($AF964<>"","FCS/TRANSITION UNCERTAIN",IF(OR($B964="",$C964=""),"DATA INCOMPLETE","READY"))))))))'	'=IF($A964="","",IF($AH964<>"","BLOCKED",IF($AG964<>"","FCS — NO PLAY",IF(CALC!$S964=1,"PENDING LINE",IF(CALC!$Q964=1,"STALE LINE",IF($AE964="QB UNCERTAIN","QB UNCERTAIN",IF($AF964<>"","TRANSITION UNCERTAIN",IF(OR($B964="",$C964=""),"DATA INCOMPLETE","READY"))))))))'
ENGINE	AI965	'=IF($A965="","",IF($AH965<>"","BLOCKED",IF($AG965<>"","FCS — NO PLAY",IF(CALC!$S965=1,"PENDING LINE",IF(CALC!$Q965=1,"STALE LINE",IF($AE965="QB UNCERTAIN","QB UNCERTAIN",IF($AF965<>"","FCS/TRANSITION UNCERTAIN",IF(OR($B965="",$C965=""),"DATA INCOMPLETE","READY"))))))))'	'=IF($A965="","",IF($AH965<>"","BLOCKED",IF($AG965<>"","FCS — NO PLAY",IF(CALC!$S965=1,"PENDING LINE",IF(CALC!$Q965=1,"STALE LINE",IF($AE965="QB UNCERTAIN","QB UNCERTAIN",IF($AF965<>"","TRANSITION UNCERTAIN",IF(OR($B965="",$C965=""),"DATA INCOMPLETE","READY"))))))))'
ENGINE	AI966	'=IF($A966="","",IF($AH966<>"","BLOCKED",IF($AG966<>"","FCS — NO PLAY",IF(CALC!$S966=1,"PENDING LINE",IF(CALC!$Q966=1,"STALE LINE",IF($AE966="QB UNCERTAIN","QB UNCERTAIN",IF($AF966<>"","FCS/TRANSITION UNCERTAIN",IF(OR($B966="",$C966=""),"DATA INCOMPLETE","READY"))))))))'	'=IF($A966="","",IF($AH966<>"","BLOCKED",IF($AG966<>"","FCS — NO PLAY",IF(CALC!$S966=1,"PENDING LINE",IF(CALC!$Q966=1,"STALE LINE",IF($AE966="QB UNCERTAIN","QB UNCERTAIN",IF($AF966<>"","TRANSITION UNCERTAIN",IF(OR($B966="",$C966=""),"DATA INCOMPLETE","READY"))))))))'
ENGINE	AI967	'=IF($A967="","",IF($AH967<>"","BLOCKED",IF($AG967<>"","FCS — NO PLAY",IF(CALC!$S967=1,"PENDING LINE",IF(CALC!$Q967=1,"STALE LINE",IF($AE967="QB UNCERTAIN","QB UNCERTAIN",IF($AF967<>"","FCS/TRANSITION UNCERTAIN",IF(OR($B967="",$C967=""),"DATA INCOMPLETE","READY"))))))))'	'=IF($A967="","",IF($AH967<>"","BLOCKED",IF($AG967<>"","FCS — NO PLAY",IF(CALC!$S967=1,"PENDING LINE",IF(CALC!$Q967=1,"STALE LINE",IF($AE967="QB UNCERTAIN","QB UNCERTAIN",IF($AF967<>"","TRANSITION UNCERTAIN",IF(OR($B967="",$C967=""),"DATA INCOMPLETE","READY"))))))))'
ENGINE	AI968	'=IF($A968="","",IF($AH968<>"","BLOCKED",IF($AG968<>"","FCS — NO PLAY",IF(CALC!$S968=1,"PENDING LINE",IF(CALC!$Q968=1,"STALE LINE",IF($AE968="QB UNCERTAIN","QB UNCERTAIN",IF($AF968<>"","FCS/TRANSITION UNCERTAIN",IF(OR($B968="",$C968=""),"DATA INCOMPLETE","READY"))))))))'	'=IF($A968="","",IF($AH968<>"","BLOCKED",IF($AG968<>"","FCS — NO PLAY",IF(CALC!$S968=1,"PENDING LINE",IF(CALC!$Q968=1,"STALE LINE",IF($AE968="QB UNCERTAIN","QB UNCERTAIN",IF($AF968<>"","TRANSITION UNCERTAIN",IF(OR($B968="",$C968=""),"DATA INCOMPLETE","READY"))))))))'
ENGINE	AI969	'=IF($A969="","",IF($AH969<>"","BLOCKED",IF($AG969<>"","FCS — NO PLAY",IF(CALC!$S969=1,"PENDING LINE",IF(CALC!$Q969=1,"STALE LINE",IF($AE969="QB UNCERTAIN","QB UNCERTAIN",IF($AF969<>"","FCS/TRANSITION UNCERTAIN",IF(OR($B969="",$C969=""),"DATA INCOMPLETE","READY"))))))))'	'=IF($A969="","",IF($AH969<>"","BLOCKED",IF($AG969<>"","FCS — NO PLAY",IF(CALC!$S969=1,"PENDING LINE",IF(CALC!$Q969=1,"STALE LINE",IF($AE969="QB UNCERTAIN","QB UNCERTAIN",IF($AF969<>"","TRANSITION UNCERTAIN",IF(OR($B969="",$C969=""),"DATA INCOMPLETE","READY"))))))))'
ENGINE	AI970	'=IF($A970="","",IF($AH970<>"","BLOCKED",IF($AG970<>"","FCS — NO PLAY",IF(CALC!$S970=1,"PENDING LINE",IF(CALC!$Q970=1,"STALE LINE",IF($AE970="QB UNCERTAIN","QB UNCERTAIN",IF($AF970<>"","FCS/TRANSITION UNCERTAIN",IF(OR($B970="",$C970=""),"DATA INCOMPLETE","READY"))))))))'	'=IF($A970="","",IF($AH970<>"","BLOCKED",IF($AG970<>"","FCS — NO PLAY",IF(CALC!$S970=1,"PENDING LINE",IF(CALC!$Q970=1,"STALE LINE",IF($AE970="QB UNCERTAIN","QB UNCERTAIN",IF($AF970<>"","TRANSITION UNCERTAIN",IF(OR($B970="",$C970=""),"DATA INCOMPLETE","READY"))))))))'
ENGINE	AI971	'=IF($A971="","",IF($AH971<>"","BLOCKED",IF($AG971<>"","FCS — NO PLAY",IF(CALC!$S971=1,"PENDING LINE",IF(CALC!$Q971=1,"STALE LINE",IF($AE971="QB UNCERTAIN","QB UNCERTAIN",IF($AF971<>"","FCS/TRANSITION UNCERTAIN",IF(OR($B971="",$C971=""),"DATA INCOMPLETE","READY"))))))))'	'=IF($A971="","",IF($AH971<>"","BLOCKED",IF($AG971<>"","FCS — NO PLAY",IF(CALC!$S971=1,"PENDING LINE",IF(CALC!$Q971=1,"STALE LINE",IF($AE971="QB UNCERTAIN","QB UNCERTAIN",IF($AF971<>"","TRANSITION UNCERTAIN",IF(OR($B971="",$C971=""),"DATA INCOMPLETE","READY"))))))))'
ENGINE	AI972	'=IF($A972="","",IF($AH972<>"","BLOCKED",IF($AG972<>"","FCS — NO PLAY",IF(CALC!$S972=1,"PENDING LINE",IF(CALC!$Q972=1,"STALE LINE",IF($AE972="QB UNCERTAIN","QB UNCERTAIN",IF($AF972<>"","FCS/TRANSITION UNCERTAIN",IF(OR($B972="",$C972=""),"DATA INCOMPLETE","READY"))))))))'	'=IF($A972="","",IF($AH972<>"","BLOCKED",IF($AG972<>"","FCS — NO PLAY",IF(CALC!$S972=1,"PENDING LINE",IF(CALC!$Q972=1,"STALE LINE",IF($AE972="QB UNCERTAIN","QB UNCERTAIN",IF($AF972<>"","TRANSITION UNCERTAIN",IF(OR($B972="",$C972=""),"DATA INCOMPLETE","READY"))))))))'
ENGINE	AI973	'=IF($A973="","",IF($AH973<>"","BLOCKED",IF($AG973<>"","FCS — NO PLAY",IF(CALC!$S973=1,"PENDING LINE",IF(CALC!$Q973=1,"STALE LINE",IF($AE973="QB UNCERTAIN","QB UNCERTAIN",IF($AF973<>"","FCS/TRANSITION UNCERTAIN",IF(OR($B973="",$C973=""),"DATA INCOMPLETE","READY"))))))))'	'=IF($A973="","",IF($AH973<>"","BLOCKED",IF($AG973<>"","FCS — NO PLAY",IF(CALC!$S973=1,"PENDING LINE",IF(CALC!$Q973=1,"STALE LINE",IF($AE973="QB UNCERTAIN","QB UNCERTAIN",IF($AF973<>"","TRANSITION UNCERTAIN",IF(OR($B973="",$C973=""),"DATA INCOMPLETE","READY"))))))))'
ENGINE	AI974	'=IF($A974="","",IF($AH974<>"","BLOCKED",IF($AG974<>"","FCS — NO PLAY",IF(CALC!$S974=1,"PENDING LINE",IF(CALC!$Q974=1,"STALE LINE",IF($AE974="QB UNCERTAIN","QB UNCERTAIN",IF($AF974<>"","FCS/TRANSITION UNCERTAIN",IF(OR($B974="",$C974=""),"DATA INCOMPLETE","READY"))))))))'	'=IF($A974="","",IF($AH974<>"","BLOCKED",IF($AG974<>"","FCS — NO PLAY",IF(CALC!$S974=1,"PENDING LINE",IF(CALC!$Q974=1,"STALE LINE",IF($AE974="QB UNCERTAIN","QB UNCERTAIN",IF($AF974<>"","TRANSITION UNCERTAIN",IF(OR($B974="",$C974=""),"DATA INCOMPLETE","READY"))))))))'
ENGINE	AI975	'=IF($A975="","",IF($AH975<>"","BLOCKED",IF($AG975<>"","FCS — NO PLAY",IF(CALC!$S975=1,"PENDING LINE",IF(CALC!$Q975=1,"STALE LINE",IF($AE975="QB UNCERTAIN","QB UNCERTAIN",IF($AF975<>"","FCS/TRANSITION UNCERTAIN",IF(OR($B975="",$C975=""),"DATA INCOMPLETE","READY"))))))))'	'=IF($A975="","",IF($AH975<>"","BLOCKED",IF($AG975<>"","FCS — NO PLAY",IF(CALC!$S975=1,"PENDING LINE",IF(CALC!$Q975=1,"STALE LINE",IF($AE975="QB UNCERTAIN","QB UNCERTAIN",IF($AF975<>"","TRANSITION UNCERTAIN",IF(OR($B975="",$C975=""),"DATA INCOMPLETE","READY"))))))))'
ENGINE	AI976	'=IF($A976="","",IF($AH976<>"","BLOCKED",IF($AG976<>"","FCS — NO PLAY",IF(CALC!$S976=1,"PENDING LINE",IF(CALC!$Q976=1,"STALE LINE",IF($AE976="QB UNCERTAIN","QB UNCERTAIN",IF($AF976<>"","FCS/TRANSITION UNCERTAIN",IF(OR($B976="",$C976=""),"DATA INCOMPLETE","READY"))))))))'	'=IF($A976="","",IF($AH976<>"","BLOCKED",IF($AG976<>"","FCS — NO PLAY",IF(CALC!$S976=1,"PENDING LINE",IF(CALC!$Q976=1,"STALE LINE",IF($AE976="QB UNCERTAIN","QB UNCERTAIN",IF($AF976<>"","TRANSITION UNCERTAIN",IF(OR($B976="",$C976=""),"DATA INCOMPLETE","READY"))))))))'
ENGINE	AI977	'=IF($A977="","",IF($AH977<>"","BLOCKED",IF($AG977<>"","FCS — NO PLAY",IF(CALC!$S977=1,"PENDING LINE",IF(CALC!$Q977=1,"STALE LINE",IF($AE977="QB UNCERTAIN","QB UNCERTAIN",IF($AF977<>"","FCS/TRANSITION UNCERTAIN",IF(OR($B977="",$C977=""),"DATA INCOMPLETE","READY"))))))))'	'=IF($A977="","",IF($AH977<>"","BLOCKED",IF($AG977<>"","FCS — NO PLAY",IF(CALC!$S977=1,"PENDING LINE",IF(CALC!$Q977=1,"STALE LINE",IF($AE977="QB UNCERTAIN","QB UNCERTAIN",IF($AF977<>"","TRANSITION UNCERTAIN",IF(OR($B977="",$C977=""),"DATA INCOMPLETE","READY"))))))))'
ENGINE	AI978	'=IF($A978="","",IF($AH978<>"","BLOCKED",IF($AG978<>"","FCS — NO PLAY",IF(CALC!$S978=1,"PENDING LINE",IF(CALC!$Q978=1,"STALE LINE",IF($AE978="QB UNCERTAIN","QB UNCERTAIN",IF($AF978<>"","FCS/TRANSITION UNCERTAIN",IF(OR($B978="",$C978=""),"DATA INCOMPLETE","READY"))))))))'	'=IF($A978="","",IF($AH978<>"","BLOCKED",IF($AG978<>"","FCS — NO PLAY",IF(CALC!$S978=1,"PENDING LINE",IF(CALC!$Q978=1,"STALE LINE",IF($AE978="QB UNCERTAIN","QB UNCERTAIN",IF($AF978<>"","TRANSITION UNCERTAIN",IF(OR($B978="",$C978=""),"DATA INCOMPLETE","READY"))))))))'
ENGINE	AI979	'=IF($A979="","",IF($AH979<>"","BLOCKED",IF($AG979<>"","FCS — NO PLAY",IF(CALC!$S979=1,"PENDING LINE",IF(CALC!$Q979=1,"STALE LINE",IF($AE979="QB UNCERTAIN","QB UNCERTAIN",IF($AF979<>"","FCS/TRANSITION UNCERTAIN",IF(OR($B979="",$C979=""),"DATA INCOMPLETE","READY"))))))))'	'=IF($A979="","",IF($AH979<>"","BLOCKED",IF($AG979<>"","FCS — NO PLAY",IF(CALC!$S979=1,"PENDING LINE",IF(CALC!$Q979=1,"STALE LINE",IF($AE979="QB UNCERTAIN","QB UNCERTAIN",IF($AF979<>"","TRANSITION UNCERTAIN",IF(OR($B979="",$C979=""),"DATA INCOMPLETE","READY"))))))))'
ENGINE	AI980	'=IF($A980="","",IF($AH980<>"","BLOCKED",IF($AG980<>"","FCS — NO PLAY",IF(CALC!$S980=1,"PENDING LINE",IF(CALC!$Q980=1,"STALE LINE",IF($AE980="QB UNCERTAIN","QB UNCERTAIN",IF($AF980<>"","FCS/TRANSITION UNCERTAIN",IF(OR($B980="",$C980=""),"DATA INCOMPLETE","READY"))))))))'	'=IF($A980="","",IF($AH980<>"","BLOCKED",IF($AG980<>"","FCS — NO PLAY",IF(CALC!$S980=1,"PENDING LINE",IF(CALC!$Q980=1,"STALE LINE",IF($AE980="QB UNCERTAIN","QB UNCERTAIN",IF($AF980<>"","TRANSITION UNCERTAIN",IF(OR($B980="",$C980=""),"DATA INCOMPLETE","READY"))))))))'
ENGINE	AI981	'=IF($A981="","",IF($AH981<>"","BLOCKED",IF($AG981<>"","FCS — NO PLAY",IF(CALC!$S981=1,"PENDING LINE",IF(CALC!$Q981=1,"STALE LINE",IF($AE981="QB UNCERTAIN","QB UNCERTAIN",IF($AF981<>"","FCS/TRANSITION UNCERTAIN",IF(OR($B981="",$C981=""),"DATA INCOMPLETE","READY"))))))))'	'=IF($A981="","",IF($AH981<>"","BLOCKED",IF($AG981<>"","FCS — NO PLAY",IF(CALC!$S981=1,"PENDING LINE",IF(CALC!$Q981=1,"STALE LINE",IF($AE981="QB UNCERTAIN","QB UNCERTAIN",IF($AF981<>"","TRANSITION UNCERTAIN",IF(OR($B981="",$C981=""),"DATA INCOMPLETE","READY"))))))))'
ENGINE	AI982	'=IF($A982="","",IF($AH982<>"","BLOCKED",IF($AG982<>"","FCS — NO PLAY",IF(CALC!$S982=1,"PENDING LINE",IF(CALC!$Q982=1,"STALE LINE",IF($AE982="QB UNCERTAIN","QB UNCERTAIN",IF($AF982<>"","FCS/TRANSITION UNCERTAIN",IF(OR($B982="",$C982=""),"DATA INCOMPLETE","READY"))))))))'	'=IF($A982="","",IF($AH982<>"","BLOCKED",IF($AG982<>"","FCS — NO PLAY",IF(CALC!$S982=1,"PENDING LINE",IF(CALC!$Q982=1,"STALE LINE",IF($AE982="QB UNCERTAIN","QB UNCERTAIN",IF($AF982<>"","TRANSITION UNCERTAIN",IF(OR($B982="",$C982=""),"DATA INCOMPLETE","READY"))))))))'
ENGINE	AI983	'=IF($A983="","",IF($AH983<>"","BLOCKED",IF($AG983<>"","FCS — NO PLAY",IF(CALC!$S983=1,"PENDING LINE",IF(CALC!$Q983=1,"STALE LINE",IF($AE983="QB UNCERTAIN","QB UNCERTAIN",IF($AF983<>"","FCS/TRANSITION UNCERTAIN",IF(OR($B983="",$C983=""),"DATA INCOMPLETE","READY"))))))))'	'=IF($A983="","",IF($AH983<>"","BLOCKED",IF($AG983<>"","FCS — NO PLAY",IF(CALC!$S983=1,"PENDING LINE",IF(CALC!$Q983=1,"STALE LINE",IF($AE983="QB UNCERTAIN","QB UNCERTAIN",IF($AF983<>"","TRANSITION UNCERTAIN",IF(OR($B983="",$C983=""),"DATA INCOMPLETE","READY"))))))))'
ENGINE	AI984	'=IF($A984="","",IF($AH984<>"","BLOCKED",IF($AG984<>"","FCS — NO PLAY",IF(CALC!$S984=1,"PENDING LINE",IF(CALC!$Q984=1,"STALE LINE",IF($AE984="QB UNCERTAIN","QB UNCERTAIN",IF($AF984<>"","FCS/TRANSITION UNCERTAIN",IF(OR($B984="",$C984=""),"DATA INCOMPLETE","READY"))))))))'	'=IF($A984="","",IF($AH984<>"","BLOCKED",IF($AG984<>"","FCS — NO PLAY",IF(CALC!$S984=1,"PENDING LINE",IF(CALC!$Q984=1,"STALE LINE",IF($AE984="QB UNCERTAIN","QB UNCERTAIN",IF($AF984<>"","TRANSITION UNCERTAIN",IF(OR($B984="",$C984=""),"DATA INCOMPLETE","READY"))))))))'
ENGINE	AI985	'=IF($A985="","",IF($AH985<>"","BLOCKED",IF($AG985<>"","FCS — NO PLAY",IF(CALC!$S985=1,"PENDING LINE",IF(CALC!$Q985=1,"STALE LINE",IF($AE985="QB UNCERTAIN","QB UNCERTAIN",IF($AF985<>"","FCS/TRANSITION UNCERTAIN",IF(OR($B985="",$C985=""),"DATA INCOMPLETE","READY"))))))))'	'=IF($A985="","",IF($AH985<>"","BLOCKED",IF($AG985<>"","FCS — NO PLAY",IF(CALC!$S985=1,"PENDING LINE",IF(CALC!$Q985=1,"STALE LINE",IF($AE985="QB UNCERTAIN","QB UNCERTAIN",IF($AF985<>"","TRANSITION UNCERTAIN",IF(OR($B985="",$C985=""),"DATA INCOMPLETE","READY"))))))))'
ENGINE	AI986	'=IF($A986="","",IF($AH986<>"","BLOCKED",IF($AG986<>"","FCS — NO PLAY",IF(CALC!$S986=1,"PENDING LINE",IF(CALC!$Q986=1,"STALE LINE",IF($AE986="QB UNCERTAIN","QB UNCERTAIN",IF($AF986<>"","FCS/TRANSITION UNCERTAIN",IF(OR($B986="",$C986=""),"DATA INCOMPLETE","READY"))))))))'	'=IF($A986="","",IF($AH986<>"","BLOCKED",IF($AG986<>"","FCS — NO PLAY",IF(CALC!$S986=1,"PENDING LINE",IF(CALC!$Q986=1,"STALE LINE",IF($AE986="QB UNCERTAIN","QB UNCERTAIN",IF($AF986<>"","TRANSITION UNCERTAIN",IF(OR($B986="",$C986=""),"DATA INCOMPLETE","READY"))))))))'
ENGINE	AI987	'=IF($A987="","",IF($AH987<>"","BLOCKED",IF($AG987<>"","FCS — NO PLAY",IF(CALC!$S987=1,"PENDING LINE",IF(CALC!$Q987=1,"STALE LINE",IF($AE987="QB UNCERTAIN","QB UNCERTAIN",IF($AF987<>"","FCS/TRANSITION UNCERTAIN",IF(OR($B987="",$C987=""),"DATA INCOMPLETE","READY"))))))))'	'=IF($A987="","",IF($AH987<>"","BLOCKED",IF($AG987<>"","FCS — NO PLAY",IF(CALC!$S987=1,"PENDING LINE",IF(CALC!$Q987=1,"STALE LINE",IF($AE987="QB UNCERTAIN","QB UNCERTAIN",IF($AF987<>"","TRANSITION UNCERTAIN",IF(OR($B987="",$C987=""),"DATA INCOMPLETE","READY"))))))))'
ENGINE	AI988	'=IF($A988="","",IF($AH988<>"","BLOCKED",IF($AG988<>"","FCS — NO PLAY",IF(CALC!$S988=1,"PENDING LINE",IF(CALC!$Q988=1,"STALE LINE",IF($AE988="QB UNCERTAIN","QB UNCERTAIN",IF($AF988<>"","FCS/TRANSITION UNCERTAIN",IF(OR($B988="",$C988=""),"DATA INCOMPLETE","READY"))))))))'	'=IF($A988="","",IF($AH988<>"","BLOCKED",IF($AG988<>"","FCS — NO PLAY",IF(CALC!$S988=1,"PENDING LINE",IF(CALC!$Q988=1,"STALE LINE",IF($AE988="QB UNCERTAIN","QB UNCERTAIN",IF($AF988<>"","TRANSITION UNCERTAIN",IF(OR($B988="",$C988=""),"DATA INCOMPLETE","READY"))))))))'
ENGINE	AI989	'=IF($A989="","",IF($AH989<>"","BLOCKED",IF($AG989<>"","FCS — NO PLAY",IF(CALC!$S989=1,"PENDING LINE",IF(CALC!$Q989=1,"STALE LINE",IF($AE989="QB UNCERTAIN","QB UNCERTAIN",IF($AF989<>"","FCS/TRANSITION UNCERTAIN",IF(OR($B989="",$C989=""),"DATA INCOMPLETE","READY"))))))))'	'=IF($A989="","",IF($AH989<>"","BLOCKED",IF($AG989<>"","FCS — NO PLAY",IF(CALC!$S989=1,"PENDING LINE",IF(CALC!$Q989=1,"STALE LINE",IF($AE989="QB UNCERTAIN","QB UNCERTAIN",IF($AF989<>"","TRANSITION UNCERTAIN",IF(OR($B989="",$C989=""),"DATA INCOMPLETE","READY"))))))))'
ENGINE	AI990	'=IF($A990="","",IF($AH990<>"","BLOCKED",IF($AG990<>"","FCS — NO PLAY",IF(CALC!$S990=1,"PENDING LINE",IF(CALC!$Q990=1,"STALE LINE",IF($AE990="QB UNCERTAIN","QB UNCERTAIN",IF($AF990<>"","FCS/TRANSITION UNCERTAIN",IF(OR($B990="",$C990=""),"DATA INCOMPLETE","READY"))))))))'	'=IF($A990="","",IF($AH990<>"","BLOCKED",IF($AG990<>"","FCS — NO PLAY",IF(CALC!$S990=1,"PENDING LINE",IF(CALC!$Q990=1,"STALE LINE",IF($AE990="QB UNCERTAIN","QB UNCERTAIN",IF($AF990<>"","TRANSITION UNCERTAIN",IF(OR($B990="",$C990=""),"DATA INCOMPLETE","READY"))))))))'
ENGINE	AI991	'=IF($A991="","",IF($AH991<>"","BLOCKED",IF($AG991<>"","FCS — NO PLAY",IF(CALC!$S991=1,"PENDING LINE",IF(CALC!$Q991=1,"STALE LINE",IF($AE991="QB UNCERTAIN","QB UNCERTAIN",IF($AF991<>"","FCS/TRANSITION UNCERTAIN",IF(OR($B991="",$C991=""),"DATA INCOMPLETE","READY"))))))))'	'=IF($A991="","",IF($AH991<>"","BLOCKED",IF($AG991<>"","FCS — NO PLAY",IF(CALC!$S991=1,"PENDING LINE",IF(CALC!$Q991=1,"STALE LINE",IF($AE991="QB UNCERTAIN","QB UNCERTAIN",IF($AF991<>"","TRANSITION UNCERTAIN",IF(OR($B991="",$C991=""),"DATA INCOMPLETE","READY"))))))))'
ENGINE	AI992	'=IF($A992="","",IF($AH992<>"","BLOCKED",IF($AG992<>"","FCS — NO PLAY",IF(CALC!$S992=1,"PENDING LINE",IF(CALC!$Q992=1,"STALE LINE",IF($AE992="QB UNCERTAIN","QB UNCERTAIN",IF($AF992<>"","FCS/TRANSITION UNCERTAIN",IF(OR($B992="",$C992=""),"DATA INCOMPLETE","READY"))))))))'	'=IF($A992="","",IF($AH992<>"","BLOCKED",IF($AG992<>"","FCS — NO PLAY",IF(CALC!$S992=1,"PENDING LINE",IF(CALC!$Q992=1,"STALE LINE",IF($AE992="QB UNCERTAIN","QB UNCERTAIN",IF($AF992<>"","TRANSITION UNCERTAIN",IF(OR($B992="",$C992=""),"DATA INCOMPLETE","READY"))))))))'
ENGINE	AI993	'=IF($A993="","",IF($AH993<>"","BLOCKED",IF($AG993<>"","FCS — NO PLAY",IF(CALC!$S993=1,"PENDING LINE",IF(CALC!$Q993=1,"STALE LINE",IF($AE993="QB UNCERTAIN","QB UNCERTAIN",IF($AF993<>"","FCS/TRANSITION UNCERTAIN",IF(OR($B993="",$C993=""),"DATA INCOMPLETE","READY"))))))))'	'=IF($A993="","",IF($AH993<>"","BLOCKED",IF($AG993<>"","FCS — NO PLAY",IF(CALC!$S993=1,"PENDING LINE",IF(CALC!$Q993=1,"STALE LINE",IF($AE993="QB UNCERTAIN","QB UNCERTAIN",IF($AF993<>"","TRANSITION UNCERTAIN",IF(OR($B993="",$C993=""),"DATA INCOMPLETE","READY"))))))))'
ENGINE	AI994	'=IF($A994="","",IF($AH994<>"","BLOCKED",IF($AG994<>"","FCS — NO PLAY",IF(CALC!$S994=1,"PENDING LINE",IF(CALC!$Q994=1,"STALE LINE",IF($AE994="QB UNCERTAIN","QB UNCERTAIN",IF($AF994<>"","FCS/TRANSITION UNCERTAIN",IF(OR($B994="",$C994=""),"DATA INCOMPLETE","READY"))))))))'	'=IF($A994="","",IF($AH994<>"","BLOCKED",IF($AG994<>"","FCS — NO PLAY",IF(CALC!$S994=1,"PENDING LINE",IF(CALC!$Q994=1,"STALE LINE",IF($AE994="QB UNCERTAIN","QB UNCERTAIN",IF($AF994<>"","TRANSITION UNCERTAIN",IF(OR($B994="",$C994=""),"DATA INCOMPLETE","READY"))))))))'
ENGINE	AI995	'=IF($A995="","",IF($AH995<>"","BLOCKED",IF($AG995<>"","FCS — NO PLAY",IF(CALC!$S995=1,"PENDING LINE",IF(CALC!$Q995=1,"STALE LINE",IF($AE995="QB UNCERTAIN","QB UNCERTAIN",IF($AF995<>"","FCS/TRANSITION UNCERTAIN",IF(OR($B995="",$C995=""),"DATA INCOMPLETE","READY"))))))))'	'=IF($A995="","",IF($AH995<>"","BLOCKED",IF($AG995<>"","FCS — NO PLAY",IF(CALC!$S995=1,"PENDING LINE",IF(CALC!$Q995=1,"STALE LINE",IF($AE995="QB UNCERTAIN","QB UNCERTAIN",IF($AF995<>"","TRANSITION UNCERTAIN",IF(OR($B995="",$C995=""),"DATA INCOMPLETE","READY"))))))))'
ENGINE	AI996	'=IF($A996="","",IF($AH996<>"","BLOCKED",IF($AG996<>"","FCS — NO PLAY",IF(CALC!$S996=1,"PENDING LINE",IF(CALC!$Q996=1,"STALE LINE",IF($AE996="QB UNCERTAIN","QB UNCERTAIN",IF($AF996<>"","FCS/TRANSITION UNCERTAIN",IF(OR($B996="",$C996=""),"DATA INCOMPLETE","READY"))))))))'	'=IF($A996="","",IF($AH996<>"","BLOCKED",IF($AG996<>"","FCS — NO PLAY",IF(CALC!$S996=1,"PENDING LINE",IF(CALC!$Q996=1,"STALE LINE",IF($AE996="QB UNCERTAIN","QB UNCERTAIN",IF($AF996<>"","TRANSITION UNCERTAIN",IF(OR($B996="",$C996=""),"DATA INCOMPLETE","READY"))))))))'
ENGINE	AI997	'=IF($A997="","",IF($AH997<>"","BLOCKED",IF($AG997<>"","FCS — NO PLAY",IF(CALC!$S997=1,"PENDING LINE",IF(CALC!$Q997=1,"STALE LINE",IF($AE997="QB UNCERTAIN","QB UNCERTAIN",IF($AF997<>"","FCS/TRANSITION UNCERTAIN",IF(OR($B997="",$C997=""),"DATA INCOMPLETE","READY"))))))))'	'=IF($A997="","",IF($AH997<>"","BLOCKED",IF($AG997<>"","FCS — NO PLAY",IF(CALC!$S997=1,"PENDING LINE",IF(CALC!$Q997=1,"STALE LINE",IF($AE997="QB UNCERTAIN","QB UNCERTAIN",IF($AF997<>"","TRANSITION UNCERTAIN",IF(OR($B997="",$C997=""),"DATA INCOMPLETE","READY"))))))))'
ENGINE	AI998	'=IF($A998="","",IF($AH998<>"","BLOCKED",IF($AG998<>"","FCS — NO PLAY",IF(CALC!$S998=1,"PENDING LINE",IF(CALC!$Q998=1,"STALE LINE",IF($AE998="QB UNCERTAIN","QB UNCERTAIN",IF($AF998<>"","FCS/TRANSITION UNCERTAIN",IF(OR($B998="",$C998=""),"DATA INCOMPLETE","READY"))))))))'	'=IF($A998="","",IF($AH998<>"","BLOCKED",IF($AG998<>"","FCS — NO PLAY",IF(CALC!$S998=1,"PENDING LINE",IF(CALC!$Q998=1,"STALE LINE",IF($AE998="QB UNCERTAIN","QB UNCERTAIN",IF($AF998<>"","TRANSITION UNCERTAIN",IF(OR($B998="",$C998=""),"DATA INCOMPLETE","READY"))))))))'
ENGINE	AI999	'=IF($A999="","",IF($AH999<>"","BLOCKED",IF($AG999<>"","FCS — NO PLAY",IF(CALC!$S999=1,"PENDING LINE",IF(CALC!$Q999=1,"STALE LINE",IF($AE999="QB UNCERTAIN","QB UNCERTAIN",IF($AF999<>"","FCS/TRANSITION UNCERTAIN",IF(OR($B999="",$C999=""),"DATA INCOMPLETE","READY"))))))))'	'=IF($A999="","",IF($AH999<>"","BLOCKED",IF($AG999<>"","FCS — NO PLAY",IF(CALC!$S999=1,"PENDING LINE",IF(CALC!$Q999=1,"STALE LINE",IF($AE999="QB UNCERTAIN","QB UNCERTAIN",IF($AF999<>"","TRANSITION UNCERTAIN",IF(OR($B999="",$C999=""),"DATA INCOMPLETE","READY"))))))))'
ENGINE	AI1000	'=IF($A1000="","",IF($AH1000<>"","BLOCKED",IF($AG1000<>"","FCS — NO PLAY",IF(CALC!$S1000=1,"PENDING LINE",IF(CALC!$Q1000=1,"STALE LINE",IF($AE1000="QB UNCERTAIN","QB UNCERTAIN",IF($AF1000<>"","FCS/TRANSITION UNCERTAIN",IF(OR($B1000="",$C1000=""),"DATA INCOMPLETE","READY"))))))))'	'=IF($A1000="","",IF($AH1000<>"","BLOCKED",IF($AG1000<>"","FCS — NO PLAY",IF(CALC!$S1000=1,"PENDING LINE",IF(CALC!$Q1000=1,"STALE LINE",IF($AE1000="QB UNCERTAIN","QB UNCERTAIN",IF($AF1000<>"","TRANSITION UNCERTAIN",IF(OR($B1000="",$C1000=""),"DATA INCOMPLETE","READY"))))))))'
ENGINE	AI1001	'=IF($A1001="","",IF($AH1001<>"","BLOCKED",IF($AG1001<>"","FCS — NO PLAY",IF(CALC!$S1001=1,"PENDING LINE",IF(CALC!$Q1001=1,"STALE LINE",IF($AE1001="QB UNCERTAIN","QB UNCERTAIN",IF($AF1001<>"","FCS/TRANSITION UNCERTAIN",IF(OR($B1001="",$C1001=""),"DATA INCOMPLETE","READY"))))))))'	'=IF($A1001="","",IF($AH1001<>"","BLOCKED",IF($AG1001<>"","FCS — NO PLAY",IF(CALC!$S1001=1,"PENDING LINE",IF(CALC!$Q1001=1,"STALE LINE",IF($AE1001="QB UNCERTAIN","QB UNCERTAIN",IF($AF1001<>"","TRANSITION UNCERTAIN",IF(OR($B1001="",$C1001=""),"DATA INCOMPLETE","READY"))))))))'
ENGINE	AI1002	'=IF($A1002="","",IF($AH1002<>"","BLOCKED",IF($AG1002<>"","FCS — NO PLAY",IF(CALC!$S1002=1,"PENDING LINE",IF(CALC!$Q1002=1,"STALE LINE",IF($AE1002="QB UNCERTAIN","QB UNCERTAIN",IF($AF1002<>"","FCS/TRANSITION UNCERTAIN",IF(OR($B1002="",$C1002=""),"DATA INCOMPLETE","READY"))))))))'	'=IF($A1002="","",IF($AH1002<>"","BLOCKED",IF($AG1002<>"","FCS — NO PLAY",IF(CALC!$S1002=1,"PENDING LINE",IF(CALC!$Q1002=1,"STALE LINE",IF($AE1002="QB UNCERTAIN","QB UNCERTAIN",IF($AF1002<>"","TRANSITION UNCERTAIN",IF(OR($B1002="",$C1002=""),"DATA INCOMPLETE","READY"))))))))'
ENGINE	AI1003	'=IF($A1003="","",IF($AH1003<>"","BLOCKED",IF($AG1003<>"","FCS — NO PLAY",IF(CALC!$S1003=1,"PENDING LINE",IF(CALC!$Q1003=1,"STALE LINE",IF($AE1003="QB UNCERTAIN","QB UNCERTAIN",IF($AF1003<>"","FCS/TRANSITION UNCERTAIN",IF(OR($B1003="",$C1003=""),"DATA INCOMPLETE","READY"))))))))'	'=IF($A1003="","",IF($AH1003<>"","BLOCKED",IF($AG1003<>"","FCS — NO PLAY",IF(CALC!$S1003=1,"PENDING LINE",IF(CALC!$Q1003=1,"STALE LINE",IF($AE1003="QB UNCERTAIN","QB UNCERTAIN",IF($AF1003<>"","TRANSITION UNCERTAIN",IF(OR($B1003="",$C1003=""),"DATA INCOMPLETE","READY"))))))))'
ENGINE	AI1004	'=IF($A1004="","",IF($AH1004<>"","BLOCKED",IF($AG1004<>"","FCS — NO PLAY",IF(CALC!$S1004=1,"PENDING LINE",IF(CALC!$Q1004=1,"STALE LINE",IF($AE1004="QB UNCERTAIN","QB UNCERTAIN",IF($AF1004<>"","FCS/TRANSITION UNCERTAIN",IF(OR($B1004="",$C1004=""),"DATA INCOMPLETE","READY"))))))))'	'=IF($A1004="","",IF($AH1004<>"","BLOCKED",IF($AG1004<>"","FCS — NO PLAY",IF(CALC!$S1004=1,"PENDING LINE",IF(CALC!$Q1004=1,"STALE LINE",IF($AE1004="QB UNCERTAIN","QB UNCERTAIN",IF($AF1004<>"","TRANSITION UNCERTAIN",IF(OR($B1004="",$C1004=""),"DATA INCOMPLETE","READY"))))))))'
ENGINE	AI1005	'=IF($A1005="","",IF($AH1005<>"","BLOCKED",IF($AG1005<>"","FCS — NO PLAY",IF(CALC!$S1005=1,"PENDING LINE",IF(CALC!$Q1005=1,"STALE LINE",IF($AE1005="QB UNCERTAIN","QB UNCERTAIN",IF($AF1005<>"","FCS/TRANSITION UNCERTAIN",IF(OR($B1005="",$C1005=""),"DATA INCOMPLETE","READY"))))))))'	'=IF($A1005="","",IF($AH1005<>"","BLOCKED",IF($AG1005<>"","FCS — NO PLAY",IF(CALC!$S1005=1,"PENDING LINE",IF(CALC!$Q1005=1,"STALE LINE",IF($AE1005="QB UNCERTAIN","QB UNCERTAIN",IF($AF1005<>"","TRANSITION UNCERTAIN",IF(OR($B1005="",$C1005=""),"DATA INCOMPLETE","READY"))))))))'
DATA QUALITY	B11	'=COUNTIF(ENGINE!$AI$6:$AI$1005,"FCS/TRANSITION UNCERTAIN")'	'=COUNTIF(ENGINE!$AI$6:$AI$1005,"TRANSITION UNCERTAIN")'
CHANGELOG	C35	'ENGINE!AI6:AI1005 (STATUS, 1000 cells): added a new status branch, "FCS — NO PLAY", triggered by the existing $AG ("FCS flag") column, ranked after BLOCKED (a genuine schedule data-integrity issue should still surface) and before PENDING LINE/STALE LINE/QB UNCERTAIN/FCS-TRANSITION UNCERTAIN/DATA INCOMPLETE (none of which should apply to a permanently non-actionable game). This makes an FBS-vs-FCS game\'s status permanent and never dependent on whether a market line exists. The prior formula\'s FCS-specific sub-condition inside the transitional-status branch (AND($G6="FCS",$I6=""), AND($H6="FCS",$J6="")) is now unreachable dead code (any such game is intercepted by the new branch first) and was removed for clarity - this changes no observable behavior. Live-calc verified (formulas engine) against 5 scenarios: FBS v FBS no line -> PENDING LINE; FBS v FBS with line -> READY; FBS v FCS no line -> FCS — NO PLAY (not PENDING LINE); FBS v FCS + duplicate GameID -> BLOCKED (outranks FCS — NO PLAY); FBS v FBS transitional reclassifier not cleared -> FCS/TRANSITION UNCERTAIN (unaffected). All 5 passed.'	'ENGINE!AI6:AI1005 (STATUS, 1000 cells): added a new status branch, "FCS — NO PLAY", triggered by the existing $AG ("FCS flag") column, ranked after BLOCKED (a genuine schedule data-integrity issue should still surface) and before PENDING LINE/STALE LINE/QB UNCERTAIN/TRANSITION UNCERTAIN/DATA INCOMPLETE (none of which should apply to a permanently non-actionable game). This makes an FBS-vs-FCS game\'s status permanent and never dependent on whether a market line exists. The prior formula\'s FCS-specific sub-condition inside the transitional-status branch (AND($G6="FCS",$I6=""), AND($H6="FCS",$J6="")) is now unreachable dead code (any such game is intercepted by the new branch first) and was removed for clarity - this changes no observable behavior. Live-calc verified (formulas engine) against 5 scenarios: FBS v FBS no line -> PENDING LINE; FBS v FBS with line -> READY; FBS v FCS no line -> FCS — NO PLAY (not PENDING LINE); FBS v FCS + duplicate GameID -> BLOCKED (outranks FCS — NO PLAY); FBS v FBS transitional reclassifier not cleared -> TRANSITION UNCERTAIN (unaffected). All 5 passed.'
CHANGELOG	C37	'CLEAN!AB6:AB1005 and CLEAN!AC1005 (eg_home / eg_away, 1000 cells each): removed the FCS branch that gave an FCS opponent partial (0.5x, SETTINGS!B21) effective-game credit. An FBS-vs-FCS game now contributes exactly 0 toward either team\'s effective-games count (same as a bye), matching the user\'s instruction to exclude these results from effective-game calculations rather than partially count them. This also fully excludes FBS-vs-FCS performances from weekly power-rating movement, with no separate formula change needed: TEAM RATINGS!F (effective games) and CALC!D (current-season adj_margin, which drives CALC!H -> TEAM RATINGS!H "Current-season rating") both already derive from CLEAN!U/V (home_perf/away_perf), which require CLEAN!R/S (the FCS-side anchor rating) to be numeric - and R/S are now always blank since FCS TIERS carries no data (see next entry). Live-calc verified: eg_home=0/eg_away=0 when the opponent is FCS, =1 when FBS. SETTINGS!B21 (FCS-opponent effective-game weight) is now an orphaned, unused constant - left in place with an updated comment rather than deleted.'	'CLEAN!AB6:AB1005 and CLEAN!AC6:AC1005 (eg_home / eg_away, 1000 cells each): removed the FCS branch that gave an FCS opponent partial (0.5x, SETTINGS!B21) effective-game credit. An FBS-vs-FCS game now contributes exactly 0 toward either team\'s effective-games count (same as a bye), matching the user\'s instruction to exclude these results from effective-game calculations rather than partially count them. This also fully excludes FBS-vs-FCS performances from weekly power-rating movement, with no separate formula change needed: TEAM RATINGS!F (effective games) and CALC!D (current-season adj_margin, which drives CALC!H -> TEAM RATINGS!H "Current-season rating") both already derive from CLEAN!U/V (home_perf/away_perf), which require CLEAN!R/S (the FCS-side anchor rating) to be numeric - and R/S are now always blank since FCS TIERS carries no data (see next entry). Live-calc verified: eg_home=0/eg_away=0 when the opponent is FCS, =1 when FBS. SETTINGS!B21 (FCS-opponent effective-game weight) is now an orphaned, unused constant - left in place with an updated comment rather than deleted.'
CHANGELOG	A43	None	'v0.5.2'
CHANGELOG	B43	None	'2026-07-20'
CHANGELOG	C43	None	'CORRECTION: v0.5.1 left a documentation/implementation mismatch - DICTIONARY!B12:B14 and DATA QUALITY!A2/A11 already described the transitional-reclassifier status as "TRANSITION UNCERTAIN", but the actual ENGINE!AI6:AI1005 formula (1000 cells) and the DATA QUALITY!B11 COUNTIF (1 cell) still returned/counted the old string "FCS/TRANSITION UNCERTAIN". Corrected both to return/count "TRANSITION UNCERTAIN", matching the docs. STRING-LITERAL ONLY: the status priority order and every other branch of the formula are byte-identical to v0.5.1 - BLOCKED still outranks FCS — NO PLAY, which still outranks PENDING LINE/STALE LINE/QB UNCERTAIN/TRANSITION UNCERTAIN/DATA INCOMPLETE/READY, unchanged. Also corrected two documentation-only errors: CHANGELOG row 35\'s priority-list and scenario text still said "FCS-TRANSITION UNCERTAIN"/"FCS/TRANSITION UNCERTAIN" (now "TRANSITION UNCERTAIN"); CHANGELOG row 37 had a range typo, "CLEAN!AC1005" (now "CLEAN!AC6:AC1005", matching the actual 1000-row range that was edited). The FCS — NO PLAY logic, effective-game exclusions, NDSU/Sacramento State safeguards, QB state, TTW-prior state, and every other v0.5.1 decision are unchanged.'
CHANGELOG	D43	None	'v0.5.2 - TRANSITION UNCERTAIN string correction'
