sheet	cell	v0.6_value	v0.6.1_value
START HERE	A1	'TO THE WINDOW — NCAAF POWER RATINGS 2026 (v0.6 PHASE 6 OPERATIONAL-TEST BUILD — PENDING APPROVAL)'	'TO THE WINDOW — NCAAF POWER RATINGS 2026 (v0.6.1 PHASE 6 CORRECTION + TEST-COMPLETION BUILD — PENDING APPROVAL)'
ADJUSTMENTS	J6	'=IF($A6="","",IF(AND($H6="Y",OR($G6="",SETTINGS!$B$5="",$G6>=SETTINGS!$B$5)),1,0))'	'=IF($A6="","",IF(AND($H6="Y",OR($G6="",SETTINGS!$B$5="",$G6>=SETTINGS!$B$5),$K6=""),1,0))'
ADJUSTMENTS	K6	'=IF($A6="","",IF($D6="","REASON MISSING; ","")&IF(NOT(ISNUMBER($C6)),"VALUE NOT NUMERIC; ","")&IF(AND(ISNUMBER($C6),ABS($C6)>4,$A6<>"MARGIN OVERRIDE",$A6<>"TOTAL OVERRIDE"),"LARGE ADJ (>4); ",""))'	'=IF($A6="","",IF($D6="","REASON MISSING; ","")&IF(NOT(ISNUMBER($C6)),"VALUE NOT NUMERIC; ","")&IF(ISNUMBER($C6),IF(AND(ABS($C6)>4,$A6<>"MARGIN OVERRIDE",$A6<>"TOTAL OVERRIDE"),"LARGE ADJ (>4); ",""),""))'
ADJUSTMENTS	J7	'=IF($A7="","",IF(AND($H7="Y",OR($G7="",SETTINGS!$B$5="",$G7>=SETTINGS!$B$5)),1,0))'	'=IF($A7="","",IF(AND($H7="Y",OR($G7="",SETTINGS!$B$5="",$G7>=SETTINGS!$B$5),$K7=""),1,0))'
ADJUSTMENTS	K7	'=IF($A7="","",IF($D7="","REASON MISSING; ","")&IF(NOT(ISNUMBER($C7)),"VALUE NOT NUMERIC; ","")&IF(AND(ISNUMBER($C7),ABS($C7)>4,$A7<>"MARGIN OVERRIDE",$A7<>"TOTAL OVERRIDE"),"LARGE ADJ (>4); ",""))'	'=IF($A7="","",IF($D7="","REASON MISSING; ","")&IF(NOT(ISNUMBER($C7)),"VALUE NOT NUMERIC; ","")&IF(ISNUMBER($C7),IF(AND(ABS($C7)>4,$A7<>"MARGIN OVERRIDE",$A7<>"TOTAL OVERRIDE"),"LARGE ADJ (>4); ",""),""))'
ADJUSTMENTS	J8	'=IF($A8="","",IF(AND($H8="Y",OR($G8="",SETTINGS!$B$5="",$G8>=SETTINGS!$B$5)),1,0))'	'=IF($A8="","",IF(AND($H8="Y",OR($G8="",SETTINGS!$B$5="",$G8>=SETTINGS!$B$5),$K8=""),1,0))'
ADJUSTMENTS	K8	'=IF($A8="","",IF($D8="","REASON MISSING; ","")&IF(NOT(ISNUMBER($C8)),"VALUE NOT NUMERIC; ","")&IF(AND(ISNUMBER($C8),ABS($C8)>4,$A8<>"MARGIN OVERRIDE",$A8<>"TOTAL OVERRIDE"),"LARGE ADJ (>4); ",""))'	'=IF($A8="","",IF($D8="","REASON MISSING; ","")&IF(NOT(ISNUMBER($C8)),"VALUE NOT NUMERIC; ","")&IF(ISNUMBER($C8),IF(AND(ABS($C8)>4,$A8<>"MARGIN OVERRIDE",$A8<>"TOTAL OVERRIDE"),"LARGE ADJ (>4); ",""),""))'
ADJUSTMENTS	J9	'=IF($A9="","",IF(AND($H9="Y",OR($G9="",SETTINGS!$B$5="",$G9>=SETTINGS!$B$5)),1,0))'	'=IF($A9="","",IF(AND($H9="Y",OR($G9="",SETTINGS!$B$5="",$G9>=SETTINGS!$B$5),$K9=""),1,0))'
ADJUSTMENTS	K9	'=IF($A9="","",IF($D9="","REASON MISSING; ","")&IF(NOT(ISNUMBER($C9)),"VALUE NOT NUMERIC; ","")&IF(AND(ISNUMBER($C9),ABS($C9)>4,$A9<>"MARGIN OVERRIDE",$A9<>"TOTAL OVERRIDE"),"LARGE ADJ (>4); ",""))'	'=IF($A9="","",IF($D9="","REASON MISSING; ","")&IF(NOT(ISNUMBER($C9)),"VALUE NOT NUMERIC; ","")&IF(ISNUMBER($C9),IF(AND(ABS($C9)>4,$A9<>"MARGIN OVERRIDE",$A9<>"TOTAL OVERRIDE"),"LARGE ADJ (>4); ",""),""))'
ADJUSTMENTS	J10	'=IF($A10="","",IF(AND($H10="Y",OR($G10="",SETTINGS!$B$5="",$G10>=SETTINGS!$B$5)),1,0))'	'=IF($A10="","",IF(AND($H10="Y",OR($G10="",SETTINGS!$B$5="",$G10>=SETTINGS!$B$5),$K10=""),1,0))'
ADJUSTMENTS	K10	'=IF($A10="","",IF($D10="","REASON MISSING; ","")&IF(NOT(ISNUMBER($C10)),"VALUE NOT NUMERIC; ","")&IF(AND(ISNUMBER($C10),ABS($C10)>4,$A10<>"MARGIN OVERRIDE",$A10<>"TOTAL OVERRIDE"),"LARGE ADJ (>4); ",""))'	'=IF($A10="","",IF($D10="","REASON MISSING; ","")&IF(NOT(ISNUMBER($C10)),"VALUE NOT NUMERIC; ","")&IF(ISNUMBER($C10),IF(AND(ABS($C10)>4,$A10<>"MARGIN OVERRIDE",$A10<>"TOTAL OVERRIDE"),"LARGE ADJ (>4); ",""),""))'
ADJUSTMENTS	J11	'=IF($A11="","",IF(AND($H11="Y",OR($G11="",SETTINGS!$B$5="",$G11>=SETTINGS!$B$5)),1,0))'	'=IF($A11="","",IF(AND($H11="Y",OR($G11="",SETTINGS!$B$5="",$G11>=SETTINGS!$B$5),$K11=""),1,0))'
ADJUSTMENTS	K11	'=IF($A11="","",IF($D11="","REASON MISSING; ","")&IF(NOT(ISNUMBER($C11)),"VALUE NOT NUMERIC; ","")&IF(AND(ISNUMBER($C11),ABS($C11)>4,$A11<>"MARGIN OVERRIDE",$A11<>"TOTAL OVERRIDE"),"LARGE ADJ (>4); ",""))'	'=IF($A11="","",IF($D11="","REASON MISSING; ","")&IF(NOT(ISNUMBER($C11)),"VALUE NOT NUMERIC; ","")&IF(ISNUMBER($C11),IF(AND(ABS($C11)>4,$A11<>"MARGIN OVERRIDE",$A11<>"TOTAL OVERRIDE"),"LARGE ADJ (>4); ",""),""))'
ADJUSTMENTS	J12	'=IF($A12="","",IF(AND($H12="Y",OR($G12="",SETTINGS!$B$5="",$G12>=SETTINGS!$B$5)),1,0))'	'=IF($A12="","",IF(AND($H12="Y",OR($G12="",SETTINGS!$B$5="",$G12>=SETTINGS!$B$5),$K12=""),1,0))'
ADJUSTMENTS	K12	'=IF($A12="","",IF($D12="","REASON MISSING; ","")&IF(NOT(ISNUMBER($C12)),"VALUE NOT NUMERIC; ","")&IF(AND(ISNUMBER($C12),ABS($C12)>4,$A12<>"MARGIN OVERRIDE",$A12<>"TOTAL OVERRIDE"),"LARGE ADJ (>4); ",""))'	'=IF($A12="","",IF($D12="","REASON MISSING; ","")&IF(NOT(ISNUMBER($C12)),"VALUE NOT NUMERIC; ","")&IF(ISNUMBER($C12),IF(AND(ABS($C12)>4,$A12<>"MARGIN OVERRIDE",$A12<>"TOTAL OVERRIDE"),"LARGE ADJ (>4); ",""),""))'
ADJUSTMENTS	J13	'=IF($A13="","",IF(AND($H13="Y",OR($G13="",SETTINGS!$B$5="",$G13>=SETTINGS!$B$5)),1,0))'	'=IF($A13="","",IF(AND($H13="Y",OR($G13="",SETTINGS!$B$5="",$G13>=SETTINGS!$B$5),$K13=""),1,0))'
ADJUSTMENTS	K13	'=IF($A13="","",IF($D13="","REASON MISSING; ","")&IF(NOT(ISNUMBER($C13)),"VALUE NOT NUMERIC; ","")&IF(AND(ISNUMBER($C13),ABS($C13)>4,$A13<>"MARGIN OVERRIDE",$A13<>"TOTAL OVERRIDE"),"LARGE ADJ (>4); ",""))'	'=IF($A13="","",IF($D13="","REASON MISSING; ","")&IF(NOT(ISNUMBER($C13)),"VALUE NOT NUMERIC; ","")&IF(ISNUMBER($C13),IF(AND(ABS($C13)>4,$A13<>"MARGIN OVERRIDE",$A13<>"TOTAL OVERRIDE"),"LARGE ADJ (>4); ",""),""))'
ADJUSTMENTS	J14	'=IF($A14="","",IF(AND($H14="Y",OR($G14="",SETTINGS!$B$5="",$G14>=SETTINGS!$B$5)),1,0))'	'=IF($A14="","",IF(AND($H14="Y",OR($G14="",SETTINGS!$B$5="",$G14>=SETTINGS!$B$5),$K14=""),1,0))'
ADJUSTMENTS	K14	'=IF($A14="","",IF($D14="","REASON MISSING; ","")&IF(NOT(ISNUMBER($C14)),"VALUE NOT NUMERIC; ","")&IF(AND(ISNUMBER($C14),ABS($C14)>4,$A14<>"MARGIN OVERRIDE",$A14<>"TOTAL OVERRIDE"),"LARGE ADJ (>4); ",""))'	'=IF($A14="","",IF($D14="","REASON MISSING; ","")&IF(NOT(ISNUMBER($C14)),"VALUE NOT NUMERIC; ","")&IF(ISNUMBER($C14),IF(AND(ABS($C14)>4,$A14<>"MARGIN OVERRIDE",$A14<>"TOTAL OVERRIDE"),"LARGE ADJ (>4); ",""),""))'
ADJUSTMENTS	J15	'=IF($A15="","",IF(AND($H15="Y",OR($G15="",SETTINGS!$B$5="",$G15>=SETTINGS!$B$5)),1,0))'	'=IF($A15="","",IF(AND($H15="Y",OR($G15="",SETTINGS!$B$5="",$G15>=SETTINGS!$B$5),$K15=""),1,0))'
ADJUSTMENTS	K15	'=IF($A15="","",IF($D15="","REASON MISSING; ","")&IF(NOT(ISNUMBER($C15)),"VALUE NOT NUMERIC; ","")&IF(AND(ISNUMBER($C15),ABS($C15)>4,$A15<>"MARGIN OVERRIDE",$A15<>"TOTAL OVERRIDE"),"LARGE ADJ (>4); ",""))'	'=IF($A15="","",IF($D15="","REASON MISSING; ","")&IF(NOT(ISNUMBER($C15)),"VALUE NOT NUMERIC; ","")&IF(ISNUMBER($C15),IF(AND(ABS($C15)>4,$A15<>"MARGIN OVERRIDE",$A15<>"TOTAL OVERRIDE"),"LARGE ADJ (>4); ",""),""))'
ADJUSTMENTS	J16	'=IF($A16="","",IF(AND($H16="Y",OR($G16="",SETTINGS!$B$5="",$G16>=SETTINGS!$B$5)),1,0))'	'=IF($A16="","",IF(AND($H16="Y",OR($G16="",SETTINGS!$B$5="",$G16>=SETTINGS!$B$5),$K16=""),1,0))'
ADJUSTMENTS	K16	'=IF($A16="","",IF($D16="","REASON MISSING; ","")&IF(NOT(ISNUMBER($C16)),"VALUE NOT NUMERIC; ","")&IF(AND(ISNUMBER($C16),ABS($C16)>4,$A16<>"MARGIN OVERRIDE",$A16<>"TOTAL OVERRIDE"),"LARGE ADJ (>4); ",""))'	'=IF($A16="","",IF($D16="","REASON MISSING; ","")&IF(NOT(ISNUMBER($C16)),"VALUE NOT NUMERIC; ","")&IF(ISNUMBER($C16),IF(AND(ABS($C16)>4,$A16<>"MARGIN OVERRIDE",$A16<>"TOTAL OVERRIDE"),"LARGE ADJ (>4); ",""),""))'
ADJUSTMENTS	J17	'=IF($A17="","",IF(AND($H17="Y",OR($G17="",SETTINGS!$B$5="",$G17>=SETTINGS!$B$5)),1,0))'	'=IF($A17="","",IF(AND($H17="Y",OR($G17="",SETTINGS!$B$5="",$G17>=SETTINGS!$B$5),$K17=""),1,0))'
ADJUSTMENTS	K17	'=IF($A17="","",IF($D17="","REASON MISSING; ","")&IF(NOT(ISNUMBER($C17)),"VALUE NOT NUMERIC; ","")&IF(AND(ISNUMBER($C17),ABS($C17)>4,$A17<>"MARGIN OVERRIDE",$A17<>"TOTAL OVERRIDE"),"LARGE ADJ (>4); ",""))'	'=IF($A17="","",IF($D17="","REASON MISSING; ","")&IF(NOT(ISNUMBER($C17)),"VALUE NOT NUMERIC; ","")&IF(ISNUMBER($C17),IF(AND(ABS($C17)>4,$A17<>"MARGIN OVERRIDE",$A17<>"TOTAL OVERRIDE"),"LARGE ADJ (>4); ",""),""))'
ADJUSTMENTS	J18	'=IF($A18="","",IF(AND($H18="Y",OR($G18="",SETTINGS!$B$5="",$G18>=SETTINGS!$B$5)),1,0))'	'=IF($A18="","",IF(AND($H18="Y",OR($G18="",SETTINGS!$B$5="",$G18>=SETTINGS!$B$5),$K18=""),1,0))'
ADJUSTMENTS	K18	'=IF($A18="","",IF($D18="","REASON MISSING; ","")&IF(NOT(ISNUMBER($C18)),"VALUE NOT NUMERIC; ","")&IF(AND(ISNUMBER($C18),ABS($C18)>4,$A18<>"MARGIN OVERRIDE",$A18<>"TOTAL OVERRIDE"),"LARGE ADJ (>4); ",""))'	'=IF($A18="","",IF($D18="","REASON MISSING; ","")&IF(NOT(ISNUMBER($C18)),"VALUE NOT NUMERIC; ","")&IF(ISNUMBER($C18),IF(AND(ABS($C18)>4,$A18<>"MARGIN OVERRIDE",$A18<>"TOTAL OVERRIDE"),"LARGE ADJ (>4); ",""),""))'
ADJUSTMENTS	J19	'=IF($A19="","",IF(AND($H19="Y",OR($G19="",SETTINGS!$B$5="",$G19>=SETTINGS!$B$5)),1,0))'	'=IF($A19="","",IF(AND($H19="Y",OR($G19="",SETTINGS!$B$5="",$G19>=SETTINGS!$B$5),$K19=""),1,0))'
ADJUSTMENTS	K19	'=IF($A19="","",IF($D19="","REASON MISSING; ","")&IF(NOT(ISNUMBER($C19)),"VALUE NOT NUMERIC; ","")&IF(AND(ISNUMBER($C19),ABS($C19)>4,$A19<>"MARGIN OVERRIDE",$A19<>"TOTAL OVERRIDE"),"LARGE ADJ (>4); ",""))'	'=IF($A19="","",IF($D19="","REASON MISSING; ","")&IF(NOT(ISNUMBER($C19)),"VALUE NOT NUMERIC; ","")&IF(ISNUMBER($C19),IF(AND(ABS($C19)>4,$A19<>"MARGIN OVERRIDE",$A19<>"TOTAL OVERRIDE"),"LARGE ADJ (>4); ",""),""))'
ADJUSTMENTS	J20	'=IF($A20="","",IF(AND($H20="Y",OR($G20="",SETTINGS!$B$5="",$G20>=SETTINGS!$B$5)),1,0))'	'=IF($A20="","",IF(AND($H20="Y",OR($G20="",SETTINGS!$B$5="",$G20>=SETTINGS!$B$5),$K20=""),1,0))'
ADJUSTMENTS	K20	'=IF($A20="","",IF($D20="","REASON MISSING; ","")&IF(NOT(ISNUMBER($C20)),"VALUE NOT NUMERIC; ","")&IF(AND(ISNUMBER($C20),ABS($C20)>4,$A20<>"MARGIN OVERRIDE",$A20<>"TOTAL OVERRIDE"),"LARGE ADJ (>4); ",""))'	'=IF($A20="","",IF($D20="","REASON MISSING; ","")&IF(NOT(ISNUMBER($C20)),"VALUE NOT NUMERIC; ","")&IF(ISNUMBER($C20),IF(AND(ABS($C20)>4,$A20<>"MARGIN OVERRIDE",$A20<>"TOTAL OVERRIDE"),"LARGE ADJ (>4); ",""),""))'
ADJUSTMENTS	J21	'=IF($A21="","",IF(AND($H21="Y",OR($G21="",SETTINGS!$B$5="",$G21>=SETTINGS!$B$5)),1,0))'	'=IF($A21="","",IF(AND($H21="Y",OR($G21="",SETTINGS!$B$5="",$G21>=SETTINGS!$B$5),$K21=""),1,0))'
ADJUSTMENTS	K21	'=IF($A21="","",IF($D21="","REASON MISSING; ","")&IF(NOT(ISNUMBER($C21)),"VALUE NOT NUMERIC; ","")&IF(AND(ISNUMBER($C21),ABS($C21)>4,$A21<>"MARGIN OVERRIDE",$A21<>"TOTAL OVERRIDE"),"LARGE ADJ (>4); ",""))'	'=IF($A21="","",IF($D21="","REASON MISSING; ","")&IF(NOT(ISNUMBER($C21)),"VALUE NOT NUMERIC; ","")&IF(ISNUMBER($C21),IF(AND(ABS($C21)>4,$A21<>"MARGIN OVERRIDE",$A21<>"TOTAL OVERRIDE"),"LARGE ADJ (>4); ",""),""))'
ADJUSTMENTS	J22	'=IF($A22="","",IF(AND($H22="Y",OR($G22="",SETTINGS!$B$5="",$G22>=SETTINGS!$B$5)),1,0))'	'=IF($A22="","",IF(AND($H22="Y",OR($G22="",SETTINGS!$B$5="",$G22>=SETTINGS!$B$5),$K22=""),1,0))'
ADJUSTMENTS	K22	'=IF($A22="","",IF($D22="","REASON MISSING; ","")&IF(NOT(ISNUMBER($C22)),"VALUE NOT NUMERIC; ","")&IF(AND(ISNUMBER($C22),ABS($C22)>4,$A22<>"MARGIN OVERRIDE",$A22<>"TOTAL OVERRIDE"),"LARGE ADJ (>4); ",""))'	'=IF($A22="","",IF($D22="","REASON MISSING; ","")&IF(NOT(ISNUMBER($C22)),"VALUE NOT NUMERIC; ","")&IF(ISNUMBER($C22),IF(AND(ABS($C22)>4,$A22<>"MARGIN OVERRIDE",$A22<>"TOTAL OVERRIDE"),"LARGE ADJ (>4); ",""),""))'
ADJUSTMENTS	J23	'=IF($A23="","",IF(AND($H23="Y",OR($G23="",SETTINGS!$B$5="",$G23>=SETTINGS!$B$5)),1,0))'	'=IF($A23="","",IF(AND($H23="Y",OR($G23="",SETTINGS!$B$5="",$G23>=SETTINGS!$B$5),$K23=""),1,0))'
ADJUSTMENTS	K23	'=IF($A23="","",IF($D23="","REASON MISSING; ","")&IF(NOT(ISNUMBER($C23)),"VALUE NOT NUMERIC; ","")&IF(AND(ISNUMBER($C23),ABS($C23)>4,$A23<>"MARGIN OVERRIDE",$A23<>"TOTAL OVERRIDE"),"LARGE ADJ (>4); ",""))'	'=IF($A23="","",IF($D23="","REASON MISSING; ","")&IF(NOT(ISNUMBER($C23)),"VALUE NOT NUMERIC; ","")&IF(ISNUMBER($C23),IF(AND(ABS($C23)>4,$A23<>"MARGIN OVERRIDE",$A23<>"TOTAL OVERRIDE"),"LARGE ADJ (>4); ",""),""))'
ADJUSTMENTS	J24	'=IF($A24="","",IF(AND($H24="Y",OR($G24="",SETTINGS!$B$5="",$G24>=SETTINGS!$B$5)),1,0))'	'=IF($A24="","",IF(AND($H24="Y",OR($G24="",SETTINGS!$B$5="",$G24>=SETTINGS!$B$5),$K24=""),1,0))'
ADJUSTMENTS	K24	'=IF($A24="","",IF($D24="","REASON MISSING; ","")&IF(NOT(ISNUMBER($C24)),"VALUE NOT NUMERIC; ","")&IF(AND(ISNUMBER($C24),ABS($C24)>4,$A24<>"MARGIN OVERRIDE",$A24<>"TOTAL OVERRIDE"),"LARGE ADJ (>4); ",""))'	'=IF($A24="","",IF($D24="","REASON MISSING; ","")&IF(NOT(ISNUMBER($C24)),"VALUE NOT NUMERIC; ","")&IF(ISNUMBER($C24),IF(AND(ABS($C24)>4,$A24<>"MARGIN OVERRIDE",$A24<>"TOTAL OVERRIDE"),"LARGE ADJ (>4); ",""),""))'
ADJUSTMENTS	J25	'=IF($A25="","",IF(AND($H25="Y",OR($G25="",SETTINGS!$B$5="",$G25>=SETTINGS!$B$5)),1,0))'	'=IF($A25="","",IF(AND($H25="Y",OR($G25="",SETTINGS!$B$5="",$G25>=SETTINGS!$B$5),$K25=""),1,0))'
ADJUSTMENTS	K25	'=IF($A25="","",IF($D25="","REASON MISSING; ","")&IF(NOT(ISNUMBER($C25)),"VALUE NOT NUMERIC; ","")&IF(AND(ISNUMBER($C25),ABS($C25)>4,$A25<>"MARGIN OVERRIDE",$A25<>"TOTAL OVERRIDE"),"LARGE ADJ (>4); ",""))'	'=IF($A25="","",IF($D25="","REASON MISSING; ","")&IF(NOT(ISNUMBER($C25)),"VALUE NOT NUMERIC; ","")&IF(ISNUMBER($C25),IF(AND(ABS($C25)>4,$A25<>"MARGIN OVERRIDE",$A25<>"TOTAL OVERRIDE"),"LARGE ADJ (>4); ",""),""))'
ADJUSTMENTS	J26	'=IF($A26="","",IF(AND($H26="Y",OR($G26="",SETTINGS!$B$5="",$G26>=SETTINGS!$B$5)),1,0))'	'=IF($A26="","",IF(AND($H26="Y",OR($G26="",SETTINGS!$B$5="",$G26>=SETTINGS!$B$5),$K26=""),1,0))'
ADJUSTMENTS	K26	'=IF($A26="","",IF($D26="","REASON MISSING; ","")&IF(NOT(ISNUMBER($C26)),"VALUE NOT NUMERIC; ","")&IF(AND(ISNUMBER($C26),ABS($C26)>4,$A26<>"MARGIN OVERRIDE",$A26<>"TOTAL OVERRIDE"),"LARGE ADJ (>4); ",""))'	'=IF($A26="","",IF($D26="","REASON MISSING; ","")&IF(NOT(ISNUMBER($C26)),"VALUE NOT NUMERIC; ","")&IF(ISNUMBER($C26),IF(AND(ABS($C26)>4,$A26<>"MARGIN OVERRIDE",$A26<>"TOTAL OVERRIDE"),"LARGE ADJ (>4); ",""),""))'
ADJUSTMENTS	J27	'=IF($A27="","",IF(AND($H27="Y",OR($G27="",SETTINGS!$B$5="",$G27>=SETTINGS!$B$5)),1,0))'	'=IF($A27="","",IF(AND($H27="Y",OR($G27="",SETTINGS!$B$5="",$G27>=SETTINGS!$B$5),$K27=""),1,0))'
ADJUSTMENTS	K27	'=IF($A27="","",IF($D27="","REASON MISSING; ","")&IF(NOT(ISNUMBER($C27)),"VALUE NOT NUMERIC; ","")&IF(AND(ISNUMBER($C27),ABS($C27)>4,$A27<>"MARGIN OVERRIDE",$A27<>"TOTAL OVERRIDE"),"LARGE ADJ (>4); ",""))'	'=IF($A27="","",IF($D27="","REASON MISSING; ","")&IF(NOT(ISNUMBER($C27)),"VALUE NOT NUMERIC; ","")&IF(ISNUMBER($C27),IF(AND(ABS($C27)>4,$A27<>"MARGIN OVERRIDE",$A27<>"TOTAL OVERRIDE"),"LARGE ADJ (>4); ",""),""))'
ADJUSTMENTS	J28	'=IF($A28="","",IF(AND($H28="Y",OR($G28="",SETTINGS!$B$5="",$G28>=SETTINGS!$B$5)),1,0))'	'=IF($A28="","",IF(AND($H28="Y",OR($G28="",SETTINGS!$B$5="",$G28>=SETTINGS!$B$5),$K28=""),1,0))'
ADJUSTMENTS	K28	'=IF($A28="","",IF($D28="","REASON MISSING; ","")&IF(NOT(ISNUMBER($C28)),"VALUE NOT NUMERIC; ","")&IF(AND(ISNUMBER($C28),ABS($C28)>4,$A28<>"MARGIN OVERRIDE",$A28<>"TOTAL OVERRIDE"),"LARGE ADJ (>4); ",""))'	'=IF($A28="","",IF($D28="","REASON MISSING; ","")&IF(NOT(ISNUMBER($C28)),"VALUE NOT NUMERIC; ","")&IF(ISNUMBER($C28),IF(AND(ABS($C28)>4,$A28<>"MARGIN OVERRIDE",$A28<>"TOTAL OVERRIDE"),"LARGE ADJ (>4); ",""),""))'
ADJUSTMENTS	J29	'=IF($A29="","",IF(AND($H29="Y",OR($G29="",SETTINGS!$B$5="",$G29>=SETTINGS!$B$5)),1,0))'	'=IF($A29="","",IF(AND($H29="Y",OR($G29="",SETTINGS!$B$5="",$G29>=SETTINGS!$B$5),$K29=""),1,0))'
ADJUSTMENTS	K29	'=IF($A29="","",IF($D29="","REASON MISSING; ","")&IF(NOT(ISNUMBER($C29)),"VALUE NOT NUMERIC; ","")&IF(AND(ISNUMBER($C29),ABS($C29)>4,$A29<>"MARGIN OVERRIDE",$A29<>"TOTAL OVERRIDE"),"LARGE ADJ (>4); ",""))'	'=IF($A29="","",IF($D29="","REASON MISSING; ","")&IF(NOT(ISNUMBER($C29)),"VALUE NOT NUMERIC; ","")&IF(ISNUMBER($C29),IF(AND(ABS($C29)>4,$A29<>"MARGIN OVERRIDE",$A29<>"TOTAL OVERRIDE"),"LARGE ADJ (>4); ",""),""))'
ADJUSTMENTS	J30	'=IF($A30="","",IF(AND($H30="Y",OR($G30="",SETTINGS!$B$5="",$G30>=SETTINGS!$B$5)),1,0))'	'=IF($A30="","",IF(AND($H30="Y",OR($G30="",SETTINGS!$B$5="",$G30>=SETTINGS!$B$5),$K30=""),1,0))'
ADJUSTMENTS	K30	'=IF($A30="","",IF($D30="","REASON MISSING; ","")&IF(NOT(ISNUMBER($C30)),"VALUE NOT NUMERIC; ","")&IF(AND(ISNUMBER($C30),ABS($C30)>4,$A30<>"MARGIN OVERRIDE",$A30<>"TOTAL OVERRIDE"),"LARGE ADJ (>4); ",""))'	'=IF($A30="","",IF($D30="","REASON MISSING; ","")&IF(NOT(ISNUMBER($C30)),"VALUE NOT NUMERIC; ","")&IF(ISNUMBER($C30),IF(AND(ABS($C30)>4,$A30<>"MARGIN OVERRIDE",$A30<>"TOTAL OVERRIDE"),"LARGE ADJ (>4); ",""),""))'
ADJUSTMENTS	J31	'=IF($A31="","",IF(AND($H31="Y",OR($G31="",SETTINGS!$B$5="",$G31>=SETTINGS!$B$5)),1,0))'	'=IF($A31="","",IF(AND($H31="Y",OR($G31="",SETTINGS!$B$5="",$G31>=SETTINGS!$B$5),$K31=""),1,0))'
ADJUSTMENTS	K31	'=IF($A31="","",IF($D31="","REASON MISSING; ","")&IF(NOT(ISNUMBER($C31)),"VALUE NOT NUMERIC; ","")&IF(AND(ISNUMBER($C31),ABS($C31)>4,$A31<>"MARGIN OVERRIDE",$A31<>"TOTAL OVERRIDE"),"LARGE ADJ (>4); ",""))'	'=IF($A31="","",IF($D31="","REASON MISSING; ","")&IF(NOT(ISNUMBER($C31)),"VALUE NOT NUMERIC; ","")&IF(ISNUMBER($C31),IF(AND(ABS($C31)>4,$A31<>"MARGIN OVERRIDE",$A31<>"TOTAL OVERRIDE"),"LARGE ADJ (>4); ",""),""))'
ADJUSTMENTS	J32	'=IF($A32="","",IF(AND($H32="Y",OR($G32="",SETTINGS!$B$5="",$G32>=SETTINGS!$B$5)),1,0))'	'=IF($A32="","",IF(AND($H32="Y",OR($G32="",SETTINGS!$B$5="",$G32>=SETTINGS!$B$5),$K32=""),1,0))'
ADJUSTMENTS	K32	'=IF($A32="","",IF($D32="","REASON MISSING; ","")&IF(NOT(ISNUMBER($C32)),"VALUE NOT NUMERIC; ","")&IF(AND(ISNUMBER($C32),ABS($C32)>4,$A32<>"MARGIN OVERRIDE",$A32<>"TOTAL OVERRIDE"),"LARGE ADJ (>4); ",""))'	'=IF($A32="","",IF($D32="","REASON MISSING; ","")&IF(NOT(ISNUMBER($C32)),"VALUE NOT NUMERIC; ","")&IF(ISNUMBER($C32),IF(AND(ABS($C32)>4,$A32<>"MARGIN OVERRIDE",$A32<>"TOTAL OVERRIDE"),"LARGE ADJ (>4); ",""),""))'
ADJUSTMENTS	J33	'=IF($A33="","",IF(AND($H33="Y",OR($G33="",SETTINGS!$B$5="",$G33>=SETTINGS!$B$5)),1,0))'	'=IF($A33="","",IF(AND($H33="Y",OR($G33="",SETTINGS!$B$5="",$G33>=SETTINGS!$B$5),$K33=""),1,0))'
ADJUSTMENTS	K33	'=IF($A33="","",IF($D33="","REASON MISSING; ","")&IF(NOT(ISNUMBER($C33)),"VALUE NOT NUMERIC; ","")&IF(AND(ISNUMBER($C33),ABS($C33)>4,$A33<>"MARGIN OVERRIDE",$A33<>"TOTAL OVERRIDE"),"LARGE ADJ (>4); ",""))'	'=IF($A33="","",IF($D33="","REASON MISSING; ","")&IF(NOT(ISNUMBER($C33)),"VALUE NOT NUMERIC; ","")&IF(ISNUMBER($C33),IF(AND(ABS($C33)>4,$A33<>"MARGIN OVERRIDE",$A33<>"TOTAL OVERRIDE"),"LARGE ADJ (>4); ",""),""))'
ADJUSTMENTS	J34	'=IF($A34="","",IF(AND($H34="Y",OR($G34="",SETTINGS!$B$5="",$G34>=SETTINGS!$B$5)),1,0))'	'=IF($A34="","",IF(AND($H34="Y",OR($G34="",SETTINGS!$B$5="",$G34>=SETTINGS!$B$5),$K34=""),1,0))'
ADJUSTMENTS	K34	'=IF($A34="","",IF($D34="","REASON MISSING; ","")&IF(NOT(ISNUMBER($C34)),"VALUE NOT NUMERIC; ","")&IF(AND(ISNUMBER($C34),ABS($C34)>4,$A34<>"MARGIN OVERRIDE",$A34<>"TOTAL OVERRIDE"),"LARGE ADJ (>4); ",""))'	'=IF($A34="","",IF($D34="","REASON MISSING; ","")&IF(NOT(ISNUMBER($C34)),"VALUE NOT NUMERIC; ","")&IF(ISNUMBER($C34),IF(AND(ABS($C34)>4,$A34<>"MARGIN OVERRIDE",$A34<>"TOTAL OVERRIDE"),"LARGE ADJ (>4); ",""),""))'
ADJUSTMENTS	J35	'=IF($A35="","",IF(AND($H35="Y",OR($G35="",SETTINGS!$B$5="",$G35>=SETTINGS!$B$5)),1,0))'	'=IF($A35="","",IF(AND($H35="Y",OR($G35="",SETTINGS!$B$5="",$G35>=SETTINGS!$B$5),$K35=""),1,0))'
ADJUSTMENTS	K35	'=IF($A35="","",IF($D35="","REASON MISSING; ","")&IF(NOT(ISNUMBER($C35)),"VALUE NOT NUMERIC; ","")&IF(AND(ISNUMBER($C35),ABS($C35)>4,$A35<>"MARGIN OVERRIDE",$A35<>"TOTAL OVERRIDE"),"LARGE ADJ (>4); ",""))'	'=IF($A35="","",IF($D35="","REASON MISSING; ","")&IF(NOT(ISNUMBER($C35)),"VALUE NOT NUMERIC; ","")&IF(ISNUMBER($C35),IF(AND(ABS($C35)>4,$A35<>"MARGIN OVERRIDE",$A35<>"TOTAL OVERRIDE"),"LARGE ADJ (>4); ",""),""))'
ADJUSTMENTS	J36	'=IF($A36="","",IF(AND($H36="Y",OR($G36="",SETTINGS!$B$5="",$G36>=SETTINGS!$B$5)),1,0))'	'=IF($A36="","",IF(AND($H36="Y",OR($G36="",SETTINGS!$B$5="",$G36>=SETTINGS!$B$5),$K36=""),1,0))'
ADJUSTMENTS	K36	'=IF($A36="","",IF($D36="","REASON MISSING; ","")&IF(NOT(ISNUMBER($C36)),"VALUE NOT NUMERIC; ","")&IF(AND(ISNUMBER($C36),ABS($C36)>4,$A36<>"MARGIN OVERRIDE",$A36<>"TOTAL OVERRIDE"),"LARGE ADJ (>4); ",""))'	'=IF($A36="","",IF($D36="","REASON MISSING; ","")&IF(NOT(ISNUMBER($C36)),"VALUE NOT NUMERIC; ","")&IF(ISNUMBER($C36),IF(AND(ABS($C36)>4,$A36<>"MARGIN OVERRIDE",$A36<>"TOTAL OVERRIDE"),"LARGE ADJ (>4); ",""),""))'
ADJUSTMENTS	J37	'=IF($A37="","",IF(AND($H37="Y",OR($G37="",SETTINGS!$B$5="",$G37>=SETTINGS!$B$5)),1,0))'	'=IF($A37="","",IF(AND($H37="Y",OR($G37="",SETTINGS!$B$5="",$G37>=SETTINGS!$B$5),$K37=""),1,0))'
ADJUSTMENTS	K37	'=IF($A37="","",IF($D37="","REASON MISSING; ","")&IF(NOT(ISNUMBER($C37)),"VALUE NOT NUMERIC; ","")&IF(AND(ISNUMBER($C37),ABS($C37)>4,$A37<>"MARGIN OVERRIDE",$A37<>"TOTAL OVERRIDE"),"LARGE ADJ (>4); ",""))'	'=IF($A37="","",IF($D37="","REASON MISSING; ","")&IF(NOT(ISNUMBER($C37)),"VALUE NOT NUMERIC; ","")&IF(ISNUMBER($C37),IF(AND(ABS($C37)>4,$A37<>"MARGIN OVERRIDE",$A37<>"TOTAL OVERRIDE"),"LARGE ADJ (>4); ",""),""))'
ADJUSTMENTS	J38	'=IF($A38="","",IF(AND($H38="Y",OR($G38="",SETTINGS!$B$5="",$G38>=SETTINGS!$B$5)),1,0))'	'=IF($A38="","",IF(AND($H38="Y",OR($G38="",SETTINGS!$B$5="",$G38>=SETTINGS!$B$5),$K38=""),1,0))'
ADJUSTMENTS	K38	'=IF($A38="","",IF($D38="","REASON MISSING; ","")&IF(NOT(ISNUMBER($C38)),"VALUE NOT NUMERIC; ","")&IF(AND(ISNUMBER($C38),ABS($C38)>4,$A38<>"MARGIN OVERRIDE",$A38<>"TOTAL OVERRIDE"),"LARGE ADJ (>4); ",""))'	'=IF($A38="","",IF($D38="","REASON MISSING; ","")&IF(NOT(ISNUMBER($C38)),"VALUE NOT NUMERIC; ","")&IF(ISNUMBER($C38),IF(AND(ABS($C38)>4,$A38<>"MARGIN OVERRIDE",$A38<>"TOTAL OVERRIDE"),"LARGE ADJ (>4); ",""),""))'
ADJUSTMENTS	J39	'=IF($A39="","",IF(AND($H39="Y",OR($G39="",SETTINGS!$B$5="",$G39>=SETTINGS!$B$5)),1,0))'	'=IF($A39="","",IF(AND($H39="Y",OR($G39="",SETTINGS!$B$5="",$G39>=SETTINGS!$B$5),$K39=""),1,0))'
ADJUSTMENTS	K39	'=IF($A39="","",IF($D39="","REASON MISSING; ","")&IF(NOT(ISNUMBER($C39)),"VALUE NOT NUMERIC; ","")&IF(AND(ISNUMBER($C39),ABS($C39)>4,$A39<>"MARGIN OVERRIDE",$A39<>"TOTAL OVERRIDE"),"LARGE ADJ (>4); ",""))'	'=IF($A39="","",IF($D39="","REASON MISSING; ","")&IF(NOT(ISNUMBER($C39)),"VALUE NOT NUMERIC; ","")&IF(ISNUMBER($C39),IF(AND(ABS($C39)>4,$A39<>"MARGIN OVERRIDE",$A39<>"TOTAL OVERRIDE"),"LARGE ADJ (>4); ",""),""))'
ADJUSTMENTS	J40	'=IF($A40="","",IF(AND($H40="Y",OR($G40="",SETTINGS!$B$5="",$G40>=SETTINGS!$B$5)),1,0))'	'=IF($A40="","",IF(AND($H40="Y",OR($G40="",SETTINGS!$B$5="",$G40>=SETTINGS!$B$5),$K40=""),1,0))'
ADJUSTMENTS	K40	'=IF($A40="","",IF($D40="","REASON MISSING; ","")&IF(NOT(ISNUMBER($C40)),"VALUE NOT NUMERIC; ","")&IF(AND(ISNUMBER($C40),ABS($C40)>4,$A40<>"MARGIN OVERRIDE",$A40<>"TOTAL OVERRIDE"),"LARGE ADJ (>4); ",""))'	'=IF($A40="","",IF($D40="","REASON MISSING; ","")&IF(NOT(ISNUMBER($C40)),"VALUE NOT NUMERIC; ","")&IF(ISNUMBER($C40),IF(AND(ABS($C40)>4,$A40<>"MARGIN OVERRIDE",$A40<>"TOTAL OVERRIDE"),"LARGE ADJ (>4); ",""),""))'
ADJUSTMENTS	J41	'=IF($A41="","",IF(AND($H41="Y",OR($G41="",SETTINGS!$B$5="",$G41>=SETTINGS!$B$5)),1,0))'	'=IF($A41="","",IF(AND($H41="Y",OR($G41="",SETTINGS!$B$5="",$G41>=SETTINGS!$B$5),$K41=""),1,0))'
ADJUSTMENTS	K41	'=IF($A41="","",IF($D41="","REASON MISSING; ","")&IF(NOT(ISNUMBER($C41)),"VALUE NOT NUMERIC; ","")&IF(AND(ISNUMBER($C41),ABS($C41)>4,$A41<>"MARGIN OVERRIDE",$A41<>"TOTAL OVERRIDE"),"LARGE ADJ (>4); ",""))'	'=IF($A41="","",IF($D41="","REASON MISSING; ","")&IF(NOT(ISNUMBER($C41)),"VALUE NOT NUMERIC; ","")&IF(ISNUMBER($C41),IF(AND(ABS($C41)>4,$A41<>"MARGIN OVERRIDE",$A41<>"TOTAL OVERRIDE"),"LARGE ADJ (>4); ",""),""))'
ADJUSTMENTS	J42	'=IF($A42="","",IF(AND($H42="Y",OR($G42="",SETTINGS!$B$5="",$G42>=SETTINGS!$B$5)),1,0))'	'=IF($A42="","",IF(AND($H42="Y",OR($G42="",SETTINGS!$B$5="",$G42>=SETTINGS!$B$5),$K42=""),1,0))'
ADJUSTMENTS	K42	'=IF($A42="","",IF($D42="","REASON MISSING; ","")&IF(NOT(ISNUMBER($C42)),"VALUE NOT NUMERIC; ","")&IF(AND(ISNUMBER($C42),ABS($C42)>4,$A42<>"MARGIN OVERRIDE",$A42<>"TOTAL OVERRIDE"),"LARGE ADJ (>4); ",""))'	'=IF($A42="","",IF($D42="","REASON MISSING; ","")&IF(NOT(ISNUMBER($C42)),"VALUE NOT NUMERIC; ","")&IF(ISNUMBER($C42),IF(AND(ABS($C42)>4,$A42<>"MARGIN OVERRIDE",$A42<>"TOTAL OVERRIDE"),"LARGE ADJ (>4); ",""),""))'
ADJUSTMENTS	J43	'=IF($A43="","",IF(AND($H43="Y",OR($G43="",SETTINGS!$B$5="",$G43>=SETTINGS!$B$5)),1,0))'	'=IF($A43="","",IF(AND($H43="Y",OR($G43="",SETTINGS!$B$5="",$G43>=SETTINGS!$B$5),$K43=""),1,0))'
ADJUSTMENTS	K43	'=IF($A43="","",IF($D43="","REASON MISSING; ","")&IF(NOT(ISNUMBER($C43)),"VALUE NOT NUMERIC; ","")&IF(AND(ISNUMBER($C43),ABS($C43)>4,$A43<>"MARGIN OVERRIDE",$A43<>"TOTAL OVERRIDE"),"LARGE ADJ (>4); ",""))'	'=IF($A43="","",IF($D43="","REASON MISSING; ","")&IF(NOT(ISNUMBER($C43)),"VALUE NOT NUMERIC; ","")&IF(ISNUMBER($C43),IF(AND(ABS($C43)>4,$A43<>"MARGIN OVERRIDE",$A43<>"TOTAL OVERRIDE"),"LARGE ADJ (>4); ",""),""))'
ADJUSTMENTS	J44	'=IF($A44="","",IF(AND($H44="Y",OR($G44="",SETTINGS!$B$5="",$G44>=SETTINGS!$B$5)),1,0))'	'=IF($A44="","",IF(AND($H44="Y",OR($G44="",SETTINGS!$B$5="",$G44>=SETTINGS!$B$5),$K44=""),1,0))'
ADJUSTMENTS	K44	'=IF($A44="","",IF($D44="","REASON MISSING; ","")&IF(NOT(ISNUMBER($C44)),"VALUE NOT NUMERIC; ","")&IF(AND(ISNUMBER($C44),ABS($C44)>4,$A44<>"MARGIN OVERRIDE",$A44<>"TOTAL OVERRIDE"),"LARGE ADJ (>4); ",""))'	'=IF($A44="","",IF($D44="","REASON MISSING; ","")&IF(NOT(ISNUMBER($C44)),"VALUE NOT NUMERIC; ","")&IF(ISNUMBER($C44),IF(AND(ABS($C44)>4,$A44<>"MARGIN OVERRIDE",$A44<>"TOTAL OVERRIDE"),"LARGE ADJ (>4); ",""),""))'
ADJUSTMENTS	J45	'=IF($A45="","",IF(AND($H45="Y",OR($G45="",SETTINGS!$B$5="",$G45>=SETTINGS!$B$5)),1,0))'	'=IF($A45="","",IF(AND($H45="Y",OR($G45="",SETTINGS!$B$5="",$G45>=SETTINGS!$B$5),$K45=""),1,0))'
ADJUSTMENTS	K45	'=IF($A45="","",IF($D45="","REASON MISSING; ","")&IF(NOT(ISNUMBER($C45)),"VALUE NOT NUMERIC; ","")&IF(AND(ISNUMBER($C45),ABS($C45)>4,$A45<>"MARGIN OVERRIDE",$A45<>"TOTAL OVERRIDE"),"LARGE ADJ (>4); ",""))'	'=IF($A45="","",IF($D45="","REASON MISSING; ","")&IF(NOT(ISNUMBER($C45)),"VALUE NOT NUMERIC; ","")&IF(ISNUMBER($C45),IF(AND(ABS($C45)>4,$A45<>"MARGIN OVERRIDE",$A45<>"TOTAL OVERRIDE"),"LARGE ADJ (>4); ",""),""))'
ADJUSTMENTS	J46	'=IF($A46="","",IF(AND($H46="Y",OR($G46="",SETTINGS!$B$5="",$G46>=SETTINGS!$B$5)),1,0))'	'=IF($A46="","",IF(AND($H46="Y",OR($G46="",SETTINGS!$B$5="",$G46>=SETTINGS!$B$5),$K46=""),1,0))'
ADJUSTMENTS	K46	'=IF($A46="","",IF($D46="","REASON MISSING; ","")&IF(NOT(ISNUMBER($C46)),"VALUE NOT NUMERIC; ","")&IF(AND(ISNUMBER($C46),ABS($C46)>4,$A46<>"MARGIN OVERRIDE",$A46<>"TOTAL OVERRIDE"),"LARGE ADJ (>4); ",""))'	'=IF($A46="","",IF($D46="","REASON MISSING; ","")&IF(NOT(ISNUMBER($C46)),"VALUE NOT NUMERIC; ","")&IF(ISNUMBER($C46),IF(AND(ABS($C46)>4,$A46<>"MARGIN OVERRIDE",$A46<>"TOTAL OVERRIDE"),"LARGE ADJ (>4); ",""),""))'
ADJUSTMENTS	J47	'=IF($A47="","",IF(AND($H47="Y",OR($G47="",SETTINGS!$B$5="",$G47>=SETTINGS!$B$5)),1,0))'	'=IF($A47="","",IF(AND($H47="Y",OR($G47="",SETTINGS!$B$5="",$G47>=SETTINGS!$B$5),$K47=""),1,0))'
ADJUSTMENTS	K47	'=IF($A47="","",IF($D47="","REASON MISSING; ","")&IF(NOT(ISNUMBER($C47)),"VALUE NOT NUMERIC; ","")&IF(AND(ISNUMBER($C47),ABS($C47)>4,$A47<>"MARGIN OVERRIDE",$A47<>"TOTAL OVERRIDE"),"LARGE ADJ (>4); ",""))'	'=IF($A47="","",IF($D47="","REASON MISSING; ","")&IF(NOT(ISNUMBER($C47)),"VALUE NOT NUMERIC; ","")&IF(ISNUMBER($C47),IF(AND(ABS($C47)>4,$A47<>"MARGIN OVERRIDE",$A47<>"TOTAL OVERRIDE"),"LARGE ADJ (>4); ",""),""))'
ADJUSTMENTS	J48	'=IF($A48="","",IF(AND($H48="Y",OR($G48="",SETTINGS!$B$5="",$G48>=SETTINGS!$B$5)),1,0))'	'=IF($A48="","",IF(AND($H48="Y",OR($G48="",SETTINGS!$B$5="",$G48>=SETTINGS!$B$5),$K48=""),1,0))'
ADJUSTMENTS	K48	'=IF($A48="","",IF($D48="","REASON MISSING; ","")&IF(NOT(ISNUMBER($C48)),"VALUE NOT NUMERIC; ","")&IF(AND(ISNUMBER($C48),ABS($C48)>4,$A48<>"MARGIN OVERRIDE",$A48<>"TOTAL OVERRIDE"),"LARGE ADJ (>4); ",""))'	'=IF($A48="","",IF($D48="","REASON MISSING; ","")&IF(NOT(ISNUMBER($C48)),"VALUE NOT NUMERIC; ","")&IF(ISNUMBER($C48),IF(AND(ABS($C48)>4,$A48<>"MARGIN OVERRIDE",$A48<>"TOTAL OVERRIDE"),"LARGE ADJ (>4); ",""),""))'
ADJUSTMENTS	J49	'=IF($A49="","",IF(AND($H49="Y",OR($G49="",SETTINGS!$B$5="",$G49>=SETTINGS!$B$5)),1,0))'	'=IF($A49="","",IF(AND($H49="Y",OR($G49="",SETTINGS!$B$5="",$G49>=SETTINGS!$B$5),$K49=""),1,0))'
ADJUSTMENTS	K49	'=IF($A49="","",IF($D49="","REASON MISSING; ","")&IF(NOT(ISNUMBER($C49)),"VALUE NOT NUMERIC; ","")&IF(AND(ISNUMBER($C49),ABS($C49)>4,$A49<>"MARGIN OVERRIDE",$A49<>"TOTAL OVERRIDE"),"LARGE ADJ (>4); ",""))'	'=IF($A49="","",IF($D49="","REASON MISSING; ","")&IF(NOT(ISNUMBER($C49)),"VALUE NOT NUMERIC; ","")&IF(ISNUMBER($C49),IF(AND(ABS($C49)>4,$A49<>"MARGIN OVERRIDE",$A49<>"TOTAL OVERRIDE"),"LARGE ADJ (>4); ",""),""))'
ADJUSTMENTS	J50	'=IF($A50="","",IF(AND($H50="Y",OR($G50="",SETTINGS!$B$5="",$G50>=SETTINGS!$B$5)),1,0))'	'=IF($A50="","",IF(AND($H50="Y",OR($G50="",SETTINGS!$B$5="",$G50>=SETTINGS!$B$5),$K50=""),1,0))'
ADJUSTMENTS	K50	'=IF($A50="","",IF($D50="","REASON MISSING; ","")&IF(NOT(ISNUMBER($C50)),"VALUE NOT NUMERIC; ","")&IF(AND(ISNUMBER($C50),ABS($C50)>4,$A50<>"MARGIN OVERRIDE",$A50<>"TOTAL OVERRIDE"),"LARGE ADJ (>4); ",""))'	'=IF($A50="","",IF($D50="","REASON MISSING; ","")&IF(NOT(ISNUMBER($C50)),"VALUE NOT NUMERIC; ","")&IF(ISNUMBER($C50),IF(AND(ABS($C50)>4,$A50<>"MARGIN OVERRIDE",$A50<>"TOTAL OVERRIDE"),"LARGE ADJ (>4); ",""),""))'
ADJUSTMENTS	J51	'=IF($A51="","",IF(AND($H51="Y",OR($G51="",SETTINGS!$B$5="",$G51>=SETTINGS!$B$5)),1,0))'	'=IF($A51="","",IF(AND($H51="Y",OR($G51="",SETTINGS!$B$5="",$G51>=SETTINGS!$B$5),$K51=""),1,0))'
ADJUSTMENTS	K51	'=IF($A51="","",IF($D51="","REASON MISSING; ","")&IF(NOT(ISNUMBER($C51)),"VALUE NOT NUMERIC; ","")&IF(AND(ISNUMBER($C51),ABS($C51)>4,$A51<>"MARGIN OVERRIDE",$A51<>"TOTAL OVERRIDE"),"LARGE ADJ (>4); ",""))'	'=IF($A51="","",IF($D51="","REASON MISSING; ","")&IF(NOT(ISNUMBER($C51)),"VALUE NOT NUMERIC; ","")&IF(ISNUMBER($C51),IF(AND(ABS($C51)>4,$A51<>"MARGIN OVERRIDE",$A51<>"TOTAL OVERRIDE"),"LARGE ADJ (>4); ",""),""))'
ADJUSTMENTS	J52	'=IF($A52="","",IF(AND($H52="Y",OR($G52="",SETTINGS!$B$5="",$G52>=SETTINGS!$B$5)),1,0))'	'=IF($A52="","",IF(AND($H52="Y",OR($G52="",SETTINGS!$B$5="",$G52>=SETTINGS!$B$5),$K52=""),1,0))'
ADJUSTMENTS	K52	'=IF($A52="","",IF($D52="","REASON MISSING; ","")&IF(NOT(ISNUMBER($C52)),"VALUE NOT NUMERIC; ","")&IF(AND(ISNUMBER($C52),ABS($C52)>4,$A52<>"MARGIN OVERRIDE",$A52<>"TOTAL OVERRIDE"),"LARGE ADJ (>4); ",""))'	'=IF($A52="","",IF($D52="","REASON MISSING; ","")&IF(NOT(ISNUMBER($C52)),"VALUE NOT NUMERIC; ","")&IF(ISNUMBER($C52),IF(AND(ABS($C52)>4,$A52<>"MARGIN OVERRIDE",$A52<>"TOTAL OVERRIDE"),"LARGE ADJ (>4); ",""),""))'
ADJUSTMENTS	J53	'=IF($A53="","",IF(AND($H53="Y",OR($G53="",SETTINGS!$B$5="",$G53>=SETTINGS!$B$5)),1,0))'	'=IF($A53="","",IF(AND($H53="Y",OR($G53="",SETTINGS!$B$5="",$G53>=SETTINGS!$B$5),$K53=""),1,0))'
ADJUSTMENTS	K53	'=IF($A53="","",IF($D53="","REASON MISSING; ","")&IF(NOT(ISNUMBER($C53)),"VALUE NOT NUMERIC; ","")&IF(AND(ISNUMBER($C53),ABS($C53)>4,$A53<>"MARGIN OVERRIDE",$A53<>"TOTAL OVERRIDE"),"LARGE ADJ (>4); ",""))'	'=IF($A53="","",IF($D53="","REASON MISSING; ","")&IF(NOT(ISNUMBER($C53)),"VALUE NOT NUMERIC; ","")&IF(ISNUMBER($C53),IF(AND(ABS($C53)>4,$A53<>"MARGIN OVERRIDE",$A53<>"TOTAL OVERRIDE"),"LARGE ADJ (>4); ",""),""))'
ADJUSTMENTS	J54	'=IF($A54="","",IF(AND($H54="Y",OR($G54="",SETTINGS!$B$5="",$G54>=SETTINGS!$B$5)),1,0))'	'=IF($A54="","",IF(AND($H54="Y",OR($G54="",SETTINGS!$B$5="",$G54>=SETTINGS!$B$5),$K54=""),1,0))'
ADJUSTMENTS	K54	'=IF($A54="","",IF($D54="","REASON MISSING; ","")&IF(NOT(ISNUMBER($C54)),"VALUE NOT NUMERIC; ","")&IF(AND(ISNUMBER($C54),ABS($C54)>4,$A54<>"MARGIN OVERRIDE",$A54<>"TOTAL OVERRIDE"),"LARGE ADJ (>4); ",""))'	'=IF($A54="","",IF($D54="","REASON MISSING; ","")&IF(NOT(ISNUMBER($C54)),"VALUE NOT NUMERIC; ","")&IF(ISNUMBER($C54),IF(AND(ABS($C54)>4,$A54<>"MARGIN OVERRIDE",$A54<>"TOTAL OVERRIDE"),"LARGE ADJ (>4); ",""),""))'
ADJUSTMENTS	J55	'=IF($A55="","",IF(AND($H55="Y",OR($G55="",SETTINGS!$B$5="",$G55>=SETTINGS!$B$5)),1,0))'	'=IF($A55="","",IF(AND($H55="Y",OR($G55="",SETTINGS!$B$5="",$G55>=SETTINGS!$B$5),$K55=""),1,0))'
ADJUSTMENTS	K55	'=IF($A55="","",IF($D55="","REASON MISSING; ","")&IF(NOT(ISNUMBER($C55)),"VALUE NOT NUMERIC; ","")&IF(AND(ISNUMBER($C55),ABS($C55)>4,$A55<>"MARGIN OVERRIDE",$A55<>"TOTAL OVERRIDE"),"LARGE ADJ (>4); ",""))'	'=IF($A55="","",IF($D55="","REASON MISSING; ","")&IF(NOT(ISNUMBER($C55)),"VALUE NOT NUMERIC; ","")&IF(ISNUMBER($C55),IF(AND(ABS($C55)>4,$A55<>"MARGIN OVERRIDE",$A55<>"TOTAL OVERRIDE"),"LARGE ADJ (>4); ",""),""))'
ADJUSTMENTS	J56	'=IF($A56="","",IF(AND($H56="Y",OR($G56="",SETTINGS!$B$5="",$G56>=SETTINGS!$B$5)),1,0))'	'=IF($A56="","",IF(AND($H56="Y",OR($G56="",SETTINGS!$B$5="",$G56>=SETTINGS!$B$5),$K56=""),1,0))'
ADJUSTMENTS	K56	'=IF($A56="","",IF($D56="","REASON MISSING; ","")&IF(NOT(ISNUMBER($C56)),"VALUE NOT NUMERIC; ","")&IF(AND(ISNUMBER($C56),ABS($C56)>4,$A56<>"MARGIN OVERRIDE",$A56<>"TOTAL OVERRIDE"),"LARGE ADJ (>4); ",""))'	'=IF($A56="","",IF($D56="","REASON MISSING; ","")&IF(NOT(ISNUMBER($C56)),"VALUE NOT NUMERIC; ","")&IF(ISNUMBER($C56),IF(AND(ABS($C56)>4,$A56<>"MARGIN OVERRIDE",$A56<>"TOTAL OVERRIDE"),"LARGE ADJ (>4); ",""),""))'
ADJUSTMENTS	J57	'=IF($A57="","",IF(AND($H57="Y",OR($G57="",SETTINGS!$B$5="",$G57>=SETTINGS!$B$5)),1,0))'	'=IF($A57="","",IF(AND($H57="Y",OR($G57="",SETTINGS!$B$5="",$G57>=SETTINGS!$B$5),$K57=""),1,0))'
ADJUSTMENTS	K57	'=IF($A57="","",IF($D57="","REASON MISSING; ","")&IF(NOT(ISNUMBER($C57)),"VALUE NOT NUMERIC; ","")&IF(AND(ISNUMBER($C57),ABS($C57)>4,$A57<>"MARGIN OVERRIDE",$A57<>"TOTAL OVERRIDE"),"LARGE ADJ (>4); ",""))'	'=IF($A57="","",IF($D57="","REASON MISSING; ","")&IF(NOT(ISNUMBER($C57)),"VALUE NOT NUMERIC; ","")&IF(ISNUMBER($C57),IF(AND(ABS($C57)>4,$A57<>"MARGIN OVERRIDE",$A57<>"TOTAL OVERRIDE"),"LARGE ADJ (>4); ",""),""))'
ADJUSTMENTS	J58	'=IF($A58="","",IF(AND($H58="Y",OR($G58="",SETTINGS!$B$5="",$G58>=SETTINGS!$B$5)),1,0))'	'=IF($A58="","",IF(AND($H58="Y",OR($G58="",SETTINGS!$B$5="",$G58>=SETTINGS!$B$5),$K58=""),1,0))'
ADJUSTMENTS	K58	'=IF($A58="","",IF($D58="","REASON MISSING; ","")&IF(NOT(ISNUMBER($C58)),"VALUE NOT NUMERIC; ","")&IF(AND(ISNUMBER($C58),ABS($C58)>4,$A58<>"MARGIN OVERRIDE",$A58<>"TOTAL OVERRIDE"),"LARGE ADJ (>4); ",""))'	'=IF($A58="","",IF($D58="","REASON MISSING; ","")&IF(NOT(ISNUMBER($C58)),"VALUE NOT NUMERIC; ","")&IF(ISNUMBER($C58),IF(AND(ABS($C58)>4,$A58<>"MARGIN OVERRIDE",$A58<>"TOTAL OVERRIDE"),"LARGE ADJ (>4); ",""),""))'
ADJUSTMENTS	J59	'=IF($A59="","",IF(AND($H59="Y",OR($G59="",SETTINGS!$B$5="",$G59>=SETTINGS!$B$5)),1,0))'	'=IF($A59="","",IF(AND($H59="Y",OR($G59="",SETTINGS!$B$5="",$G59>=SETTINGS!$B$5),$K59=""),1,0))'
ADJUSTMENTS	K59	'=IF($A59="","",IF($D59="","REASON MISSING; ","")&IF(NOT(ISNUMBER($C59)),"VALUE NOT NUMERIC; ","")&IF(AND(ISNUMBER($C59),ABS($C59)>4,$A59<>"MARGIN OVERRIDE",$A59<>"TOTAL OVERRIDE"),"LARGE ADJ (>4); ",""))'	'=IF($A59="","",IF($D59="","REASON MISSING; ","")&IF(NOT(ISNUMBER($C59)),"VALUE NOT NUMERIC; ","")&IF(ISNUMBER($C59),IF(AND(ABS($C59)>4,$A59<>"MARGIN OVERRIDE",$A59<>"TOTAL OVERRIDE"),"LARGE ADJ (>4); ",""),""))'
ADJUSTMENTS	J60	'=IF($A60="","",IF(AND($H60="Y",OR($G60="",SETTINGS!$B$5="",$G60>=SETTINGS!$B$5)),1,0))'	'=IF($A60="","",IF(AND($H60="Y",OR($G60="",SETTINGS!$B$5="",$G60>=SETTINGS!$B$5),$K60=""),1,0))'
ADJUSTMENTS	K60	'=IF($A60="","",IF($D60="","REASON MISSING; ","")&IF(NOT(ISNUMBER($C60)),"VALUE NOT NUMERIC; ","")&IF(AND(ISNUMBER($C60),ABS($C60)>4,$A60<>"MARGIN OVERRIDE",$A60<>"TOTAL OVERRIDE"),"LARGE ADJ (>4); ",""))'	'=IF($A60="","",IF($D60="","REASON MISSING; ","")&IF(NOT(ISNUMBER($C60)),"VALUE NOT NUMERIC; ","")&IF(ISNUMBER($C60),IF(AND(ABS($C60)>4,$A60<>"MARGIN OVERRIDE",$A60<>"TOTAL OVERRIDE"),"LARGE ADJ (>4); ",""),""))'
ADJUSTMENTS	J61	'=IF($A61="","",IF(AND($H61="Y",OR($G61="",SETTINGS!$B$5="",$G61>=SETTINGS!$B$5)),1,0))'	'=IF($A61="","",IF(AND($H61="Y",OR($G61="",SETTINGS!$B$5="",$G61>=SETTINGS!$B$5),$K61=""),1,0))'
ADJUSTMENTS	K61	'=IF($A61="","",IF($D61="","REASON MISSING; ","")&IF(NOT(ISNUMBER($C61)),"VALUE NOT NUMERIC; ","")&IF(AND(ISNUMBER($C61),ABS($C61)>4,$A61<>"MARGIN OVERRIDE",$A61<>"TOTAL OVERRIDE"),"LARGE ADJ (>4); ",""))'	'=IF($A61="","",IF($D61="","REASON MISSING; ","")&IF(NOT(ISNUMBER($C61)),"VALUE NOT NUMERIC; ","")&IF(ISNUMBER($C61),IF(AND(ABS($C61)>4,$A61<>"MARGIN OVERRIDE",$A61<>"TOTAL OVERRIDE"),"LARGE ADJ (>4); ",""),""))'
ADJUSTMENTS	J62	'=IF($A62="","",IF(AND($H62="Y",OR($G62="",SETTINGS!$B$5="",$G62>=SETTINGS!$B$5)),1,0))'	'=IF($A62="","",IF(AND($H62="Y",OR($G62="",SETTINGS!$B$5="",$G62>=SETTINGS!$B$5),$K62=""),1,0))'
ADJUSTMENTS	K62	'=IF($A62="","",IF($D62="","REASON MISSING; ","")&IF(NOT(ISNUMBER($C62)),"VALUE NOT NUMERIC; ","")&IF(AND(ISNUMBER($C62),ABS($C62)>4,$A62<>"MARGIN OVERRIDE",$A62<>"TOTAL OVERRIDE"),"LARGE ADJ (>4); ",""))'	'=IF($A62="","",IF($D62="","REASON MISSING; ","")&IF(NOT(ISNUMBER($C62)),"VALUE NOT NUMERIC; ","")&IF(ISNUMBER($C62),IF(AND(ABS($C62)>4,$A62<>"MARGIN OVERRIDE",$A62<>"TOTAL OVERRIDE"),"LARGE ADJ (>4); ",""),""))'
ADJUSTMENTS	J63	'=IF($A63="","",IF(AND($H63="Y",OR($G63="",SETTINGS!$B$5="",$G63>=SETTINGS!$B$5)),1,0))'	'=IF($A63="","",IF(AND($H63="Y",OR($G63="",SETTINGS!$B$5="",$G63>=SETTINGS!$B$5),$K63=""),1,0))'
ADJUSTMENTS	K63	'=IF($A63="","",IF($D63="","REASON MISSING; ","")&IF(NOT(ISNUMBER($C63)),"VALUE NOT NUMERIC; ","")&IF(AND(ISNUMBER($C63),ABS($C63)>4,$A63<>"MARGIN OVERRIDE",$A63<>"TOTAL OVERRIDE"),"LARGE ADJ (>4); ",""))'	'=IF($A63="","",IF($D63="","REASON MISSING; ","")&IF(NOT(ISNUMBER($C63)),"VALUE NOT NUMERIC; ","")&IF(ISNUMBER($C63),IF(AND(ABS($C63)>4,$A63<>"MARGIN OVERRIDE",$A63<>"TOTAL OVERRIDE"),"LARGE ADJ (>4); ",""),""))'
ADJUSTMENTS	J64	'=IF($A64="","",IF(AND($H64="Y",OR($G64="",SETTINGS!$B$5="",$G64>=SETTINGS!$B$5)),1,0))'	'=IF($A64="","",IF(AND($H64="Y",OR($G64="",SETTINGS!$B$5="",$G64>=SETTINGS!$B$5),$K64=""),1,0))'
ADJUSTMENTS	K64	'=IF($A64="","",IF($D64="","REASON MISSING; ","")&IF(NOT(ISNUMBER($C64)),"VALUE NOT NUMERIC; ","")&IF(AND(ISNUMBER($C64),ABS($C64)>4,$A64<>"MARGIN OVERRIDE",$A64<>"TOTAL OVERRIDE"),"LARGE ADJ (>4); ",""))'	'=IF($A64="","",IF($D64="","REASON MISSING; ","")&IF(NOT(ISNUMBER($C64)),"VALUE NOT NUMERIC; ","")&IF(ISNUMBER($C64),IF(AND(ABS($C64)>4,$A64<>"MARGIN OVERRIDE",$A64<>"TOTAL OVERRIDE"),"LARGE ADJ (>4); ",""),""))'
ADJUSTMENTS	J65	'=IF($A65="","",IF(AND($H65="Y",OR($G65="",SETTINGS!$B$5="",$G65>=SETTINGS!$B$5)),1,0))'	'=IF($A65="","",IF(AND($H65="Y",OR($G65="",SETTINGS!$B$5="",$G65>=SETTINGS!$B$5),$K65=""),1,0))'
ADJUSTMENTS	K65	'=IF($A65="","",IF($D65="","REASON MISSING; ","")&IF(NOT(ISNUMBER($C65)),"VALUE NOT NUMERIC; ","")&IF(AND(ISNUMBER($C65),ABS($C65)>4,$A65<>"MARGIN OVERRIDE",$A65<>"TOTAL OVERRIDE"),"LARGE ADJ (>4); ",""))'	'=IF($A65="","",IF($D65="","REASON MISSING; ","")&IF(NOT(ISNUMBER($C65)),"VALUE NOT NUMERIC; ","")&IF(ISNUMBER($C65),IF(AND(ABS($C65)>4,$A65<>"MARGIN OVERRIDE",$A65<>"TOTAL OVERRIDE"),"LARGE ADJ (>4); ",""),""))'
ADJUSTMENTS	J66	'=IF($A66="","",IF(AND($H66="Y",OR($G66="",SETTINGS!$B$5="",$G66>=SETTINGS!$B$5)),1,0))'	'=IF($A66="","",IF(AND($H66="Y",OR($G66="",SETTINGS!$B$5="",$G66>=SETTINGS!$B$5),$K66=""),1,0))'
ADJUSTMENTS	K66	'=IF($A66="","",IF($D66="","REASON MISSING; ","")&IF(NOT(ISNUMBER($C66)),"VALUE NOT NUMERIC; ","")&IF(AND(ISNUMBER($C66),ABS($C66)>4,$A66<>"MARGIN OVERRIDE",$A66<>"TOTAL OVERRIDE"),"LARGE ADJ (>4); ",""))'	'=IF($A66="","",IF($D66="","REASON MISSING; ","")&IF(NOT(ISNUMBER($C66)),"VALUE NOT NUMERIC; ","")&IF(ISNUMBER($C66),IF(AND(ABS($C66)>4,$A66<>"MARGIN OVERRIDE",$A66<>"TOTAL OVERRIDE"),"LARGE ADJ (>4); ",""),""))'
ADJUSTMENTS	J67	'=IF($A67="","",IF(AND($H67="Y",OR($G67="",SETTINGS!$B$5="",$G67>=SETTINGS!$B$5)),1,0))'	'=IF($A67="","",IF(AND($H67="Y",OR($G67="",SETTINGS!$B$5="",$G67>=SETTINGS!$B$5),$K67=""),1,0))'
ADJUSTMENTS	K67	'=IF($A67="","",IF($D67="","REASON MISSING; ","")&IF(NOT(ISNUMBER($C67)),"VALUE NOT NUMERIC; ","")&IF(AND(ISNUMBER($C67),ABS($C67)>4,$A67<>"MARGIN OVERRIDE",$A67<>"TOTAL OVERRIDE"),"LARGE ADJ (>4); ",""))'	'=IF($A67="","",IF($D67="","REASON MISSING; ","")&IF(NOT(ISNUMBER($C67)),"VALUE NOT NUMERIC; ","")&IF(ISNUMBER($C67),IF(AND(ABS($C67)>4,$A67<>"MARGIN OVERRIDE",$A67<>"TOTAL OVERRIDE"),"LARGE ADJ (>4); ",""),""))'
ADJUSTMENTS	J68	'=IF($A68="","",IF(AND($H68="Y",OR($G68="",SETTINGS!$B$5="",$G68>=SETTINGS!$B$5)),1,0))'	'=IF($A68="","",IF(AND($H68="Y",OR($G68="",SETTINGS!$B$5="",$G68>=SETTINGS!$B$5),$K68=""),1,0))'
ADJUSTMENTS	K68	'=IF($A68="","",IF($D68="","REASON MISSING; ","")&IF(NOT(ISNUMBER($C68)),"VALUE NOT NUMERIC; ","")&IF(AND(ISNUMBER($C68),ABS($C68)>4,$A68<>"MARGIN OVERRIDE",$A68<>"TOTAL OVERRIDE"),"LARGE ADJ (>4); ",""))'	'=IF($A68="","",IF($D68="","REASON MISSING; ","")&IF(NOT(ISNUMBER($C68)),"VALUE NOT NUMERIC; ","")&IF(ISNUMBER($C68),IF(AND(ABS($C68)>4,$A68<>"MARGIN OVERRIDE",$A68<>"TOTAL OVERRIDE"),"LARGE ADJ (>4); ",""),""))'
ADJUSTMENTS	J69	'=IF($A69="","",IF(AND($H69="Y",OR($G69="",SETTINGS!$B$5="",$G69>=SETTINGS!$B$5)),1,0))'	'=IF($A69="","",IF(AND($H69="Y",OR($G69="",SETTINGS!$B$5="",$G69>=SETTINGS!$B$5),$K69=""),1,0))'
ADJUSTMENTS	K69	'=IF($A69="","",IF($D69="","REASON MISSING; ","")&IF(NOT(ISNUMBER($C69)),"VALUE NOT NUMERIC; ","")&IF(AND(ISNUMBER($C69),ABS($C69)>4,$A69<>"MARGIN OVERRIDE",$A69<>"TOTAL OVERRIDE"),"LARGE ADJ (>4); ",""))'	'=IF($A69="","",IF($D69="","REASON MISSING; ","")&IF(NOT(ISNUMBER($C69)),"VALUE NOT NUMERIC; ","")&IF(ISNUMBER($C69),IF(AND(ABS($C69)>4,$A69<>"MARGIN OVERRIDE",$A69<>"TOTAL OVERRIDE"),"LARGE ADJ (>4); ",""),""))'
ADJUSTMENTS	J70	'=IF($A70="","",IF(AND($H70="Y",OR($G70="",SETTINGS!$B$5="",$G70>=SETTINGS!$B$5)),1,0))'	'=IF($A70="","",IF(AND($H70="Y",OR($G70="",SETTINGS!$B$5="",$G70>=SETTINGS!$B$5),$K70=""),1,0))'
ADJUSTMENTS	K70	'=IF($A70="","",IF($D70="","REASON MISSING; ","")&IF(NOT(ISNUMBER($C70)),"VALUE NOT NUMERIC; ","")&IF(AND(ISNUMBER($C70),ABS($C70)>4,$A70<>"MARGIN OVERRIDE",$A70<>"TOTAL OVERRIDE"),"LARGE ADJ (>4); ",""))'	'=IF($A70="","",IF($D70="","REASON MISSING; ","")&IF(NOT(ISNUMBER($C70)),"VALUE NOT NUMERIC; ","")&IF(ISNUMBER($C70),IF(AND(ABS($C70)>4,$A70<>"MARGIN OVERRIDE",$A70<>"TOTAL OVERRIDE"),"LARGE ADJ (>4); ",""),""))'
ADJUSTMENTS	J71	'=IF($A71="","",IF(AND($H71="Y",OR($G71="",SETTINGS!$B$5="",$G71>=SETTINGS!$B$5)),1,0))'	'=IF($A71="","",IF(AND($H71="Y",OR($G71="",SETTINGS!$B$5="",$G71>=SETTINGS!$B$5),$K71=""),1,0))'
ADJUSTMENTS	K71	'=IF($A71="","",IF($D71="","REASON MISSING; ","")&IF(NOT(ISNUMBER($C71)),"VALUE NOT NUMERIC; ","")&IF(AND(ISNUMBER($C71),ABS($C71)>4,$A71<>"MARGIN OVERRIDE",$A71<>"TOTAL OVERRIDE"),"LARGE ADJ (>4); ",""))'	'=IF($A71="","",IF($D71="","REASON MISSING; ","")&IF(NOT(ISNUMBER($C71)),"VALUE NOT NUMERIC; ","")&IF(ISNUMBER($C71),IF(AND(ABS($C71)>4,$A71<>"MARGIN OVERRIDE",$A71<>"TOTAL OVERRIDE"),"LARGE ADJ (>4); ",""),""))'
ADJUSTMENTS	J72	'=IF($A72="","",IF(AND($H72="Y",OR($G72="",SETTINGS!$B$5="",$G72>=SETTINGS!$B$5)),1,0))'	'=IF($A72="","",IF(AND($H72="Y",OR($G72="",SETTINGS!$B$5="",$G72>=SETTINGS!$B$5),$K72=""),1,0))'
ADJUSTMENTS	K72	'=IF($A72="","",IF($D72="","REASON MISSING; ","")&IF(NOT(ISNUMBER($C72)),"VALUE NOT NUMERIC; ","")&IF(AND(ISNUMBER($C72),ABS($C72)>4,$A72<>"MARGIN OVERRIDE",$A72<>"TOTAL OVERRIDE"),"LARGE ADJ (>4); ",""))'	'=IF($A72="","",IF($D72="","REASON MISSING; ","")&IF(NOT(ISNUMBER($C72)),"VALUE NOT NUMERIC; ","")&IF(ISNUMBER($C72),IF(AND(ABS($C72)>4,$A72<>"MARGIN OVERRIDE",$A72<>"TOTAL OVERRIDE"),"LARGE ADJ (>4); ",""),""))'
ADJUSTMENTS	J73	'=IF($A73="","",IF(AND($H73="Y",OR($G73="",SETTINGS!$B$5="",$G73>=SETTINGS!$B$5)),1,0))'	'=IF($A73="","",IF(AND($H73="Y",OR($G73="",SETTINGS!$B$5="",$G73>=SETTINGS!$B$5),$K73=""),1,0))'
ADJUSTMENTS	K73	'=IF($A73="","",IF($D73="","REASON MISSING; ","")&IF(NOT(ISNUMBER($C73)),"VALUE NOT NUMERIC; ","")&IF(AND(ISNUMBER($C73),ABS($C73)>4,$A73<>"MARGIN OVERRIDE",$A73<>"TOTAL OVERRIDE"),"LARGE ADJ (>4); ",""))'	'=IF($A73="","",IF($D73="","REASON MISSING; ","")&IF(NOT(ISNUMBER($C73)),"VALUE NOT NUMERIC; ","")&IF(ISNUMBER($C73),IF(AND(ABS($C73)>4,$A73<>"MARGIN OVERRIDE",$A73<>"TOTAL OVERRIDE"),"LARGE ADJ (>4); ",""),""))'
ADJUSTMENTS	J74	'=IF($A74="","",IF(AND($H74="Y",OR($G74="",SETTINGS!$B$5="",$G74>=SETTINGS!$B$5)),1,0))'	'=IF($A74="","",IF(AND($H74="Y",OR($G74="",SETTINGS!$B$5="",$G74>=SETTINGS!$B$5),$K74=""),1,0))'
ADJUSTMENTS	K74	'=IF($A74="","",IF($D74="","REASON MISSING; ","")&IF(NOT(ISNUMBER($C74)),"VALUE NOT NUMERIC; ","")&IF(AND(ISNUMBER($C74),ABS($C74)>4,$A74<>"MARGIN OVERRIDE",$A74<>"TOTAL OVERRIDE"),"LARGE ADJ (>4); ",""))'	'=IF($A74="","",IF($D74="","REASON MISSING; ","")&IF(NOT(ISNUMBER($C74)),"VALUE NOT NUMERIC; ","")&IF(ISNUMBER($C74),IF(AND(ABS($C74)>4,$A74<>"MARGIN OVERRIDE",$A74<>"TOTAL OVERRIDE"),"LARGE ADJ (>4); ",""),""))'
ADJUSTMENTS	J75	'=IF($A75="","",IF(AND($H75="Y",OR($G75="",SETTINGS!$B$5="",$G75>=SETTINGS!$B$5)),1,0))'	'=IF($A75="","",IF(AND($H75="Y",OR($G75="",SETTINGS!$B$5="",$G75>=SETTINGS!$B$5),$K75=""),1,0))'
ADJUSTMENTS	K75	'=IF($A75="","",IF($D75="","REASON MISSING; ","")&IF(NOT(ISNUMBER($C75)),"VALUE NOT NUMERIC; ","")&IF(AND(ISNUMBER($C75),ABS($C75)>4,$A75<>"MARGIN OVERRIDE",$A75<>"TOTAL OVERRIDE"),"LARGE ADJ (>4); ",""))'	'=IF($A75="","",IF($D75="","REASON MISSING; ","")&IF(NOT(ISNUMBER($C75)),"VALUE NOT NUMERIC; ","")&IF(ISNUMBER($C75),IF(AND(ABS($C75)>4,$A75<>"MARGIN OVERRIDE",$A75<>"TOTAL OVERRIDE"),"LARGE ADJ (>4); ",""),""))'
ADJUSTMENTS	J76	'=IF($A76="","",IF(AND($H76="Y",OR($G76="",SETTINGS!$B$5="",$G76>=SETTINGS!$B$5)),1,0))'	'=IF($A76="","",IF(AND($H76="Y",OR($G76="",SETTINGS!$B$5="",$G76>=SETTINGS!$B$5),$K76=""),1,0))'
ADJUSTMENTS	K76	'=IF($A76="","",IF($D76="","REASON MISSING; ","")&IF(NOT(ISNUMBER($C76)),"VALUE NOT NUMERIC; ","")&IF(AND(ISNUMBER($C76),ABS($C76)>4,$A76<>"MARGIN OVERRIDE",$A76<>"TOTAL OVERRIDE"),"LARGE ADJ (>4); ",""))'	'=IF($A76="","",IF($D76="","REASON MISSING; ","")&IF(NOT(ISNUMBER($C76)),"VALUE NOT NUMERIC; ","")&IF(ISNUMBER($C76),IF(AND(ABS($C76)>4,$A76<>"MARGIN OVERRIDE",$A76<>"TOTAL OVERRIDE"),"LARGE ADJ (>4); ",""),""))'
ADJUSTMENTS	J77	'=IF($A77="","",IF(AND($H77="Y",OR($G77="",SETTINGS!$B$5="",$G77>=SETTINGS!$B$5)),1,0))'	'=IF($A77="","",IF(AND($H77="Y",OR($G77="",SETTINGS!$B$5="",$G77>=SETTINGS!$B$5),$K77=""),1,0))'
ADJUSTMENTS	K77	'=IF($A77="","",IF($D77="","REASON MISSING; ","")&IF(NOT(ISNUMBER($C77)),"VALUE NOT NUMERIC; ","")&IF(AND(ISNUMBER($C77),ABS($C77)>4,$A77<>"MARGIN OVERRIDE",$A77<>"TOTAL OVERRIDE"),"LARGE ADJ (>4); ",""))'	'=IF($A77="","",IF($D77="","REASON MISSING; ","")&IF(NOT(ISNUMBER($C77)),"VALUE NOT NUMERIC; ","")&IF(ISNUMBER($C77),IF(AND(ABS($C77)>4,$A77<>"MARGIN OVERRIDE",$A77<>"TOTAL OVERRIDE"),"LARGE ADJ (>4); ",""),""))'
ADJUSTMENTS	J78	'=IF($A78="","",IF(AND($H78="Y",OR($G78="",SETTINGS!$B$5="",$G78>=SETTINGS!$B$5)),1,0))'	'=IF($A78="","",IF(AND($H78="Y",OR($G78="",SETTINGS!$B$5="",$G78>=SETTINGS!$B$5),$K78=""),1,0))'
ADJUSTMENTS	K78	'=IF($A78="","",IF($D78="","REASON MISSING; ","")&IF(NOT(ISNUMBER($C78)),"VALUE NOT NUMERIC; ","")&IF(AND(ISNUMBER($C78),ABS($C78)>4,$A78<>"MARGIN OVERRIDE",$A78<>"TOTAL OVERRIDE"),"LARGE ADJ (>4); ",""))'	'=IF($A78="","",IF($D78="","REASON MISSING; ","")&IF(NOT(ISNUMBER($C78)),"VALUE NOT NUMERIC; ","")&IF(ISNUMBER($C78),IF(AND(ABS($C78)>4,$A78<>"MARGIN OVERRIDE",$A78<>"TOTAL OVERRIDE"),"LARGE ADJ (>4); ",""),""))'
ADJUSTMENTS	J79	'=IF($A79="","",IF(AND($H79="Y",OR($G79="",SETTINGS!$B$5="",$G79>=SETTINGS!$B$5)),1,0))'	'=IF($A79="","",IF(AND($H79="Y",OR($G79="",SETTINGS!$B$5="",$G79>=SETTINGS!$B$5),$K79=""),1,0))'
ADJUSTMENTS	K79	'=IF($A79="","",IF($D79="","REASON MISSING; ","")&IF(NOT(ISNUMBER($C79)),"VALUE NOT NUMERIC; ","")&IF(AND(ISNUMBER($C79),ABS($C79)>4,$A79<>"MARGIN OVERRIDE",$A79<>"TOTAL OVERRIDE"),"LARGE ADJ (>4); ",""))'	'=IF($A79="","",IF($D79="","REASON MISSING; ","")&IF(NOT(ISNUMBER($C79)),"VALUE NOT NUMERIC; ","")&IF(ISNUMBER($C79),IF(AND(ABS($C79)>4,$A79<>"MARGIN OVERRIDE",$A79<>"TOTAL OVERRIDE"),"LARGE ADJ (>4); ",""),""))'
ADJUSTMENTS	J80	'=IF($A80="","",IF(AND($H80="Y",OR($G80="",SETTINGS!$B$5="",$G80>=SETTINGS!$B$5)),1,0))'	'=IF($A80="","",IF(AND($H80="Y",OR($G80="",SETTINGS!$B$5="",$G80>=SETTINGS!$B$5),$K80=""),1,0))'
ADJUSTMENTS	K80	'=IF($A80="","",IF($D80="","REASON MISSING; ","")&IF(NOT(ISNUMBER($C80)),"VALUE NOT NUMERIC; ","")&IF(AND(ISNUMBER($C80),ABS($C80)>4,$A80<>"MARGIN OVERRIDE",$A80<>"TOTAL OVERRIDE"),"LARGE ADJ (>4); ",""))'	'=IF($A80="","",IF($D80="","REASON MISSING; ","")&IF(NOT(ISNUMBER($C80)),"VALUE NOT NUMERIC; ","")&IF(ISNUMBER($C80),IF(AND(ABS($C80)>4,$A80<>"MARGIN OVERRIDE",$A80<>"TOTAL OVERRIDE"),"LARGE ADJ (>4); ",""),""))'
ADJUSTMENTS	J81	'=IF($A81="","",IF(AND($H81="Y",OR($G81="",SETTINGS!$B$5="",$G81>=SETTINGS!$B$5)),1,0))'	'=IF($A81="","",IF(AND($H81="Y",OR($G81="",SETTINGS!$B$5="",$G81>=SETTINGS!$B$5),$K81=""),1,0))'
ADJUSTMENTS	K81	'=IF($A81="","",IF($D81="","REASON MISSING; ","")&IF(NOT(ISNUMBER($C81)),"VALUE NOT NUMERIC; ","")&IF(AND(ISNUMBER($C81),ABS($C81)>4,$A81<>"MARGIN OVERRIDE",$A81<>"TOTAL OVERRIDE"),"LARGE ADJ (>4); ",""))'	'=IF($A81="","",IF($D81="","REASON MISSING; ","")&IF(NOT(ISNUMBER($C81)),"VALUE NOT NUMERIC; ","")&IF(ISNUMBER($C81),IF(AND(ABS($C81)>4,$A81<>"MARGIN OVERRIDE",$A81<>"TOTAL OVERRIDE"),"LARGE ADJ (>4); ",""),""))'
ADJUSTMENTS	J82	'=IF($A82="","",IF(AND($H82="Y",OR($G82="",SETTINGS!$B$5="",$G82>=SETTINGS!$B$5)),1,0))'	'=IF($A82="","",IF(AND($H82="Y",OR($G82="",SETTINGS!$B$5="",$G82>=SETTINGS!$B$5),$K82=""),1,0))'
ADJUSTMENTS	K82	'=IF($A82="","",IF($D82="","REASON MISSING; ","")&IF(NOT(ISNUMBER($C82)),"VALUE NOT NUMERIC; ","")&IF(AND(ISNUMBER($C82),ABS($C82)>4,$A82<>"MARGIN OVERRIDE",$A82<>"TOTAL OVERRIDE"),"LARGE ADJ (>4); ",""))'	'=IF($A82="","",IF($D82="","REASON MISSING; ","")&IF(NOT(ISNUMBER($C82)),"VALUE NOT NUMERIC; ","")&IF(ISNUMBER($C82),IF(AND(ABS($C82)>4,$A82<>"MARGIN OVERRIDE",$A82<>"TOTAL OVERRIDE"),"LARGE ADJ (>4); ",""),""))'
ADJUSTMENTS	J83	'=IF($A83="","",IF(AND($H83="Y",OR($G83="",SETTINGS!$B$5="",$G83>=SETTINGS!$B$5)),1,0))'	'=IF($A83="","",IF(AND($H83="Y",OR($G83="",SETTINGS!$B$5="",$G83>=SETTINGS!$B$5),$K83=""),1,0))'
ADJUSTMENTS	K83	'=IF($A83="","",IF($D83="","REASON MISSING; ","")&IF(NOT(ISNUMBER($C83)),"VALUE NOT NUMERIC; ","")&IF(AND(ISNUMBER($C83),ABS($C83)>4,$A83<>"MARGIN OVERRIDE",$A83<>"TOTAL OVERRIDE"),"LARGE ADJ (>4); ",""))'	'=IF($A83="","",IF($D83="","REASON MISSING; ","")&IF(NOT(ISNUMBER($C83)),"VALUE NOT NUMERIC; ","")&IF(ISNUMBER($C83),IF(AND(ABS($C83)>4,$A83<>"MARGIN OVERRIDE",$A83<>"TOTAL OVERRIDE"),"LARGE ADJ (>4); ",""),""))'
ADJUSTMENTS	J84	'=IF($A84="","",IF(AND($H84="Y",OR($G84="",SETTINGS!$B$5="",$G84>=SETTINGS!$B$5)),1,0))'	'=IF($A84="","",IF(AND($H84="Y",OR($G84="",SETTINGS!$B$5="",$G84>=SETTINGS!$B$5),$K84=""),1,0))'
ADJUSTMENTS	K84	'=IF($A84="","",IF($D84="","REASON MISSING; ","")&IF(NOT(ISNUMBER($C84)),"VALUE NOT NUMERIC; ","")&IF(AND(ISNUMBER($C84),ABS($C84)>4,$A84<>"MARGIN OVERRIDE",$A84<>"TOTAL OVERRIDE"),"LARGE ADJ (>4); ",""))'	'=IF($A84="","",IF($D84="","REASON MISSING; ","")&IF(NOT(ISNUMBER($C84)),"VALUE NOT NUMERIC; ","")&IF(ISNUMBER($C84),IF(AND(ABS($C84)>4,$A84<>"MARGIN OVERRIDE",$A84<>"TOTAL OVERRIDE"),"LARGE ADJ (>4); ",""),""))'
ADJUSTMENTS	J85	'=IF($A85="","",IF(AND($H85="Y",OR($G85="",SETTINGS!$B$5="",$G85>=SETTINGS!$B$5)),1,0))'	'=IF($A85="","",IF(AND($H85="Y",OR($G85="",SETTINGS!$B$5="",$G85>=SETTINGS!$B$5),$K85=""),1,0))'
ADJUSTMENTS	K85	'=IF($A85="","",IF($D85="","REASON MISSING; ","")&IF(NOT(ISNUMBER($C85)),"VALUE NOT NUMERIC; ","")&IF(AND(ISNUMBER($C85),ABS($C85)>4,$A85<>"MARGIN OVERRIDE",$A85<>"TOTAL OVERRIDE"),"LARGE ADJ (>4); ",""))'	'=IF($A85="","",IF($D85="","REASON MISSING; ","")&IF(NOT(ISNUMBER($C85)),"VALUE NOT NUMERIC; ","")&IF(ISNUMBER($C85),IF(AND(ABS($C85)>4,$A85<>"MARGIN OVERRIDE",$A85<>"TOTAL OVERRIDE"),"LARGE ADJ (>4); ",""),""))'
ADJUSTMENTS	J86	'=IF($A86="","",IF(AND($H86="Y",OR($G86="",SETTINGS!$B$5="",$G86>=SETTINGS!$B$5)),1,0))'	'=IF($A86="","",IF(AND($H86="Y",OR($G86="",SETTINGS!$B$5="",$G86>=SETTINGS!$B$5),$K86=""),1,0))'
ADJUSTMENTS	K86	'=IF($A86="","",IF($D86="","REASON MISSING; ","")&IF(NOT(ISNUMBER($C86)),"VALUE NOT NUMERIC; ","")&IF(AND(ISNUMBER($C86),ABS($C86)>4,$A86<>"MARGIN OVERRIDE",$A86<>"TOTAL OVERRIDE"),"LARGE ADJ (>4); ",""))'	'=IF($A86="","",IF($D86="","REASON MISSING; ","")&IF(NOT(ISNUMBER($C86)),"VALUE NOT NUMERIC; ","")&IF(ISNUMBER($C86),IF(AND(ABS($C86)>4,$A86<>"MARGIN OVERRIDE",$A86<>"TOTAL OVERRIDE"),"LARGE ADJ (>4); ",""),""))'
ADJUSTMENTS	J87	'=IF($A87="","",IF(AND($H87="Y",OR($G87="",SETTINGS!$B$5="",$G87>=SETTINGS!$B$5)),1,0))'	'=IF($A87="","",IF(AND($H87="Y",OR($G87="",SETTINGS!$B$5="",$G87>=SETTINGS!$B$5),$K87=""),1,0))'
ADJUSTMENTS	K87	'=IF($A87="","",IF($D87="","REASON MISSING; ","")&IF(NOT(ISNUMBER($C87)),"VALUE NOT NUMERIC; ","")&IF(AND(ISNUMBER($C87),ABS($C87)>4,$A87<>"MARGIN OVERRIDE",$A87<>"TOTAL OVERRIDE"),"LARGE ADJ (>4); ",""))'	'=IF($A87="","",IF($D87="","REASON MISSING; ","")&IF(NOT(ISNUMBER($C87)),"VALUE NOT NUMERIC; ","")&IF(ISNUMBER($C87),IF(AND(ABS($C87)>4,$A87<>"MARGIN OVERRIDE",$A87<>"TOTAL OVERRIDE"),"LARGE ADJ (>4); ",""),""))'
ADJUSTMENTS	J88	'=IF($A88="","",IF(AND($H88="Y",OR($G88="",SETTINGS!$B$5="",$G88>=SETTINGS!$B$5)),1,0))'	'=IF($A88="","",IF(AND($H88="Y",OR($G88="",SETTINGS!$B$5="",$G88>=SETTINGS!$B$5),$K88=""),1,0))'
ADJUSTMENTS	K88	'=IF($A88="","",IF($D88="","REASON MISSING; ","")&IF(NOT(ISNUMBER($C88)),"VALUE NOT NUMERIC; ","")&IF(AND(ISNUMBER($C88),ABS($C88)>4,$A88<>"MARGIN OVERRIDE",$A88<>"TOTAL OVERRIDE"),"LARGE ADJ (>4); ",""))'	'=IF($A88="","",IF($D88="","REASON MISSING; ","")&IF(NOT(ISNUMBER($C88)),"VALUE NOT NUMERIC; ","")&IF(ISNUMBER($C88),IF(AND(ABS($C88)>4,$A88<>"MARGIN OVERRIDE",$A88<>"TOTAL OVERRIDE"),"LARGE ADJ (>4); ",""),""))'
ADJUSTMENTS	J89	'=IF($A89="","",IF(AND($H89="Y",OR($G89="",SETTINGS!$B$5="",$G89>=SETTINGS!$B$5)),1,0))'	'=IF($A89="","",IF(AND($H89="Y",OR($G89="",SETTINGS!$B$5="",$G89>=SETTINGS!$B$5),$K89=""),1,0))'
ADJUSTMENTS	K89	'=IF($A89="","",IF($D89="","REASON MISSING; ","")&IF(NOT(ISNUMBER($C89)),"VALUE NOT NUMERIC; ","")&IF(AND(ISNUMBER($C89),ABS($C89)>4,$A89<>"MARGIN OVERRIDE",$A89<>"TOTAL OVERRIDE"),"LARGE ADJ (>4); ",""))'	'=IF($A89="","",IF($D89="","REASON MISSING; ","")&IF(NOT(ISNUMBER($C89)),"VALUE NOT NUMERIC; ","")&IF(ISNUMBER($C89),IF(AND(ABS($C89)>4,$A89<>"MARGIN OVERRIDE",$A89<>"TOTAL OVERRIDE"),"LARGE ADJ (>4); ",""),""))'
ADJUSTMENTS	J90	'=IF($A90="","",IF(AND($H90="Y",OR($G90="",SETTINGS!$B$5="",$G90>=SETTINGS!$B$5)),1,0))'	'=IF($A90="","",IF(AND($H90="Y",OR($G90="",SETTINGS!$B$5="",$G90>=SETTINGS!$B$5),$K90=""),1,0))'
ADJUSTMENTS	K90	'=IF($A90="","",IF($D90="","REASON MISSING; ","")&IF(NOT(ISNUMBER($C90)),"VALUE NOT NUMERIC; ","")&IF(AND(ISNUMBER($C90),ABS($C90)>4,$A90<>"MARGIN OVERRIDE",$A90<>"TOTAL OVERRIDE"),"LARGE ADJ (>4); ",""))'	'=IF($A90="","",IF($D90="","REASON MISSING; ","")&IF(NOT(ISNUMBER($C90)),"VALUE NOT NUMERIC; ","")&IF(ISNUMBER($C90),IF(AND(ABS($C90)>4,$A90<>"MARGIN OVERRIDE",$A90<>"TOTAL OVERRIDE"),"LARGE ADJ (>4); ",""),""))'
ADJUSTMENTS	J91	'=IF($A91="","",IF(AND($H91="Y",OR($G91="",SETTINGS!$B$5="",$G91>=SETTINGS!$B$5)),1,0))'	'=IF($A91="","",IF(AND($H91="Y",OR($G91="",SETTINGS!$B$5="",$G91>=SETTINGS!$B$5),$K91=""),1,0))'
ADJUSTMENTS	K91	'=IF($A91="","",IF($D91="","REASON MISSING; ","")&IF(NOT(ISNUMBER($C91)),"VALUE NOT NUMERIC; ","")&IF(AND(ISNUMBER($C91),ABS($C91)>4,$A91<>"MARGIN OVERRIDE",$A91<>"TOTAL OVERRIDE"),"LARGE ADJ (>4); ",""))'	'=IF($A91="","",IF($D91="","REASON MISSING; ","")&IF(NOT(ISNUMBER($C91)),"VALUE NOT NUMERIC; ","")&IF(ISNUMBER($C91),IF(AND(ABS($C91)>4,$A91<>"MARGIN OVERRIDE",$A91<>"TOTAL OVERRIDE"),"LARGE ADJ (>4); ",""),""))'
ADJUSTMENTS	J92	'=IF($A92="","",IF(AND($H92="Y",OR($G92="",SETTINGS!$B$5="",$G92>=SETTINGS!$B$5)),1,0))'	'=IF($A92="","",IF(AND($H92="Y",OR($G92="",SETTINGS!$B$5="",$G92>=SETTINGS!$B$5),$K92=""),1,0))'
ADJUSTMENTS	K92	'=IF($A92="","",IF($D92="","REASON MISSING; ","")&IF(NOT(ISNUMBER($C92)),"VALUE NOT NUMERIC; ","")&IF(AND(ISNUMBER($C92),ABS($C92)>4,$A92<>"MARGIN OVERRIDE",$A92<>"TOTAL OVERRIDE"),"LARGE ADJ (>4); ",""))'	'=IF($A92="","",IF($D92="","REASON MISSING; ","")&IF(NOT(ISNUMBER($C92)),"VALUE NOT NUMERIC; ","")&IF(ISNUMBER($C92),IF(AND(ABS($C92)>4,$A92<>"MARGIN OVERRIDE",$A92<>"TOTAL OVERRIDE"),"LARGE ADJ (>4); ",""),""))'
ADJUSTMENTS	J93	'=IF($A93="","",IF(AND($H93="Y",OR($G93="",SETTINGS!$B$5="",$G93>=SETTINGS!$B$5)),1,0))'	'=IF($A93="","",IF(AND($H93="Y",OR($G93="",SETTINGS!$B$5="",$G93>=SETTINGS!$B$5),$K93=""),1,0))'
ADJUSTMENTS	K93	'=IF($A93="","",IF($D93="","REASON MISSING; ","")&IF(NOT(ISNUMBER($C93)),"VALUE NOT NUMERIC; ","")&IF(AND(ISNUMBER($C93),ABS($C93)>4,$A93<>"MARGIN OVERRIDE",$A93<>"TOTAL OVERRIDE"),"LARGE ADJ (>4); ",""))'	'=IF($A93="","",IF($D93="","REASON MISSING; ","")&IF(NOT(ISNUMBER($C93)),"VALUE NOT NUMERIC; ","")&IF(ISNUMBER($C93),IF(AND(ABS($C93)>4,$A93<>"MARGIN OVERRIDE",$A93<>"TOTAL OVERRIDE"),"LARGE ADJ (>4); ",""),""))'
ADJUSTMENTS	J94	'=IF($A94="","",IF(AND($H94="Y",OR($G94="",SETTINGS!$B$5="",$G94>=SETTINGS!$B$5)),1,0))'	'=IF($A94="","",IF(AND($H94="Y",OR($G94="",SETTINGS!$B$5="",$G94>=SETTINGS!$B$5),$K94=""),1,0))'
ADJUSTMENTS	K94	'=IF($A94="","",IF($D94="","REASON MISSING; ","")&IF(NOT(ISNUMBER($C94)),"VALUE NOT NUMERIC; ","")&IF(AND(ISNUMBER($C94),ABS($C94)>4,$A94<>"MARGIN OVERRIDE",$A94<>"TOTAL OVERRIDE"),"LARGE ADJ (>4); ",""))'	'=IF($A94="","",IF($D94="","REASON MISSING; ","")&IF(NOT(ISNUMBER($C94)),"VALUE NOT NUMERIC; ","")&IF(ISNUMBER($C94),IF(AND(ABS($C94)>4,$A94<>"MARGIN OVERRIDE",$A94<>"TOTAL OVERRIDE"),"LARGE ADJ (>4); ",""),""))'
ADJUSTMENTS	J95	'=IF($A95="","",IF(AND($H95="Y",OR($G95="",SETTINGS!$B$5="",$G95>=SETTINGS!$B$5)),1,0))'	'=IF($A95="","",IF(AND($H95="Y",OR($G95="",SETTINGS!$B$5="",$G95>=SETTINGS!$B$5),$K95=""),1,0))'
ADJUSTMENTS	K95	'=IF($A95="","",IF($D95="","REASON MISSING; ","")&IF(NOT(ISNUMBER($C95)),"VALUE NOT NUMERIC; ","")&IF(AND(ISNUMBER($C95),ABS($C95)>4,$A95<>"MARGIN OVERRIDE",$A95<>"TOTAL OVERRIDE"),"LARGE ADJ (>4); ",""))'	'=IF($A95="","",IF($D95="","REASON MISSING; ","")&IF(NOT(ISNUMBER($C95)),"VALUE NOT NUMERIC; ","")&IF(ISNUMBER($C95),IF(AND(ABS($C95)>4,$A95<>"MARGIN OVERRIDE",$A95<>"TOTAL OVERRIDE"),"LARGE ADJ (>4); ",""),""))'
ADJUSTMENTS	J96	'=IF($A96="","",IF(AND($H96="Y",OR($G96="",SETTINGS!$B$5="",$G96>=SETTINGS!$B$5)),1,0))'	'=IF($A96="","",IF(AND($H96="Y",OR($G96="",SETTINGS!$B$5="",$G96>=SETTINGS!$B$5),$K96=""),1,0))'
ADJUSTMENTS	K96	'=IF($A96="","",IF($D96="","REASON MISSING; ","")&IF(NOT(ISNUMBER($C96)),"VALUE NOT NUMERIC; ","")&IF(AND(ISNUMBER($C96),ABS($C96)>4,$A96<>"MARGIN OVERRIDE",$A96<>"TOTAL OVERRIDE"),"LARGE ADJ (>4); ",""))'	'=IF($A96="","",IF($D96="","REASON MISSING; ","")&IF(NOT(ISNUMBER($C96)),"VALUE NOT NUMERIC; ","")&IF(ISNUMBER($C96),IF(AND(ABS($C96)>4,$A96<>"MARGIN OVERRIDE",$A96<>"TOTAL OVERRIDE"),"LARGE ADJ (>4); ",""),""))'
ADJUSTMENTS	J97	'=IF($A97="","",IF(AND($H97="Y",OR($G97="",SETTINGS!$B$5="",$G97>=SETTINGS!$B$5)),1,0))'	'=IF($A97="","",IF(AND($H97="Y",OR($G97="",SETTINGS!$B$5="",$G97>=SETTINGS!$B$5),$K97=""),1,0))'
ADJUSTMENTS	K97	'=IF($A97="","",IF($D97="","REASON MISSING; ","")&IF(NOT(ISNUMBER($C97)),"VALUE NOT NUMERIC; ","")&IF(AND(ISNUMBER($C97),ABS($C97)>4,$A97<>"MARGIN OVERRIDE",$A97<>"TOTAL OVERRIDE"),"LARGE ADJ (>4); ",""))'	'=IF($A97="","",IF($D97="","REASON MISSING; ","")&IF(NOT(ISNUMBER($C97)),"VALUE NOT NUMERIC; ","")&IF(ISNUMBER($C97),IF(AND(ABS($C97)>4,$A97<>"MARGIN OVERRIDE",$A97<>"TOTAL OVERRIDE"),"LARGE ADJ (>4); ",""),""))'
ADJUSTMENTS	J98	'=IF($A98="","",IF(AND($H98="Y",OR($G98="",SETTINGS!$B$5="",$G98>=SETTINGS!$B$5)),1,0))'	'=IF($A98="","",IF(AND($H98="Y",OR($G98="",SETTINGS!$B$5="",$G98>=SETTINGS!$B$5),$K98=""),1,0))'
ADJUSTMENTS	K98	'=IF($A98="","",IF($D98="","REASON MISSING; ","")&IF(NOT(ISNUMBER($C98)),"VALUE NOT NUMERIC; ","")&IF(AND(ISNUMBER($C98),ABS($C98)>4,$A98<>"MARGIN OVERRIDE",$A98<>"TOTAL OVERRIDE"),"LARGE ADJ (>4); ",""))'	'=IF($A98="","",IF($D98="","REASON MISSING; ","")&IF(NOT(ISNUMBER($C98)),"VALUE NOT NUMERIC; ","")&IF(ISNUMBER($C98),IF(AND(ABS($C98)>4,$A98<>"MARGIN OVERRIDE",$A98<>"TOTAL OVERRIDE"),"LARGE ADJ (>4); ",""),""))'
ADJUSTMENTS	J99	'=IF($A99="","",IF(AND($H99="Y",OR($G99="",SETTINGS!$B$5="",$G99>=SETTINGS!$B$5)),1,0))'	'=IF($A99="","",IF(AND($H99="Y",OR($G99="",SETTINGS!$B$5="",$G99>=SETTINGS!$B$5),$K99=""),1,0))'
ADJUSTMENTS	K99	'=IF($A99="","",IF($D99="","REASON MISSING; ","")&IF(NOT(ISNUMBER($C99)),"VALUE NOT NUMERIC; ","")&IF(AND(ISNUMBER($C99),ABS($C99)>4,$A99<>"MARGIN OVERRIDE",$A99<>"TOTAL OVERRIDE"),"LARGE ADJ (>4); ",""))'	'=IF($A99="","",IF($D99="","REASON MISSING; ","")&IF(NOT(ISNUMBER($C99)),"VALUE NOT NUMERIC; ","")&IF(ISNUMBER($C99),IF(AND(ABS($C99)>4,$A99<>"MARGIN OVERRIDE",$A99<>"TOTAL OVERRIDE"),"LARGE ADJ (>4); ",""),""))'
ADJUSTMENTS	J100	'=IF($A100="","",IF(AND($H100="Y",OR($G100="",SETTINGS!$B$5="",$G100>=SETTINGS!$B$5)),1,0))'	'=IF($A100="","",IF(AND($H100="Y",OR($G100="",SETTINGS!$B$5="",$G100>=SETTINGS!$B$5),$K100=""),1,0))'
ADJUSTMENTS	K100	'=IF($A100="","",IF($D100="","REASON MISSING; ","")&IF(NOT(ISNUMBER($C100)),"VALUE NOT NUMERIC; ","")&IF(AND(ISNUMBER($C100),ABS($C100)>4,$A100<>"MARGIN OVERRIDE",$A100<>"TOTAL OVERRIDE"),"LARGE ADJ (>4); ",""))'	'=IF($A100="","",IF($D100="","REASON MISSING; ","")&IF(NOT(ISNUMBER($C100)),"VALUE NOT NUMERIC; ","")&IF(ISNUMBER($C100),IF(AND(ABS($C100)>4,$A100<>"MARGIN OVERRIDE",$A100<>"TOTAL OVERRIDE"),"LARGE ADJ (>4); ",""),""))'
ADJUSTMENTS	J101	'=IF($A101="","",IF(AND($H101="Y",OR($G101="",SETTINGS!$B$5="",$G101>=SETTINGS!$B$5)),1,0))'	'=IF($A101="","",IF(AND($H101="Y",OR($G101="",SETTINGS!$B$5="",$G101>=SETTINGS!$B$5),$K101=""),1,0))'
ADJUSTMENTS	K101	'=IF($A101="","",IF($D101="","REASON MISSING; ","")&IF(NOT(ISNUMBER($C101)),"VALUE NOT NUMERIC; ","")&IF(AND(ISNUMBER($C101),ABS($C101)>4,$A101<>"MARGIN OVERRIDE",$A101<>"TOTAL OVERRIDE"),"LARGE ADJ (>4); ",""))'	'=IF($A101="","",IF($D101="","REASON MISSING; ","")&IF(NOT(ISNUMBER($C101)),"VALUE NOT NUMERIC; ","")&IF(ISNUMBER($C101),IF(AND(ABS($C101)>4,$A101<>"MARGIN OVERRIDE",$A101<>"TOTAL OVERRIDE"),"LARGE ADJ (>4); ",""),""))'
ADJUSTMENTS	J102	'=IF($A102="","",IF(AND($H102="Y",OR($G102="",SETTINGS!$B$5="",$G102>=SETTINGS!$B$5)),1,0))'	'=IF($A102="","",IF(AND($H102="Y",OR($G102="",SETTINGS!$B$5="",$G102>=SETTINGS!$B$5),$K102=""),1,0))'
ADJUSTMENTS	K102	'=IF($A102="","",IF($D102="","REASON MISSING; ","")&IF(NOT(ISNUMBER($C102)),"VALUE NOT NUMERIC; ","")&IF(AND(ISNUMBER($C102),ABS($C102)>4,$A102<>"MARGIN OVERRIDE",$A102<>"TOTAL OVERRIDE"),"LARGE ADJ (>4); ",""))'	'=IF($A102="","",IF($D102="","REASON MISSING; ","")&IF(NOT(ISNUMBER($C102)),"VALUE NOT NUMERIC; ","")&IF(ISNUMBER($C102),IF(AND(ABS($C102)>4,$A102<>"MARGIN OVERRIDE",$A102<>"TOTAL OVERRIDE"),"LARGE ADJ (>4); ",""),""))'
ADJUSTMENTS	J103	'=IF($A103="","",IF(AND($H103="Y",OR($G103="",SETTINGS!$B$5="",$G103>=SETTINGS!$B$5)),1,0))'	'=IF($A103="","",IF(AND($H103="Y",OR($G103="",SETTINGS!$B$5="",$G103>=SETTINGS!$B$5),$K103=""),1,0))'
ADJUSTMENTS	K103	'=IF($A103="","",IF($D103="","REASON MISSING; ","")&IF(NOT(ISNUMBER($C103)),"VALUE NOT NUMERIC; ","")&IF(AND(ISNUMBER($C103),ABS($C103)>4,$A103<>"MARGIN OVERRIDE",$A103<>"TOTAL OVERRIDE"),"LARGE ADJ (>4); ",""))'	'=IF($A103="","",IF($D103="","REASON MISSING; ","")&IF(NOT(ISNUMBER($C103)),"VALUE NOT NUMERIC; ","")&IF(ISNUMBER($C103),IF(AND(ABS($C103)>4,$A103<>"MARGIN OVERRIDE",$A103<>"TOTAL OVERRIDE"),"LARGE ADJ (>4); ",""),""))'
ADJUSTMENTS	J104	'=IF($A104="","",IF(AND($H104="Y",OR($G104="",SETTINGS!$B$5="",$G104>=SETTINGS!$B$5)),1,0))'	'=IF($A104="","",IF(AND($H104="Y",OR($G104="",SETTINGS!$B$5="",$G104>=SETTINGS!$B$5),$K104=""),1,0))'
ADJUSTMENTS	K104	'=IF($A104="","",IF($D104="","REASON MISSING; ","")&IF(NOT(ISNUMBER($C104)),"VALUE NOT NUMERIC; ","")&IF(AND(ISNUMBER($C104),ABS($C104)>4,$A104<>"MARGIN OVERRIDE",$A104<>"TOTAL OVERRIDE"),"LARGE ADJ (>4); ",""))'	'=IF($A104="","",IF($D104="","REASON MISSING; ","")&IF(NOT(ISNUMBER($C104)),"VALUE NOT NUMERIC; ","")&IF(ISNUMBER($C104),IF(AND(ABS($C104)>4,$A104<>"MARGIN OVERRIDE",$A104<>"TOTAL OVERRIDE"),"LARGE ADJ (>4); ",""),""))'
ADJUSTMENTS	J105	'=IF($A105="","",IF(AND($H105="Y",OR($G105="",SETTINGS!$B$5="",$G105>=SETTINGS!$B$5)),1,0))'	'=IF($A105="","",IF(AND($H105="Y",OR($G105="",SETTINGS!$B$5="",$G105>=SETTINGS!$B$5),$K105=""),1,0))'
ADJUSTMENTS	K105	'=IF($A105="","",IF($D105="","REASON MISSING; ","")&IF(NOT(ISNUMBER($C105)),"VALUE NOT NUMERIC; ","")&IF(AND(ISNUMBER($C105),ABS($C105)>4,$A105<>"MARGIN OVERRIDE",$A105<>"TOTAL OVERRIDE"),"LARGE ADJ (>4); ",""))'	'=IF($A105="","",IF($D105="","REASON MISSING; ","")&IF(NOT(ISNUMBER($C105)),"VALUE NOT NUMERIC; ","")&IF(ISNUMBER($C105),IF(AND(ABS($C105)>4,$A105<>"MARGIN OVERRIDE",$A105<>"TOTAL OVERRIDE"),"LARGE ADJ (>4); ",""),""))'
ADJUSTMENTS	J106	'=IF($A106="","",IF(AND($H106="Y",OR($G106="",SETTINGS!$B$5="",$G106>=SETTINGS!$B$5)),1,0))'	'=IF($A106="","",IF(AND($H106="Y",OR($G106="",SETTINGS!$B$5="",$G106>=SETTINGS!$B$5),$K106=""),1,0))'
ADJUSTMENTS	K106	'=IF($A106="","",IF($D106="","REASON MISSING; ","")&IF(NOT(ISNUMBER($C106)),"VALUE NOT NUMERIC; ","")&IF(AND(ISNUMBER($C106),ABS($C106)>4,$A106<>"MARGIN OVERRIDE",$A106<>"TOTAL OVERRIDE"),"LARGE ADJ (>4); ",""))'	'=IF($A106="","",IF($D106="","REASON MISSING; ","")&IF(NOT(ISNUMBER($C106)),"VALUE NOT NUMERIC; ","")&IF(ISNUMBER($C106),IF(AND(ABS($C106)>4,$A106<>"MARGIN OVERRIDE",$A106<>"TOTAL OVERRIDE"),"LARGE ADJ (>4); ",""),""))'
ADJUSTMENTS	J107	'=IF($A107="","",IF(AND($H107="Y",OR($G107="",SETTINGS!$B$5="",$G107>=SETTINGS!$B$5)),1,0))'	'=IF($A107="","",IF(AND($H107="Y",OR($G107="",SETTINGS!$B$5="",$G107>=SETTINGS!$B$5),$K107=""),1,0))'
ADJUSTMENTS	K107	'=IF($A107="","",IF($D107="","REASON MISSING; ","")&IF(NOT(ISNUMBER($C107)),"VALUE NOT NUMERIC; ","")&IF(AND(ISNUMBER($C107),ABS($C107)>4,$A107<>"MARGIN OVERRIDE",$A107<>"TOTAL OVERRIDE"),"LARGE ADJ (>4); ",""))'	'=IF($A107="","",IF($D107="","REASON MISSING; ","")&IF(NOT(ISNUMBER($C107)),"VALUE NOT NUMERIC; ","")&IF(ISNUMBER($C107),IF(AND(ABS($C107)>4,$A107<>"MARGIN OVERRIDE",$A107<>"TOTAL OVERRIDE"),"LARGE ADJ (>4); ",""),""))'
ADJUSTMENTS	J108	'=IF($A108="","",IF(AND($H108="Y",OR($G108="",SETTINGS!$B$5="",$G108>=SETTINGS!$B$5)),1,0))'	'=IF($A108="","",IF(AND($H108="Y",OR($G108="",SETTINGS!$B$5="",$G108>=SETTINGS!$B$5),$K108=""),1,0))'
ADJUSTMENTS	K108	'=IF($A108="","",IF($D108="","REASON MISSING; ","")&IF(NOT(ISNUMBER($C108)),"VALUE NOT NUMERIC; ","")&IF(AND(ISNUMBER($C108),ABS($C108)>4,$A108<>"MARGIN OVERRIDE",$A108<>"TOTAL OVERRIDE"),"LARGE ADJ (>4); ",""))'	'=IF($A108="","",IF($D108="","REASON MISSING; ","")&IF(NOT(ISNUMBER($C108)),"VALUE NOT NUMERIC; ","")&IF(ISNUMBER($C108),IF(AND(ABS($C108)>4,$A108<>"MARGIN OVERRIDE",$A108<>"TOTAL OVERRIDE"),"LARGE ADJ (>4); ",""),""))'
ADJUSTMENTS	J109	'=IF($A109="","",IF(AND($H109="Y",OR($G109="",SETTINGS!$B$5="",$G109>=SETTINGS!$B$5)),1,0))'	'=IF($A109="","",IF(AND($H109="Y",OR($G109="",SETTINGS!$B$5="",$G109>=SETTINGS!$B$5),$K109=""),1,0))'
ADJUSTMENTS	K109	'=IF($A109="","",IF($D109="","REASON MISSING; ","")&IF(NOT(ISNUMBER($C109)),"VALUE NOT NUMERIC; ","")&IF(AND(ISNUMBER($C109),ABS($C109)>4,$A109<>"MARGIN OVERRIDE",$A109<>"TOTAL OVERRIDE"),"LARGE ADJ (>4); ",""))'	'=IF($A109="","",IF($D109="","REASON MISSING; ","")&IF(NOT(ISNUMBER($C109)),"VALUE NOT NUMERIC; ","")&IF(ISNUMBER($C109),IF(AND(ABS($C109)>4,$A109<>"MARGIN OVERRIDE",$A109<>"TOTAL OVERRIDE"),"LARGE ADJ (>4); ",""),""))'
ADJUSTMENTS	J110	'=IF($A110="","",IF(AND($H110="Y",OR($G110="",SETTINGS!$B$5="",$G110>=SETTINGS!$B$5)),1,0))'	'=IF($A110="","",IF(AND($H110="Y",OR($G110="",SETTINGS!$B$5="",$G110>=SETTINGS!$B$5),$K110=""),1,0))'
ADJUSTMENTS	K110	'=IF($A110="","",IF($D110="","REASON MISSING; ","")&IF(NOT(ISNUMBER($C110)),"VALUE NOT NUMERIC; ","")&IF(AND(ISNUMBER($C110),ABS($C110)>4,$A110<>"MARGIN OVERRIDE",$A110<>"TOTAL OVERRIDE"),"LARGE ADJ (>4); ",""))'	'=IF($A110="","",IF($D110="","REASON MISSING; ","")&IF(NOT(ISNUMBER($C110)),"VALUE NOT NUMERIC; ","")&IF(ISNUMBER($C110),IF(AND(ABS($C110)>4,$A110<>"MARGIN OVERRIDE",$A110<>"TOTAL OVERRIDE"),"LARGE ADJ (>4); ",""),""))'
ADJUSTMENTS	J111	'=IF($A111="","",IF(AND($H111="Y",OR($G111="",SETTINGS!$B$5="",$G111>=SETTINGS!$B$5)),1,0))'	'=IF($A111="","",IF(AND($H111="Y",OR($G111="",SETTINGS!$B$5="",$G111>=SETTINGS!$B$5),$K111=""),1,0))'
ADJUSTMENTS	K111	'=IF($A111="","",IF($D111="","REASON MISSING; ","")&IF(NOT(ISNUMBER($C111)),"VALUE NOT NUMERIC; ","")&IF(AND(ISNUMBER($C111),ABS($C111)>4,$A111<>"MARGIN OVERRIDE",$A111<>"TOTAL OVERRIDE"),"LARGE ADJ (>4); ",""))'	'=IF($A111="","",IF($D111="","REASON MISSING; ","")&IF(NOT(ISNUMBER($C111)),"VALUE NOT NUMERIC; ","")&IF(ISNUMBER($C111),IF(AND(ABS($C111)>4,$A111<>"MARGIN OVERRIDE",$A111<>"TOTAL OVERRIDE"),"LARGE ADJ (>4); ",""),""))'
ADJUSTMENTS	J112	'=IF($A112="","",IF(AND($H112="Y",OR($G112="",SETTINGS!$B$5="",$G112>=SETTINGS!$B$5)),1,0))'	'=IF($A112="","",IF(AND($H112="Y",OR($G112="",SETTINGS!$B$5="",$G112>=SETTINGS!$B$5),$K112=""),1,0))'
ADJUSTMENTS	K112	'=IF($A112="","",IF($D112="","REASON MISSING; ","")&IF(NOT(ISNUMBER($C112)),"VALUE NOT NUMERIC; ","")&IF(AND(ISNUMBER($C112),ABS($C112)>4,$A112<>"MARGIN OVERRIDE",$A112<>"TOTAL OVERRIDE"),"LARGE ADJ (>4); ",""))'	'=IF($A112="","",IF($D112="","REASON MISSING; ","")&IF(NOT(ISNUMBER($C112)),"VALUE NOT NUMERIC; ","")&IF(ISNUMBER($C112),IF(AND(ABS($C112)>4,$A112<>"MARGIN OVERRIDE",$A112<>"TOTAL OVERRIDE"),"LARGE ADJ (>4); ",""),""))'
ADJUSTMENTS	J113	'=IF($A113="","",IF(AND($H113="Y",OR($G113="",SETTINGS!$B$5="",$G113>=SETTINGS!$B$5)),1,0))'	'=IF($A113="","",IF(AND($H113="Y",OR($G113="",SETTINGS!$B$5="",$G113>=SETTINGS!$B$5),$K113=""),1,0))'
ADJUSTMENTS	K113	'=IF($A113="","",IF($D113="","REASON MISSING; ","")&IF(NOT(ISNUMBER($C113)),"VALUE NOT NUMERIC; ","")&IF(AND(ISNUMBER($C113),ABS($C113)>4,$A113<>"MARGIN OVERRIDE",$A113<>"TOTAL OVERRIDE"),"LARGE ADJ (>4); ",""))'	'=IF($A113="","",IF($D113="","REASON MISSING; ","")&IF(NOT(ISNUMBER($C113)),"VALUE NOT NUMERIC; ","")&IF(ISNUMBER($C113),IF(AND(ABS($C113)>4,$A113<>"MARGIN OVERRIDE",$A113<>"TOTAL OVERRIDE"),"LARGE ADJ (>4); ",""),""))'
ADJUSTMENTS	J114	'=IF($A114="","",IF(AND($H114="Y",OR($G114="",SETTINGS!$B$5="",$G114>=SETTINGS!$B$5)),1,0))'	'=IF($A114="","",IF(AND($H114="Y",OR($G114="",SETTINGS!$B$5="",$G114>=SETTINGS!$B$5),$K114=""),1,0))'
ADJUSTMENTS	K114	'=IF($A114="","",IF($D114="","REASON MISSING; ","")&IF(NOT(ISNUMBER($C114)),"VALUE NOT NUMERIC; ","")&IF(AND(ISNUMBER($C114),ABS($C114)>4,$A114<>"MARGIN OVERRIDE",$A114<>"TOTAL OVERRIDE"),"LARGE ADJ (>4); ",""))'	'=IF($A114="","",IF($D114="","REASON MISSING; ","")&IF(NOT(ISNUMBER($C114)),"VALUE NOT NUMERIC; ","")&IF(ISNUMBER($C114),IF(AND(ABS($C114)>4,$A114<>"MARGIN OVERRIDE",$A114<>"TOTAL OVERRIDE"),"LARGE ADJ (>4); ",""),""))'
ADJUSTMENTS	J115	'=IF($A115="","",IF(AND($H115="Y",OR($G115="",SETTINGS!$B$5="",$G115>=SETTINGS!$B$5)),1,0))'	'=IF($A115="","",IF(AND($H115="Y",OR($G115="",SETTINGS!$B$5="",$G115>=SETTINGS!$B$5),$K115=""),1,0))'
ADJUSTMENTS	K115	'=IF($A115="","",IF($D115="","REASON MISSING; ","")&IF(NOT(ISNUMBER($C115)),"VALUE NOT NUMERIC; ","")&IF(AND(ISNUMBER($C115),ABS($C115)>4,$A115<>"MARGIN OVERRIDE",$A115<>"TOTAL OVERRIDE"),"LARGE ADJ (>4); ",""))'	'=IF($A115="","",IF($D115="","REASON MISSING; ","")&IF(NOT(ISNUMBER($C115)),"VALUE NOT NUMERIC; ","")&IF(ISNUMBER($C115),IF(AND(ABS($C115)>4,$A115<>"MARGIN OVERRIDE",$A115<>"TOTAL OVERRIDE"),"LARGE ADJ (>4); ",""),""))'
ADJUSTMENTS	J116	'=IF($A116="","",IF(AND($H116="Y",OR($G116="",SETTINGS!$B$5="",$G116>=SETTINGS!$B$5)),1,0))'	'=IF($A116="","",IF(AND($H116="Y",OR($G116="",SETTINGS!$B$5="",$G116>=SETTINGS!$B$5),$K116=""),1,0))'
ADJUSTMENTS	K116	'=IF($A116="","",IF($D116="","REASON MISSING; ","")&IF(NOT(ISNUMBER($C116)),"VALUE NOT NUMERIC; ","")&IF(AND(ISNUMBER($C116),ABS($C116)>4,$A116<>"MARGIN OVERRIDE",$A116<>"TOTAL OVERRIDE"),"LARGE ADJ (>4); ",""))'	'=IF($A116="","",IF($D116="","REASON MISSING; ","")&IF(NOT(ISNUMBER($C116)),"VALUE NOT NUMERIC; ","")&IF(ISNUMBER($C116),IF(AND(ABS($C116)>4,$A116<>"MARGIN OVERRIDE",$A116<>"TOTAL OVERRIDE"),"LARGE ADJ (>4); ",""),""))'
ADJUSTMENTS	J117	'=IF($A117="","",IF(AND($H117="Y",OR($G117="",SETTINGS!$B$5="",$G117>=SETTINGS!$B$5)),1,0))'	'=IF($A117="","",IF(AND($H117="Y",OR($G117="",SETTINGS!$B$5="",$G117>=SETTINGS!$B$5),$K117=""),1,0))'
ADJUSTMENTS	K117	'=IF($A117="","",IF($D117="","REASON MISSING; ","")&IF(NOT(ISNUMBER($C117)),"VALUE NOT NUMERIC; ","")&IF(AND(ISNUMBER($C117),ABS($C117)>4,$A117<>"MARGIN OVERRIDE",$A117<>"TOTAL OVERRIDE"),"LARGE ADJ (>4); ",""))'	'=IF($A117="","",IF($D117="","REASON MISSING; ","")&IF(NOT(ISNUMBER($C117)),"VALUE NOT NUMERIC; ","")&IF(ISNUMBER($C117),IF(AND(ABS($C117)>4,$A117<>"MARGIN OVERRIDE",$A117<>"TOTAL OVERRIDE"),"LARGE ADJ (>4); ",""),""))'
ADJUSTMENTS	J118	'=IF($A118="","",IF(AND($H118="Y",OR($G118="",SETTINGS!$B$5="",$G118>=SETTINGS!$B$5)),1,0))'	'=IF($A118="","",IF(AND($H118="Y",OR($G118="",SETTINGS!$B$5="",$G118>=SETTINGS!$B$5),$K118=""),1,0))'
ADJUSTMENTS	K118	'=IF($A118="","",IF($D118="","REASON MISSING; ","")&IF(NOT(ISNUMBER($C118)),"VALUE NOT NUMERIC; ","")&IF(AND(ISNUMBER($C118),ABS($C118)>4,$A118<>"MARGIN OVERRIDE",$A118<>"TOTAL OVERRIDE"),"LARGE ADJ (>4); ",""))'	'=IF($A118="","",IF($D118="","REASON MISSING; ","")&IF(NOT(ISNUMBER($C118)),"VALUE NOT NUMERIC; ","")&IF(ISNUMBER($C118),IF(AND(ABS($C118)>4,$A118<>"MARGIN OVERRIDE",$A118<>"TOTAL OVERRIDE"),"LARGE ADJ (>4); ",""),""))'
ADJUSTMENTS	J119	'=IF($A119="","",IF(AND($H119="Y",OR($G119="",SETTINGS!$B$5="",$G119>=SETTINGS!$B$5)),1,0))'	'=IF($A119="","",IF(AND($H119="Y",OR($G119="",SETTINGS!$B$5="",$G119>=SETTINGS!$B$5),$K119=""),1,0))'
ADJUSTMENTS	K119	'=IF($A119="","",IF($D119="","REASON MISSING; ","")&IF(NOT(ISNUMBER($C119)),"VALUE NOT NUMERIC; ","")&IF(AND(ISNUMBER($C119),ABS($C119)>4,$A119<>"MARGIN OVERRIDE",$A119<>"TOTAL OVERRIDE"),"LARGE ADJ (>4); ",""))'	'=IF($A119="","",IF($D119="","REASON MISSING; ","")&IF(NOT(ISNUMBER($C119)),"VALUE NOT NUMERIC; ","")&IF(ISNUMBER($C119),IF(AND(ABS($C119)>4,$A119<>"MARGIN OVERRIDE",$A119<>"TOTAL OVERRIDE"),"LARGE ADJ (>4); ",""),""))'
ADJUSTMENTS	J120	'=IF($A120="","",IF(AND($H120="Y",OR($G120="",SETTINGS!$B$5="",$G120>=SETTINGS!$B$5)),1,0))'	'=IF($A120="","",IF(AND($H120="Y",OR($G120="",SETTINGS!$B$5="",$G120>=SETTINGS!$B$5),$K120=""),1,0))'
ADJUSTMENTS	K120	'=IF($A120="","",IF($D120="","REASON MISSING; ","")&IF(NOT(ISNUMBER($C120)),"VALUE NOT NUMERIC; ","")&IF(AND(ISNUMBER($C120),ABS($C120)>4,$A120<>"MARGIN OVERRIDE",$A120<>"TOTAL OVERRIDE"),"LARGE ADJ (>4); ",""))'	'=IF($A120="","",IF($D120="","REASON MISSING; ","")&IF(NOT(ISNUMBER($C120)),"VALUE NOT NUMERIC; ","")&IF(ISNUMBER($C120),IF(AND(ABS($C120)>4,$A120<>"MARGIN OVERRIDE",$A120<>"TOTAL OVERRIDE"),"LARGE ADJ (>4); ",""),""))'
ADJUSTMENTS	J121	'=IF($A121="","",IF(AND($H121="Y",OR($G121="",SETTINGS!$B$5="",$G121>=SETTINGS!$B$5)),1,0))'	'=IF($A121="","",IF(AND($H121="Y",OR($G121="",SETTINGS!$B$5="",$G121>=SETTINGS!$B$5),$K121=""),1,0))'
ADJUSTMENTS	K121	'=IF($A121="","",IF($D121="","REASON MISSING; ","")&IF(NOT(ISNUMBER($C121)),"VALUE NOT NUMERIC; ","")&IF(AND(ISNUMBER($C121),ABS($C121)>4,$A121<>"MARGIN OVERRIDE",$A121<>"TOTAL OVERRIDE"),"LARGE ADJ (>4); ",""))'	'=IF($A121="","",IF($D121="","REASON MISSING; ","")&IF(NOT(ISNUMBER($C121)),"VALUE NOT NUMERIC; ","")&IF(ISNUMBER($C121),IF(AND(ABS($C121)>4,$A121<>"MARGIN OVERRIDE",$A121<>"TOTAL OVERRIDE"),"LARGE ADJ (>4); ",""),""))'
ADJUSTMENTS	J122	'=IF($A122="","",IF(AND($H122="Y",OR($G122="",SETTINGS!$B$5="",$G122>=SETTINGS!$B$5)),1,0))'	'=IF($A122="","",IF(AND($H122="Y",OR($G122="",SETTINGS!$B$5="",$G122>=SETTINGS!$B$5),$K122=""),1,0))'
ADJUSTMENTS	K122	'=IF($A122="","",IF($D122="","REASON MISSING; ","")&IF(NOT(ISNUMBER($C122)),"VALUE NOT NUMERIC; ","")&IF(AND(ISNUMBER($C122),ABS($C122)>4,$A122<>"MARGIN OVERRIDE",$A122<>"TOTAL OVERRIDE"),"LARGE ADJ (>4); ",""))'	'=IF($A122="","",IF($D122="","REASON MISSING; ","")&IF(NOT(ISNUMBER($C122)),"VALUE NOT NUMERIC; ","")&IF(ISNUMBER($C122),IF(AND(ABS($C122)>4,$A122<>"MARGIN OVERRIDE",$A122<>"TOTAL OVERRIDE"),"LARGE ADJ (>4); ",""),""))'
ADJUSTMENTS	J123	'=IF($A123="","",IF(AND($H123="Y",OR($G123="",SETTINGS!$B$5="",$G123>=SETTINGS!$B$5)),1,0))'	'=IF($A123="","",IF(AND($H123="Y",OR($G123="",SETTINGS!$B$5="",$G123>=SETTINGS!$B$5),$K123=""),1,0))'
ADJUSTMENTS	K123	'=IF($A123="","",IF($D123="","REASON MISSING; ","")&IF(NOT(ISNUMBER($C123)),"VALUE NOT NUMERIC; ","")&IF(AND(ISNUMBER($C123),ABS($C123)>4,$A123<>"MARGIN OVERRIDE",$A123<>"TOTAL OVERRIDE"),"LARGE ADJ (>4); ",""))'	'=IF($A123="","",IF($D123="","REASON MISSING; ","")&IF(NOT(ISNUMBER($C123)),"VALUE NOT NUMERIC; ","")&IF(ISNUMBER($C123),IF(AND(ABS($C123)>4,$A123<>"MARGIN OVERRIDE",$A123<>"TOTAL OVERRIDE"),"LARGE ADJ (>4); ",""),""))'
ADJUSTMENTS	J124	'=IF($A124="","",IF(AND($H124="Y",OR($G124="",SETTINGS!$B$5="",$G124>=SETTINGS!$B$5)),1,0))'	'=IF($A124="","",IF(AND($H124="Y",OR($G124="",SETTINGS!$B$5="",$G124>=SETTINGS!$B$5),$K124=""),1,0))'
ADJUSTMENTS	K124	'=IF($A124="","",IF($D124="","REASON MISSING; ","")&IF(NOT(ISNUMBER($C124)),"VALUE NOT NUMERIC; ","")&IF(AND(ISNUMBER($C124),ABS($C124)>4,$A124<>"MARGIN OVERRIDE",$A124<>"TOTAL OVERRIDE"),"LARGE ADJ (>4); ",""))'	'=IF($A124="","",IF($D124="","REASON MISSING; ","")&IF(NOT(ISNUMBER($C124)),"VALUE NOT NUMERIC; ","")&IF(ISNUMBER($C124),IF(AND(ABS($C124)>4,$A124<>"MARGIN OVERRIDE",$A124<>"TOTAL OVERRIDE"),"LARGE ADJ (>4); ",""),""))'
ADJUSTMENTS	J125	'=IF($A125="","",IF(AND($H125="Y",OR($G125="",SETTINGS!$B$5="",$G125>=SETTINGS!$B$5)),1,0))'	'=IF($A125="","",IF(AND($H125="Y",OR($G125="",SETTINGS!$B$5="",$G125>=SETTINGS!$B$5),$K125=""),1,0))'
ADJUSTMENTS	K125	'=IF($A125="","",IF($D125="","REASON MISSING; ","")&IF(NOT(ISNUMBER($C125)),"VALUE NOT NUMERIC; ","")&IF(AND(ISNUMBER($C125),ABS($C125)>4,$A125<>"MARGIN OVERRIDE",$A125<>"TOTAL OVERRIDE"),"LARGE ADJ (>4); ",""))'	'=IF($A125="","",IF($D125="","REASON MISSING; ","")&IF(NOT(ISNUMBER($C125)),"VALUE NOT NUMERIC; ","")&IF(ISNUMBER($C125),IF(AND(ABS($C125)>4,$A125<>"MARGIN OVERRIDE",$A125<>"TOTAL OVERRIDE"),"LARGE ADJ (>4); ",""),""))'
ADJUSTMENTS	J126	'=IF($A126="","",IF(AND($H126="Y",OR($G126="",SETTINGS!$B$5="",$G126>=SETTINGS!$B$5)),1,0))'	'=IF($A126="","",IF(AND($H126="Y",OR($G126="",SETTINGS!$B$5="",$G126>=SETTINGS!$B$5),$K126=""),1,0))'
ADJUSTMENTS	K126	'=IF($A126="","",IF($D126="","REASON MISSING; ","")&IF(NOT(ISNUMBER($C126)),"VALUE NOT NUMERIC; ","")&IF(AND(ISNUMBER($C126),ABS($C126)>4,$A126<>"MARGIN OVERRIDE",$A126<>"TOTAL OVERRIDE"),"LARGE ADJ (>4); ",""))'	'=IF($A126="","",IF($D126="","REASON MISSING; ","")&IF(NOT(ISNUMBER($C126)),"VALUE NOT NUMERIC; ","")&IF(ISNUMBER($C126),IF(AND(ABS($C126)>4,$A126<>"MARGIN OVERRIDE",$A126<>"TOTAL OVERRIDE"),"LARGE ADJ (>4); ",""),""))'
ADJUSTMENTS	J127	'=IF($A127="","",IF(AND($H127="Y",OR($G127="",SETTINGS!$B$5="",$G127>=SETTINGS!$B$5)),1,0))'	'=IF($A127="","",IF(AND($H127="Y",OR($G127="",SETTINGS!$B$5="",$G127>=SETTINGS!$B$5),$K127=""),1,0))'
ADJUSTMENTS	K127	'=IF($A127="","",IF($D127="","REASON MISSING; ","")&IF(NOT(ISNUMBER($C127)),"VALUE NOT NUMERIC; ","")&IF(AND(ISNUMBER($C127),ABS($C127)>4,$A127<>"MARGIN OVERRIDE",$A127<>"TOTAL OVERRIDE"),"LARGE ADJ (>4); ",""))'	'=IF($A127="","",IF($D127="","REASON MISSING; ","")&IF(NOT(ISNUMBER($C127)),"VALUE NOT NUMERIC; ","")&IF(ISNUMBER($C127),IF(AND(ABS($C127)>4,$A127<>"MARGIN OVERRIDE",$A127<>"TOTAL OVERRIDE"),"LARGE ADJ (>4); ",""),""))'
ADJUSTMENTS	J128	'=IF($A128="","",IF(AND($H128="Y",OR($G128="",SETTINGS!$B$5="",$G128>=SETTINGS!$B$5)),1,0))'	'=IF($A128="","",IF(AND($H128="Y",OR($G128="",SETTINGS!$B$5="",$G128>=SETTINGS!$B$5),$K128=""),1,0))'
ADJUSTMENTS	K128	'=IF($A128="","",IF($D128="","REASON MISSING; ","")&IF(NOT(ISNUMBER($C128)),"VALUE NOT NUMERIC; ","")&IF(AND(ISNUMBER($C128),ABS($C128)>4,$A128<>"MARGIN OVERRIDE",$A128<>"TOTAL OVERRIDE"),"LARGE ADJ (>4); ",""))'	'=IF($A128="","",IF($D128="","REASON MISSING; ","")&IF(NOT(ISNUMBER($C128)),"VALUE NOT NUMERIC; ","")&IF(ISNUMBER($C128),IF(AND(ABS($C128)>4,$A128<>"MARGIN OVERRIDE",$A128<>"TOTAL OVERRIDE"),"LARGE ADJ (>4); ",""),""))'
ADJUSTMENTS	J129	'=IF($A129="","",IF(AND($H129="Y",OR($G129="",SETTINGS!$B$5="",$G129>=SETTINGS!$B$5)),1,0))'	'=IF($A129="","",IF(AND($H129="Y",OR($G129="",SETTINGS!$B$5="",$G129>=SETTINGS!$B$5),$K129=""),1,0))'
ADJUSTMENTS	K129	'=IF($A129="","",IF($D129="","REASON MISSING; ","")&IF(NOT(ISNUMBER($C129)),"VALUE NOT NUMERIC; ","")&IF(AND(ISNUMBER($C129),ABS($C129)>4,$A129<>"MARGIN OVERRIDE",$A129<>"TOTAL OVERRIDE"),"LARGE ADJ (>4); ",""))'	'=IF($A129="","",IF($D129="","REASON MISSING; ","")&IF(NOT(ISNUMBER($C129)),"VALUE NOT NUMERIC; ","")&IF(ISNUMBER($C129),IF(AND(ABS($C129)>4,$A129<>"MARGIN OVERRIDE",$A129<>"TOTAL OVERRIDE"),"LARGE ADJ (>4); ",""),""))'
ADJUSTMENTS	J130	'=IF($A130="","",IF(AND($H130="Y",OR($G130="",SETTINGS!$B$5="",$G130>=SETTINGS!$B$5)),1,0))'	'=IF($A130="","",IF(AND($H130="Y",OR($G130="",SETTINGS!$B$5="",$G130>=SETTINGS!$B$5),$K130=""),1,0))'
ADJUSTMENTS	K130	'=IF($A130="","",IF($D130="","REASON MISSING; ","")&IF(NOT(ISNUMBER($C130)),"VALUE NOT NUMERIC; ","")&IF(AND(ISNUMBER($C130),ABS($C130)>4,$A130<>"MARGIN OVERRIDE",$A130<>"TOTAL OVERRIDE"),"LARGE ADJ (>4); ",""))'	'=IF($A130="","",IF($D130="","REASON MISSING; ","")&IF(NOT(ISNUMBER($C130)),"VALUE NOT NUMERIC; ","")&IF(ISNUMBER($C130),IF(AND(ABS($C130)>4,$A130<>"MARGIN OVERRIDE",$A130<>"TOTAL OVERRIDE"),"LARGE ADJ (>4); ",""),""))'
ADJUSTMENTS	J131	'=IF($A131="","",IF(AND($H131="Y",OR($G131="",SETTINGS!$B$5="",$G131>=SETTINGS!$B$5)),1,0))'	'=IF($A131="","",IF(AND($H131="Y",OR($G131="",SETTINGS!$B$5="",$G131>=SETTINGS!$B$5),$K131=""),1,0))'
ADJUSTMENTS	K131	'=IF($A131="","",IF($D131="","REASON MISSING; ","")&IF(NOT(ISNUMBER($C131)),"VALUE NOT NUMERIC; ","")&IF(AND(ISNUMBER($C131),ABS($C131)>4,$A131<>"MARGIN OVERRIDE",$A131<>"TOTAL OVERRIDE"),"LARGE ADJ (>4); ",""))'	'=IF($A131="","",IF($D131="","REASON MISSING; ","")&IF(NOT(ISNUMBER($C131)),"VALUE NOT NUMERIC; ","")&IF(ISNUMBER($C131),IF(AND(ABS($C131)>4,$A131<>"MARGIN OVERRIDE",$A131<>"TOTAL OVERRIDE"),"LARGE ADJ (>4); ",""),""))'
ADJUSTMENTS	J132	'=IF($A132="","",IF(AND($H132="Y",OR($G132="",SETTINGS!$B$5="",$G132>=SETTINGS!$B$5)),1,0))'	'=IF($A132="","",IF(AND($H132="Y",OR($G132="",SETTINGS!$B$5="",$G132>=SETTINGS!$B$5),$K132=""),1,0))'
ADJUSTMENTS	K132	'=IF($A132="","",IF($D132="","REASON MISSING; ","")&IF(NOT(ISNUMBER($C132)),"VALUE NOT NUMERIC; ","")&IF(AND(ISNUMBER($C132),ABS($C132)>4,$A132<>"MARGIN OVERRIDE",$A132<>"TOTAL OVERRIDE"),"LARGE ADJ (>4); ",""))'	'=IF($A132="","",IF($D132="","REASON MISSING; ","")&IF(NOT(ISNUMBER($C132)),"VALUE NOT NUMERIC; ","")&IF(ISNUMBER($C132),IF(AND(ABS($C132)>4,$A132<>"MARGIN OVERRIDE",$A132<>"TOTAL OVERRIDE"),"LARGE ADJ (>4); ",""),""))'
ADJUSTMENTS	J133	'=IF($A133="","",IF(AND($H133="Y",OR($G133="",SETTINGS!$B$5="",$G133>=SETTINGS!$B$5)),1,0))'	'=IF($A133="","",IF(AND($H133="Y",OR($G133="",SETTINGS!$B$5="",$G133>=SETTINGS!$B$5),$K133=""),1,0))'
ADJUSTMENTS	K133	'=IF($A133="","",IF($D133="","REASON MISSING; ","")&IF(NOT(ISNUMBER($C133)),"VALUE NOT NUMERIC; ","")&IF(AND(ISNUMBER($C133),ABS($C133)>4,$A133<>"MARGIN OVERRIDE",$A133<>"TOTAL OVERRIDE"),"LARGE ADJ (>4); ",""))'	'=IF($A133="","",IF($D133="","REASON MISSING; ","")&IF(NOT(ISNUMBER($C133)),"VALUE NOT NUMERIC; ","")&IF(ISNUMBER($C133),IF(AND(ABS($C133)>4,$A133<>"MARGIN OVERRIDE",$A133<>"TOTAL OVERRIDE"),"LARGE ADJ (>4); ",""),""))'
ADJUSTMENTS	J134	'=IF($A134="","",IF(AND($H134="Y",OR($G134="",SETTINGS!$B$5="",$G134>=SETTINGS!$B$5)),1,0))'	'=IF($A134="","",IF(AND($H134="Y",OR($G134="",SETTINGS!$B$5="",$G134>=SETTINGS!$B$5),$K134=""),1,0))'
ADJUSTMENTS	K134	'=IF($A134="","",IF($D134="","REASON MISSING; ","")&IF(NOT(ISNUMBER($C134)),"VALUE NOT NUMERIC; ","")&IF(AND(ISNUMBER($C134),ABS($C134)>4,$A134<>"MARGIN OVERRIDE",$A134<>"TOTAL OVERRIDE"),"LARGE ADJ (>4); ",""))'	'=IF($A134="","",IF($D134="","REASON MISSING; ","")&IF(NOT(ISNUMBER($C134)),"VALUE NOT NUMERIC; ","")&IF(ISNUMBER($C134),IF(AND(ABS($C134)>4,$A134<>"MARGIN OVERRIDE",$A134<>"TOTAL OVERRIDE"),"LARGE ADJ (>4); ",""),""))'
ADJUSTMENTS	J135	'=IF($A135="","",IF(AND($H135="Y",OR($G135="",SETTINGS!$B$5="",$G135>=SETTINGS!$B$5)),1,0))'	'=IF($A135="","",IF(AND($H135="Y",OR($G135="",SETTINGS!$B$5="",$G135>=SETTINGS!$B$5),$K135=""),1,0))'
ADJUSTMENTS	K135	'=IF($A135="","",IF($D135="","REASON MISSING; ","")&IF(NOT(ISNUMBER($C135)),"VALUE NOT NUMERIC; ","")&IF(AND(ISNUMBER($C135),ABS($C135)>4,$A135<>"MARGIN OVERRIDE",$A135<>"TOTAL OVERRIDE"),"LARGE ADJ (>4); ",""))'	'=IF($A135="","",IF($D135="","REASON MISSING; ","")&IF(NOT(ISNUMBER($C135)),"VALUE NOT NUMERIC; ","")&IF(ISNUMBER($C135),IF(AND(ABS($C135)>4,$A135<>"MARGIN OVERRIDE",$A135<>"TOTAL OVERRIDE"),"LARGE ADJ (>4); ",""),""))'
ADJUSTMENTS	J136	'=IF($A136="","",IF(AND($H136="Y",OR($G136="",SETTINGS!$B$5="",$G136>=SETTINGS!$B$5)),1,0))'	'=IF($A136="","",IF(AND($H136="Y",OR($G136="",SETTINGS!$B$5="",$G136>=SETTINGS!$B$5),$K136=""),1,0))'
ADJUSTMENTS	K136	'=IF($A136="","",IF($D136="","REASON MISSING; ","")&IF(NOT(ISNUMBER($C136)),"VALUE NOT NUMERIC; ","")&IF(AND(ISNUMBER($C136),ABS($C136)>4,$A136<>"MARGIN OVERRIDE",$A136<>"TOTAL OVERRIDE"),"LARGE ADJ (>4); ",""))'	'=IF($A136="","",IF($D136="","REASON MISSING; ","")&IF(NOT(ISNUMBER($C136)),"VALUE NOT NUMERIC; ","")&IF(ISNUMBER($C136),IF(AND(ABS($C136)>4,$A136<>"MARGIN OVERRIDE",$A136<>"TOTAL OVERRIDE"),"LARGE ADJ (>4); ",""),""))'
ADJUSTMENTS	J137	'=IF($A137="","",IF(AND($H137="Y",OR($G137="",SETTINGS!$B$5="",$G137>=SETTINGS!$B$5)),1,0))'	'=IF($A137="","",IF(AND($H137="Y",OR($G137="",SETTINGS!$B$5="",$G137>=SETTINGS!$B$5),$K137=""),1,0))'
ADJUSTMENTS	K137	'=IF($A137="","",IF($D137="","REASON MISSING; ","")&IF(NOT(ISNUMBER($C137)),"VALUE NOT NUMERIC; ","")&IF(AND(ISNUMBER($C137),ABS($C137)>4,$A137<>"MARGIN OVERRIDE",$A137<>"TOTAL OVERRIDE"),"LARGE ADJ (>4); ",""))'	'=IF($A137="","",IF($D137="","REASON MISSING; ","")&IF(NOT(ISNUMBER($C137)),"VALUE NOT NUMERIC; ","")&IF(ISNUMBER($C137),IF(AND(ABS($C137)>4,$A137<>"MARGIN OVERRIDE",$A137<>"TOTAL OVERRIDE"),"LARGE ADJ (>4); ",""),""))'
ADJUSTMENTS	J138	'=IF($A138="","",IF(AND($H138="Y",OR($G138="",SETTINGS!$B$5="",$G138>=SETTINGS!$B$5)),1,0))'	'=IF($A138="","",IF(AND($H138="Y",OR($G138="",SETTINGS!$B$5="",$G138>=SETTINGS!$B$5),$K138=""),1,0))'
ADJUSTMENTS	K138	'=IF($A138="","",IF($D138="","REASON MISSING; ","")&IF(NOT(ISNUMBER($C138)),"VALUE NOT NUMERIC; ","")&IF(AND(ISNUMBER($C138),ABS($C138)>4,$A138<>"MARGIN OVERRIDE",$A138<>"TOTAL OVERRIDE"),"LARGE ADJ (>4); ",""))'	'=IF($A138="","",IF($D138="","REASON MISSING; ","")&IF(NOT(ISNUMBER($C138)),"VALUE NOT NUMERIC; ","")&IF(ISNUMBER($C138),IF(AND(ABS($C138)>4,$A138<>"MARGIN OVERRIDE",$A138<>"TOTAL OVERRIDE"),"LARGE ADJ (>4); ",""),""))'
ADJUSTMENTS	J139	'=IF($A139="","",IF(AND($H139="Y",OR($G139="",SETTINGS!$B$5="",$G139>=SETTINGS!$B$5)),1,0))'	'=IF($A139="","",IF(AND($H139="Y",OR($G139="",SETTINGS!$B$5="",$G139>=SETTINGS!$B$5),$K139=""),1,0))'
ADJUSTMENTS	K139	'=IF($A139="","",IF($D139="","REASON MISSING; ","")&IF(NOT(ISNUMBER($C139)),"VALUE NOT NUMERIC; ","")&IF(AND(ISNUMBER($C139),ABS($C139)>4,$A139<>"MARGIN OVERRIDE",$A139<>"TOTAL OVERRIDE"),"LARGE ADJ (>4); ",""))'	'=IF($A139="","",IF($D139="","REASON MISSING; ","")&IF(NOT(ISNUMBER($C139)),"VALUE NOT NUMERIC; ","")&IF(ISNUMBER($C139),IF(AND(ABS($C139)>4,$A139<>"MARGIN OVERRIDE",$A139<>"TOTAL OVERRIDE"),"LARGE ADJ (>4); ",""),""))'
ADJUSTMENTS	J140	'=IF($A140="","",IF(AND($H140="Y",OR($G140="",SETTINGS!$B$5="",$G140>=SETTINGS!$B$5)),1,0))'	'=IF($A140="","",IF(AND($H140="Y",OR($G140="",SETTINGS!$B$5="",$G140>=SETTINGS!$B$5),$K140=""),1,0))'
ADJUSTMENTS	K140	'=IF($A140="","",IF($D140="","REASON MISSING; ","")&IF(NOT(ISNUMBER($C140)),"VALUE NOT NUMERIC; ","")&IF(AND(ISNUMBER($C140),ABS($C140)>4,$A140<>"MARGIN OVERRIDE",$A140<>"TOTAL OVERRIDE"),"LARGE ADJ (>4); ",""))'	'=IF($A140="","",IF($D140="","REASON MISSING; ","")&IF(NOT(ISNUMBER($C140)),"VALUE NOT NUMERIC; ","")&IF(ISNUMBER($C140),IF(AND(ABS($C140)>4,$A140<>"MARGIN OVERRIDE",$A140<>"TOTAL OVERRIDE"),"LARGE ADJ (>4); ",""),""))'
ADJUSTMENTS	J141	'=IF($A141="","",IF(AND($H141="Y",OR($G141="",SETTINGS!$B$5="",$G141>=SETTINGS!$B$5)),1,0))'	'=IF($A141="","",IF(AND($H141="Y",OR($G141="",SETTINGS!$B$5="",$G141>=SETTINGS!$B$5),$K141=""),1,0))'
ADJUSTMENTS	K141	'=IF($A141="","",IF($D141="","REASON MISSING; ","")&IF(NOT(ISNUMBER($C141)),"VALUE NOT NUMERIC; ","")&IF(AND(ISNUMBER($C141),ABS($C141)>4,$A141<>"MARGIN OVERRIDE",$A141<>"TOTAL OVERRIDE"),"LARGE ADJ (>4); ",""))'	'=IF($A141="","",IF($D141="","REASON MISSING; ","")&IF(NOT(ISNUMBER($C141)),"VALUE NOT NUMERIC; ","")&IF(ISNUMBER($C141),IF(AND(ABS($C141)>4,$A141<>"MARGIN OVERRIDE",$A141<>"TOTAL OVERRIDE"),"LARGE ADJ (>4); ",""),""))'
ADJUSTMENTS	J142	'=IF($A142="","",IF(AND($H142="Y",OR($G142="",SETTINGS!$B$5="",$G142>=SETTINGS!$B$5)),1,0))'	'=IF($A142="","",IF(AND($H142="Y",OR($G142="",SETTINGS!$B$5="",$G142>=SETTINGS!$B$5),$K142=""),1,0))'
ADJUSTMENTS	K142	'=IF($A142="","",IF($D142="","REASON MISSING; ","")&IF(NOT(ISNUMBER($C142)),"VALUE NOT NUMERIC; ","")&IF(AND(ISNUMBER($C142),ABS($C142)>4,$A142<>"MARGIN OVERRIDE",$A142<>"TOTAL OVERRIDE"),"LARGE ADJ (>4); ",""))'	'=IF($A142="","",IF($D142="","REASON MISSING; ","")&IF(NOT(ISNUMBER($C142)),"VALUE NOT NUMERIC; ","")&IF(ISNUMBER($C142),IF(AND(ABS($C142)>4,$A142<>"MARGIN OVERRIDE",$A142<>"TOTAL OVERRIDE"),"LARGE ADJ (>4); ",""),""))'
ADJUSTMENTS	J143	'=IF($A143="","",IF(AND($H143="Y",OR($G143="",SETTINGS!$B$5="",$G143>=SETTINGS!$B$5)),1,0))'	'=IF($A143="","",IF(AND($H143="Y",OR($G143="",SETTINGS!$B$5="",$G143>=SETTINGS!$B$5),$K143=""),1,0))'
ADJUSTMENTS	K143	'=IF($A143="","",IF($D143="","REASON MISSING; ","")&IF(NOT(ISNUMBER($C143)),"VALUE NOT NUMERIC; ","")&IF(AND(ISNUMBER($C143),ABS($C143)>4,$A143<>"MARGIN OVERRIDE",$A143<>"TOTAL OVERRIDE"),"LARGE ADJ (>4); ",""))'	'=IF($A143="","",IF($D143="","REASON MISSING; ","")&IF(NOT(ISNUMBER($C143)),"VALUE NOT NUMERIC; ","")&IF(ISNUMBER($C143),IF(AND(ABS($C143)>4,$A143<>"MARGIN OVERRIDE",$A143<>"TOTAL OVERRIDE"),"LARGE ADJ (>4); ",""),""))'
ADJUSTMENTS	J144	'=IF($A144="","",IF(AND($H144="Y",OR($G144="",SETTINGS!$B$5="",$G144>=SETTINGS!$B$5)),1,0))'	'=IF($A144="","",IF(AND($H144="Y",OR($G144="",SETTINGS!$B$5="",$G144>=SETTINGS!$B$5),$K144=""),1,0))'
ADJUSTMENTS	K144	'=IF($A144="","",IF($D144="","REASON MISSING; ","")&IF(NOT(ISNUMBER($C144)),"VALUE NOT NUMERIC; ","")&IF(AND(ISNUMBER($C144),ABS($C144)>4,$A144<>"MARGIN OVERRIDE",$A144<>"TOTAL OVERRIDE"),"LARGE ADJ (>4); ",""))'	'=IF($A144="","",IF($D144="","REASON MISSING; ","")&IF(NOT(ISNUMBER($C144)),"VALUE NOT NUMERIC; ","")&IF(ISNUMBER($C144),IF(AND(ABS($C144)>4,$A144<>"MARGIN OVERRIDE",$A144<>"TOTAL OVERRIDE"),"LARGE ADJ (>4); ",""),""))'
ADJUSTMENTS	J145	'=IF($A145="","",IF(AND($H145="Y",OR($G145="",SETTINGS!$B$5="",$G145>=SETTINGS!$B$5)),1,0))'	'=IF($A145="","",IF(AND($H145="Y",OR($G145="",SETTINGS!$B$5="",$G145>=SETTINGS!$B$5),$K145=""),1,0))'
ADJUSTMENTS	K145	'=IF($A145="","",IF($D145="","REASON MISSING; ","")&IF(NOT(ISNUMBER($C145)),"VALUE NOT NUMERIC; ","")&IF(AND(ISNUMBER($C145),ABS($C145)>4,$A145<>"MARGIN OVERRIDE",$A145<>"TOTAL OVERRIDE"),"LARGE ADJ (>4); ",""))'	'=IF($A145="","",IF($D145="","REASON MISSING; ","")&IF(NOT(ISNUMBER($C145)),"VALUE NOT NUMERIC; ","")&IF(ISNUMBER($C145),IF(AND(ABS($C145)>4,$A145<>"MARGIN OVERRIDE",$A145<>"TOTAL OVERRIDE"),"LARGE ADJ (>4); ",""),""))'
ADJUSTMENTS	J146	'=IF($A146="","",IF(AND($H146="Y",OR($G146="",SETTINGS!$B$5="",$G146>=SETTINGS!$B$5)),1,0))'	'=IF($A146="","",IF(AND($H146="Y",OR($G146="",SETTINGS!$B$5="",$G146>=SETTINGS!$B$5),$K146=""),1,0))'
ADJUSTMENTS	K146	'=IF($A146="","",IF($D146="","REASON MISSING; ","")&IF(NOT(ISNUMBER($C146)),"VALUE NOT NUMERIC; ","")&IF(AND(ISNUMBER($C146),ABS($C146)>4,$A146<>"MARGIN OVERRIDE",$A146<>"TOTAL OVERRIDE"),"LARGE ADJ (>4); ",""))'	'=IF($A146="","",IF($D146="","REASON MISSING; ","")&IF(NOT(ISNUMBER($C146)),"VALUE NOT NUMERIC; ","")&IF(ISNUMBER($C146),IF(AND(ABS($C146)>4,$A146<>"MARGIN OVERRIDE",$A146<>"TOTAL OVERRIDE"),"LARGE ADJ (>4); ",""),""))'
ADJUSTMENTS	J147	'=IF($A147="","",IF(AND($H147="Y",OR($G147="",SETTINGS!$B$5="",$G147>=SETTINGS!$B$5)),1,0))'	'=IF($A147="","",IF(AND($H147="Y",OR($G147="",SETTINGS!$B$5="",$G147>=SETTINGS!$B$5),$K147=""),1,0))'
ADJUSTMENTS	K147	'=IF($A147="","",IF($D147="","REASON MISSING; ","")&IF(NOT(ISNUMBER($C147)),"VALUE NOT NUMERIC; ","")&IF(AND(ISNUMBER($C147),ABS($C147)>4,$A147<>"MARGIN OVERRIDE",$A147<>"TOTAL OVERRIDE"),"LARGE ADJ (>4); ",""))'	'=IF($A147="","",IF($D147="","REASON MISSING; ","")&IF(NOT(ISNUMBER($C147)),"VALUE NOT NUMERIC; ","")&IF(ISNUMBER($C147),IF(AND(ABS($C147)>4,$A147<>"MARGIN OVERRIDE",$A147<>"TOTAL OVERRIDE"),"LARGE ADJ (>4); ",""),""))'
ADJUSTMENTS	J148	'=IF($A148="","",IF(AND($H148="Y",OR($G148="",SETTINGS!$B$5="",$G148>=SETTINGS!$B$5)),1,0))'	'=IF($A148="","",IF(AND($H148="Y",OR($G148="",SETTINGS!$B$5="",$G148>=SETTINGS!$B$5),$K148=""),1,0))'
ADJUSTMENTS	K148	'=IF($A148="","",IF($D148="","REASON MISSING; ","")&IF(NOT(ISNUMBER($C148)),"VALUE NOT NUMERIC; ","")&IF(AND(ISNUMBER($C148),ABS($C148)>4,$A148<>"MARGIN OVERRIDE",$A148<>"TOTAL OVERRIDE"),"LARGE ADJ (>4); ",""))'	'=IF($A148="","",IF($D148="","REASON MISSING; ","")&IF(NOT(ISNUMBER($C148)),"VALUE NOT NUMERIC; ","")&IF(ISNUMBER($C148),IF(AND(ABS($C148)>4,$A148<>"MARGIN OVERRIDE",$A148<>"TOTAL OVERRIDE"),"LARGE ADJ (>4); ",""),""))'
ADJUSTMENTS	J149	'=IF($A149="","",IF(AND($H149="Y",OR($G149="",SETTINGS!$B$5="",$G149>=SETTINGS!$B$5)),1,0))'	'=IF($A149="","",IF(AND($H149="Y",OR($G149="",SETTINGS!$B$5="",$G149>=SETTINGS!$B$5),$K149=""),1,0))'
ADJUSTMENTS	K149	'=IF($A149="","",IF($D149="","REASON MISSING; ","")&IF(NOT(ISNUMBER($C149)),"VALUE NOT NUMERIC; ","")&IF(AND(ISNUMBER($C149),ABS($C149)>4,$A149<>"MARGIN OVERRIDE",$A149<>"TOTAL OVERRIDE"),"LARGE ADJ (>4); ",""))'	'=IF($A149="","",IF($D149="","REASON MISSING; ","")&IF(NOT(ISNUMBER($C149)),"VALUE NOT NUMERIC; ","")&IF(ISNUMBER($C149),IF(AND(ABS($C149)>4,$A149<>"MARGIN OVERRIDE",$A149<>"TOTAL OVERRIDE"),"LARGE ADJ (>4); ",""),""))'
ADJUSTMENTS	J150	'=IF($A150="","",IF(AND($H150="Y",OR($G150="",SETTINGS!$B$5="",$G150>=SETTINGS!$B$5)),1,0))'	'=IF($A150="","",IF(AND($H150="Y",OR($G150="",SETTINGS!$B$5="",$G150>=SETTINGS!$B$5),$K150=""),1,0))'
ADJUSTMENTS	K150	'=IF($A150="","",IF($D150="","REASON MISSING; ","")&IF(NOT(ISNUMBER($C150)),"VALUE NOT NUMERIC; ","")&IF(AND(ISNUMBER($C150),ABS($C150)>4,$A150<>"MARGIN OVERRIDE",$A150<>"TOTAL OVERRIDE"),"LARGE ADJ (>4); ",""))'	'=IF($A150="","",IF($D150="","REASON MISSING; ","")&IF(NOT(ISNUMBER($C150)),"VALUE NOT NUMERIC; ","")&IF(ISNUMBER($C150),IF(AND(ABS($C150)>4,$A150<>"MARGIN OVERRIDE",$A150<>"TOTAL OVERRIDE"),"LARGE ADJ (>4); ",""),""))'
ADJUSTMENTS	J151	'=IF($A151="","",IF(AND($H151="Y",OR($G151="",SETTINGS!$B$5="",$G151>=SETTINGS!$B$5)),1,0))'	'=IF($A151="","",IF(AND($H151="Y",OR($G151="",SETTINGS!$B$5="",$G151>=SETTINGS!$B$5),$K151=""),1,0))'
ADJUSTMENTS	K151	'=IF($A151="","",IF($D151="","REASON MISSING; ","")&IF(NOT(ISNUMBER($C151)),"VALUE NOT NUMERIC; ","")&IF(AND(ISNUMBER($C151),ABS($C151)>4,$A151<>"MARGIN OVERRIDE",$A151<>"TOTAL OVERRIDE"),"LARGE ADJ (>4); ",""))'	'=IF($A151="","",IF($D151="","REASON MISSING; ","")&IF(NOT(ISNUMBER($C151)),"VALUE NOT NUMERIC; ","")&IF(ISNUMBER($C151),IF(AND(ABS($C151)>4,$A151<>"MARGIN OVERRIDE",$A151<>"TOTAL OVERRIDE"),"LARGE ADJ (>4); ",""),""))'
ADJUSTMENTS	J152	'=IF($A152="","",IF(AND($H152="Y",OR($G152="",SETTINGS!$B$5="",$G152>=SETTINGS!$B$5)),1,0))'	'=IF($A152="","",IF(AND($H152="Y",OR($G152="",SETTINGS!$B$5="",$G152>=SETTINGS!$B$5),$K152=""),1,0))'
ADJUSTMENTS	K152	'=IF($A152="","",IF($D152="","REASON MISSING; ","")&IF(NOT(ISNUMBER($C152)),"VALUE NOT NUMERIC; ","")&IF(AND(ISNUMBER($C152),ABS($C152)>4,$A152<>"MARGIN OVERRIDE",$A152<>"TOTAL OVERRIDE"),"LARGE ADJ (>4); ",""))'	'=IF($A152="","",IF($D152="","REASON MISSING; ","")&IF(NOT(ISNUMBER($C152)),"VALUE NOT NUMERIC; ","")&IF(ISNUMBER($C152),IF(AND(ABS($C152)>4,$A152<>"MARGIN OVERRIDE",$A152<>"TOTAL OVERRIDE"),"LARGE ADJ (>4); ",""),""))'
ADJUSTMENTS	J153	'=IF($A153="","",IF(AND($H153="Y",OR($G153="",SETTINGS!$B$5="",$G153>=SETTINGS!$B$5)),1,0))'	'=IF($A153="","",IF(AND($H153="Y",OR($G153="",SETTINGS!$B$5="",$G153>=SETTINGS!$B$5),$K153=""),1,0))'
ADJUSTMENTS	K153	'=IF($A153="","",IF($D153="","REASON MISSING; ","")&IF(NOT(ISNUMBER($C153)),"VALUE NOT NUMERIC; ","")&IF(AND(ISNUMBER($C153),ABS($C153)>4,$A153<>"MARGIN OVERRIDE",$A153<>"TOTAL OVERRIDE"),"LARGE ADJ (>4); ",""))'	'=IF($A153="","",IF($D153="","REASON MISSING; ","")&IF(NOT(ISNUMBER($C153)),"VALUE NOT NUMERIC; ","")&IF(ISNUMBER($C153),IF(AND(ABS($C153)>4,$A153<>"MARGIN OVERRIDE",$A153<>"TOTAL OVERRIDE"),"LARGE ADJ (>4); ",""),""))'
ADJUSTMENTS	J154	'=IF($A154="","",IF(AND($H154="Y",OR($G154="",SETTINGS!$B$5="",$G154>=SETTINGS!$B$5)),1,0))'	'=IF($A154="","",IF(AND($H154="Y",OR($G154="",SETTINGS!$B$5="",$G154>=SETTINGS!$B$5),$K154=""),1,0))'
ADJUSTMENTS	K154	'=IF($A154="","",IF($D154="","REASON MISSING; ","")&IF(NOT(ISNUMBER($C154)),"VALUE NOT NUMERIC; ","")&IF(AND(ISNUMBER($C154),ABS($C154)>4,$A154<>"MARGIN OVERRIDE",$A154<>"TOTAL OVERRIDE"),"LARGE ADJ (>4); ",""))'	'=IF($A154="","",IF($D154="","REASON MISSING; ","")&IF(NOT(ISNUMBER($C154)),"VALUE NOT NUMERIC; ","")&IF(ISNUMBER($C154),IF(AND(ABS($C154)>4,$A154<>"MARGIN OVERRIDE",$A154<>"TOTAL OVERRIDE"),"LARGE ADJ (>4); ",""),""))'
ADJUSTMENTS	J155	'=IF($A155="","",IF(AND($H155="Y",OR($G155="",SETTINGS!$B$5="",$G155>=SETTINGS!$B$5)),1,0))'	'=IF($A155="","",IF(AND($H155="Y",OR($G155="",SETTINGS!$B$5="",$G155>=SETTINGS!$B$5),$K155=""),1,0))'
ADJUSTMENTS	K155	'=IF($A155="","",IF($D155="","REASON MISSING; ","")&IF(NOT(ISNUMBER($C155)),"VALUE NOT NUMERIC; ","")&IF(AND(ISNUMBER($C155),ABS($C155)>4,$A155<>"MARGIN OVERRIDE",$A155<>"TOTAL OVERRIDE"),"LARGE ADJ (>4); ",""))'	'=IF($A155="","",IF($D155="","REASON MISSING; ","")&IF(NOT(ISNUMBER($C155)),"VALUE NOT NUMERIC; ","")&IF(ISNUMBER($C155),IF(AND(ABS($C155)>4,$A155<>"MARGIN OVERRIDE",$A155<>"TOTAL OVERRIDE"),"LARGE ADJ (>4); ",""),""))'
ADJUSTMENTS	J156	'=IF($A156="","",IF(AND($H156="Y",OR($G156="",SETTINGS!$B$5="",$G156>=SETTINGS!$B$5)),1,0))'	'=IF($A156="","",IF(AND($H156="Y",OR($G156="",SETTINGS!$B$5="",$G156>=SETTINGS!$B$5),$K156=""),1,0))'
ADJUSTMENTS	K156	'=IF($A156="","",IF($D156="","REASON MISSING; ","")&IF(NOT(ISNUMBER($C156)),"VALUE NOT NUMERIC; ","")&IF(AND(ISNUMBER($C156),ABS($C156)>4,$A156<>"MARGIN OVERRIDE",$A156<>"TOTAL OVERRIDE"),"LARGE ADJ (>4); ",""))'	'=IF($A156="","",IF($D156="","REASON MISSING; ","")&IF(NOT(ISNUMBER($C156)),"VALUE NOT NUMERIC; ","")&IF(ISNUMBER($C156),IF(AND(ABS($C156)>4,$A156<>"MARGIN OVERRIDE",$A156<>"TOTAL OVERRIDE"),"LARGE ADJ (>4); ",""),""))'
ADJUSTMENTS	J157	'=IF($A157="","",IF(AND($H157="Y",OR($G157="",SETTINGS!$B$5="",$G157>=SETTINGS!$B$5)),1,0))'	'=IF($A157="","",IF(AND($H157="Y",OR($G157="",SETTINGS!$B$5="",$G157>=SETTINGS!$B$5),$K157=""),1,0))'
ADJUSTMENTS	K157	'=IF($A157="","",IF($D157="","REASON MISSING; ","")&IF(NOT(ISNUMBER($C157)),"VALUE NOT NUMERIC; ","")&IF(AND(ISNUMBER($C157),ABS($C157)>4,$A157<>"MARGIN OVERRIDE",$A157<>"TOTAL OVERRIDE"),"LARGE ADJ (>4); ",""))'	'=IF($A157="","",IF($D157="","REASON MISSING; ","")&IF(NOT(ISNUMBER($C157)),"VALUE NOT NUMERIC; ","")&IF(ISNUMBER($C157),IF(AND(ABS($C157)>4,$A157<>"MARGIN OVERRIDE",$A157<>"TOTAL OVERRIDE"),"LARGE ADJ (>4); ",""),""))'
ADJUSTMENTS	J158	'=IF($A158="","",IF(AND($H158="Y",OR($G158="",SETTINGS!$B$5="",$G158>=SETTINGS!$B$5)),1,0))'	'=IF($A158="","",IF(AND($H158="Y",OR($G158="",SETTINGS!$B$5="",$G158>=SETTINGS!$B$5),$K158=""),1,0))'
ADJUSTMENTS	K158	'=IF($A158="","",IF($D158="","REASON MISSING; ","")&IF(NOT(ISNUMBER($C158)),"VALUE NOT NUMERIC; ","")&IF(AND(ISNUMBER($C158),ABS($C158)>4,$A158<>"MARGIN OVERRIDE",$A158<>"TOTAL OVERRIDE"),"LARGE ADJ (>4); ",""))'	'=IF($A158="","",IF($D158="","REASON MISSING; ","")&IF(NOT(ISNUMBER($C158)),"VALUE NOT NUMERIC; ","")&IF(ISNUMBER($C158),IF(AND(ABS($C158)>4,$A158<>"MARGIN OVERRIDE",$A158<>"TOTAL OVERRIDE"),"LARGE ADJ (>4); ",""),""))'
ADJUSTMENTS	J159	'=IF($A159="","",IF(AND($H159="Y",OR($G159="",SETTINGS!$B$5="",$G159>=SETTINGS!$B$5)),1,0))'	'=IF($A159="","",IF(AND($H159="Y",OR($G159="",SETTINGS!$B$5="",$G159>=SETTINGS!$B$5),$K159=""),1,0))'
ADJUSTMENTS	K159	'=IF($A159="","",IF($D159="","REASON MISSING; ","")&IF(NOT(ISNUMBER($C159)),"VALUE NOT NUMERIC; ","")&IF(AND(ISNUMBER($C159),ABS($C159)>4,$A159<>"MARGIN OVERRIDE",$A159<>"TOTAL OVERRIDE"),"LARGE ADJ (>4); ",""))'	'=IF($A159="","",IF($D159="","REASON MISSING; ","")&IF(NOT(ISNUMBER($C159)),"VALUE NOT NUMERIC; ","")&IF(ISNUMBER($C159),IF(AND(ABS($C159)>4,$A159<>"MARGIN OVERRIDE",$A159<>"TOTAL OVERRIDE"),"LARGE ADJ (>4); ",""),""))'
ADJUSTMENTS	J160	'=IF($A160="","",IF(AND($H160="Y",OR($G160="",SETTINGS!$B$5="",$G160>=SETTINGS!$B$5)),1,0))'	'=IF($A160="","",IF(AND($H160="Y",OR($G160="",SETTINGS!$B$5="",$G160>=SETTINGS!$B$5),$K160=""),1,0))'
ADJUSTMENTS	K160	'=IF($A160="","",IF($D160="","REASON MISSING; ","")&IF(NOT(ISNUMBER($C160)),"VALUE NOT NUMERIC; ","")&IF(AND(ISNUMBER($C160),ABS($C160)>4,$A160<>"MARGIN OVERRIDE",$A160<>"TOTAL OVERRIDE"),"LARGE ADJ (>4); ",""))'	'=IF($A160="","",IF($D160="","REASON MISSING; ","")&IF(NOT(ISNUMBER($C160)),"VALUE NOT NUMERIC; ","")&IF(ISNUMBER($C160),IF(AND(ABS($C160)>4,$A160<>"MARGIN OVERRIDE",$A160<>"TOTAL OVERRIDE"),"LARGE ADJ (>4); ",""),""))'
ADJUSTMENTS	J161	'=IF($A161="","",IF(AND($H161="Y",OR($G161="",SETTINGS!$B$5="",$G161>=SETTINGS!$B$5)),1,0))'	'=IF($A161="","",IF(AND($H161="Y",OR($G161="",SETTINGS!$B$5="",$G161>=SETTINGS!$B$5),$K161=""),1,0))'
ADJUSTMENTS	K161	'=IF($A161="","",IF($D161="","REASON MISSING; ","")&IF(NOT(ISNUMBER($C161)),"VALUE NOT NUMERIC; ","")&IF(AND(ISNUMBER($C161),ABS($C161)>4,$A161<>"MARGIN OVERRIDE",$A161<>"TOTAL OVERRIDE"),"LARGE ADJ (>4); ",""))'	'=IF($A161="","",IF($D161="","REASON MISSING; ","")&IF(NOT(ISNUMBER($C161)),"VALUE NOT NUMERIC; ","")&IF(ISNUMBER($C161),IF(AND(ABS($C161)>4,$A161<>"MARGIN OVERRIDE",$A161<>"TOTAL OVERRIDE"),"LARGE ADJ (>4); ",""),""))'
ADJUSTMENTS	J162	'=IF($A162="","",IF(AND($H162="Y",OR($G162="",SETTINGS!$B$5="",$G162>=SETTINGS!$B$5)),1,0))'	'=IF($A162="","",IF(AND($H162="Y",OR($G162="",SETTINGS!$B$5="",$G162>=SETTINGS!$B$5),$K162=""),1,0))'
ADJUSTMENTS	K162	'=IF($A162="","",IF($D162="","REASON MISSING; ","")&IF(NOT(ISNUMBER($C162)),"VALUE NOT NUMERIC; ","")&IF(AND(ISNUMBER($C162),ABS($C162)>4,$A162<>"MARGIN OVERRIDE",$A162<>"TOTAL OVERRIDE"),"LARGE ADJ (>4); ",""))'	'=IF($A162="","",IF($D162="","REASON MISSING; ","")&IF(NOT(ISNUMBER($C162)),"VALUE NOT NUMERIC; ","")&IF(ISNUMBER($C162),IF(AND(ABS($C162)>4,$A162<>"MARGIN OVERRIDE",$A162<>"TOTAL OVERRIDE"),"LARGE ADJ (>4); ",""),""))'
ADJUSTMENTS	J163	'=IF($A163="","",IF(AND($H163="Y",OR($G163="",SETTINGS!$B$5="",$G163>=SETTINGS!$B$5)),1,0))'	'=IF($A163="","",IF(AND($H163="Y",OR($G163="",SETTINGS!$B$5="",$G163>=SETTINGS!$B$5),$K163=""),1,0))'
ADJUSTMENTS	K163	'=IF($A163="","",IF($D163="","REASON MISSING; ","")&IF(NOT(ISNUMBER($C163)),"VALUE NOT NUMERIC; ","")&IF(AND(ISNUMBER($C163),ABS($C163)>4,$A163<>"MARGIN OVERRIDE",$A163<>"TOTAL OVERRIDE"),"LARGE ADJ (>4); ",""))'	'=IF($A163="","",IF($D163="","REASON MISSING; ","")&IF(NOT(ISNUMBER($C163)),"VALUE NOT NUMERIC; ","")&IF(ISNUMBER($C163),IF(AND(ABS($C163)>4,$A163<>"MARGIN OVERRIDE",$A163<>"TOTAL OVERRIDE"),"LARGE ADJ (>4); ",""),""))'
ADJUSTMENTS	J164	'=IF($A164="","",IF(AND($H164="Y",OR($G164="",SETTINGS!$B$5="",$G164>=SETTINGS!$B$5)),1,0))'	'=IF($A164="","",IF(AND($H164="Y",OR($G164="",SETTINGS!$B$5="",$G164>=SETTINGS!$B$5),$K164=""),1,0))'
ADJUSTMENTS	K164	'=IF($A164="","",IF($D164="","REASON MISSING; ","")&IF(NOT(ISNUMBER($C164)),"VALUE NOT NUMERIC; ","")&IF(AND(ISNUMBER($C164),ABS($C164)>4,$A164<>"MARGIN OVERRIDE",$A164<>"TOTAL OVERRIDE"),"LARGE ADJ (>4); ",""))'	'=IF($A164="","",IF($D164="","REASON MISSING; ","")&IF(NOT(ISNUMBER($C164)),"VALUE NOT NUMERIC; ","")&IF(ISNUMBER($C164),IF(AND(ABS($C164)>4,$A164<>"MARGIN OVERRIDE",$A164<>"TOTAL OVERRIDE"),"LARGE ADJ (>4); ",""),""))'
ADJUSTMENTS	J165	'=IF($A165="","",IF(AND($H165="Y",OR($G165="",SETTINGS!$B$5="",$G165>=SETTINGS!$B$5)),1,0))'	'=IF($A165="","",IF(AND($H165="Y",OR($G165="",SETTINGS!$B$5="",$G165>=SETTINGS!$B$5),$K165=""),1,0))'
ADJUSTMENTS	K165	'=IF($A165="","",IF($D165="","REASON MISSING; ","")&IF(NOT(ISNUMBER($C165)),"VALUE NOT NUMERIC; ","")&IF(AND(ISNUMBER($C165),ABS($C165)>4,$A165<>"MARGIN OVERRIDE",$A165<>"TOTAL OVERRIDE"),"LARGE ADJ (>4); ",""))'	'=IF($A165="","",IF($D165="","REASON MISSING; ","")&IF(NOT(ISNUMBER($C165)),"VALUE NOT NUMERIC; ","")&IF(ISNUMBER($C165),IF(AND(ABS($C165)>4,$A165<>"MARGIN OVERRIDE",$A165<>"TOTAL OVERRIDE"),"LARGE ADJ (>4); ",""),""))'
ADJUSTMENTS	J166	'=IF($A166="","",IF(AND($H166="Y",OR($G166="",SETTINGS!$B$5="",$G166>=SETTINGS!$B$5)),1,0))'	'=IF($A166="","",IF(AND($H166="Y",OR($G166="",SETTINGS!$B$5="",$G166>=SETTINGS!$B$5),$K166=""),1,0))'
ADJUSTMENTS	K166	'=IF($A166="","",IF($D166="","REASON MISSING; ","")&IF(NOT(ISNUMBER($C166)),"VALUE NOT NUMERIC; ","")&IF(AND(ISNUMBER($C166),ABS($C166)>4,$A166<>"MARGIN OVERRIDE",$A166<>"TOTAL OVERRIDE"),"LARGE ADJ (>4); ",""))'	'=IF($A166="","",IF($D166="","REASON MISSING; ","")&IF(NOT(ISNUMBER($C166)),"VALUE NOT NUMERIC; ","")&IF(ISNUMBER($C166),IF(AND(ABS($C166)>4,$A166<>"MARGIN OVERRIDE",$A166<>"TOTAL OVERRIDE"),"LARGE ADJ (>4); ",""),""))'
ADJUSTMENTS	J167	'=IF($A167="","",IF(AND($H167="Y",OR($G167="",SETTINGS!$B$5="",$G167>=SETTINGS!$B$5)),1,0))'	'=IF($A167="","",IF(AND($H167="Y",OR($G167="",SETTINGS!$B$5="",$G167>=SETTINGS!$B$5),$K167=""),1,0))'
ADJUSTMENTS	K167	'=IF($A167="","",IF($D167="","REASON MISSING; ","")&IF(NOT(ISNUMBER($C167)),"VALUE NOT NUMERIC; ","")&IF(AND(ISNUMBER($C167),ABS($C167)>4,$A167<>"MARGIN OVERRIDE",$A167<>"TOTAL OVERRIDE"),"LARGE ADJ (>4); ",""))'	'=IF($A167="","",IF($D167="","REASON MISSING; ","")&IF(NOT(ISNUMBER($C167)),"VALUE NOT NUMERIC; ","")&IF(ISNUMBER($C167),IF(AND(ABS($C167)>4,$A167<>"MARGIN OVERRIDE",$A167<>"TOTAL OVERRIDE"),"LARGE ADJ (>4); ",""),""))'
ADJUSTMENTS	J168	'=IF($A168="","",IF(AND($H168="Y",OR($G168="",SETTINGS!$B$5="",$G168>=SETTINGS!$B$5)),1,0))'	'=IF($A168="","",IF(AND($H168="Y",OR($G168="",SETTINGS!$B$5="",$G168>=SETTINGS!$B$5),$K168=""),1,0))'
ADJUSTMENTS	K168	'=IF($A168="","",IF($D168="","REASON MISSING; ","")&IF(NOT(ISNUMBER($C168)),"VALUE NOT NUMERIC; ","")&IF(AND(ISNUMBER($C168),ABS($C168)>4,$A168<>"MARGIN OVERRIDE",$A168<>"TOTAL OVERRIDE"),"LARGE ADJ (>4); ",""))'	'=IF($A168="","",IF($D168="","REASON MISSING; ","")&IF(NOT(ISNUMBER($C168)),"VALUE NOT NUMERIC; ","")&IF(ISNUMBER($C168),IF(AND(ABS($C168)>4,$A168<>"MARGIN OVERRIDE",$A168<>"TOTAL OVERRIDE"),"LARGE ADJ (>4); ",""),""))'
ADJUSTMENTS	J169	'=IF($A169="","",IF(AND($H169="Y",OR($G169="",SETTINGS!$B$5="",$G169>=SETTINGS!$B$5)),1,0))'	'=IF($A169="","",IF(AND($H169="Y",OR($G169="",SETTINGS!$B$5="",$G169>=SETTINGS!$B$5),$K169=""),1,0))'
ADJUSTMENTS	K169	'=IF($A169="","",IF($D169="","REASON MISSING; ","")&IF(NOT(ISNUMBER($C169)),"VALUE NOT NUMERIC; ","")&IF(AND(ISNUMBER($C169),ABS($C169)>4,$A169<>"MARGIN OVERRIDE",$A169<>"TOTAL OVERRIDE"),"LARGE ADJ (>4); ",""))'	'=IF($A169="","",IF($D169="","REASON MISSING; ","")&IF(NOT(ISNUMBER($C169)),"VALUE NOT NUMERIC; ","")&IF(ISNUMBER($C169),IF(AND(ABS($C169)>4,$A169<>"MARGIN OVERRIDE",$A169<>"TOTAL OVERRIDE"),"LARGE ADJ (>4); ",""),""))'
ADJUSTMENTS	J170	'=IF($A170="","",IF(AND($H170="Y",OR($G170="",SETTINGS!$B$5="",$G170>=SETTINGS!$B$5)),1,0))'	'=IF($A170="","",IF(AND($H170="Y",OR($G170="",SETTINGS!$B$5="",$G170>=SETTINGS!$B$5),$K170=""),1,0))'
ADJUSTMENTS	K170	'=IF($A170="","",IF($D170="","REASON MISSING; ","")&IF(NOT(ISNUMBER($C170)),"VALUE NOT NUMERIC; ","")&IF(AND(ISNUMBER($C170),ABS($C170)>4,$A170<>"MARGIN OVERRIDE",$A170<>"TOTAL OVERRIDE"),"LARGE ADJ (>4); ",""))'	'=IF($A170="","",IF($D170="","REASON MISSING; ","")&IF(NOT(ISNUMBER($C170)),"VALUE NOT NUMERIC; ","")&IF(ISNUMBER($C170),IF(AND(ABS($C170)>4,$A170<>"MARGIN OVERRIDE",$A170<>"TOTAL OVERRIDE"),"LARGE ADJ (>4); ",""),""))'
ADJUSTMENTS	J171	'=IF($A171="","",IF(AND($H171="Y",OR($G171="",SETTINGS!$B$5="",$G171>=SETTINGS!$B$5)),1,0))'	'=IF($A171="","",IF(AND($H171="Y",OR($G171="",SETTINGS!$B$5="",$G171>=SETTINGS!$B$5),$K171=""),1,0))'
ADJUSTMENTS	K171	'=IF($A171="","",IF($D171="","REASON MISSING; ","")&IF(NOT(ISNUMBER($C171)),"VALUE NOT NUMERIC; ","")&IF(AND(ISNUMBER($C171),ABS($C171)>4,$A171<>"MARGIN OVERRIDE",$A171<>"TOTAL OVERRIDE"),"LARGE ADJ (>4); ",""))'	'=IF($A171="","",IF($D171="","REASON MISSING; ","")&IF(NOT(ISNUMBER($C171)),"VALUE NOT NUMERIC; ","")&IF(ISNUMBER($C171),IF(AND(ABS($C171)>4,$A171<>"MARGIN OVERRIDE",$A171<>"TOTAL OVERRIDE"),"LARGE ADJ (>4); ",""),""))'
ADJUSTMENTS	J172	'=IF($A172="","",IF(AND($H172="Y",OR($G172="",SETTINGS!$B$5="",$G172>=SETTINGS!$B$5)),1,0))'	'=IF($A172="","",IF(AND($H172="Y",OR($G172="",SETTINGS!$B$5="",$G172>=SETTINGS!$B$5),$K172=""),1,0))'
ADJUSTMENTS	K172	'=IF($A172="","",IF($D172="","REASON MISSING; ","")&IF(NOT(ISNUMBER($C172)),"VALUE NOT NUMERIC; ","")&IF(AND(ISNUMBER($C172),ABS($C172)>4,$A172<>"MARGIN OVERRIDE",$A172<>"TOTAL OVERRIDE"),"LARGE ADJ (>4); ",""))'	'=IF($A172="","",IF($D172="","REASON MISSING; ","")&IF(NOT(ISNUMBER($C172)),"VALUE NOT NUMERIC; ","")&IF(ISNUMBER($C172),IF(AND(ABS($C172)>4,$A172<>"MARGIN OVERRIDE",$A172<>"TOTAL OVERRIDE"),"LARGE ADJ (>4); ",""),""))'
ADJUSTMENTS	J173	'=IF($A173="","",IF(AND($H173="Y",OR($G173="",SETTINGS!$B$5="",$G173>=SETTINGS!$B$5)),1,0))'	'=IF($A173="","",IF(AND($H173="Y",OR($G173="",SETTINGS!$B$5="",$G173>=SETTINGS!$B$5),$K173=""),1,0))'
ADJUSTMENTS	K173	'=IF($A173="","",IF($D173="","REASON MISSING; ","")&IF(NOT(ISNUMBER($C173)),"VALUE NOT NUMERIC; ","")&IF(AND(ISNUMBER($C173),ABS($C173)>4,$A173<>"MARGIN OVERRIDE",$A173<>"TOTAL OVERRIDE"),"LARGE ADJ (>4); ",""))'	'=IF($A173="","",IF($D173="","REASON MISSING; ","")&IF(NOT(ISNUMBER($C173)),"VALUE NOT NUMERIC; ","")&IF(ISNUMBER($C173),IF(AND(ABS($C173)>4,$A173<>"MARGIN OVERRIDE",$A173<>"TOTAL OVERRIDE"),"LARGE ADJ (>4); ",""),""))'
ADJUSTMENTS	J174	'=IF($A174="","",IF(AND($H174="Y",OR($G174="",SETTINGS!$B$5="",$G174>=SETTINGS!$B$5)),1,0))'	'=IF($A174="","",IF(AND($H174="Y",OR($G174="",SETTINGS!$B$5="",$G174>=SETTINGS!$B$5),$K174=""),1,0))'
ADJUSTMENTS	K174	'=IF($A174="","",IF($D174="","REASON MISSING; ","")&IF(NOT(ISNUMBER($C174)),"VALUE NOT NUMERIC; ","")&IF(AND(ISNUMBER($C174),ABS($C174)>4,$A174<>"MARGIN OVERRIDE",$A174<>"TOTAL OVERRIDE"),"LARGE ADJ (>4); ",""))'	'=IF($A174="","",IF($D174="","REASON MISSING; ","")&IF(NOT(ISNUMBER($C174)),"VALUE NOT NUMERIC; ","")&IF(ISNUMBER($C174),IF(AND(ABS($C174)>4,$A174<>"MARGIN OVERRIDE",$A174<>"TOTAL OVERRIDE"),"LARGE ADJ (>4); ",""),""))'
ADJUSTMENTS	J175	'=IF($A175="","",IF(AND($H175="Y",OR($G175="",SETTINGS!$B$5="",$G175>=SETTINGS!$B$5)),1,0))'	'=IF($A175="","",IF(AND($H175="Y",OR($G175="",SETTINGS!$B$5="",$G175>=SETTINGS!$B$5),$K175=""),1,0))'
ADJUSTMENTS	K175	'=IF($A175="","",IF($D175="","REASON MISSING; ","")&IF(NOT(ISNUMBER($C175)),"VALUE NOT NUMERIC; ","")&IF(AND(ISNUMBER($C175),ABS($C175)>4,$A175<>"MARGIN OVERRIDE",$A175<>"TOTAL OVERRIDE"),"LARGE ADJ (>4); ",""))'	'=IF($A175="","",IF($D175="","REASON MISSING; ","")&IF(NOT(ISNUMBER($C175)),"VALUE NOT NUMERIC; ","")&IF(ISNUMBER($C175),IF(AND(ABS($C175)>4,$A175<>"MARGIN OVERRIDE",$A175<>"TOTAL OVERRIDE"),"LARGE ADJ (>4); ",""),""))'
ADJUSTMENTS	J176	'=IF($A176="","",IF(AND($H176="Y",OR($G176="",SETTINGS!$B$5="",$G176>=SETTINGS!$B$5)),1,0))'	'=IF($A176="","",IF(AND($H176="Y",OR($G176="",SETTINGS!$B$5="",$G176>=SETTINGS!$B$5),$K176=""),1,0))'
ADJUSTMENTS	K176	'=IF($A176="","",IF($D176="","REASON MISSING; ","")&IF(NOT(ISNUMBER($C176)),"VALUE NOT NUMERIC; ","")&IF(AND(ISNUMBER($C176),ABS($C176)>4,$A176<>"MARGIN OVERRIDE",$A176<>"TOTAL OVERRIDE"),"LARGE ADJ (>4); ",""))'	'=IF($A176="","",IF($D176="","REASON MISSING; ","")&IF(NOT(ISNUMBER($C176)),"VALUE NOT NUMERIC; ","")&IF(ISNUMBER($C176),IF(AND(ABS($C176)>4,$A176<>"MARGIN OVERRIDE",$A176<>"TOTAL OVERRIDE"),"LARGE ADJ (>4); ",""),""))'
ADJUSTMENTS	J177	'=IF($A177="","",IF(AND($H177="Y",OR($G177="",SETTINGS!$B$5="",$G177>=SETTINGS!$B$5)),1,0))'	'=IF($A177="","",IF(AND($H177="Y",OR($G177="",SETTINGS!$B$5="",$G177>=SETTINGS!$B$5),$K177=""),1,0))'
ADJUSTMENTS	K177	'=IF($A177="","",IF($D177="","REASON MISSING; ","")&IF(NOT(ISNUMBER($C177)),"VALUE NOT NUMERIC; ","")&IF(AND(ISNUMBER($C177),ABS($C177)>4,$A177<>"MARGIN OVERRIDE",$A177<>"TOTAL OVERRIDE"),"LARGE ADJ (>4); ",""))'	'=IF($A177="","",IF($D177="","REASON MISSING; ","")&IF(NOT(ISNUMBER($C177)),"VALUE NOT NUMERIC; ","")&IF(ISNUMBER($C177),IF(AND(ABS($C177)>4,$A177<>"MARGIN OVERRIDE",$A177<>"TOTAL OVERRIDE"),"LARGE ADJ (>4); ",""),""))'
ADJUSTMENTS	J178	'=IF($A178="","",IF(AND($H178="Y",OR($G178="",SETTINGS!$B$5="",$G178>=SETTINGS!$B$5)),1,0))'	'=IF($A178="","",IF(AND($H178="Y",OR($G178="",SETTINGS!$B$5="",$G178>=SETTINGS!$B$5),$K178=""),1,0))'
ADJUSTMENTS	K178	'=IF($A178="","",IF($D178="","REASON MISSING; ","")&IF(NOT(ISNUMBER($C178)),"VALUE NOT NUMERIC; ","")&IF(AND(ISNUMBER($C178),ABS($C178)>4,$A178<>"MARGIN OVERRIDE",$A178<>"TOTAL OVERRIDE"),"LARGE ADJ (>4); ",""))'	'=IF($A178="","",IF($D178="","REASON MISSING; ","")&IF(NOT(ISNUMBER($C178)),"VALUE NOT NUMERIC; ","")&IF(ISNUMBER($C178),IF(AND(ABS($C178)>4,$A178<>"MARGIN OVERRIDE",$A178<>"TOTAL OVERRIDE"),"LARGE ADJ (>4); ",""),""))'
ADJUSTMENTS	J179	'=IF($A179="","",IF(AND($H179="Y",OR($G179="",SETTINGS!$B$5="",$G179>=SETTINGS!$B$5)),1,0))'	'=IF($A179="","",IF(AND($H179="Y",OR($G179="",SETTINGS!$B$5="",$G179>=SETTINGS!$B$5),$K179=""),1,0))'
ADJUSTMENTS	K179	'=IF($A179="","",IF($D179="","REASON MISSING; ","")&IF(NOT(ISNUMBER($C179)),"VALUE NOT NUMERIC; ","")&IF(AND(ISNUMBER($C179),ABS($C179)>4,$A179<>"MARGIN OVERRIDE",$A179<>"TOTAL OVERRIDE"),"LARGE ADJ (>4); ",""))'	'=IF($A179="","",IF($D179="","REASON MISSING; ","")&IF(NOT(ISNUMBER($C179)),"VALUE NOT NUMERIC; ","")&IF(ISNUMBER($C179),IF(AND(ABS($C179)>4,$A179<>"MARGIN OVERRIDE",$A179<>"TOTAL OVERRIDE"),"LARGE ADJ (>4); ",""),""))'
ADJUSTMENTS	J180	'=IF($A180="","",IF(AND($H180="Y",OR($G180="",SETTINGS!$B$5="",$G180>=SETTINGS!$B$5)),1,0))'	'=IF($A180="","",IF(AND($H180="Y",OR($G180="",SETTINGS!$B$5="",$G180>=SETTINGS!$B$5),$K180=""),1,0))'
ADJUSTMENTS	K180	'=IF($A180="","",IF($D180="","REASON MISSING; ","")&IF(NOT(ISNUMBER($C180)),"VALUE NOT NUMERIC; ","")&IF(AND(ISNUMBER($C180),ABS($C180)>4,$A180<>"MARGIN OVERRIDE",$A180<>"TOTAL OVERRIDE"),"LARGE ADJ (>4); ",""))'	'=IF($A180="","",IF($D180="","REASON MISSING; ","")&IF(NOT(ISNUMBER($C180)),"VALUE NOT NUMERIC; ","")&IF(ISNUMBER($C180),IF(AND(ABS($C180)>4,$A180<>"MARGIN OVERRIDE",$A180<>"TOTAL OVERRIDE"),"LARGE ADJ (>4); ",""),""))'
ADJUSTMENTS	J181	'=IF($A181="","",IF(AND($H181="Y",OR($G181="",SETTINGS!$B$5="",$G181>=SETTINGS!$B$5)),1,0))'	'=IF($A181="","",IF(AND($H181="Y",OR($G181="",SETTINGS!$B$5="",$G181>=SETTINGS!$B$5),$K181=""),1,0))'
ADJUSTMENTS	K181	'=IF($A181="","",IF($D181="","REASON MISSING; ","")&IF(NOT(ISNUMBER($C181)),"VALUE NOT NUMERIC; ","")&IF(AND(ISNUMBER($C181),ABS($C181)>4,$A181<>"MARGIN OVERRIDE",$A181<>"TOTAL OVERRIDE"),"LARGE ADJ (>4); ",""))'	'=IF($A181="","",IF($D181="","REASON MISSING; ","")&IF(NOT(ISNUMBER($C181)),"VALUE NOT NUMERIC; ","")&IF(ISNUMBER($C181),IF(AND(ABS($C181)>4,$A181<>"MARGIN OVERRIDE",$A181<>"TOTAL OVERRIDE"),"LARGE ADJ (>4); ",""),""))'
ADJUSTMENTS	J182	'=IF($A182="","",IF(AND($H182="Y",OR($G182="",SETTINGS!$B$5="",$G182>=SETTINGS!$B$5)),1,0))'	'=IF($A182="","",IF(AND($H182="Y",OR($G182="",SETTINGS!$B$5="",$G182>=SETTINGS!$B$5),$K182=""),1,0))'
ADJUSTMENTS	K182	'=IF($A182="","",IF($D182="","REASON MISSING; ","")&IF(NOT(ISNUMBER($C182)),"VALUE NOT NUMERIC; ","")&IF(AND(ISNUMBER($C182),ABS($C182)>4,$A182<>"MARGIN OVERRIDE",$A182<>"TOTAL OVERRIDE"),"LARGE ADJ (>4); ",""))'	'=IF($A182="","",IF($D182="","REASON MISSING; ","")&IF(NOT(ISNUMBER($C182)),"VALUE NOT NUMERIC; ","")&IF(ISNUMBER($C182),IF(AND(ABS($C182)>4,$A182<>"MARGIN OVERRIDE",$A182<>"TOTAL OVERRIDE"),"LARGE ADJ (>4); ",""),""))'
ADJUSTMENTS	J183	'=IF($A183="","",IF(AND($H183="Y",OR($G183="",SETTINGS!$B$5="",$G183>=SETTINGS!$B$5)),1,0))'	'=IF($A183="","",IF(AND($H183="Y",OR($G183="",SETTINGS!$B$5="",$G183>=SETTINGS!$B$5),$K183=""),1,0))'
ADJUSTMENTS	K183	'=IF($A183="","",IF($D183="","REASON MISSING; ","")&IF(NOT(ISNUMBER($C183)),"VALUE NOT NUMERIC; ","")&IF(AND(ISNUMBER($C183),ABS($C183)>4,$A183<>"MARGIN OVERRIDE",$A183<>"TOTAL OVERRIDE"),"LARGE ADJ (>4); ",""))'	'=IF($A183="","",IF($D183="","REASON MISSING; ","")&IF(NOT(ISNUMBER($C183)),"VALUE NOT NUMERIC; ","")&IF(ISNUMBER($C183),IF(AND(ABS($C183)>4,$A183<>"MARGIN OVERRIDE",$A183<>"TOTAL OVERRIDE"),"LARGE ADJ (>4); ",""),""))'
ADJUSTMENTS	J184	'=IF($A184="","",IF(AND($H184="Y",OR($G184="",SETTINGS!$B$5="",$G184>=SETTINGS!$B$5)),1,0))'	'=IF($A184="","",IF(AND($H184="Y",OR($G184="",SETTINGS!$B$5="",$G184>=SETTINGS!$B$5),$K184=""),1,0))'
ADJUSTMENTS	K184	'=IF($A184="","",IF($D184="","REASON MISSING; ","")&IF(NOT(ISNUMBER($C184)),"VALUE NOT NUMERIC; ","")&IF(AND(ISNUMBER($C184),ABS($C184)>4,$A184<>"MARGIN OVERRIDE",$A184<>"TOTAL OVERRIDE"),"LARGE ADJ (>4); ",""))'	'=IF($A184="","",IF($D184="","REASON MISSING; ","")&IF(NOT(ISNUMBER($C184)),"VALUE NOT NUMERIC; ","")&IF(ISNUMBER($C184),IF(AND(ABS($C184)>4,$A184<>"MARGIN OVERRIDE",$A184<>"TOTAL OVERRIDE"),"LARGE ADJ (>4); ",""),""))'
ADJUSTMENTS	J185	'=IF($A185="","",IF(AND($H185="Y",OR($G185="",SETTINGS!$B$5="",$G185>=SETTINGS!$B$5)),1,0))'	'=IF($A185="","",IF(AND($H185="Y",OR($G185="",SETTINGS!$B$5="",$G185>=SETTINGS!$B$5),$K185=""),1,0))'
ADJUSTMENTS	K185	'=IF($A185="","",IF($D185="","REASON MISSING; ","")&IF(NOT(ISNUMBER($C185)),"VALUE NOT NUMERIC; ","")&IF(AND(ISNUMBER($C185),ABS($C185)>4,$A185<>"MARGIN OVERRIDE",$A185<>"TOTAL OVERRIDE"),"LARGE ADJ (>4); ",""))'	'=IF($A185="","",IF($D185="","REASON MISSING; ","")&IF(NOT(ISNUMBER($C185)),"VALUE NOT NUMERIC; ","")&IF(ISNUMBER($C185),IF(AND(ABS($C185)>4,$A185<>"MARGIN OVERRIDE",$A185<>"TOTAL OVERRIDE"),"LARGE ADJ (>4); ",""),""))'
ADJUSTMENTS	J186	'=IF($A186="","",IF(AND($H186="Y",OR($G186="",SETTINGS!$B$5="",$G186>=SETTINGS!$B$5)),1,0))'	'=IF($A186="","",IF(AND($H186="Y",OR($G186="",SETTINGS!$B$5="",$G186>=SETTINGS!$B$5),$K186=""),1,0))'
ADJUSTMENTS	K186	'=IF($A186="","",IF($D186="","REASON MISSING; ","")&IF(NOT(ISNUMBER($C186)),"VALUE NOT NUMERIC; ","")&IF(AND(ISNUMBER($C186),ABS($C186)>4,$A186<>"MARGIN OVERRIDE",$A186<>"TOTAL OVERRIDE"),"LARGE ADJ (>4); ",""))'	'=IF($A186="","",IF($D186="","REASON MISSING; ","")&IF(NOT(ISNUMBER($C186)),"VALUE NOT NUMERIC; ","")&IF(ISNUMBER($C186),IF(AND(ABS($C186)>4,$A186<>"MARGIN OVERRIDE",$A186<>"TOTAL OVERRIDE"),"LARGE ADJ (>4); ",""),""))'
ADJUSTMENTS	J187	'=IF($A187="","",IF(AND($H187="Y",OR($G187="",SETTINGS!$B$5="",$G187>=SETTINGS!$B$5)),1,0))'	'=IF($A187="","",IF(AND($H187="Y",OR($G187="",SETTINGS!$B$5="",$G187>=SETTINGS!$B$5),$K187=""),1,0))'
ADJUSTMENTS	K187	'=IF($A187="","",IF($D187="","REASON MISSING; ","")&IF(NOT(ISNUMBER($C187)),"VALUE NOT NUMERIC; ","")&IF(AND(ISNUMBER($C187),ABS($C187)>4,$A187<>"MARGIN OVERRIDE",$A187<>"TOTAL OVERRIDE"),"LARGE ADJ (>4); ",""))'	'=IF($A187="","",IF($D187="","REASON MISSING; ","")&IF(NOT(ISNUMBER($C187)),"VALUE NOT NUMERIC; ","")&IF(ISNUMBER($C187),IF(AND(ABS($C187)>4,$A187<>"MARGIN OVERRIDE",$A187<>"TOTAL OVERRIDE"),"LARGE ADJ (>4); ",""),""))'
ADJUSTMENTS	J188	'=IF($A188="","",IF(AND($H188="Y",OR($G188="",SETTINGS!$B$5="",$G188>=SETTINGS!$B$5)),1,0))'	'=IF($A188="","",IF(AND($H188="Y",OR($G188="",SETTINGS!$B$5="",$G188>=SETTINGS!$B$5),$K188=""),1,0))'
ADJUSTMENTS	K188	'=IF($A188="","",IF($D188="","REASON MISSING; ","")&IF(NOT(ISNUMBER($C188)),"VALUE NOT NUMERIC; ","")&IF(AND(ISNUMBER($C188),ABS($C188)>4,$A188<>"MARGIN OVERRIDE",$A188<>"TOTAL OVERRIDE"),"LARGE ADJ (>4); ",""))'	'=IF($A188="","",IF($D188="","REASON MISSING; ","")&IF(NOT(ISNUMBER($C188)),"VALUE NOT NUMERIC; ","")&IF(ISNUMBER($C188),IF(AND(ABS($C188)>4,$A188<>"MARGIN OVERRIDE",$A188<>"TOTAL OVERRIDE"),"LARGE ADJ (>4); ",""),""))'
ADJUSTMENTS	J189	'=IF($A189="","",IF(AND($H189="Y",OR($G189="",SETTINGS!$B$5="",$G189>=SETTINGS!$B$5)),1,0))'	'=IF($A189="","",IF(AND($H189="Y",OR($G189="",SETTINGS!$B$5="",$G189>=SETTINGS!$B$5),$K189=""),1,0))'
ADJUSTMENTS	K189	'=IF($A189="","",IF($D189="","REASON MISSING; ","")&IF(NOT(ISNUMBER($C189)),"VALUE NOT NUMERIC; ","")&IF(AND(ISNUMBER($C189),ABS($C189)>4,$A189<>"MARGIN OVERRIDE",$A189<>"TOTAL OVERRIDE"),"LARGE ADJ (>4); ",""))'	'=IF($A189="","",IF($D189="","REASON MISSING; ","")&IF(NOT(ISNUMBER($C189)),"VALUE NOT NUMERIC; ","")&IF(ISNUMBER($C189),IF(AND(ABS($C189)>4,$A189<>"MARGIN OVERRIDE",$A189<>"TOTAL OVERRIDE"),"LARGE ADJ (>4); ",""),""))'
ADJUSTMENTS	J190	'=IF($A190="","",IF(AND($H190="Y",OR($G190="",SETTINGS!$B$5="",$G190>=SETTINGS!$B$5)),1,0))'	'=IF($A190="","",IF(AND($H190="Y",OR($G190="",SETTINGS!$B$5="",$G190>=SETTINGS!$B$5),$K190=""),1,0))'
ADJUSTMENTS	K190	'=IF($A190="","",IF($D190="","REASON MISSING; ","")&IF(NOT(ISNUMBER($C190)),"VALUE NOT NUMERIC; ","")&IF(AND(ISNUMBER($C190),ABS($C190)>4,$A190<>"MARGIN OVERRIDE",$A190<>"TOTAL OVERRIDE"),"LARGE ADJ (>4); ",""))'	'=IF($A190="","",IF($D190="","REASON MISSING; ","")&IF(NOT(ISNUMBER($C190)),"VALUE NOT NUMERIC; ","")&IF(ISNUMBER($C190),IF(AND(ABS($C190)>4,$A190<>"MARGIN OVERRIDE",$A190<>"TOTAL OVERRIDE"),"LARGE ADJ (>4); ",""),""))'
ADJUSTMENTS	J191	'=IF($A191="","",IF(AND($H191="Y",OR($G191="",SETTINGS!$B$5="",$G191>=SETTINGS!$B$5)),1,0))'	'=IF($A191="","",IF(AND($H191="Y",OR($G191="",SETTINGS!$B$5="",$G191>=SETTINGS!$B$5),$K191=""),1,0))'
ADJUSTMENTS	K191	'=IF($A191="","",IF($D191="","REASON MISSING; ","")&IF(NOT(ISNUMBER($C191)),"VALUE NOT NUMERIC; ","")&IF(AND(ISNUMBER($C191),ABS($C191)>4,$A191<>"MARGIN OVERRIDE",$A191<>"TOTAL OVERRIDE"),"LARGE ADJ (>4); ",""))'	'=IF($A191="","",IF($D191="","REASON MISSING; ","")&IF(NOT(ISNUMBER($C191)),"VALUE NOT NUMERIC; ","")&IF(ISNUMBER($C191),IF(AND(ABS($C191)>4,$A191<>"MARGIN OVERRIDE",$A191<>"TOTAL OVERRIDE"),"LARGE ADJ (>4); ",""),""))'
ADJUSTMENTS	J192	'=IF($A192="","",IF(AND($H192="Y",OR($G192="",SETTINGS!$B$5="",$G192>=SETTINGS!$B$5)),1,0))'	'=IF($A192="","",IF(AND($H192="Y",OR($G192="",SETTINGS!$B$5="",$G192>=SETTINGS!$B$5),$K192=""),1,0))'
ADJUSTMENTS	K192	'=IF($A192="","",IF($D192="","REASON MISSING; ","")&IF(NOT(ISNUMBER($C192)),"VALUE NOT NUMERIC; ","")&IF(AND(ISNUMBER($C192),ABS($C192)>4,$A192<>"MARGIN OVERRIDE",$A192<>"TOTAL OVERRIDE"),"LARGE ADJ (>4); ",""))'	'=IF($A192="","",IF($D192="","REASON MISSING; ","")&IF(NOT(ISNUMBER($C192)),"VALUE NOT NUMERIC; ","")&IF(ISNUMBER($C192),IF(AND(ABS($C192)>4,$A192<>"MARGIN OVERRIDE",$A192<>"TOTAL OVERRIDE"),"LARGE ADJ (>4); ",""),""))'
ADJUSTMENTS	J193	'=IF($A193="","",IF(AND($H193="Y",OR($G193="",SETTINGS!$B$5="",$G193>=SETTINGS!$B$5)),1,0))'	'=IF($A193="","",IF(AND($H193="Y",OR($G193="",SETTINGS!$B$5="",$G193>=SETTINGS!$B$5),$K193=""),1,0))'
ADJUSTMENTS	K193	'=IF($A193="","",IF($D193="","REASON MISSING; ","")&IF(NOT(ISNUMBER($C193)),"VALUE NOT NUMERIC; ","")&IF(AND(ISNUMBER($C193),ABS($C193)>4,$A193<>"MARGIN OVERRIDE",$A193<>"TOTAL OVERRIDE"),"LARGE ADJ (>4); ",""))'	'=IF($A193="","",IF($D193="","REASON MISSING; ","")&IF(NOT(ISNUMBER($C193)),"VALUE NOT NUMERIC; ","")&IF(ISNUMBER($C193),IF(AND(ABS($C193)>4,$A193<>"MARGIN OVERRIDE",$A193<>"TOTAL OVERRIDE"),"LARGE ADJ (>4); ",""),""))'
ADJUSTMENTS	J194	'=IF($A194="","",IF(AND($H194="Y",OR($G194="",SETTINGS!$B$5="",$G194>=SETTINGS!$B$5)),1,0))'	'=IF($A194="","",IF(AND($H194="Y",OR($G194="",SETTINGS!$B$5="",$G194>=SETTINGS!$B$5),$K194=""),1,0))'
ADJUSTMENTS	K194	'=IF($A194="","",IF($D194="","REASON MISSING; ","")&IF(NOT(ISNUMBER($C194)),"VALUE NOT NUMERIC; ","")&IF(AND(ISNUMBER($C194),ABS($C194)>4,$A194<>"MARGIN OVERRIDE",$A194<>"TOTAL OVERRIDE"),"LARGE ADJ (>4); ",""))'	'=IF($A194="","",IF($D194="","REASON MISSING; ","")&IF(NOT(ISNUMBER($C194)),"VALUE NOT NUMERIC; ","")&IF(ISNUMBER($C194),IF(AND(ABS($C194)>4,$A194<>"MARGIN OVERRIDE",$A194<>"TOTAL OVERRIDE"),"LARGE ADJ (>4); ",""),""))'
ADJUSTMENTS	J195	'=IF($A195="","",IF(AND($H195="Y",OR($G195="",SETTINGS!$B$5="",$G195>=SETTINGS!$B$5)),1,0))'	'=IF($A195="","",IF(AND($H195="Y",OR($G195="",SETTINGS!$B$5="",$G195>=SETTINGS!$B$5),$K195=""),1,0))'
ADJUSTMENTS	K195	'=IF($A195="","",IF($D195="","REASON MISSING; ","")&IF(NOT(ISNUMBER($C195)),"VALUE NOT NUMERIC; ","")&IF(AND(ISNUMBER($C195),ABS($C195)>4,$A195<>"MARGIN OVERRIDE",$A195<>"TOTAL OVERRIDE"),"LARGE ADJ (>4); ",""))'	'=IF($A195="","",IF($D195="","REASON MISSING; ","")&IF(NOT(ISNUMBER($C195)),"VALUE NOT NUMERIC; ","")&IF(ISNUMBER($C195),IF(AND(ABS($C195)>4,$A195<>"MARGIN OVERRIDE",$A195<>"TOTAL OVERRIDE"),"LARGE ADJ (>4); ",""),""))'
ADJUSTMENTS	J196	'=IF($A196="","",IF(AND($H196="Y",OR($G196="",SETTINGS!$B$5="",$G196>=SETTINGS!$B$5)),1,0))'	'=IF($A196="","",IF(AND($H196="Y",OR($G196="",SETTINGS!$B$5="",$G196>=SETTINGS!$B$5),$K196=""),1,0))'
ADJUSTMENTS	K196	'=IF($A196="","",IF($D196="","REASON MISSING; ","")&IF(NOT(ISNUMBER($C196)),"VALUE NOT NUMERIC; ","")&IF(AND(ISNUMBER($C196),ABS($C196)>4,$A196<>"MARGIN OVERRIDE",$A196<>"TOTAL OVERRIDE"),"LARGE ADJ (>4); ",""))'	'=IF($A196="","",IF($D196="","REASON MISSING; ","")&IF(NOT(ISNUMBER($C196)),"VALUE NOT NUMERIC; ","")&IF(ISNUMBER($C196),IF(AND(ABS($C196)>4,$A196<>"MARGIN OVERRIDE",$A196<>"TOTAL OVERRIDE"),"LARGE ADJ (>4); ",""),""))'
ADJUSTMENTS	J197	'=IF($A197="","",IF(AND($H197="Y",OR($G197="",SETTINGS!$B$5="",$G197>=SETTINGS!$B$5)),1,0))'	'=IF($A197="","",IF(AND($H197="Y",OR($G197="",SETTINGS!$B$5="",$G197>=SETTINGS!$B$5),$K197=""),1,0))'
ADJUSTMENTS	K197	'=IF($A197="","",IF($D197="","REASON MISSING; ","")&IF(NOT(ISNUMBER($C197)),"VALUE NOT NUMERIC; ","")&IF(AND(ISNUMBER($C197),ABS($C197)>4,$A197<>"MARGIN OVERRIDE",$A197<>"TOTAL OVERRIDE"),"LARGE ADJ (>4); ",""))'	'=IF($A197="","",IF($D197="","REASON MISSING; ","")&IF(NOT(ISNUMBER($C197)),"VALUE NOT NUMERIC; ","")&IF(ISNUMBER($C197),IF(AND(ABS($C197)>4,$A197<>"MARGIN OVERRIDE",$A197<>"TOTAL OVERRIDE"),"LARGE ADJ (>4); ",""),""))'
ADJUSTMENTS	J198	'=IF($A198="","",IF(AND($H198="Y",OR($G198="",SETTINGS!$B$5="",$G198>=SETTINGS!$B$5)),1,0))'	'=IF($A198="","",IF(AND($H198="Y",OR($G198="",SETTINGS!$B$5="",$G198>=SETTINGS!$B$5),$K198=""),1,0))'
ADJUSTMENTS	K198	'=IF($A198="","",IF($D198="","REASON MISSING; ","")&IF(NOT(ISNUMBER($C198)),"VALUE NOT NUMERIC; ","")&IF(AND(ISNUMBER($C198),ABS($C198)>4,$A198<>"MARGIN OVERRIDE",$A198<>"TOTAL OVERRIDE"),"LARGE ADJ (>4); ",""))'	'=IF($A198="","",IF($D198="","REASON MISSING; ","")&IF(NOT(ISNUMBER($C198)),"VALUE NOT NUMERIC; ","")&IF(ISNUMBER($C198),IF(AND(ABS($C198)>4,$A198<>"MARGIN OVERRIDE",$A198<>"TOTAL OVERRIDE"),"LARGE ADJ (>4); ",""),""))'
ADJUSTMENTS	J199	'=IF($A199="","",IF(AND($H199="Y",OR($G199="",SETTINGS!$B$5="",$G199>=SETTINGS!$B$5)),1,0))'	'=IF($A199="","",IF(AND($H199="Y",OR($G199="",SETTINGS!$B$5="",$G199>=SETTINGS!$B$5),$K199=""),1,0))'
ADJUSTMENTS	K199	'=IF($A199="","",IF($D199="","REASON MISSING; ","")&IF(NOT(ISNUMBER($C199)),"VALUE NOT NUMERIC; ","")&IF(AND(ISNUMBER($C199),ABS($C199)>4,$A199<>"MARGIN OVERRIDE",$A199<>"TOTAL OVERRIDE"),"LARGE ADJ (>4); ",""))'	'=IF($A199="","",IF($D199="","REASON MISSING; ","")&IF(NOT(ISNUMBER($C199)),"VALUE NOT NUMERIC; ","")&IF(ISNUMBER($C199),IF(AND(ABS($C199)>4,$A199<>"MARGIN OVERRIDE",$A199<>"TOTAL OVERRIDE"),"LARGE ADJ (>4); ",""),""))'
ADJUSTMENTS	J200	'=IF($A200="","",IF(AND($H200="Y",OR($G200="",SETTINGS!$B$5="",$G200>=SETTINGS!$B$5)),1,0))'	'=IF($A200="","",IF(AND($H200="Y",OR($G200="",SETTINGS!$B$5="",$G200>=SETTINGS!$B$5),$K200=""),1,0))'
ADJUSTMENTS	K200	'=IF($A200="","",IF($D200="","REASON MISSING; ","")&IF(NOT(ISNUMBER($C200)),"VALUE NOT NUMERIC; ","")&IF(AND(ISNUMBER($C200),ABS($C200)>4,$A200<>"MARGIN OVERRIDE",$A200<>"TOTAL OVERRIDE"),"LARGE ADJ (>4); ",""))'	'=IF($A200="","",IF($D200="","REASON MISSING; ","")&IF(NOT(ISNUMBER($C200)),"VALUE NOT NUMERIC; ","")&IF(ISNUMBER($C200),IF(AND(ABS($C200)>4,$A200<>"MARGIN OVERRIDE",$A200<>"TOTAL OVERRIDE"),"LARGE ADJ (>4); ",""),""))'
ADJUSTMENTS	J201	'=IF($A201="","",IF(AND($H201="Y",OR($G201="",SETTINGS!$B$5="",$G201>=SETTINGS!$B$5)),1,0))'	'=IF($A201="","",IF(AND($H201="Y",OR($G201="",SETTINGS!$B$5="",$G201>=SETTINGS!$B$5),$K201=""),1,0))'
ADJUSTMENTS	K201	'=IF($A201="","",IF($D201="","REASON MISSING; ","")&IF(NOT(ISNUMBER($C201)),"VALUE NOT NUMERIC; ","")&IF(AND(ISNUMBER($C201),ABS($C201)>4,$A201<>"MARGIN OVERRIDE",$A201<>"TOTAL OVERRIDE"),"LARGE ADJ (>4); ",""))'	'=IF($A201="","",IF($D201="","REASON MISSING; ","")&IF(NOT(ISNUMBER($C201)),"VALUE NOT NUMERIC; ","")&IF(ISNUMBER($C201),IF(AND(ABS($C201)>4,$A201<>"MARGIN OVERRIDE",$A201<>"TOTAL OVERRIDE"),"LARGE ADJ (>4); ",""),""))'
ADJUSTMENTS	J202	'=IF($A202="","",IF(AND($H202="Y",OR($G202="",SETTINGS!$B$5="",$G202>=SETTINGS!$B$5)),1,0))'	'=IF($A202="","",IF(AND($H202="Y",OR($G202="",SETTINGS!$B$5="",$G202>=SETTINGS!$B$5),$K202=""),1,0))'
ADJUSTMENTS	K202	'=IF($A202="","",IF($D202="","REASON MISSING; ","")&IF(NOT(ISNUMBER($C202)),"VALUE NOT NUMERIC; ","")&IF(AND(ISNUMBER($C202),ABS($C202)>4,$A202<>"MARGIN OVERRIDE",$A202<>"TOTAL OVERRIDE"),"LARGE ADJ (>4); ",""))'	'=IF($A202="","",IF($D202="","REASON MISSING; ","")&IF(NOT(ISNUMBER($C202)),"VALUE NOT NUMERIC; ","")&IF(ISNUMBER($C202),IF(AND(ABS($C202)>4,$A202<>"MARGIN OVERRIDE",$A202<>"TOTAL OVERRIDE"),"LARGE ADJ (>4); ",""),""))'
ADJUSTMENTS	J203	'=IF($A203="","",IF(AND($H203="Y",OR($G203="",SETTINGS!$B$5="",$G203>=SETTINGS!$B$5)),1,0))'	'=IF($A203="","",IF(AND($H203="Y",OR($G203="",SETTINGS!$B$5="",$G203>=SETTINGS!$B$5),$K203=""),1,0))'
ADJUSTMENTS	K203	'=IF($A203="","",IF($D203="","REASON MISSING; ","")&IF(NOT(ISNUMBER($C203)),"VALUE NOT NUMERIC; ","")&IF(AND(ISNUMBER($C203),ABS($C203)>4,$A203<>"MARGIN OVERRIDE",$A203<>"TOTAL OVERRIDE"),"LARGE ADJ (>4); ",""))'	'=IF($A203="","",IF($D203="","REASON MISSING; ","")&IF(NOT(ISNUMBER($C203)),"VALUE NOT NUMERIC; ","")&IF(ISNUMBER($C203),IF(AND(ABS($C203)>4,$A203<>"MARGIN OVERRIDE",$A203<>"TOTAL OVERRIDE"),"LARGE ADJ (>4); ",""),""))'
ADJUSTMENTS	J204	'=IF($A204="","",IF(AND($H204="Y",OR($G204="",SETTINGS!$B$5="",$G204>=SETTINGS!$B$5)),1,0))'	'=IF($A204="","",IF(AND($H204="Y",OR($G204="",SETTINGS!$B$5="",$G204>=SETTINGS!$B$5),$K204=""),1,0))'
ADJUSTMENTS	K204	'=IF($A204="","",IF($D204="","REASON MISSING; ","")&IF(NOT(ISNUMBER($C204)),"VALUE NOT NUMERIC; ","")&IF(AND(ISNUMBER($C204),ABS($C204)>4,$A204<>"MARGIN OVERRIDE",$A204<>"TOTAL OVERRIDE"),"LARGE ADJ (>4); ",""))'	'=IF($A204="","",IF($D204="","REASON MISSING; ","")&IF(NOT(ISNUMBER($C204)),"VALUE NOT NUMERIC; ","")&IF(ISNUMBER($C204),IF(AND(ABS($C204)>4,$A204<>"MARGIN OVERRIDE",$A204<>"TOTAL OVERRIDE"),"LARGE ADJ (>4); ",""),""))'
ADJUSTMENTS	J205	'=IF($A205="","",IF(AND($H205="Y",OR($G205="",SETTINGS!$B$5="",$G205>=SETTINGS!$B$5)),1,0))'	'=IF($A205="","",IF(AND($H205="Y",OR($G205="",SETTINGS!$B$5="",$G205>=SETTINGS!$B$5),$K205=""),1,0))'
ADJUSTMENTS	K205	'=IF($A205="","",IF($D205="","REASON MISSING; ","")&IF(NOT(ISNUMBER($C205)),"VALUE NOT NUMERIC; ","")&IF(AND(ISNUMBER($C205),ABS($C205)>4,$A205<>"MARGIN OVERRIDE",$A205<>"TOTAL OVERRIDE"),"LARGE ADJ (>4); ",""))'	'=IF($A205="","",IF($D205="","REASON MISSING; ","")&IF(NOT(ISNUMBER($C205)),"VALUE NOT NUMERIC; ","")&IF(ISNUMBER($C205),IF(AND(ABS($C205)>4,$A205<>"MARGIN OVERRIDE",$A205<>"TOTAL OVERRIDE"),"LARGE ADJ (>4); ",""),""))'
ADJUSTMENTS	J206	'=IF($A206="","",IF(AND($H206="Y",OR($G206="",SETTINGS!$B$5="",$G206>=SETTINGS!$B$5)),1,0))'	'=IF($A206="","",IF(AND($H206="Y",OR($G206="",SETTINGS!$B$5="",$G206>=SETTINGS!$B$5),$K206=""),1,0))'
ADJUSTMENTS	K206	'=IF($A206="","",IF($D206="","REASON MISSING; ","")&IF(NOT(ISNUMBER($C206)),"VALUE NOT NUMERIC; ","")&IF(AND(ISNUMBER($C206),ABS($C206)>4,$A206<>"MARGIN OVERRIDE",$A206<>"TOTAL OVERRIDE"),"LARGE ADJ (>4); ",""))'	'=IF($A206="","",IF($D206="","REASON MISSING; ","")&IF(NOT(ISNUMBER($C206)),"VALUE NOT NUMERIC; ","")&IF(ISNUMBER($C206),IF(AND(ABS($C206)>4,$A206<>"MARGIN OVERRIDE",$A206<>"TOTAL OVERRIDE"),"LARGE ADJ (>4); ",""),""))'
ADJUSTMENTS	J207	'=IF($A207="","",IF(AND($H207="Y",OR($G207="",SETTINGS!$B$5="",$G207>=SETTINGS!$B$5)),1,0))'	'=IF($A207="","",IF(AND($H207="Y",OR($G207="",SETTINGS!$B$5="",$G207>=SETTINGS!$B$5),$K207=""),1,0))'
ADJUSTMENTS	K207	'=IF($A207="","",IF($D207="","REASON MISSING; ","")&IF(NOT(ISNUMBER($C207)),"VALUE NOT NUMERIC; ","")&IF(AND(ISNUMBER($C207),ABS($C207)>4,$A207<>"MARGIN OVERRIDE",$A207<>"TOTAL OVERRIDE"),"LARGE ADJ (>4); ",""))'	'=IF($A207="","",IF($D207="","REASON MISSING; ","")&IF(NOT(ISNUMBER($C207)),"VALUE NOT NUMERIC; ","")&IF(ISNUMBER($C207),IF(AND(ABS($C207)>4,$A207<>"MARGIN OVERRIDE",$A207<>"TOTAL OVERRIDE"),"LARGE ADJ (>4); ",""),""))'
ADJUSTMENTS	J208	'=IF($A208="","",IF(AND($H208="Y",OR($G208="",SETTINGS!$B$5="",$G208>=SETTINGS!$B$5)),1,0))'	'=IF($A208="","",IF(AND($H208="Y",OR($G208="",SETTINGS!$B$5="",$G208>=SETTINGS!$B$5),$K208=""),1,0))'
ADJUSTMENTS	K208	'=IF($A208="","",IF($D208="","REASON MISSING; ","")&IF(NOT(ISNUMBER($C208)),"VALUE NOT NUMERIC; ","")&IF(AND(ISNUMBER($C208),ABS($C208)>4,$A208<>"MARGIN OVERRIDE",$A208<>"TOTAL OVERRIDE"),"LARGE ADJ (>4); ",""))'	'=IF($A208="","",IF($D208="","REASON MISSING; ","")&IF(NOT(ISNUMBER($C208)),"VALUE NOT NUMERIC; ","")&IF(ISNUMBER($C208),IF(AND(ABS($C208)>4,$A208<>"MARGIN OVERRIDE",$A208<>"TOTAL OVERRIDE"),"LARGE ADJ (>4); ",""),""))'
ADJUSTMENTS	J209	'=IF($A209="","",IF(AND($H209="Y",OR($G209="",SETTINGS!$B$5="",$G209>=SETTINGS!$B$5)),1,0))'	'=IF($A209="","",IF(AND($H209="Y",OR($G209="",SETTINGS!$B$5="",$G209>=SETTINGS!$B$5),$K209=""),1,0))'
ADJUSTMENTS	K209	'=IF($A209="","",IF($D209="","REASON MISSING; ","")&IF(NOT(ISNUMBER($C209)),"VALUE NOT NUMERIC; ","")&IF(AND(ISNUMBER($C209),ABS($C209)>4,$A209<>"MARGIN OVERRIDE",$A209<>"TOTAL OVERRIDE"),"LARGE ADJ (>4); ",""))'	'=IF($A209="","",IF($D209="","REASON MISSING; ","")&IF(NOT(ISNUMBER($C209)),"VALUE NOT NUMERIC; ","")&IF(ISNUMBER($C209),IF(AND(ABS($C209)>4,$A209<>"MARGIN OVERRIDE",$A209<>"TOTAL OVERRIDE"),"LARGE ADJ (>4); ",""),""))'
ADJUSTMENTS	J210	'=IF($A210="","",IF(AND($H210="Y",OR($G210="",SETTINGS!$B$5="",$G210>=SETTINGS!$B$5)),1,0))'	'=IF($A210="","",IF(AND($H210="Y",OR($G210="",SETTINGS!$B$5="",$G210>=SETTINGS!$B$5),$K210=""),1,0))'
ADJUSTMENTS	K210	'=IF($A210="","",IF($D210="","REASON MISSING; ","")&IF(NOT(ISNUMBER($C210)),"VALUE NOT NUMERIC; ","")&IF(AND(ISNUMBER($C210),ABS($C210)>4,$A210<>"MARGIN OVERRIDE",$A210<>"TOTAL OVERRIDE"),"LARGE ADJ (>4); ",""))'	'=IF($A210="","",IF($D210="","REASON MISSING; ","")&IF(NOT(ISNUMBER($C210)),"VALUE NOT NUMERIC; ","")&IF(ISNUMBER($C210),IF(AND(ABS($C210)>4,$A210<>"MARGIN OVERRIDE",$A210<>"TOTAL OVERRIDE"),"LARGE ADJ (>4); ",""),""))'
ADJUSTMENTS	J211	'=IF($A211="","",IF(AND($H211="Y",OR($G211="",SETTINGS!$B$5="",$G211>=SETTINGS!$B$5)),1,0))'	'=IF($A211="","",IF(AND($H211="Y",OR($G211="",SETTINGS!$B$5="",$G211>=SETTINGS!$B$5),$K211=""),1,0))'
ADJUSTMENTS	K211	'=IF($A211="","",IF($D211="","REASON MISSING; ","")&IF(NOT(ISNUMBER($C211)),"VALUE NOT NUMERIC; ","")&IF(AND(ISNUMBER($C211),ABS($C211)>4,$A211<>"MARGIN OVERRIDE",$A211<>"TOTAL OVERRIDE"),"LARGE ADJ (>4); ",""))'	'=IF($A211="","",IF($D211="","REASON MISSING; ","")&IF(NOT(ISNUMBER($C211)),"VALUE NOT NUMERIC; ","")&IF(ISNUMBER($C211),IF(AND(ABS($C211)>4,$A211<>"MARGIN OVERRIDE",$A211<>"TOTAL OVERRIDE"),"LARGE ADJ (>4); ",""),""))'
ADJUSTMENTS	J212	'=IF($A212="","",IF(AND($H212="Y",OR($G212="",SETTINGS!$B$5="",$G212>=SETTINGS!$B$5)),1,0))'	'=IF($A212="","",IF(AND($H212="Y",OR($G212="",SETTINGS!$B$5="",$G212>=SETTINGS!$B$5),$K212=""),1,0))'
ADJUSTMENTS	K212	'=IF($A212="","",IF($D212="","REASON MISSING; ","")&IF(NOT(ISNUMBER($C212)),"VALUE NOT NUMERIC; ","")&IF(AND(ISNUMBER($C212),ABS($C212)>4,$A212<>"MARGIN OVERRIDE",$A212<>"TOTAL OVERRIDE"),"LARGE ADJ (>4); ",""))'	'=IF($A212="","",IF($D212="","REASON MISSING; ","")&IF(NOT(ISNUMBER($C212)),"VALUE NOT NUMERIC; ","")&IF(ISNUMBER($C212),IF(AND(ABS($C212)>4,$A212<>"MARGIN OVERRIDE",$A212<>"TOTAL OVERRIDE"),"LARGE ADJ (>4); ",""),""))'
ADJUSTMENTS	J213	'=IF($A213="","",IF(AND($H213="Y",OR($G213="",SETTINGS!$B$5="",$G213>=SETTINGS!$B$5)),1,0))'	'=IF($A213="","",IF(AND($H213="Y",OR($G213="",SETTINGS!$B$5="",$G213>=SETTINGS!$B$5),$K213=""),1,0))'
ADJUSTMENTS	K213	'=IF($A213="","",IF($D213="","REASON MISSING; ","")&IF(NOT(ISNUMBER($C213)),"VALUE NOT NUMERIC; ","")&IF(AND(ISNUMBER($C213),ABS($C213)>4,$A213<>"MARGIN OVERRIDE",$A213<>"TOTAL OVERRIDE"),"LARGE ADJ (>4); ",""))'	'=IF($A213="","",IF($D213="","REASON MISSING; ","")&IF(NOT(ISNUMBER($C213)),"VALUE NOT NUMERIC; ","")&IF(ISNUMBER($C213),IF(AND(ABS($C213)>4,$A213<>"MARGIN OVERRIDE",$A213<>"TOTAL OVERRIDE"),"LARGE ADJ (>4); ",""),""))'
ADJUSTMENTS	J214	'=IF($A214="","",IF(AND($H214="Y",OR($G214="",SETTINGS!$B$5="",$G214>=SETTINGS!$B$5)),1,0))'	'=IF($A214="","",IF(AND($H214="Y",OR($G214="",SETTINGS!$B$5="",$G214>=SETTINGS!$B$5),$K214=""),1,0))'
ADJUSTMENTS	K214	'=IF($A214="","",IF($D214="","REASON MISSING; ","")&IF(NOT(ISNUMBER($C214)),"VALUE NOT NUMERIC; ","")&IF(AND(ISNUMBER($C214),ABS($C214)>4,$A214<>"MARGIN OVERRIDE",$A214<>"TOTAL OVERRIDE"),"LARGE ADJ (>4); ",""))'	'=IF($A214="","",IF($D214="","REASON MISSING; ","")&IF(NOT(ISNUMBER($C214)),"VALUE NOT NUMERIC; ","")&IF(ISNUMBER($C214),IF(AND(ABS($C214)>4,$A214<>"MARGIN OVERRIDE",$A214<>"TOTAL OVERRIDE"),"LARGE ADJ (>4); ",""),""))'
ADJUSTMENTS	J215	'=IF($A215="","",IF(AND($H215="Y",OR($G215="",SETTINGS!$B$5="",$G215>=SETTINGS!$B$5)),1,0))'	'=IF($A215="","",IF(AND($H215="Y",OR($G215="",SETTINGS!$B$5="",$G215>=SETTINGS!$B$5),$K215=""),1,0))'
ADJUSTMENTS	K215	'=IF($A215="","",IF($D215="","REASON MISSING; ","")&IF(NOT(ISNUMBER($C215)),"VALUE NOT NUMERIC; ","")&IF(AND(ISNUMBER($C215),ABS($C215)>4,$A215<>"MARGIN OVERRIDE",$A215<>"TOTAL OVERRIDE"),"LARGE ADJ (>4); ",""))'	'=IF($A215="","",IF($D215="","REASON MISSING; ","")&IF(NOT(ISNUMBER($C215)),"VALUE NOT NUMERIC; ","")&IF(ISNUMBER($C215),IF(AND(ABS($C215)>4,$A215<>"MARGIN OVERRIDE",$A215<>"TOTAL OVERRIDE"),"LARGE ADJ (>4); ",""),""))'
ADJUSTMENTS	J216	'=IF($A216="","",IF(AND($H216="Y",OR($G216="",SETTINGS!$B$5="",$G216>=SETTINGS!$B$5)),1,0))'	'=IF($A216="","",IF(AND($H216="Y",OR($G216="",SETTINGS!$B$5="",$G216>=SETTINGS!$B$5),$K216=""),1,0))'
ADJUSTMENTS	K216	'=IF($A216="","",IF($D216="","REASON MISSING; ","")&IF(NOT(ISNUMBER($C216)),"VALUE NOT NUMERIC; ","")&IF(AND(ISNUMBER($C216),ABS($C216)>4,$A216<>"MARGIN OVERRIDE",$A216<>"TOTAL OVERRIDE"),"LARGE ADJ (>4); ",""))'	'=IF($A216="","",IF($D216="","REASON MISSING; ","")&IF(NOT(ISNUMBER($C216)),"VALUE NOT NUMERIC; ","")&IF(ISNUMBER($C216),IF(AND(ABS($C216)>4,$A216<>"MARGIN OVERRIDE",$A216<>"TOTAL OVERRIDE"),"LARGE ADJ (>4); ",""),""))'
ADJUSTMENTS	J217	'=IF($A217="","",IF(AND($H217="Y",OR($G217="",SETTINGS!$B$5="",$G217>=SETTINGS!$B$5)),1,0))'	'=IF($A217="","",IF(AND($H217="Y",OR($G217="",SETTINGS!$B$5="",$G217>=SETTINGS!$B$5),$K217=""),1,0))'
ADJUSTMENTS	K217	'=IF($A217="","",IF($D217="","REASON MISSING; ","")&IF(NOT(ISNUMBER($C217)),"VALUE NOT NUMERIC; ","")&IF(AND(ISNUMBER($C217),ABS($C217)>4,$A217<>"MARGIN OVERRIDE",$A217<>"TOTAL OVERRIDE"),"LARGE ADJ (>4); ",""))'	'=IF($A217="","",IF($D217="","REASON MISSING; ","")&IF(NOT(ISNUMBER($C217)),"VALUE NOT NUMERIC; ","")&IF(ISNUMBER($C217),IF(AND(ABS($C217)>4,$A217<>"MARGIN OVERRIDE",$A217<>"TOTAL OVERRIDE"),"LARGE ADJ (>4); ",""),""))'
ADJUSTMENTS	J218	'=IF($A218="","",IF(AND($H218="Y",OR($G218="",SETTINGS!$B$5="",$G218>=SETTINGS!$B$5)),1,0))'	'=IF($A218="","",IF(AND($H218="Y",OR($G218="",SETTINGS!$B$5="",$G218>=SETTINGS!$B$5),$K218=""),1,0))'
ADJUSTMENTS	K218	'=IF($A218="","",IF($D218="","REASON MISSING; ","")&IF(NOT(ISNUMBER($C218)),"VALUE NOT NUMERIC; ","")&IF(AND(ISNUMBER($C218),ABS($C218)>4,$A218<>"MARGIN OVERRIDE",$A218<>"TOTAL OVERRIDE"),"LARGE ADJ (>4); ",""))'	'=IF($A218="","",IF($D218="","REASON MISSING; ","")&IF(NOT(ISNUMBER($C218)),"VALUE NOT NUMERIC; ","")&IF(ISNUMBER($C218),IF(AND(ABS($C218)>4,$A218<>"MARGIN OVERRIDE",$A218<>"TOTAL OVERRIDE"),"LARGE ADJ (>4); ",""),""))'
ADJUSTMENTS	J219	'=IF($A219="","",IF(AND($H219="Y",OR($G219="",SETTINGS!$B$5="",$G219>=SETTINGS!$B$5)),1,0))'	'=IF($A219="","",IF(AND($H219="Y",OR($G219="",SETTINGS!$B$5="",$G219>=SETTINGS!$B$5),$K219=""),1,0))'
ADJUSTMENTS	K219	'=IF($A219="","",IF($D219="","REASON MISSING; ","")&IF(NOT(ISNUMBER($C219)),"VALUE NOT NUMERIC; ","")&IF(AND(ISNUMBER($C219),ABS($C219)>4,$A219<>"MARGIN OVERRIDE",$A219<>"TOTAL OVERRIDE"),"LARGE ADJ (>4); ",""))'	'=IF($A219="","",IF($D219="","REASON MISSING; ","")&IF(NOT(ISNUMBER($C219)),"VALUE NOT NUMERIC; ","")&IF(ISNUMBER($C219),IF(AND(ABS($C219)>4,$A219<>"MARGIN OVERRIDE",$A219<>"TOTAL OVERRIDE"),"LARGE ADJ (>4); ",""),""))'
ADJUSTMENTS	J220	'=IF($A220="","",IF(AND($H220="Y",OR($G220="",SETTINGS!$B$5="",$G220>=SETTINGS!$B$5)),1,0))'	'=IF($A220="","",IF(AND($H220="Y",OR($G220="",SETTINGS!$B$5="",$G220>=SETTINGS!$B$5),$K220=""),1,0))'
ADJUSTMENTS	K220	'=IF($A220="","",IF($D220="","REASON MISSING; ","")&IF(NOT(ISNUMBER($C220)),"VALUE NOT NUMERIC; ","")&IF(AND(ISNUMBER($C220),ABS($C220)>4,$A220<>"MARGIN OVERRIDE",$A220<>"TOTAL OVERRIDE"),"LARGE ADJ (>4); ",""))'	'=IF($A220="","",IF($D220="","REASON MISSING; ","")&IF(NOT(ISNUMBER($C220)),"VALUE NOT NUMERIC; ","")&IF(ISNUMBER($C220),IF(AND(ABS($C220)>4,$A220<>"MARGIN OVERRIDE",$A220<>"TOTAL OVERRIDE"),"LARGE ADJ (>4); ",""),""))'
ADJUSTMENTS	J221	'=IF($A221="","",IF(AND($H221="Y",OR($G221="",SETTINGS!$B$5="",$G221>=SETTINGS!$B$5)),1,0))'	'=IF($A221="","",IF(AND($H221="Y",OR($G221="",SETTINGS!$B$5="",$G221>=SETTINGS!$B$5),$K221=""),1,0))'
ADJUSTMENTS	K221	'=IF($A221="","",IF($D221="","REASON MISSING; ","")&IF(NOT(ISNUMBER($C221)),"VALUE NOT NUMERIC; ","")&IF(AND(ISNUMBER($C221),ABS($C221)>4,$A221<>"MARGIN OVERRIDE",$A221<>"TOTAL OVERRIDE"),"LARGE ADJ (>4); ",""))'	'=IF($A221="","",IF($D221="","REASON MISSING; ","")&IF(NOT(ISNUMBER($C221)),"VALUE NOT NUMERIC; ","")&IF(ISNUMBER($C221),IF(AND(ABS($C221)>4,$A221<>"MARGIN OVERRIDE",$A221<>"TOTAL OVERRIDE"),"LARGE ADJ (>4); ",""),""))'
ADJUSTMENTS	J222	'=IF($A222="","",IF(AND($H222="Y",OR($G222="",SETTINGS!$B$5="",$G222>=SETTINGS!$B$5)),1,0))'	'=IF($A222="","",IF(AND($H222="Y",OR($G222="",SETTINGS!$B$5="",$G222>=SETTINGS!$B$5),$K222=""),1,0))'
ADJUSTMENTS	K222	'=IF($A222="","",IF($D222="","REASON MISSING; ","")&IF(NOT(ISNUMBER($C222)),"VALUE NOT NUMERIC; ","")&IF(AND(ISNUMBER($C222),ABS($C222)>4,$A222<>"MARGIN OVERRIDE",$A222<>"TOTAL OVERRIDE"),"LARGE ADJ (>4); ",""))'	'=IF($A222="","",IF($D222="","REASON MISSING; ","")&IF(NOT(ISNUMBER($C222)),"VALUE NOT NUMERIC; ","")&IF(ISNUMBER($C222),IF(AND(ABS($C222)>4,$A222<>"MARGIN OVERRIDE",$A222<>"TOTAL OVERRIDE"),"LARGE ADJ (>4); ",""),""))'
ADJUSTMENTS	J223	'=IF($A223="","",IF(AND($H223="Y",OR($G223="",SETTINGS!$B$5="",$G223>=SETTINGS!$B$5)),1,0))'	'=IF($A223="","",IF(AND($H223="Y",OR($G223="",SETTINGS!$B$5="",$G223>=SETTINGS!$B$5),$K223=""),1,0))'
ADJUSTMENTS	K223	'=IF($A223="","",IF($D223="","REASON MISSING; ","")&IF(NOT(ISNUMBER($C223)),"VALUE NOT NUMERIC; ","")&IF(AND(ISNUMBER($C223),ABS($C223)>4,$A223<>"MARGIN OVERRIDE",$A223<>"TOTAL OVERRIDE"),"LARGE ADJ (>4); ",""))'	'=IF($A223="","",IF($D223="","REASON MISSING; ","")&IF(NOT(ISNUMBER($C223)),"VALUE NOT NUMERIC; ","")&IF(ISNUMBER($C223),IF(AND(ABS($C223)>4,$A223<>"MARGIN OVERRIDE",$A223<>"TOTAL OVERRIDE"),"LARGE ADJ (>4); ",""),""))'
ADJUSTMENTS	J224	'=IF($A224="","",IF(AND($H224="Y",OR($G224="",SETTINGS!$B$5="",$G224>=SETTINGS!$B$5)),1,0))'	'=IF($A224="","",IF(AND($H224="Y",OR($G224="",SETTINGS!$B$5="",$G224>=SETTINGS!$B$5),$K224=""),1,0))'
ADJUSTMENTS	K224	'=IF($A224="","",IF($D224="","REASON MISSING; ","")&IF(NOT(ISNUMBER($C224)),"VALUE NOT NUMERIC; ","")&IF(AND(ISNUMBER($C224),ABS($C224)>4,$A224<>"MARGIN OVERRIDE",$A224<>"TOTAL OVERRIDE"),"LARGE ADJ (>4); ",""))'	'=IF($A224="","",IF($D224="","REASON MISSING; ","")&IF(NOT(ISNUMBER($C224)),"VALUE NOT NUMERIC; ","")&IF(ISNUMBER($C224),IF(AND(ABS($C224)>4,$A224<>"MARGIN OVERRIDE",$A224<>"TOTAL OVERRIDE"),"LARGE ADJ (>4); ",""),""))'
ADJUSTMENTS	J225	'=IF($A225="","",IF(AND($H225="Y",OR($G225="",SETTINGS!$B$5="",$G225>=SETTINGS!$B$5)),1,0))'	'=IF($A225="","",IF(AND($H225="Y",OR($G225="",SETTINGS!$B$5="",$G225>=SETTINGS!$B$5),$K225=""),1,0))'
ADJUSTMENTS	K225	'=IF($A225="","",IF($D225="","REASON MISSING; ","")&IF(NOT(ISNUMBER($C225)),"VALUE NOT NUMERIC; ","")&IF(AND(ISNUMBER($C225),ABS($C225)>4,$A225<>"MARGIN OVERRIDE",$A225<>"TOTAL OVERRIDE"),"LARGE ADJ (>4); ",""))'	'=IF($A225="","",IF($D225="","REASON MISSING; ","")&IF(NOT(ISNUMBER($C225)),"VALUE NOT NUMERIC; ","")&IF(ISNUMBER($C225),IF(AND(ABS($C225)>4,$A225<>"MARGIN OVERRIDE",$A225<>"TOTAL OVERRIDE"),"LARGE ADJ (>4); ",""),""))'
ADJUSTMENTS	J226	'=IF($A226="","",IF(AND($H226="Y",OR($G226="",SETTINGS!$B$5="",$G226>=SETTINGS!$B$5)),1,0))'	'=IF($A226="","",IF(AND($H226="Y",OR($G226="",SETTINGS!$B$5="",$G226>=SETTINGS!$B$5),$K226=""),1,0))'
ADJUSTMENTS	K226	'=IF($A226="","",IF($D226="","REASON MISSING; ","")&IF(NOT(ISNUMBER($C226)),"VALUE NOT NUMERIC; ","")&IF(AND(ISNUMBER($C226),ABS($C226)>4,$A226<>"MARGIN OVERRIDE",$A226<>"TOTAL OVERRIDE"),"LARGE ADJ (>4); ",""))'	'=IF($A226="","",IF($D226="","REASON MISSING; ","")&IF(NOT(ISNUMBER($C226)),"VALUE NOT NUMERIC; ","")&IF(ISNUMBER($C226),IF(AND(ABS($C226)>4,$A226<>"MARGIN OVERRIDE",$A226<>"TOTAL OVERRIDE"),"LARGE ADJ (>4); ",""),""))'
ADJUSTMENTS	J227	'=IF($A227="","",IF(AND($H227="Y",OR($G227="",SETTINGS!$B$5="",$G227>=SETTINGS!$B$5)),1,0))'	'=IF($A227="","",IF(AND($H227="Y",OR($G227="",SETTINGS!$B$5="",$G227>=SETTINGS!$B$5),$K227=""),1,0))'
ADJUSTMENTS	K227	'=IF($A227="","",IF($D227="","REASON MISSING; ","")&IF(NOT(ISNUMBER($C227)),"VALUE NOT NUMERIC; ","")&IF(AND(ISNUMBER($C227),ABS($C227)>4,$A227<>"MARGIN OVERRIDE",$A227<>"TOTAL OVERRIDE"),"LARGE ADJ (>4); ",""))'	'=IF($A227="","",IF($D227="","REASON MISSING; ","")&IF(NOT(ISNUMBER($C227)),"VALUE NOT NUMERIC; ","")&IF(ISNUMBER($C227),IF(AND(ABS($C227)>4,$A227<>"MARGIN OVERRIDE",$A227<>"TOTAL OVERRIDE"),"LARGE ADJ (>4); ",""),""))'
ADJUSTMENTS	J228	'=IF($A228="","",IF(AND($H228="Y",OR($G228="",SETTINGS!$B$5="",$G228>=SETTINGS!$B$5)),1,0))'	'=IF($A228="","",IF(AND($H228="Y",OR($G228="",SETTINGS!$B$5="",$G228>=SETTINGS!$B$5),$K228=""),1,0))'
ADJUSTMENTS	K228	'=IF($A228="","",IF($D228="","REASON MISSING; ","")&IF(NOT(ISNUMBER($C228)),"VALUE NOT NUMERIC; ","")&IF(AND(ISNUMBER($C228),ABS($C228)>4,$A228<>"MARGIN OVERRIDE",$A228<>"TOTAL OVERRIDE"),"LARGE ADJ (>4); ",""))'	'=IF($A228="","",IF($D228="","REASON MISSING; ","")&IF(NOT(ISNUMBER($C228)),"VALUE NOT NUMERIC; ","")&IF(ISNUMBER($C228),IF(AND(ABS($C228)>4,$A228<>"MARGIN OVERRIDE",$A228<>"TOTAL OVERRIDE"),"LARGE ADJ (>4); ",""),""))'
ADJUSTMENTS	J229	'=IF($A229="","",IF(AND($H229="Y",OR($G229="",SETTINGS!$B$5="",$G229>=SETTINGS!$B$5)),1,0))'	'=IF($A229="","",IF(AND($H229="Y",OR($G229="",SETTINGS!$B$5="",$G229>=SETTINGS!$B$5),$K229=""),1,0))'
ADJUSTMENTS	K229	'=IF($A229="","",IF($D229="","REASON MISSING; ","")&IF(NOT(ISNUMBER($C229)),"VALUE NOT NUMERIC; ","")&IF(AND(ISNUMBER($C229),ABS($C229)>4,$A229<>"MARGIN OVERRIDE",$A229<>"TOTAL OVERRIDE"),"LARGE ADJ (>4); ",""))'	'=IF($A229="","",IF($D229="","REASON MISSING; ","")&IF(NOT(ISNUMBER($C229)),"VALUE NOT NUMERIC; ","")&IF(ISNUMBER($C229),IF(AND(ABS($C229)>4,$A229<>"MARGIN OVERRIDE",$A229<>"TOTAL OVERRIDE"),"LARGE ADJ (>4); ",""),""))'
ADJUSTMENTS	J230	'=IF($A230="","",IF(AND($H230="Y",OR($G230="",SETTINGS!$B$5="",$G230>=SETTINGS!$B$5)),1,0))'	'=IF($A230="","",IF(AND($H230="Y",OR($G230="",SETTINGS!$B$5="",$G230>=SETTINGS!$B$5),$K230=""),1,0))'
ADJUSTMENTS	K230	'=IF($A230="","",IF($D230="","REASON MISSING; ","")&IF(NOT(ISNUMBER($C230)),"VALUE NOT NUMERIC; ","")&IF(AND(ISNUMBER($C230),ABS($C230)>4,$A230<>"MARGIN OVERRIDE",$A230<>"TOTAL OVERRIDE"),"LARGE ADJ (>4); ",""))'	'=IF($A230="","",IF($D230="","REASON MISSING; ","")&IF(NOT(ISNUMBER($C230)),"VALUE NOT NUMERIC; ","")&IF(ISNUMBER($C230),IF(AND(ABS($C230)>4,$A230<>"MARGIN OVERRIDE",$A230<>"TOTAL OVERRIDE"),"LARGE ADJ (>4); ",""),""))'
ADJUSTMENTS	J231	'=IF($A231="","",IF(AND($H231="Y",OR($G231="",SETTINGS!$B$5="",$G231>=SETTINGS!$B$5)),1,0))'	'=IF($A231="","",IF(AND($H231="Y",OR($G231="",SETTINGS!$B$5="",$G231>=SETTINGS!$B$5),$K231=""),1,0))'
ADJUSTMENTS	K231	'=IF($A231="","",IF($D231="","REASON MISSING; ","")&IF(NOT(ISNUMBER($C231)),"VALUE NOT NUMERIC; ","")&IF(AND(ISNUMBER($C231),ABS($C231)>4,$A231<>"MARGIN OVERRIDE",$A231<>"TOTAL OVERRIDE"),"LARGE ADJ (>4); ",""))'	'=IF($A231="","",IF($D231="","REASON MISSING; ","")&IF(NOT(ISNUMBER($C231)),"VALUE NOT NUMERIC; ","")&IF(ISNUMBER($C231),IF(AND(ABS($C231)>4,$A231<>"MARGIN OVERRIDE",$A231<>"TOTAL OVERRIDE"),"LARGE ADJ (>4); ",""),""))'
ADJUSTMENTS	J232	'=IF($A232="","",IF(AND($H232="Y",OR($G232="",SETTINGS!$B$5="",$G232>=SETTINGS!$B$5)),1,0))'	'=IF($A232="","",IF(AND($H232="Y",OR($G232="",SETTINGS!$B$5="",$G232>=SETTINGS!$B$5),$K232=""),1,0))'
ADJUSTMENTS	K232	'=IF($A232="","",IF($D232="","REASON MISSING; ","")&IF(NOT(ISNUMBER($C232)),"VALUE NOT NUMERIC; ","")&IF(AND(ISNUMBER($C232),ABS($C232)>4,$A232<>"MARGIN OVERRIDE",$A232<>"TOTAL OVERRIDE"),"LARGE ADJ (>4); ",""))'	'=IF($A232="","",IF($D232="","REASON MISSING; ","")&IF(NOT(ISNUMBER($C232)),"VALUE NOT NUMERIC; ","")&IF(ISNUMBER($C232),IF(AND(ABS($C232)>4,$A232<>"MARGIN OVERRIDE",$A232<>"TOTAL OVERRIDE"),"LARGE ADJ (>4); ",""),""))'
ADJUSTMENTS	J233	'=IF($A233="","",IF(AND($H233="Y",OR($G233="",SETTINGS!$B$5="",$G233>=SETTINGS!$B$5)),1,0))'	'=IF($A233="","",IF(AND($H233="Y",OR($G233="",SETTINGS!$B$5="",$G233>=SETTINGS!$B$5),$K233=""),1,0))'
ADJUSTMENTS	K233	'=IF($A233="","",IF($D233="","REASON MISSING; ","")&IF(NOT(ISNUMBER($C233)),"VALUE NOT NUMERIC; ","")&IF(AND(ISNUMBER($C233),ABS($C233)>4,$A233<>"MARGIN OVERRIDE",$A233<>"TOTAL OVERRIDE"),"LARGE ADJ (>4); ",""))'	'=IF($A233="","",IF($D233="","REASON MISSING; ","")&IF(NOT(ISNUMBER($C233)),"VALUE NOT NUMERIC; ","")&IF(ISNUMBER($C233),IF(AND(ABS($C233)>4,$A233<>"MARGIN OVERRIDE",$A233<>"TOTAL OVERRIDE"),"LARGE ADJ (>4); ",""),""))'
ADJUSTMENTS	J234	'=IF($A234="","",IF(AND($H234="Y",OR($G234="",SETTINGS!$B$5="",$G234>=SETTINGS!$B$5)),1,0))'	'=IF($A234="","",IF(AND($H234="Y",OR($G234="",SETTINGS!$B$5="",$G234>=SETTINGS!$B$5),$K234=""),1,0))'
ADJUSTMENTS	K234	'=IF($A234="","",IF($D234="","REASON MISSING; ","")&IF(NOT(ISNUMBER($C234)),"VALUE NOT NUMERIC; ","")&IF(AND(ISNUMBER($C234),ABS($C234)>4,$A234<>"MARGIN OVERRIDE",$A234<>"TOTAL OVERRIDE"),"LARGE ADJ (>4); ",""))'	'=IF($A234="","",IF($D234="","REASON MISSING; ","")&IF(NOT(ISNUMBER($C234)),"VALUE NOT NUMERIC; ","")&IF(ISNUMBER($C234),IF(AND(ABS($C234)>4,$A234<>"MARGIN OVERRIDE",$A234<>"TOTAL OVERRIDE"),"LARGE ADJ (>4); ",""),""))'
ADJUSTMENTS	J235	'=IF($A235="","",IF(AND($H235="Y",OR($G235="",SETTINGS!$B$5="",$G235>=SETTINGS!$B$5)),1,0))'	'=IF($A235="","",IF(AND($H235="Y",OR($G235="",SETTINGS!$B$5="",$G235>=SETTINGS!$B$5),$K235=""),1,0))'
ADJUSTMENTS	K235	'=IF($A235="","",IF($D235="","REASON MISSING; ","")&IF(NOT(ISNUMBER($C235)),"VALUE NOT NUMERIC; ","")&IF(AND(ISNUMBER($C235),ABS($C235)>4,$A235<>"MARGIN OVERRIDE",$A235<>"TOTAL OVERRIDE"),"LARGE ADJ (>4); ",""))'	'=IF($A235="","",IF($D235="","REASON MISSING; ","")&IF(NOT(ISNUMBER($C235)),"VALUE NOT NUMERIC; ","")&IF(ISNUMBER($C235),IF(AND(ABS($C235)>4,$A235<>"MARGIN OVERRIDE",$A235<>"TOTAL OVERRIDE"),"LARGE ADJ (>4); ",""),""))'
ADJUSTMENTS	J236	'=IF($A236="","",IF(AND($H236="Y",OR($G236="",SETTINGS!$B$5="",$G236>=SETTINGS!$B$5)),1,0))'	'=IF($A236="","",IF(AND($H236="Y",OR($G236="",SETTINGS!$B$5="",$G236>=SETTINGS!$B$5),$K236=""),1,0))'
ADJUSTMENTS	K236	'=IF($A236="","",IF($D236="","REASON MISSING; ","")&IF(NOT(ISNUMBER($C236)),"VALUE NOT NUMERIC; ","")&IF(AND(ISNUMBER($C236),ABS($C236)>4,$A236<>"MARGIN OVERRIDE",$A236<>"TOTAL OVERRIDE"),"LARGE ADJ (>4); ",""))'	'=IF($A236="","",IF($D236="","REASON MISSING; ","")&IF(NOT(ISNUMBER($C236)),"VALUE NOT NUMERIC; ","")&IF(ISNUMBER($C236),IF(AND(ABS($C236)>4,$A236<>"MARGIN OVERRIDE",$A236<>"TOTAL OVERRIDE"),"LARGE ADJ (>4); ",""),""))'
ADJUSTMENTS	J237	'=IF($A237="","",IF(AND($H237="Y",OR($G237="",SETTINGS!$B$5="",$G237>=SETTINGS!$B$5)),1,0))'	'=IF($A237="","",IF(AND($H237="Y",OR($G237="",SETTINGS!$B$5="",$G237>=SETTINGS!$B$5),$K237=""),1,0))'
ADJUSTMENTS	K237	'=IF($A237="","",IF($D237="","REASON MISSING; ","")&IF(NOT(ISNUMBER($C237)),"VALUE NOT NUMERIC; ","")&IF(AND(ISNUMBER($C237),ABS($C237)>4,$A237<>"MARGIN OVERRIDE",$A237<>"TOTAL OVERRIDE"),"LARGE ADJ (>4); ",""))'	'=IF($A237="","",IF($D237="","REASON MISSING; ","")&IF(NOT(ISNUMBER($C237)),"VALUE NOT NUMERIC; ","")&IF(ISNUMBER($C237),IF(AND(ABS($C237)>4,$A237<>"MARGIN OVERRIDE",$A237<>"TOTAL OVERRIDE"),"LARGE ADJ (>4); ",""),""))'
ADJUSTMENTS	J238	'=IF($A238="","",IF(AND($H238="Y",OR($G238="",SETTINGS!$B$5="",$G238>=SETTINGS!$B$5)),1,0))'	'=IF($A238="","",IF(AND($H238="Y",OR($G238="",SETTINGS!$B$5="",$G238>=SETTINGS!$B$5),$K238=""),1,0))'
ADJUSTMENTS	K238	'=IF($A238="","",IF($D238="","REASON MISSING; ","")&IF(NOT(ISNUMBER($C238)),"VALUE NOT NUMERIC; ","")&IF(AND(ISNUMBER($C238),ABS($C238)>4,$A238<>"MARGIN OVERRIDE",$A238<>"TOTAL OVERRIDE"),"LARGE ADJ (>4); ",""))'	'=IF($A238="","",IF($D238="","REASON MISSING; ","")&IF(NOT(ISNUMBER($C238)),"VALUE NOT NUMERIC; ","")&IF(ISNUMBER($C238),IF(AND(ABS($C238)>4,$A238<>"MARGIN OVERRIDE",$A238<>"TOTAL OVERRIDE"),"LARGE ADJ (>4); ",""),""))'
ADJUSTMENTS	J239	'=IF($A239="","",IF(AND($H239="Y",OR($G239="",SETTINGS!$B$5="",$G239>=SETTINGS!$B$5)),1,0))'	'=IF($A239="","",IF(AND($H239="Y",OR($G239="",SETTINGS!$B$5="",$G239>=SETTINGS!$B$5),$K239=""),1,0))'
ADJUSTMENTS	K239	'=IF($A239="","",IF($D239="","REASON MISSING; ","")&IF(NOT(ISNUMBER($C239)),"VALUE NOT NUMERIC; ","")&IF(AND(ISNUMBER($C239),ABS($C239)>4,$A239<>"MARGIN OVERRIDE",$A239<>"TOTAL OVERRIDE"),"LARGE ADJ (>4); ",""))'	'=IF($A239="","",IF($D239="","REASON MISSING; ","")&IF(NOT(ISNUMBER($C239)),"VALUE NOT NUMERIC; ","")&IF(ISNUMBER($C239),IF(AND(ABS($C239)>4,$A239<>"MARGIN OVERRIDE",$A239<>"TOTAL OVERRIDE"),"LARGE ADJ (>4); ",""),""))'
ADJUSTMENTS	J240	'=IF($A240="","",IF(AND($H240="Y",OR($G240="",SETTINGS!$B$5="",$G240>=SETTINGS!$B$5)),1,0))'	'=IF($A240="","",IF(AND($H240="Y",OR($G240="",SETTINGS!$B$5="",$G240>=SETTINGS!$B$5),$K240=""),1,0))'
ADJUSTMENTS	K240	'=IF($A240="","",IF($D240="","REASON MISSING; ","")&IF(NOT(ISNUMBER($C240)),"VALUE NOT NUMERIC; ","")&IF(AND(ISNUMBER($C240),ABS($C240)>4,$A240<>"MARGIN OVERRIDE",$A240<>"TOTAL OVERRIDE"),"LARGE ADJ (>4); ",""))'	'=IF($A240="","",IF($D240="","REASON MISSING; ","")&IF(NOT(ISNUMBER($C240)),"VALUE NOT NUMERIC; ","")&IF(ISNUMBER($C240),IF(AND(ABS($C240)>4,$A240<>"MARGIN OVERRIDE",$A240<>"TOTAL OVERRIDE"),"LARGE ADJ (>4); ",""),""))'
ADJUSTMENTS	J241	'=IF($A241="","",IF(AND($H241="Y",OR($G241="",SETTINGS!$B$5="",$G241>=SETTINGS!$B$5)),1,0))'	'=IF($A241="","",IF(AND($H241="Y",OR($G241="",SETTINGS!$B$5="",$G241>=SETTINGS!$B$5),$K241=""),1,0))'
ADJUSTMENTS	K241	'=IF($A241="","",IF($D241="","REASON MISSING; ","")&IF(NOT(ISNUMBER($C241)),"VALUE NOT NUMERIC; ","")&IF(AND(ISNUMBER($C241),ABS($C241)>4,$A241<>"MARGIN OVERRIDE",$A241<>"TOTAL OVERRIDE"),"LARGE ADJ (>4); ",""))'	'=IF($A241="","",IF($D241="","REASON MISSING; ","")&IF(NOT(ISNUMBER($C241)),"VALUE NOT NUMERIC; ","")&IF(ISNUMBER($C241),IF(AND(ABS($C241)>4,$A241<>"MARGIN OVERRIDE",$A241<>"TOTAL OVERRIDE"),"LARGE ADJ (>4); ",""),""))'
ADJUSTMENTS	J242	'=IF($A242="","",IF(AND($H242="Y",OR($G242="",SETTINGS!$B$5="",$G242>=SETTINGS!$B$5)),1,0))'	'=IF($A242="","",IF(AND($H242="Y",OR($G242="",SETTINGS!$B$5="",$G242>=SETTINGS!$B$5),$K242=""),1,0))'
ADJUSTMENTS	K242	'=IF($A242="","",IF($D242="","REASON MISSING; ","")&IF(NOT(ISNUMBER($C242)),"VALUE NOT NUMERIC; ","")&IF(AND(ISNUMBER($C242),ABS($C242)>4,$A242<>"MARGIN OVERRIDE",$A242<>"TOTAL OVERRIDE"),"LARGE ADJ (>4); ",""))'	'=IF($A242="","",IF($D242="","REASON MISSING; ","")&IF(NOT(ISNUMBER($C242)),"VALUE NOT NUMERIC; ","")&IF(ISNUMBER($C242),IF(AND(ABS($C242)>4,$A242<>"MARGIN OVERRIDE",$A242<>"TOTAL OVERRIDE"),"LARGE ADJ (>4); ",""),""))'
ADJUSTMENTS	J243	'=IF($A243="","",IF(AND($H243="Y",OR($G243="",SETTINGS!$B$5="",$G243>=SETTINGS!$B$5)),1,0))'	'=IF($A243="","",IF(AND($H243="Y",OR($G243="",SETTINGS!$B$5="",$G243>=SETTINGS!$B$5),$K243=""),1,0))'
ADJUSTMENTS	K243	'=IF($A243="","",IF($D243="","REASON MISSING; ","")&IF(NOT(ISNUMBER($C243)),"VALUE NOT NUMERIC; ","")&IF(AND(ISNUMBER($C243),ABS($C243)>4,$A243<>"MARGIN OVERRIDE",$A243<>"TOTAL OVERRIDE"),"LARGE ADJ (>4); ",""))'	'=IF($A243="","",IF($D243="","REASON MISSING; ","")&IF(NOT(ISNUMBER($C243)),"VALUE NOT NUMERIC; ","")&IF(ISNUMBER($C243),IF(AND(ABS($C243)>4,$A243<>"MARGIN OVERRIDE",$A243<>"TOTAL OVERRIDE"),"LARGE ADJ (>4); ",""),""))'
ADJUSTMENTS	J244	'=IF($A244="","",IF(AND($H244="Y",OR($G244="",SETTINGS!$B$5="",$G244>=SETTINGS!$B$5)),1,0))'	'=IF($A244="","",IF(AND($H244="Y",OR($G244="",SETTINGS!$B$5="",$G244>=SETTINGS!$B$5),$K244=""),1,0))'
ADJUSTMENTS	K244	'=IF($A244="","",IF($D244="","REASON MISSING; ","")&IF(NOT(ISNUMBER($C244)),"VALUE NOT NUMERIC; ","")&IF(AND(ISNUMBER($C244),ABS($C244)>4,$A244<>"MARGIN OVERRIDE",$A244<>"TOTAL OVERRIDE"),"LARGE ADJ (>4); ",""))'	'=IF($A244="","",IF($D244="","REASON MISSING; ","")&IF(NOT(ISNUMBER($C244)),"VALUE NOT NUMERIC; ","")&IF(ISNUMBER($C244),IF(AND(ABS($C244)>4,$A244<>"MARGIN OVERRIDE",$A244<>"TOTAL OVERRIDE"),"LARGE ADJ (>4); ",""),""))'
ADJUSTMENTS	J245	'=IF($A245="","",IF(AND($H245="Y",OR($G245="",SETTINGS!$B$5="",$G245>=SETTINGS!$B$5)),1,0))'	'=IF($A245="","",IF(AND($H245="Y",OR($G245="",SETTINGS!$B$5="",$G245>=SETTINGS!$B$5),$K245=""),1,0))'
ADJUSTMENTS	K245	'=IF($A245="","",IF($D245="","REASON MISSING; ","")&IF(NOT(ISNUMBER($C245)),"VALUE NOT NUMERIC; ","")&IF(AND(ISNUMBER($C245),ABS($C245)>4,$A245<>"MARGIN OVERRIDE",$A245<>"TOTAL OVERRIDE"),"LARGE ADJ (>4); ",""))'	'=IF($A245="","",IF($D245="","REASON MISSING; ","")&IF(NOT(ISNUMBER($C245)),"VALUE NOT NUMERIC; ","")&IF(ISNUMBER($C245),IF(AND(ABS($C245)>4,$A245<>"MARGIN OVERRIDE",$A245<>"TOTAL OVERRIDE"),"LARGE ADJ (>4); ",""),""))'
ADJUSTMENTS	J246	'=IF($A246="","",IF(AND($H246="Y",OR($G246="",SETTINGS!$B$5="",$G246>=SETTINGS!$B$5)),1,0))'	'=IF($A246="","",IF(AND($H246="Y",OR($G246="",SETTINGS!$B$5="",$G246>=SETTINGS!$B$5),$K246=""),1,0))'
ADJUSTMENTS	K246	'=IF($A246="","",IF($D246="","REASON MISSING; ","")&IF(NOT(ISNUMBER($C246)),"VALUE NOT NUMERIC; ","")&IF(AND(ISNUMBER($C246),ABS($C246)>4,$A246<>"MARGIN OVERRIDE",$A246<>"TOTAL OVERRIDE"),"LARGE ADJ (>4); ",""))'	'=IF($A246="","",IF($D246="","REASON MISSING; ","")&IF(NOT(ISNUMBER($C246)),"VALUE NOT NUMERIC; ","")&IF(ISNUMBER($C246),IF(AND(ABS($C246)>4,$A246<>"MARGIN OVERRIDE",$A246<>"TOTAL OVERRIDE"),"LARGE ADJ (>4); ",""),""))'
ADJUSTMENTS	J247	'=IF($A247="","",IF(AND($H247="Y",OR($G247="",SETTINGS!$B$5="",$G247>=SETTINGS!$B$5)),1,0))'	'=IF($A247="","",IF(AND($H247="Y",OR($G247="",SETTINGS!$B$5="",$G247>=SETTINGS!$B$5),$K247=""),1,0))'
ADJUSTMENTS	K247	'=IF($A247="","",IF($D247="","REASON MISSING; ","")&IF(NOT(ISNUMBER($C247)),"VALUE NOT NUMERIC; ","")&IF(AND(ISNUMBER($C247),ABS($C247)>4,$A247<>"MARGIN OVERRIDE",$A247<>"TOTAL OVERRIDE"),"LARGE ADJ (>4); ",""))'	'=IF($A247="","",IF($D247="","REASON MISSING; ","")&IF(NOT(ISNUMBER($C247)),"VALUE NOT NUMERIC; ","")&IF(ISNUMBER($C247),IF(AND(ABS($C247)>4,$A247<>"MARGIN OVERRIDE",$A247<>"TOTAL OVERRIDE"),"LARGE ADJ (>4); ",""),""))'
ADJUSTMENTS	J248	'=IF($A248="","",IF(AND($H248="Y",OR($G248="",SETTINGS!$B$5="",$G248>=SETTINGS!$B$5)),1,0))'	'=IF($A248="","",IF(AND($H248="Y",OR($G248="",SETTINGS!$B$5="",$G248>=SETTINGS!$B$5),$K248=""),1,0))'
ADJUSTMENTS	K248	'=IF($A248="","",IF($D248="","REASON MISSING; ","")&IF(NOT(ISNUMBER($C248)),"VALUE NOT NUMERIC; ","")&IF(AND(ISNUMBER($C248),ABS($C248)>4,$A248<>"MARGIN OVERRIDE",$A248<>"TOTAL OVERRIDE"),"LARGE ADJ (>4); ",""))'	'=IF($A248="","",IF($D248="","REASON MISSING; ","")&IF(NOT(ISNUMBER($C248)),"VALUE NOT NUMERIC; ","")&IF(ISNUMBER($C248),IF(AND(ABS($C248)>4,$A248<>"MARGIN OVERRIDE",$A248<>"TOTAL OVERRIDE"),"LARGE ADJ (>4); ",""),""))'
ADJUSTMENTS	J249	'=IF($A249="","",IF(AND($H249="Y",OR($G249="",SETTINGS!$B$5="",$G249>=SETTINGS!$B$5)),1,0))'	'=IF($A249="","",IF(AND($H249="Y",OR($G249="",SETTINGS!$B$5="",$G249>=SETTINGS!$B$5),$K249=""),1,0))'
ADJUSTMENTS	K249	'=IF($A249="","",IF($D249="","REASON MISSING; ","")&IF(NOT(ISNUMBER($C249)),"VALUE NOT NUMERIC; ","")&IF(AND(ISNUMBER($C249),ABS($C249)>4,$A249<>"MARGIN OVERRIDE",$A249<>"TOTAL OVERRIDE"),"LARGE ADJ (>4); ",""))'	'=IF($A249="","",IF($D249="","REASON MISSING; ","")&IF(NOT(ISNUMBER($C249)),"VALUE NOT NUMERIC; ","")&IF(ISNUMBER($C249),IF(AND(ABS($C249)>4,$A249<>"MARGIN OVERRIDE",$A249<>"TOTAL OVERRIDE"),"LARGE ADJ (>4); ",""),""))'
ADJUSTMENTS	J250	'=IF($A250="","",IF(AND($H250="Y",OR($G250="",SETTINGS!$B$5="",$G250>=SETTINGS!$B$5)),1,0))'	'=IF($A250="","",IF(AND($H250="Y",OR($G250="",SETTINGS!$B$5="",$G250>=SETTINGS!$B$5),$K250=""),1,0))'
ADJUSTMENTS	K250	'=IF($A250="","",IF($D250="","REASON MISSING; ","")&IF(NOT(ISNUMBER($C250)),"VALUE NOT NUMERIC; ","")&IF(AND(ISNUMBER($C250),ABS($C250)>4,$A250<>"MARGIN OVERRIDE",$A250<>"TOTAL OVERRIDE"),"LARGE ADJ (>4); ",""))'	'=IF($A250="","",IF($D250="","REASON MISSING; ","")&IF(NOT(ISNUMBER($C250)),"VALUE NOT NUMERIC; ","")&IF(ISNUMBER($C250),IF(AND(ABS($C250)>4,$A250<>"MARGIN OVERRIDE",$A250<>"TOTAL OVERRIDE"),"LARGE ADJ (>4); ",""),""))'
ADJUSTMENTS	J251	'=IF($A251="","",IF(AND($H251="Y",OR($G251="",SETTINGS!$B$5="",$G251>=SETTINGS!$B$5)),1,0))'	'=IF($A251="","",IF(AND($H251="Y",OR($G251="",SETTINGS!$B$5="",$G251>=SETTINGS!$B$5),$K251=""),1,0))'
ADJUSTMENTS	K251	'=IF($A251="","",IF($D251="","REASON MISSING; ","")&IF(NOT(ISNUMBER($C251)),"VALUE NOT NUMERIC; ","")&IF(AND(ISNUMBER($C251),ABS($C251)>4,$A251<>"MARGIN OVERRIDE",$A251<>"TOTAL OVERRIDE"),"LARGE ADJ (>4); ",""))'	'=IF($A251="","",IF($D251="","REASON MISSING; ","")&IF(NOT(ISNUMBER($C251)),"VALUE NOT NUMERIC; ","")&IF(ISNUMBER($C251),IF(AND(ABS($C251)>4,$A251<>"MARGIN OVERRIDE",$A251<>"TOTAL OVERRIDE"),"LARGE ADJ (>4); ",""),""))'
ADJUSTMENTS	J252	'=IF($A252="","",IF(AND($H252="Y",OR($G252="",SETTINGS!$B$5="",$G252>=SETTINGS!$B$5)),1,0))'	'=IF($A252="","",IF(AND($H252="Y",OR($G252="",SETTINGS!$B$5="",$G252>=SETTINGS!$B$5),$K252=""),1,0))'
ADJUSTMENTS	K252	'=IF($A252="","",IF($D252="","REASON MISSING; ","")&IF(NOT(ISNUMBER($C252)),"VALUE NOT NUMERIC; ","")&IF(AND(ISNUMBER($C252),ABS($C252)>4,$A252<>"MARGIN OVERRIDE",$A252<>"TOTAL OVERRIDE"),"LARGE ADJ (>4); ",""))'	'=IF($A252="","",IF($D252="","REASON MISSING; ","")&IF(NOT(ISNUMBER($C252)),"VALUE NOT NUMERIC; ","")&IF(ISNUMBER($C252),IF(AND(ABS($C252)>4,$A252<>"MARGIN OVERRIDE",$A252<>"TOTAL OVERRIDE"),"LARGE ADJ (>4); ",""),""))'
ADJUSTMENTS	J253	'=IF($A253="","",IF(AND($H253="Y",OR($G253="",SETTINGS!$B$5="",$G253>=SETTINGS!$B$5)),1,0))'	'=IF($A253="","",IF(AND($H253="Y",OR($G253="",SETTINGS!$B$5="",$G253>=SETTINGS!$B$5),$K253=""),1,0))'
ADJUSTMENTS	K253	'=IF($A253="","",IF($D253="","REASON MISSING; ","")&IF(NOT(ISNUMBER($C253)),"VALUE NOT NUMERIC; ","")&IF(AND(ISNUMBER($C253),ABS($C253)>4,$A253<>"MARGIN OVERRIDE",$A253<>"TOTAL OVERRIDE"),"LARGE ADJ (>4); ",""))'	'=IF($A253="","",IF($D253="","REASON MISSING; ","")&IF(NOT(ISNUMBER($C253)),"VALUE NOT NUMERIC; ","")&IF(ISNUMBER($C253),IF(AND(ABS($C253)>4,$A253<>"MARGIN OVERRIDE",$A253<>"TOTAL OVERRIDE"),"LARGE ADJ (>4); ",""),""))'
ADJUSTMENTS	J254	'=IF($A254="","",IF(AND($H254="Y",OR($G254="",SETTINGS!$B$5="",$G254>=SETTINGS!$B$5)),1,0))'	'=IF($A254="","",IF(AND($H254="Y",OR($G254="",SETTINGS!$B$5="",$G254>=SETTINGS!$B$5),$K254=""),1,0))'
ADJUSTMENTS	K254	'=IF($A254="","",IF($D254="","REASON MISSING; ","")&IF(NOT(ISNUMBER($C254)),"VALUE NOT NUMERIC; ","")&IF(AND(ISNUMBER($C254),ABS($C254)>4,$A254<>"MARGIN OVERRIDE",$A254<>"TOTAL OVERRIDE"),"LARGE ADJ (>4); ",""))'	'=IF($A254="","",IF($D254="","REASON MISSING; ","")&IF(NOT(ISNUMBER($C254)),"VALUE NOT NUMERIC; ","")&IF(ISNUMBER($C254),IF(AND(ABS($C254)>4,$A254<>"MARGIN OVERRIDE",$A254<>"TOTAL OVERRIDE"),"LARGE ADJ (>4); ",""),""))'
ADJUSTMENTS	J255	'=IF($A255="","",IF(AND($H255="Y",OR($G255="",SETTINGS!$B$5="",$G255>=SETTINGS!$B$5)),1,0))'	'=IF($A255="","",IF(AND($H255="Y",OR($G255="",SETTINGS!$B$5="",$G255>=SETTINGS!$B$5),$K255=""),1,0))'
ADJUSTMENTS	K255	'=IF($A255="","",IF($D255="","REASON MISSING; ","")&IF(NOT(ISNUMBER($C255)),"VALUE NOT NUMERIC; ","")&IF(AND(ISNUMBER($C255),ABS($C255)>4,$A255<>"MARGIN OVERRIDE",$A255<>"TOTAL OVERRIDE"),"LARGE ADJ (>4); ",""))'	'=IF($A255="","",IF($D255="","REASON MISSING; ","")&IF(NOT(ISNUMBER($C255)),"VALUE NOT NUMERIC; ","")&IF(ISNUMBER($C255),IF(AND(ABS($C255)>4,$A255<>"MARGIN OVERRIDE",$A255<>"TOTAL OVERRIDE"),"LARGE ADJ (>4); ",""),""))'
CHANGELOG	C45	'17-scenario line-level test matrix executed against 7 real schedule games spanning every branch of the status-priority chain (BLOCKED, FCS — NO PLAY, PENDING LINE, STALE LINE, QB UNCERTAIN, TRANSITION UNCERTAIN, DATA INCOMPLETE, READY) via a real-Excel-formula engine (not manual trace). Confirmed: a lower-priority condition never overrides a higher-priority one (e.g. BLOCKED outranks a co-occurring FCS — NO PLAY condition; QB UNCERTAIN outranks a co-occurring TRANSITION UNCERTAIN condition until QBs are resolved, at which point TRANSITION UNCERTAIN correctly surfaces). Confirmed a market line entered on an FCS — NO PLAY game does not produce a spread, total, edge, label, or confidence score, and does not change its status. Confirmed HFA = 2.5 on a standard game and = 0 on a neutral-site game. Confirmed label thresholds at the exact boundaries (0.99/1.00/1.49/1.50/2.99/3.00/3.01 vs SETTINGS!B8/B9/B10) match documented inclusive/exclusive behavior. Confirmed BET labels require toggle=Y AND status=READY together (edge >=3.0 shows INVESTIGATE with toggle=N, BET with toggle=Y).'	"17-scenario line-level test matrix executed against 7 real schedule games covering 7 of the 8 status-priority branches (BLOCKED, FCS — NO PLAY, PENDING LINE, STALE LINE, QB UNCERTAIN, TRANSITION UNCERTAIN, READY) via a real-Excel-formula engine (not manual trace). [CORRECTED in v0.6.1: DATA INCOMPLETE was NOT genuinely isolated in v0.6 - see v0.6.1's own entries below, which found it is actually unreachable dead code, a second genuine defect.] Confirmed: a lower-priority condition never overrides a higher-priority one (e.g. BLOCKED outranks a co-occurring FCS — NO PLAY condition; QB UNCERTAIN outranks a co-occurring TRANSITION UNCERTAIN condition until QBs are resolved, at which point TRANSITION UNCERTAIN correctly surfaces). Confirmed a market line entered on an FCS — NO PLAY game does not produce a spread, total, edge, label, or confidence score, and does not change its status. Confirmed HFA = 2.5 on a standard game and = 0 on a neutral-site game. Confirmed label thresholds at the exact boundaries (0.99/1.00/1.49/1.50/2.99/3.00/3.01 vs SETTINGS!B8/B9/B10) match documented inclusive/exclusive behavior. [CORRECTED in v0.6.1: the v0.6 BET-toggle test used a game that never reached READY status in either toggle state, so it did NOT actually demonstrate toggle=Y producing a BET label - it only showed both toggle states producing INVESTIGATE for an unrelated reason (status). A genuine toggle=N-vs-Y proof on a truly READY, edge>=3.0 game was completed in v0.6.1 - see below.]"
CHANGELOG	A51	None	'v0.6.1'
CHANGELOG	B51	None	'2026-07-21'
CHANGELOG	C51	None	'CORRECTION (user-authorized): ADJUSTMENTS!K6:K255 (Flags) replaced with the corrected formula - =IF($A6="","",IF($D6="","REASON MISSING; ","")&IF(NOT(ISNUMBER($C6)),"VALUE NOT NUMERIC; ","")&IF(ISNUMBER($C6),IF(AND(ABS($C6)>4,$A6<>"MARGIN OVERRIDE",$A6<>"TOTAL OVERRIDE"),"LARGE ADJ (>4); ",""),"")) - so ABS() is never evaluated on a non-numeric value. Live-calc re-verified: a non-numeric adjustment value now shows a clean "VALUE NOT NUMERIC; " flag instead of a raw #VALUE! error.'
CHANGELOG	D51	None	'v0.6.1 - defect fix 1 of 2 (ADJUSTMENTS!K)'
CHANGELOG	A52	None	'v0.6.1'
CHANGELOG	B52	None	'2026-07-21'
CHANGELOG	C52	None	'SAFETY CORRECTION (user-authorized): ADJUSTMENTS!J6:J255 (Effective) changed from =IF($A6="","",IF(AND($H6="Y",OR($G6="",SETTINGS!$B$5="",$G6>=SETTINGS!$B$5)),1,0)) to add a third AND condition, $K6="" - so a flagged row (missing reason, non-numeric value, or oversized non-override adjustment) is never Effective, regardless of Active/expiry. Live-calc re-verified: an isolated +999 adjustment now shows Effective=0 and contributes $0.0 to ENGINE!O (was $999.0, fully applied, before this fix); an isolated non-numeric adjustment likewise shows Effective=0. Confirmed MARGIN OVERRIDE / TOTAL OVERRIDE rows remain exempt from the LARGE ADJ flag and stay Effective=1 even at large magnitudes, as designed - live-calc tested with a 15.0-point MARGIN OVERRIDE row (K blank, J=1, ENGINE!R correctly adopts the override value).'
CHANGELOG	D52	None	'v0.6.1 - safety fix 2 of 2 (ADJUSTMENTS!J)'
CHANGELOG	A53	None	'v0.6.1'
CHANGELOG	B53	None	'2026-07-21'
CHANGELOG	C53	None	'SECOND GENUINE FORMULA DEFECT FOUND AND DOCUMENTED, NOT REPAIRED (found while completing the isolated DATA INCOMPLETE test this build requested; not authorized for repair this round): CLEAN!C6:C1005 (week) and CLEAN!D6:D1005 (date), pattern =IF($A6="","",\'IMPORT SCHEDULE\'!C6) - when the source cell is genuinely blank, a bare cell reference evaluates to 0 in Excel/Sheets (confirmed with isolated formula probes matching standard spreadsheet semantics, not a verification-tool artifact), not "". Since ENGINE!AI\'s DATA INCOMPLETE check is OR($B6="",$C6=""), and $B6/$C6 trace back through this pass-through, DATA INCOMPLETE can NEVER fire for a row with a valid GameID - it is unreachable dead code. A row with a genuinely missing week silently displays as Week 0 (indistinguishable from a real Week 0 game); a missing date silently displays the spreadsheet epoch date. Verified directly: temporarily blanking IMPORT SCHEDULE!C8 (NC State @ Virginia\'s week field) still produced STATUS=READY, not DATA INCOMPLETE; the field was restored to its exact original value (0) immediately after. Proposed correction (documented only, not applied): nest an explicit blank check, e.g. CLEAN!C6 -> =IF($A6="","",IF(\'IMPORT SCHEDULE\'!C6="","",\'IMPORT SCHEDULE\'!C6)), same pattern for CLEAN!D6 - this would let a genuinely blank source propagate as "", which is all ENGINE!AI\'s existing DATA INCOMPLETE check needs. No v0.6.2 was created for this; only the two ADJUSTMENTS fixes explicitly authorized this round were applied.'
CHANGELOG	D53	None	'v0.6.1 - DEFECT FOUND: DATA INCOMPLETE unreachable (CLEAN!C/D blank-coercion)'
CHANGELOG	A54	None	'v0.6.1'
CHANGELOG	B54	None	'2026-07-21'
CHANGELOG	C54	None	"Status-priority chain re-verified against this build's formulas: BLOCKED, FCS — NO PLAY, PENDING LINE, STALE LINE, QB UNCERTAIN, TRANSITION UNCERTAIN, and READY all confirmed correct (7 of 8; DATA INCOMPLETE could not be positively demonstrated - see the defect entry above). A genuine BET-toggle proof was completed on a single fixture (NC State @ Virginia) deliberately driven to true READY status with a calculated |edge|=4.33 (>=3.0): toggle=N produced INVESTIGATE, toggle=Y produced BET, on the identical fixture with only the toggle changed - unlike the v0.6 attempt (corrected above), this is a genuine demonstration."
CHANGELOG	D54	None	'v0.6.1 - status chain + genuine BET-toggle proof (items 3-4)'
CHANGELOG	A55	None	'v0.6.1'
CHANGELOG	B55	None	'2026-07-21'
CHANGELOG	C55	None	'Weekly-workflow validation strengthened: all 10 populated prior-fade rows (SETTINGS!C37:C46, effective games 0 through 9) verified via live calculation of the real TEAM RATINGS!G formula with synthetic effective-game inputs, not just the 0- and 1-game rows tested in v0.6 - all 10 match exactly, plus confirmed F=10 correctly clamps to the F=9 floor weight (0.1). NDSU\'s transitional restriction re-tested functionally, not just by label: simulated 5 completed FBS games this season for NDSU (exceeding the 4-game manual-review minimum, SETTINGS!B25), confirmed TEAM RATINGS!X122 (review-cleared) remains genuinely unset regardless (no formula anywhere auto-populates it), and confirmed that even with a fresh valid line, resolved QBs, BET toggle=Y, and a very large calculated edge (11.46), NDSU\'s game stays STATUS=TRANSITION UNCERTAIN and its label stays capped at INVESTIGATE, never BET - the substantive restriction holds regardless of games played, edge size, or toggle state, not merely the D122="Y" label.'
CHANGELOG	D55	None	'v0.6.1 - weekly-workflow strengthened (item 5)'
CHANGELOG	A56	None	'v0.6.1'
CHANGELOG	B56	None	'2026-07-21'
CHANGELOG	C56	None	'iPad checklist corrected: QB VALUES step now lists columns I (Source) and K (Last update) alongside C/D/E/F/H/J; added a note that DATA QUALITY\'s QB UNCERTAIN count can read 0 while games are still PENDING LINE, because PENDING LINE outranks QB UNCERTAIN and masks it from that count (the count only reflects ENGINE!AI values that actually resolved to QB UNCERTAIN); replaced the phrase "home underdog favorite" with a direct instruction that the spread is always entered as a positive number regardless of whether the favorite is home or away.'
CHANGELOG	D56	None	'v0.6.1 - iPad checklist corrections (item 6)'
